timestamp,V,MA
1205899200,12.416171073913574,18.99283218383789
1205985600,14.141251564025879,20.085601806640625
1206331200,13.125981330871582,19.731977462768555
1206417600,13.899517059326172,20.504844665527344
1206504000,14.055546760559082,20.310720443725586
1206590400,13.82480525970459,20.114774703979492
1206676800,13.791839599609375,19.83223533630371
1206936000,13.703937530517578,20.323476791381836
1207022400,13.539116859436035,20.925918579101562
1207108800,13.695148468017578,20.392757415771484
1207195200,14.393964767456055,21.076305389404297
1207281600,14.169818878173828,20.6497745513916
1207540800,14.292881965637207,20.63425064086914
1207627200,14.96313762664795,21.110340118408203
1207713600,14.457698822021484,20.862268447875977
1207800000,14.528018951416016,20.87776756286621
1207886400,14.528018951416016,20.848583221435547
1208145600,14.433527946472168,20.71178436279297
1208232000,14.141251564025879,20.491071701049805
1208318400,14.534611701965332,21.019128799438477
1208404800,14.732388496398926,21.021867752075195
1208491200,15.163111686706543,21.314619064331055
1208750400,15.596030235290527,21.52347755432129
1208836800,15.444400787353516,21.39760971069336
1208923200,15.400453567504883,21.335596084594727
1209009600,15.888300895690918,21.847238540649414
1209096000,16.503623962402344,21.65024185180664
1209355200,16.62009048461914,22.11628532409668
1209441600,17.773805618286133,24.987289428710938
1209528000,18.338573455810547,25.36850929260254
1209614400,18.76709747314453,26.807666778564453
1209700800,18.18474578857422,25.995983123779297
1209960000,18.69237518310547,26.52129554748535
1210046400,19.235177993774414,26.99737548828125
1210132800,19.448339462280273,26.540454864501953
1210219200,19.184635162353516,26.759336471557617
1210305600,18.208921432495117,26.161052703857422
1210564800,17.997955322265625,26.472055435180664
1210651200,18.10344123840332,26.338891983032227
1210737600,18.07047462463379,26.125484466552734
1210824000,18.074872970581055,26.153751373291016
1210910400,18.10123634338379,25.846406936645508
1211169600,18.31001091003418,25.536327362060547
1211256000,18.182554244995117,25.321998596191406
1211342400,17.767213821411133,25.413211822509766
1211428800,16.989280700683594,25.162405014038086
1211515200,16.778310775756836,24.917987823486328
1211860800,17.303525924682617,25.42323112487793
1211947200,18.002349853515625,26.16469383239746
1212033600,18.734130859375,28.18115997314453
1212120000,18.978063583374023,28.14923858642578
1212379200,18.914339065551758,29.18437957763672
1212465600,19.241769790649414,28.035232543945312
1212552000,18.784679412841797,27.12322425842285
1212638400,19.17145538330078,27.922149658203125
1212724800,18.382524490356445,26.97092628479004
1212984000,18.05069923400879,26.576013565063477
1213070400,17.648544311523438,26.088092803955078
1213156800,17.083772659301758,25.464277267456055
1213243200,17.48372459411621,25.937604904174805
1213329600,17.916641235351562,26.672687530517578
1213588800,18.299020767211914,26.856016159057617
1213675200,18.606672286987305,26.649890899658203
1213761600,18.428674697875977,26.730144500732422
1213848000,18.518775939941406,26.68545913696289
1213934400,18.364944458007812,25.90204429626465
1214193600,17.8133544921875,25.766145706176758
1214280000,18.164968490600586,25.5700740814209
1214366400,18.033117294311523,26.429189682006836
1214452800,17.382640838623047,25.146894454956055
1214539200,18.15178108215332,24.78118324279785
1214798400,17.86829376220703,24.215730667114258
1214884800,17.89027214050293,24.017820358276367
1214971200,17.452964782714844,23.30098533630371
1215057600,17.156291961669922,23.141376495361328
1215403200,16.617897033691406,22.44460678100586
1215489600,17.373857498168945,24.099903106689453
1215576000,16.672836303710938,22.927305221557617
1215662400,16.976097106933594,23.105247497558594
1215748800,16.38275718688965,23.48395347595215
1216008000,15.949840545654297,23.497638702392578
1216094400,15.03565502166748,22.847002029418945
1216180800,15.872919082641602,24.747802734375
1216267200,16.49483299255371,26.09834861755371
1216353600,16.130037307739258,25.629301071166992
1216612800,15.80040454864502,24.446664810180664
1216699200,16.27287483215332,24.9896240234375
1216785600,16.09706687927246,24.729551315307617
1216872000,15.400453567504883,23.58706283569336
1216958400,15.813587188720703,24.049718856811523
1217217600,15.503734588623047,23.150875091552734
1217304000,16.694805145263672,23.917400360107422
1217390400,17.239795684814453,24.704912185668945
1217476800,16.055316925048828,22.279399871826172
1217563200,15.763047218322754,21.65159034729004
1217822400,15.932262420654297,21.072134017944336
1217908800,16.173988342285156,21.63698959350586
1217995200,15.708104133605957,21.170679092407227
1218081600,15.272985458374023,20.531917572021484
1218168000,15.954224586486816,21.182544708251953
1218427200,16.435489654541016,21.458139419555664
1218513600,15.998180389404297,21.072134017944336
1218600000,16.26997947692871,21.307565689086914
1218686400,16.677108764648438,21.524749755859375
1218772800,16.679304122924805,21.80489158630371
1219032000,16.492246627807617,21.70998764038086
1219118400,16.228158950805664,21.770221710205078
1219204800,16.410818099975586,22.203664779663086
1219291200,16.36901092529297,22.015687942504883
1219377600,16.305179595947266,22.050363540649414
1219636800,16.135726928710938,21.37144660949707
1219723200,16.140125274658203,21.6041316986084
1219809600,16.384414672851562,21.62421226501465
1219896000,16.64849090576172,22.127012252807617
1219982400,16.703516006469727,22.133398056030273
1220328000,16.50325584411621,21.827709197998047
1220414400,16.07630729675293,20.954410552978516
1220500800,15.515121459960938,19.713375091552734
1220587200,15.792420387268066,20.207054138183594
1220846400,15.427096366882324,20.021814346313477
1220932800,14.852701187133789,18.861984252929688
1221019200,15.193815231323242,19.46607208251953
1221105600,15.61414909362793,20.58666229248047
1221192000,15.768200874328613,20.42424964904785
1221451200,15.268643379211426,19.32463836669922
1221537600,14.601820945739746,19.6020450592041
1221624000,14.10445785522461,17.885578155517578
1221710400,14.72286319732666,19.028982162475586
1221796800,15.310454368591309,20.548343658447266
1222056000,14.344337463378906,18.467771530151367
1222142400,14.72286319732666,18.068090438842773
1222228800,14.454377174377441,17.735013961791992
1222315200,14.216693878173828,17.370912551879883
1222401600,13.65330696105957,16.888187408447266
1222660800,12.720202445983887,15.333230018615723
1222747200,13.510260581970215,16.1818790435791
1222833600,13.492653846740723,15.635283470153809
1222920000,12.67398738861084,14.612336158752441
1223006400,12.508929252624512,14.618725776672363
1223265600,12.18762493133545,15.276660919189453
1223352000,11.256720542907715,14.481842994689941
1223438400,11.582427024841309,14.937631607055664
1223524800,10.970622062683105,14.221525192260742
1223611200,11.443780899047852,13.857080459594727
1223870400,12.955677032470703,15.85649299621582
1223956800,12.678389549255371,15.899431228637695
1224043200,10.948612213134766,14.02514934539795
1224129600,11.679251670837402,14.311040878295898
1224216000,11.492196083068848,14.317436218261719
1224475200,11.445978164672852,13.7136812210083
1224561600,11.157684326171875,13.68079662322998
1224648000,10.675725936889648,12.872444152832031
1224734400,10.633910179138184,12.42214298248291
1224820800,10.559082984924316,11.930734634399414
1225080000,10.253186225891113,11.540719985961914
1225166400,10.997034072875977,12.423056602478027
1225252800,11.15548324584961,12.397482872009277
1225339200,11.93894100189209,12.79298210144043
1225425600,12.181025505065918,13.501775741577148
1225688400,11.551616668701172,13.142810821533203
1225774800,13.162549018859863,15.549600601196289
1225861200,12.427502632141113,14.237052917480469
1225947600,11.340344429016113,13.088918685913086
1226034000,11.77388858795166,13.493552207946777
1226293200,11.441575050354004,13.047815322875977
1226379600,11.837711334228516,12.924508094787598
1226466000,11.41103458404541,12.465069770812988
1226552400,12.004191398620605,13.425960540771484
1226638800,11.960090637207031,13.123628616333008
1226898000,11.633742332458496,12.398396492004395
1226984400,12.04829216003418,12.915377616882324
1227070800,11.373549461364746,11.83209228515625
1227157200,10.615015029907227,11.060272216796875
1227243600,10.226938247680664,11.558073997497559
1227502800,10.96341609954834,12.008378982543945
1227589200,10.921517372131348,12.701640129089355
1227675600,11.466164588928223,13.295345306396484
1227848400,11.589644432067871,13.271598815917969
1228107600,10.595175743103027,11.964529991149902
1228194000,10.954593658447266,12.236723899841309
1228280400,11.563185691833496,12.599342346191406
1228366800,11.203764915466309,12.1727876663208
1228453200,11.72635269165039,12.798457145690918
1228712400,12.383459091186523,13.454278945922852
1228798800,11.803535461425781,13.080699920654297
1228885200,11.721946716308594,13.2441987991333
1228971600,11.486004829406738,12.637702941894531
1229058000,11.675636291503906,12.678808212280273
1229317200,11.631539344787598,12.72265338897705
1229403600,12.076956748962402,13.527348518371582
1229490000,12.207056045532227,13.580327033996582
1229576400,12.06152057647705,13.592194557189941
1229662800,12.121052742004395,13.91462230682373
1229922000,11.85204029083252,13.262462615966797
1230008400,11.82999038696289,12.935470581054688
1230094800,11.662409782409668,12.99118709564209
1230267600,11.741791725158691,12.872444152832031
1230526800,11.503644943237305,12.727219581604004
1230613200,11.243451118469238,12.704380989074707
1230699600,11.565390586853027,13.055122375488281
1230872400,11.78368091583252,13.68079662322998
1231131600,11.867476463317871,13.998661994934082
1231218000,12.70318603515625,14.798788070678711
1231304400,12.427556991577148,13.902839660644531
1231390800,12.29525089263916,13.967745780944824
1231477200,12.26438045501709,13.717243194580078
1231736400,11.67784309387207,13.534395217895508
1231822800,11.71753215789795,13.753811836242676
1231909200,11.239043235778809,13.28389835357666
1231995600,10.888440132141113,11.91253662109375
1232082000,10.45405387878418,11.722376823425293
1232427600,9.353739738464355,10.895899772644043
1232514000,9.741827964782715,12.077101707458496
1232600400,9.741827964782715,11.779970169067383
1232686800,9.772698402404785,11.469131469726562
1232946000,9.391226768493652,11.256114959716797
1233032400,9.735213279724121,11.588895797729492
1233118800,10.412153244018555,12.219720840454102
1233205200,10.202677726745605,11.801912307739258
1233291600,10.881831169128418,12.413541793823242
1233550800,11.01854419708252,12.5232515335083
1233637200,10.670147895812988,12.771923065185547
1233723600,10.833316802978516,12.813066482543945
1233810000,11.849838256835938,14.613201141357422
1233896400,12.218074798583984,14.8563871383667
1234155600,12.198229789733887,14.812500953674316
1234242000,11.874089241027832,14.442237854003906
1234328400,12.142526626586914,14.991691589355469
1234414800,12.460672378540039,14.792390823364258
1234501200,12.361250877380371,14.801533699035645
1234846800,11.985663414001465,14.178937911987305
1234933200,12.405435562133789,14.540060997009277
1235019600,12.290555953979492,14.129569053649902
1235106000,12.29718017578125,14.445892333984375
1235365200,11.985663414001465,13.949464797973633
1235451600,12.449626922607422,14.743934631347656
1235538000,12.244155883789062,14.862789154052734
1235624400,12.385552406311035,14.234705924987793
1235710800,12.529163360595703,14.447723388671875
1235970000,11.965777397155762,13.771186828613281
1236056400,12.009965896606445,13.805929183959961
1236142800,12.215432167053223,13.757473945617676
1236229200,11.802289009094238,13.432002067565918
1236315600,11.088671684265137,13.022424697875977
1236571200,11.002506256103516,13.022424697875977
1236657600,11.680774688720703,13.574621200561523
1236744000,11.349370002746582,13.516115188598633
1236830400,11.950311660766602,14.359955787658691
1236916800,11.49960994720459,14.473322868347168
1237176000,11.52612018585205,14.050949096679688
1237262400,12.215432167053223,14.845416069030762
1237348800,12.44078540802002,14.604975700378418
1237435200,11.64100456237793,14.088431358337402
1237521600,11.605657577514648,14.219165802001953
1237780800,12.270669937133789,14.89204216003418
1237867200,11.842057228088379,14.891130447387695
1237953600,11.654261589050293,15.041975975036621
1238040000,12.261831283569336,15.531096458435059
1238126400,11.985663414001465,15.310770988464355
1238385600,11.819966316223145,14.906671524047852
1238472000,12.283924102783203,15.311676979064941
1238558400,11.994505882263184,14.635144233703613
1238644800,12.281715393066406,15.145293235778809
1238731200,13.273710250854492,15.912342071533203
1238990400,13.063823699951172,15.68194580078125
1239076800,12.626375198364258,15.154437065124512
1239163200,12.774397850036621,15.311827659606934
1239249600,12.988701820373535,15.781253814697266
1239595200,13.501267433166504,16.11067771911621
1239681600,12.887076377868652,15.199273109436035
1239768000,13.059406280517578,15.140707969665527
1239854400,12.829633712768555,14.796637535095215
1239940800,12.814165115356445,14.921085357666016
1240200000,12.151365280151367,13.895296096801758
1240286400,12.953352928161621,15.040966033935547
1240372800,12.705910682678223,14.711535453796387
1240459200,12.864984512329102,15.121490478515625
1240545600,13.339987754821777,15.838902473449707
1240804800,13.006379127502441,15.148943901062012
1240891200,13.412898063659668,15.331042289733887
1240977600,14.03150749206543,16.307418823242188
1241064000,14.351866722106934,16.786911010742188
1241150400,14.362908363342285,15.821515083312988
1241409600,15.06768798828125,16.378793716430664
1241496000,14.88873291015625,16.78325843811035
1241582400,14.623615264892578,16.78507423400879
1241668800,14.477798461914062,16.542587280273438
1241755200,15.118502616882324,16.93606185913086
1242014400,14.566166877746582,16.560890197753906
1242100800,14.409308433532715,16.306499481201172
1242187200,14.266578674316406,15.625683784484863
1242273600,14.277641296386719,15.86268424987793
1242360000,14.399351119995117,15.842568397521973
1242619200,14.695884704589844,15.867263793945312
1242705600,14.339603424072266,15.256914138793945
1242792000,14.375005722045898,15.522287368774414
1242878400,14.6671142578125,15.71079158782959
1242964800,14.549832344055176,15.406071662902832
1243310400,14.775546073913574,15.428960800170898
1243396800,14.587451934814453,15.31639575958252
1243483200,14.71579360961914,15.749228477478027
1243569600,14.98355484008789,16.13538360595703
1243828800,14.751199722290039,15.897469520568848
1243915200,14.784393310546875,15.408820152282715
1244001600,15.098623275756836,15.32829475402832
1244088000,15.384085655212402,15.409734725952148
1244174400,15.330989837646484,15.343852996826172
1244433600,15.446053504943848,15.187372207641602
1244520000,15.187142372131348,15.38960075378418
1244606400,15.328766822814941,15.885571479797363
1244692800,14.764482498168945,15.551569938659668
1244779200,14.242238998413086,15.287114143371582
1245038400,14.257729530334473,15.233121871948242
1245124800,13.821781158447266,14.966840744018555
1245211200,13.576147079467773,15.03089714050293
1245297600,13.589426040649414,14.951290130615234
1245384000,13.580578804016113,14.764608383178711
1245643200,13.551809310913086,14.346424102783203
1245729600,13.868253707885742,14.652979850769043
1245816000,13.518616676330566,14.738073348999023
1245902400,13.708922386169434,15.032722473144531
1245988800,14.122740745544434,15.456398963928223
1246248000,13.936853408813477,15.386858940124512
1246334400,13.7775239944458,15.309991836547852
1246420800,13.45444107055664,15.175477027893066
1246507200,13.295113563537598,15.215744972229004
1246852800,13.425676345825195,15.264244079589844
1246939200,13.213235855102539,14.732583999633789
1247025600,13.16455078125,14.718846321105957
1247112000,13.374778747558594,14.9111909866333
1247198400,13.246428489685059,14.706022262573242
1247457600,13.354860305786133,15.160319328308105
1247544000,13.341584205627441,15.197875022888184
1247630400,13.863829612731934,15.787728309631348
1247716800,14.253302574157715,16.328115463256836
1247803200,14.184697151184082,16.471908569335938
1248062400,14.852993965148926,16.61663818359375
1248148800,14.859636306762695,16.57266616821289
1248235200,14.793248176574707,16.62213897705078
1248321600,14.868486404418945,17.024215698242188
1248408000,14.890613555908203,16.98758888244629
1248667200,15.08977222442627,17.32280731201172
1248753600,14.671536445617676,17.122230529785156
1248840000,14.77775764465332,17.269685745239258
1248926400,14.872912406921387,17.7789363861084
1249012800,14.485651969909668,17.77161407470703
1249272000,15.293364524841309,18.37885856628418
1249358400,15.29115104675293,18.602344512939453
1249444800,15.131823539733887,18.59135627746582
1249531200,15.191571235656738,18.4539737701416
1249617600,15.306639671325684,18.715919494628906
1249876800,15.242464065551758,18.53273582458496
1249963200,15.182709693908691,18.56479263305664
1250049600,15.170523643493652,18.714101791381836
1250136000,15.221505165100098,18.682039260864258
1250222400,15.02646541595459,18.557470321655273
1250481600,14.722833633422852,17.946552276611328
1250568000,14.8513822555542,18.150800704956055
1250654400,14.893486976623535,18.07111167907715
1250740800,15.028684616088867,18.595016479492188
1250827200,15.292421340942383,18.982458114624023
1251086400,15.059713363647461,18.70584487915039
1251172800,15.287992477416992,19.136335372924805
1251259200,15.558378219604492,18.931171417236328
1251345600,15.449782371520996,18.922916412353516
1251432000,15.62487506866455,18.645395278930664
1251691200,15.757838249206543,18.559293746948242
1251777600,15.55394458770752,18.37978172302246
1251864000,15.536213874816895,18.359630584716797
1251950400,15.71573543548584,18.629833221435547
1252036800,15.593841552734375,18.872541427612305
1252382400,15.724599838256836,19.00077247619629
1252468800,15.62043285369873,19.262725830078125
1252555200,16.026012420654297,19.380876541137695
1252641600,16.021587371826172,19.125343322753906
1252900800,16.150131225585938,19.05023765563965
1252987200,16.223264694213867,19.603445053100586
1253073600,16.420522689819336,20.128267288208008
1253160000,16.36067771911621,20.168575286865234
1253246400,16.354026794433594,20.47723960876465
1253505600,16.265378952026367,20.39022445678711
1253592000,16.49144744873047,20.569744110107422
1253678400,16.382841110229492,20.094383239746094
1253764800,16.296409606933594,19.686800003051758
1253851200,15.660331726074219,18.748899459838867
1254110400,15.766708374023438,19.0639705657959
1254196800,15.418744087219238,18.935747146606445
1254283200,15.316805839538574,18.515338897705078
1254369600,15.319023132324219,18.26436996459961
1254456000,15.024252891540527,18.290021896362305
1254715200,15.1062593460083,18.366947174072266
1254801600,15.12841796875,18.38710594177246
1254888000,15.704649925231934,19.331209182739258
1254974400,15.897475242614746,19.336708068847656
1255060800,16.1656436920166,19.653846740722656
1255320000,16.334087371826172,19.798673629760742
1255406400,16.549057006835938,19.92333984375
1255492800,16.577877044677734,20.117658615112305
1255579200,16.639921188354492,20.656620025634766
1255665600,16.464847564697266,20.520051956176758
1255924800,16.611120223999023,20.678619384765625
1256011200,16.633283615112305,20.62362289428711
1256097600,16.664318084716797,20.685041427612305
1256184000,16.775127410888672,21.015928268432617
1256270400,16.427165985107422,21.078258514404297
1256529600,16.13018226623535,20.234067916870117
1256616000,16.37840461730957,20.21573257446289
1256702400,16.970151901245117,20.21116065979004
1256788800,17.127513885498047,20.891263961791992
1256875200,16.790639877319336,20.07549476623535
1257138000,17.129732131958008,20.408227920532227
1257224400,17.20951271057129,20.092008590698242
1257310800,17.355792999267578,20.621788024902344
1257397200,17.639480590820312,21.104841232299805
1257483600,17.657211303710938,21.714387893676758
1257742800,17.987430572509766,22.199275970458984
1257829200,17.97413444519043,21.876623153686523
1257915600,17.91208267211914,21.806049346923828
1258002000,17.740055084228516,21.713468551635742
1258088400,17.7578125,21.51457405090332
1258347600,17.65791893005371,21.155254364013672
1258434000,17.879899978637695,21.173595428466797
1258520400,17.844379425048828,20.832609176635742
1258606800,17.79776382446289,21.090179443359375
1258693200,17.7578125,21.18825340270996
1258952400,17.855480194091797,21.64930534362793
1259038800,17.895437240600586,21.78313636779785
1259125200,18.155141830444336,21.983856201171875
1259298000,17.831064224243164,21.59431266784668
1259557200,17.979785919189453,22.077354431152344
1259643600,18.417072296142578,22.272600173950195
1259730000,18.250591278076172,22.220346450805664
1259816400,17.764461517333984,21.646560668945312
1259902800,17.817752838134766,22.12044334411621
1260162000,17.74226951599121,21.901369094848633
1260248400,17.75558853149414,21.871135711669922
1260334800,18.14626121520996,22.268020629882812
1260421200,18.272783279418945,22.376174926757812
1260507600,18.055252075195312,22.35968017578125
1260766800,18.816617965698242,22.68415069580078
1260853200,19.12071990966797,22.507247924804688
1260939600,19.318279266357422,22.58515739440918
1261026000,19.318279266357422,22.708904266357422
1261112400,19.74890899658203,23.3587703704834
1261371600,19.424829483032227,23.406436920166016
1261458000,19.156248092651367,23.430269241333008
1261544400,19.122941970825195,23.40277671813965
1261630800,19.154014587402344,23.41193962097168
1261976400,19.258352279663086,23.55492401123047
1262062800,19.538026809692383,23.681419372558594
1262149200,19.564659118652344,23.646587371826172
1262235600,19.413726806640625,23.463268280029297
1262581200,19.564659118652344,23.542089462280273
1262667600,19.340476989746094,23.472436904907227
1262754000,19.080766677856445,23.438501358032227
1262840400,19.258352279663086,23.28533935546875
1262926800,19.311626434326172,23.29359245300293
1263186000,19.256120681762695,22.91022491455078
1263272400,19.165119171142578,22.897380828857422
1263358800,19.342697143554688,23.49261474609375
1263445200,19.40929412841797,23.88973617553711
1263531600,19.12071990966797,24.088754653930664
1263877200,19.500301361083984,24.281362533569336
1263963600,19.404850006103516,24.156620025634766
1264050000,18.745590209960938,23.709054946899414
1264136400,18.363794326782227,23.094568252563477
1264395600,18.208417892456055,23.153274536132812
1264482000,18.01308250427246,22.801088333129883
1264568400,18.62572479248047,23.50911521911621
1264654800,18.346036911010742,22.878129959106445
1264741200,18.208417892456055,22.91939926147461
1265000400,18.570226669311523,23.24223518371582
1265086800,18.647918701171875,23.163358688354492
1265173200,18.539154052734375,22.706621170043945
1265259600,18.434825897216797,20.37066078186035
1265346000,18.326059341430664,20.244998931884766
1265605200,18.434825897216797,20.764118194580078
1265691600,18.483659744262695,20.493553161621094
1265778000,18.593706130981445,20.809967041015625
1265864400,18.927165985107422,21.002565383911133
1265950800,18.847135543823242,20.679746627807617
1266296400,19.09166717529297,20.66323471069336
1266382800,19.21171760559082,20.620115280151367
1266469200,19.33176040649414,20.360570907592773
1266555600,19.298410415649414,20.41835594177246
1266814800,19.320650100708008,20.566007614135742
1266901200,19.1450252532959,20.362407684326172
1266987600,19.03609275817871,20.337642669677734
1267074000,18.947174072265625,20.31379508972168
1267160400,18.958290100097656,20.57794189453125
1267419600,19.300642013549805,21.345582962036133
1267506000,19.218393325805664,21.260292053222656
1267592400,19.296192169189453,21.291467666625977
1267678800,19.34954261779785,21.369422912597656
1267765200,19.67633628845215,21.96923828125
1268024400,20.147628784179688,22.525941848754883
1268110800,20.04092025756836,22.605741500854492
1268197200,20.34547996520996,22.891881942749023
1268283600,20.616687774658203,22.946001052856445
1268370000,20.730060577392578,22.925825119018555
1268625600,20.543331146240234,22.93590545654297
1268712000,20.374370574951172,22.8680362701416
1268798400,20.3432559967041,22.804758071899414
1268884800,20.036479949951172,22.589216232299805
1268971200,19.74970054626465,22.41130828857422
1269230400,19.8386173248291,22.660768508911133
1269316800,20.00312614440918,22.524110794067383
1269403200,19.729692459106445,22.44065284729004
1269489600,20.098716735839844,22.569971084594727
1269576000,20.063152313232422,22.583724975585938
1269835200,20.060928344726562,22.746061325073242
1269921600,20.22987174987793,23.149599075317383
1270008000,20.23655128479004,23.295433044433594
1270094400,20.574447631835938,23.289928436279297
1270440000,20.55668067932129,23.440336227416992
1270526400,20.54110336303711,23.731069564819336
1270612800,20.1653995513916,23.461273193359375
1270699200,20.33880615234375,23.573232650756836
1270785600,20.567779541015625,23.75676727294922
1271044800,20.71673011779785,23.820093154907227
1271131200,20.627803802490234,23.72190284729004
1271217600,20.954591751098633,24.146780014038086
1271304000,20.996826171875,24.100894927978516
1271390400,20.863447189331055,23.813655853271484
1271649600,20.701169967651367,23.61176109313965
1271736000,20.90791893005371,23.987104415893555
1271822400,20.70339012145996,23.913686752319336
1271908800,21.150226593017578,24.006378173828125
1271995200,21.472576141357422,24.52210235595703
1272254400,21.34140968322754,24.389957427978516
1272340800,20.66337776184082,23.386947631835938
1272427200,20.810094833374023,23.217174530029297
1272513600,20.63447380065918,23.435585021972656
1272600000,20.058700561523438,22.76200294494629
1272859200,19.845293045043945,23.009777069091797
1272945600,19.64521598815918,23.05657958984375
1273032000,19.213939666748047,21.835161209106445
1273118400,18.433645248413086,21.134057998657227
1273204800,18.293598175048828,20.47240447998047
1273464000,19.116119384765625,21.134960174560547
1273550400,18.709306716918945,20.486169815063477
1273636800,19.075542449951172,21.34694480895996
1273723200,19.0866756439209,21.318504333496094
1273809600,17.20093536376953,19.49599838256836
1274068800,16.633209228515625,19.34550666809082
1274155200,15.60462760925293,18.611366271972656
1274241600,16.245819091796875,18.57832908630371
1274328000,16.212432861328125,18.858219146728516
1274414400,16.519668579101562,19.624475479125977
1274673600,16.59758758544922,19.256484985351562
1274760000,16.245819091796875,18.98393440246582
1274846400,16.34156036376953,18.812335968017578
1274932800,16.406124114990234,19.069284439086914
1275019200,16.132278442382812,18.515928268432617
1275364800,15.916321754455566,18.389286041259766
1275451200,15.862889289855957,18.447099685668945
1275537600,16.216882705688477,18.537031173706055
1275624000,16.058813095092773,18.047910690307617
1275883200,16.005373001098633,18.35991668701172
1275969600,16.33041763305664,18.12773895263672
1276056000,16.430618286132812,17.936872482299805
1276142400,17.24323844909668,18.823341369628906
1276228800,16.938222885131836,18.801321029663086
1276488000,16.426158905029297,18.736164093017578
1276574400,17.127471923828125,19.23171043395996
1276660800,17.180891036987305,19.32805824279785
1276747200,17.41912269592285,19.63824462890625
1276833600,17.151952743530273,19.662097930908203
1277092800,18.011335372924805,20.495342254638672
1277179200,17.53489875793457,20.275114059448242
1277265600,17.312257766723633,20.17507553100586
1277352000,17.02727699279785,19.719911575317383
1277438400,17.067358016967773,20.041101455688477
1277697600,16.746763229370117,19.410655975341797
1277784000,15.9074125289917,18.627880096435547
1277870400,15.751571655273438,18.310361862182617
1277956800,16.221336364746094,18.61526870727539
1278043200,16.292573928833008,18.621694564819336
1278388800,16.089975357055664,18.37006187438965
1278475200,16.65770721435547,19.0625057220459
1278561600,16.715579986572266,19.2553653717041
1278648000,17.227651596069336,19.792606353759766
1278907200,17.03396224975586,19.622705459594727
1278993600,17.051773071289062,19.71086311340332
1279080000,16.98274803161621,19.5767879486084
1279166400,16.76011848449707,19.451900482177734
1279252800,15.9074125289917,18.11199188232422
1279512000,15.85621166229248,17.98435401916504
1279598400,16.386083602905273,18.85403823852539
1279684800,16.110021591186523,18.505054473876953
1279771200,16.57754898071289,19.138729095458984
1279857600,16.829130172729492,19.5556640625
1280116800,16.938222885131836,19.545560836791992
1280203200,17.056222915649414,19.67414093017578
1280289600,16.73785400390625,19.293930053710938
1280376000,16.025423049926758,19.135974884033203
1280462400,16.33041763305664,19.289350509643555
1280721600,16.081073760986328,18.598739624023438
1280808000,16.25250244140625,18.45087242126465
1280894400,16.130046844482422,18.85403823852539
1280980800,15.918546676635742,18.516998291015625
1281067200,16.06103515625,19.04872703552246
1281326400,16.639890670776367,19.734750747680664
1281412800,16.75788688659668,19.86883544921875
1281499200,16.393280029296875,19.254444122314453
1281585600,16.27508544921875,19.4537296295166
1281672000,16.10558319091797,19.344446182250977
1281931200,16.241621017456055,19.326072692871094
1282017600,16.35982322692871,19.65577507019043
1282104000,16.252779006958008,19.548315048217773
1282190400,15.974020957946777,19.18372344970703
1282276800,15.63281536102295,18.952301025390625
1282536000,15.637283325195312,18.843935012817383
1282622400,15.757704734802246,18.597806930541992
1282708800,15.802305221557617,18.928428649902344
1282795200,15.590442657470703,18.65842056274414
1282881600,15.858061790466309,18.97525978088379
1283140800,15.5079345703125,18.61526870727539
1283227200,15.383051872253418,18.216690063476562
1283313600,15.728710174560547,18.466482162475586
1283400000,16.052080154418945,18.801694869995117
1283486400,16.168041229248047,19.00832176208496
1283832000,15.945033073425293,18.415061950683594
1283918400,15.287156105041504,17.8530216217041
1284004800,14.892435073852539,17.630775451660156
1284091200,15.184577941894531,18.196489334106445
1284350400,14.602520942687988,17.727203369140625
1284436800,14.968257904052734,18.344348907470703
1284523200,15.37190055847168,19.302200317382812
1284609600,15.249251365661621,19.312297821044922
1284696000,15.273777961730957,19.622705459594727
1284955200,15.679648399353027,20.0855655670166
1285041600,15.597138404846191,19.927602767944336
1285128000,15.748781204223633,20.114959716796875
1285214400,15.829066276550293,20.151689529418945
1285300800,16.13904571533203,20.34821891784668
1285560000,16.2795352935791,20.42168426513672
1285646400,16.339752197265625,20.479543685913086
1285732800,16.593978881835938,20.445568084716797
1285819200,16.560531616210938,20.57138442993164
1285905600,16.350906372070312,20.643014907836914
1286164800,16.33306312561035,20.446491241455078
1286251200,16.723323822021484,20.745864868164062
1286337600,16.553844451904297,20.50710105895996
1286424000,16.415578842163086,20.296648025512695
1286510400,16.502552032470703,20.455631256103516
1286769600,16.567222595214844,20.480440139770508
1286856000,16.558303833007812,20.413362503051758
1286942400,17.15818214416504,21.2183895111084
1287028800,17.20948028564453,21.38104820251465
1287115200,17.30536460876465,21.476613998413086
1287374400,17.474864959716797,21.637439727783203
1287460800,17.294219970703125,21.784486770629883
1287547200,17.73354721069336,22.103368759155273
1287633600,17.662181854248047,22.348730087280273
1287720000,17.6822509765625,22.298189163208008
1287979200,17.981082916259766,22.52885627746582
1288065600,17.847272872924805,22.379058837890625
1288152000,17.822750091552734,22.58492088317871
1288238400,17.048921585083008,22.011470794677734
1288324800,17.430255889892578,22.061098098754883
1288584000,17.242929458618164,21.9627628326416
1288670400,17.488245010375977,22.605133056640625
1288756800,17.617589950561523,23.142742156982422
1288843200,17.838356018066406,23.4239444732666
1288929600,17.795989990234375,23.552600860595703
1289192400,17.55291175842285,23.228206634521484
1289278800,17.4659423828125,23.114255905151367
1289365200,17.6822509765625,23.30263900756836
1289451600,17.666635513305664,23.164794921875
1289538000,17.15818214416504,22.346900939941406
1289797200,17.028841018676758,22.32484245300293
1289883600,16.723323822021484,21.417810440063477
1289970000,16.922204971313477,21.556577682495117
1290056400,17.19257164001465,22.284406661987305
1290142800,17.217159271240234,22.412139892578125
1290402000,16.861865997314453,22.368955612182617
1290488400,16.680864334106445,21.655832290649414
1290574800,16.942310333251953,21.852487564086914
1290747600,16.866334915161133,21.609874725341797
1291006800,16.578075408935547,21.647554397583008
1291093200,16.50210189819336,21.782642364501953
1291179600,16.80824089050293,22.8082275390625
1291266000,17.20598030090332,22.900129318237305
1291352400,17.284191131591797,22.890018463134766
1291611600,17.49870491027832,23.264963150024414
1291698000,17.179170608520508,22.67865562438965
1291784400,17.416034698486328,23.033382415771484
1291870800,17.679718017578125,23.086685180664062
1291957200,17.921035766601562,23.41200065612793
1292216400,18.07521629333496,23.833810806274414
1292302800,18.019357681274414,23.353187561035156
1292389200,17.19257164001465,22.90288543701172
1292475600,15.013897895812988,20.538347244262695
1292562000,14.949101448059082,20.333398818969727
1292821200,15.192660331726074,20.542938232421875
1292907600,15.206068992614746,20.197402954101562
1292994000,15.317794799804688,19.978675842285156
1293080400,15.358019828796387,20.06138801574707
1293426000,15.822809219360352,20.644947052001953
1293512400,15.804930686950684,20.632991790771484
1293598800,15.775875091552734,20.71938133239746
1293685200,15.706607818603516,20.559480667114258
1293771600,15.72670841217041,20.595321655273438
1294030800,15.758002281188965,20.29572868347168
1294117200,15.775875091552734,20.557632446289062
1294203600,16.108823776245117,21.163249969482422
1294290000,16.350154876708984,21.25336456298828
1294376400,16.303234100341797,21.250608444213867
1294635600,16.046260833740234,21.168771743774414
1294722000,16.061904907226562,21.095195770263672
1294808400,16.22501564025879,21.410614013671875
1294894800,15.89654541015625,21.473146438598633
1294981200,15.892074584960938,21.785812377929688
1295326800,15.912184715270996,21.852008819580078
1295413200,15.445167541503906,21.643272399902344
1295499600,15.795987129211426,21.619373321533203
1295586000,15.675328254699707,21.474990844726562
1295845200,16.041784286499023,21.977994918823242
1295931600,15.994858741760254,22.21156883239746
1296018000,15.86525821685791,22.086509704589844
1296104400,15.775875091552734,21.988109588623047
1296190800,15.521136283874512,21.598201751708984
1296450000,15.608292579650879,21.749019622802734
1296536400,15.798222541809082,21.89983558654785
1296622800,16.108823776245117,22.01386070251465
1296709200,16.00603675842285,22.56560707092285
1296795600,16.289827346801758,22.735733032226562
1297054800,16.519987106323242,22.98769187927246
1297141200,16.662992477416992,22.953672409057617
1297227600,16.40774154663086,22.851604461669922
1297314000,16.73464012145996,23.18541145324707
1297400400,16.777183532714844,23.310476303100586
1297659600,16.958541870117188,23.445655822753906
1297746000,16.929445266723633,23.55048370361328
1297832400,17.007801055908203,23.392314910888672
1297918800,17.04810333251953,23.156902313232422
1298005200,16.978708267211914,23.057592391967773
1298350800,16.510726928710938,22.74860191345215
1298437200,16.318180084228516,22.448822021484375
1298523600,16.54880142211914,22.4543399810791
1298610000,16.721206665039062,22.686994552612305
1298869200,16.356239318847656,22.12145233154297
1298955600,16.277873992919922,22.103063583374023
1299042000,16.562236785888672,22.638256072998047
1299128400,16.978708267211914,23.14126968383789
1299214800,16.723445892333984,22.966548919677734
1299474000,16.6025390625,22.738496780395508
1299560400,16.607009887695312,22.8975772857666
1299646800,16.50401496887207,22.803783416748047
1299733200,15.986796379089355,22.397323608398438
1299819600,16.23533821105957,22.84424591064453
1300075200,16.08978271484375,22.882863998413086
1300161600,15.94202995300293,22.497562408447266
1300248000,15.888275146484375,22.465373992919922
1300334400,15.993520736694336,22.415719985961914
1300420800,15.991275787353516,22.224443435668945
1300680000,16.112186431884766,22.801944732666016
1300766400,16.031579971313477,22.691598892211914
1300852800,16.1189022064209,22.700790405273438
1300939200,16.268918991088867,23.20196533203125
1301025600,16.14128875732422,22.778045654296875
1301284800,16.289066314697266,23.207477569580078
1301371200,16.165925979614258,23.14678955078125
1301457600,16.620452880859375,23.32610511779785
1301544000,16.48387336730957,23.14771270751953
1301630400,16.61821937561035,23.315990447998047
1301889600,16.84659194946289,24.024072647094727
1301976000,16.931682586669922,24.178556442260742
1302062400,17.016759872436523,24.426990509033203
1302148800,17.108566284179688,24.398460388183594
1302235200,17.1779727935791,24.204317092895508
1302494400,17.399633407592773,24.53095817565918
1302580800,17.247385025024414,24.195114135742188
1302667200,17.352622985839844,24.82078742980957
1302753600,17.086172103881836,24.738901138305664
1302840000,17.121999740600586,24.620208740234375
1303099200,16.94510841369629,24.387418746948242
1303185600,16.998844146728516,24.572362899780273
1303272000,17.32351303100586,24.84470558166504
1303358400,17.413066864013672,25.144670486450195
1303704000,17.41083335876465,24.974445343017578
1303790400,17.63697052001953,25.428062438964844
1303876800,17.663846969604492,25.3360538482666
1303963200,17.388444900512695,25.275327682495117
1304049600,17.491439819335938,25.384817123413086
1304308800,17.719816207885742,25.329608917236328
1304395200,17.912376403808594,25.981966018676758
1304481600,17.860881805419922,25.98288345336914
1304568000,17.621305465698242,25.256916046142578
1304654400,17.7802734375,25.233909606933594
1304913600,17.881027221679688,25.649805068969727
1305000000,17.990741729736328,25.86419105529785
1305086400,17.76460075378418,25.590917587280273
1305172800,17.896699905395508,25.95619773864746
1305259200,17.892221450805664,25.762985229492188
1305518400,17.89895248413086,25.684764862060547
1305604800,18.046720504760742,25.951608657836914
1305691200,17.948020935058594,25.887189865112305
1305777600,17.865020751953125,26.13653564453125
1305864000,17.54873275756836,25.539392471313477
1306123200,17.254863739013672,25.02321434020996
1306209600,17.407398223876953,24.851150512695312
1306296000,17.665382385253906,25.25507926940918
1306382400,17.78651237487793,25.95619773864746
1306468800,17.900917053222656,26.2451171875
1306814400,18.183557510375977,26.41165542602539
1306900800,17.7618350982666,25.823711395263672
1306987200,18.102800369262695,26.01601219177246
1307073600,17.750621795654297,25.49246597290039
1307332800,17.541994094848633,25.019535064697266
1307419200,17.905399322509766,25.229318618774414
1307505600,17.2077579498291,24.84287452697754
1307592000,17.144941329956055,24.999298095703125
1307678400,16.754634857177734,24.56959342956543
1307937600,16.792760848999023,24.605485916137695
1308024000,17.03278350830078,25.221954345703125
1308110400,16.78827476501465,24.886112213134766
1308196800,16.797250747680664,24.53740119934082
1308283200,16.6962947845459,24.483116149902344
1308542400,16.611059188842773,24.838272094726562
1308628800,16.82192039489746,25.213666915893555
1308715200,16.747900009155273,24.947765350341797
1308801600,16.893699645996094,25.13086700439453
1308888000,16.45852279663086,25.229318618774414
1309147200,16.57516860961914,25.08209991455078
1309233600,16.886980056762695,25.60011863708496
1309320000,19.419572830200195,28.49569320678711
1309406400,18.901390075683594,27.72648811340332
1309492800,19.73362159729004,28.93459129333496
1309838400,19.812135696411133,29.071680068969727
1309924800,19.785215377807617,28.803804397583008
1310011200,20.22264862060547,29.367172241210938
1310097600,20.12843132019043,29.0238094329834
1310356800,19.717927932739258,28.303028106689453
1310443200,19.673049926757812,27.976238250732422
1310529600,19.906354904174805,28.15850257873535
1310616000,19.72689437866211,28.139169692993164
1310702400,19.908599853515625,28.311317443847656
1310961600,19.756061553955078,28.311317443847656
1311048000,20.01177978515625,28.664810180664062
1311134400,19.88391876220703,28.37759017944336
1311220800,19.751567840576172,28.584718704223633
1311307200,20.081321716308594,28.917953491210938
1311566400,19.98262596130371,29.121395111083984
1311652800,20.009538650512695,28.790918350219727
1311739200,19.684276580810547,27.900747299194336
1311825600,19.498090744018555,28.251483917236328
1311912000,19.188522338867188,27.915483474731445
1312171200,19.219932556152344,27.995567321777344
1312257600,18.744365692138672,27.4773006439209
1312344000,19.623703002929688,31.157642364501953
1312430400,19.065143585205078,29.696733474731445
1312516800,18.710723876953125,30.059425354003906
1312776000,17.775293350219727,26.87618637084961
1312862400,18.56491470336914,29.71605682373047
1312948800,17.784259796142578,27.95783233642578
1313035200,18.959714889526367,30.137680053710938
1313121600,18.8049373626709,30.200273513793945
1313380800,19.262548446655273,30.838205337524414
1313467200,19.253576278686523,30.838205337524414
1313553600,18.87380599975586,30.029977798461914
1313640000,18.04237174987793,28.06829071044922
1313726400,17.887306213378906,27.63103485107422
1313985600,17.92999839782715,28.168638229370117
1314072000,18.824365615844727,29.677398681640625
1314158400,19.41086769104004,29.93606948852539
1314244800,18.900772094726562,29.720661163330078
1314331200,19.29177474975586,29.948040008544922
1314590400,19.455821990966797,30.13582992553711
1314676800,19.759185791015625,30.353076934814453
1314763200,19.747947692871094,30.351240158081055
1314849600,19.7142333984375,30.383464813232422
1314936000,19.2243595123291,29.519987106323242
1315281600,19.294023513793945,29.73355484008789
1315368000,19.882776260375977,31.215621948242188
1315454400,19.653568267822266,31.1060848236084
1315540800,19.40413475036621,29.643329620361328
1315800000,19.651325225830078,29.645179748535156
1315886400,19.723228454589844,30.273000717163086
1315972800,20.129961013793945,31.043493270874023
1316059200,20.336702346801758,32.029380798339844
1316145600,20.415348052978516,31.938251495361328
1316404800,20.231082916259766,32.03306579589844
1316491200,20.86254119873047,32.566986083984375
1316577600,20.54343605041504,31.387767791748047
1316664000,19.842327117919922,30.466320037841797
1316750400,20.242321014404297,31.025066375732422
1317009600,20.287260055541992,30.782958984375
1317096000,20.107498168945312,31.124479293823242
1317182400,19.6917724609375,30.36136245727539
1317268800,19.705257415771484,30.227890014648438
1317355200,19.262561798095703,29.195960998535156
1317614400,18.934480667114258,28.617847442626953
1317700800,19.051334381103516,28.321435928344727
1317787200,19.098522186279297,28.857446670532227
1317873600,19.57941436767578,29.12731170654297
1317960000,19.381664276123047,28.68523406982422
1318219200,20.05581283569336,30.006858825683594
1318305600,20.338947296142578,30.34762191772461
1318392000,20.487260818481445,30.20763397216797
1318478400,20.808610916137695,30.944427490234375
1318564800,21.105226516723633,31.459253311157227
1318824000,20.491758346557617,30.86430549621582
1318910400,21.102975845336914,31.303611755371094
1318996800,20.242321014404297,29.818971633911133
1319083200,20.527708053588867,29.994876861572266
1319169600,20.995121002197266,30.705875396728516
1319428800,21.170392990112305,31.377290725708008
1319515200,20.37714958190918,30.163419723510742
1319601600,20.678272247314453,30.306182861328125
1319688000,21.213090896606445,32.156463623046875
1319774400,21.37039566040039,32.656551361083984
1320033600,20.95691680908203,31.98054313659668
1320120000,20.231082916259766,30.788774490356445
1320206400,20.561416625976562,32.94020080566406
1320292800,20.93894386291504,33.762672424316406
1320379200,20.817594528198242,33.164031982421875
1320642000,20.889501571655273,33.70003890991211
1320728400,21.244552612304688,33.89897537231445
1320814800,20.927701950073242,32.91994857788086
1320901200,20.90747833251953,33.16585922241211
1320987600,21.383874893188477,34.090538024902344
1321246800,21.082759857177734,33.825286865234375
1321333200,21.48948860168457,34.1992073059082
1321419600,21.036781311035156,33.24781799316406
1321506000,20.586307525634766,33.099552154541016
1321592400,20.453420639038086,33.19440460205078
1321851600,20.543514251708984,32.400516510009766
1321938000,20.460168838500977,32.653785705566406
1322024400,20.111059188842773,31.963058471679688
1322197200,20.050254821777344,31.88477325439453
1322456400,21.05253791809082,33.08665084838867
1322542800,20.924161911010742,32.942054748535156
1322629200,21.840858459472656,34.495765686035156
1322715600,22.0187931060791,35.08613586425781
1322802000,21.89264678955078,34.8485107421875
1323061200,21.635889053344727,34.33829116821289
1323147600,21.480485916137695,34.196441650390625
1323234000,21.86338233947754,34.477333068847656
1323320400,21.57732582092285,34.013187408447266
1323406800,21.89040184020996,34.76011276245117
1323666000,21.82958984375,34.19459915161133
1323752400,21.602102279663086,33.979095458984375
1323838800,21.703460693359375,33.2588996887207
1323925200,21.581832885742188,33.082977294921875
1324011600,21.946720123291016,33.354637145996094
1324270800,22.20347785949707,33.03968811035156
1324357200,22.827373504638672,34.43683624267578
1324443600,22.685482025146484,34.461692810058594
1324530000,22.644939422607422,34.191837310791016
1324616400,23.081892013549805,34.82732009887695
1324962000,22.953516006469727,34.514190673828125
1325048400,22.685482025146484,34.42485809326172
1325134800,23.232791900634766,34.83838653564453
1325221200,22.867916107177734,34.33644104003906
1325566800,23.19675636291504,33.92660140991211
1325653200,22.782323837280273,32.81036376953125
1325739600,22.953516006469727,32.47037124633789
1325826000,22.683225631713867,31.595977783203125
1326085200,22.50078773498535,31.863191604614258
1326171600,22.478261947631836,32.14051818847656
1326258000,22.322856903076172,31.46236228942871
1326344400,22.825122833251953,31.630998611450195
1326430800,22.689987182617188,31.242172241210938
1326776400,23.093158721923828,31.876991271972656
1326862800,23.374698638916016,32.46760177612305
1326949200,23.057117462158203,32.5155143737793
1327035600,22.653947830200195,31.387739181518555
1327294800,22.43321418762207,31.240333557128906
1327381200,22.750791549682617,31.573863983154297
1327467600,22.649442672729492,32.134979248046875
1327554000,22.71701431274414,32.04837417602539
1327640400,22.759801864624023,32.13682556152344
1327899600,22.496278762817383,32.4298210144043
1327986000,22.667463302612305,32.76152420043945
1328072400,23.088640213012695,32.95042037963867
1328158800,23.88822364807129,35.15712356567383
1328245200,24.106698989868164,35.963314056396484
1328504400,24.1810302734375,36.05453872680664
1328590800,24.095441818237305,36.20195007324219
1328677200,24.404008865356445,36.38624572753906
1328763600,25.32071304321289,36.523521423339844
1328850000,25.654056549072266,36.499568939208984
1329109200,25.386028289794922,36.54655075073242
1329195600,25.955862045288086,36.44520950317383
1329282000,25.973918914794922,36.206565856933594
1329368400,25.6805477142334,36.22407150268555
1329454800,25.953611373901367,36.486656188964844
1329800400,25.770816802978516,36.81376647949219
1329886800,26.25825309753418,37.484519958496094
1329973200,26.285335540771484,37.417266845703125
1330059600,26.52454376220703,38.29348373413086
1330318800,26.3710880279541,38.82696533203125
1330405200,26.842716217041016,39.06374740600586
1330491600,26.260513305664062,38.69797134399414
1330578000,26.443296432495117,38.73760986328125
1330664400,26.21312141418457,38.0327262878418
1330923600,26.231178283691406,38.47869873046875
1331010000,25.915241241455078,37.62364959716797
1331096400,26.09577751159668,37.936920166015625
1331182800,26.6215763092041,38.44552993774414
1331269200,26.441036224365234,38.65375900268555
1331524800,26.296613693237305,38.685081481933594
1331611200,26.463613510131836,38.99466323852539
1331697600,26.34626007080078,38.82881164550781
1331784000,26.402677536010742,38.65652084350586
1331870400,26.330472946166992,38.71364212036133
1332129600,26.817895889282227,39.166961669921875
1332216000,26.294363021850586,38.604000091552734
1332302400,26.34626007080078,38.5081787109375
1332388800,26.46586799621582,38.40683364868164
1332475200,26.80436134338379,39.067466735839844
1332734400,27.093215942382812,40.14271545410156
1332820800,27.036788940429688,39.68016815185547
1332907200,26.932985305786133,39.390865325927734
1332993600,26.854005813598633,39.45534896850586
1333080000,26.62834358215332,38.74773406982422
1333339200,26.849489212036133,39.80824279785156
1333425600,27.160917282104492,40.358299255371094
1333512000,26.849489212036133,39.733184814453125
1333598400,27.30759048461914,40.55470275878906
1333944000,26.966833114624023,40.503047943115234
1334030400,26.34400749206543,39.16061019897461
1334116800,26.488431930541992,39.65018844604492
1334203200,27.309850692749023,40.01348114013672
1334289600,27.79276466369629,40.610939025878906
1334548800,27.266965866088867,39.89178466796875
1334635200,27.549049377441406,40.42375946044922
1334721600,27.481355667114258,40.26425552368164
1334808000,27.348215103149414,40.27532196044922
1334894400,27.30759048461914,40.60909652709961
1335153600,26.65091323852539,39.67048263549805
1335240000,26.838211059570312,39.67417526245117
1335326400,27.483613967895508,41.03504943847656
1335412800,27.799541473388672,41.85749053955078
1335499200,27.874011993408203,42.1894416809082
1335758400,27.75214958190918,41.69984817504883
1335844800,27.776968002319336,42.03451919555664
1335931200,27.573877334594727,41.624229431152344
1336017600,26.269540786743164,40.79256820678711
1336104000,26.580947875976562,40.53994369506836
1336363200,26.743431091308594,40.21077346801758
1336449600,26.659936904907227,39.79773712158203
1336536000,26.497453689575195,38.985435485839844
1336622400,26.66670799255371,38.99925994873047
1336708800,26.610292434692383,38.94578552246094
1336968000,26.339502334594727,38.211856842041016
1337054400,26.314672470092773,38.21461486816406
1337140800,26.572410583496094,37.7443962097168
1337227200,26.002668380737305,36.74956512451172
1337313600,25.466829299926758,36.37889862060547
1337572800,26.276227951049805,37.85594940185547
1337659200,26.766843795776367,38.11965560913086
1337745600,26.94320297241211,38.45620346069336
1337832000,27.078847885131836,38.708824157714844
1337918400,26.98841667175293,38.16761016845703
1338264000,27.19416618347168,38.36030197143555
1338350400,26.56336784362793,37.94816589355469
1338436800,26.045621871948242,37.480709075927734
1338523200,25.378650665283203,36.12257766723633
1338782400,25.81048583984375,36.904457092285156
1338868800,25.731359481811523,37.636539459228516
1338955200,26.303363800048828,38.72265625
1339041600,26.40962791442871,38.328948974609375
1339128000,26.357629776000977,38.40641403198242
1339387200,26.305627822875977,38.15653991699219
1339473600,26.488758087158203,38.517051696777344
1339560000,25.97779083251953,37.77943801879883
1339646400,26.337282180786133,38.63691329956055
1339732800,26.76911163330078,39.34133529663086
1339992000,27.153451919555664,39.242679595947266
1340078400,27.436079025268555,39.422462463378906
1340164800,27.716426849365234,39.53681564331055
1340251200,27.013290405273438,38.83238983154297
1340337600,28.25,40.114898681640625
1340596800,27.41798973083496,39.51005554199219
1340683200,27.845304489135742,39.85120391845703
1340769600,27.90861701965332,39.82353973388672
1340856000,27.47450828552246,38.844364166259766
1340942400,27.95156478881836,39.656654357910156
1341201600,28.62757682800293,40.559303283691406
1341288000,28.564268112182617,40.73172378540039
1341460800,28.715755462646484,40.96976089477539
1341547200,28.324609756469727,40.746490478515625
1341806400,27.956085205078125,39.790626525878906
1341892800,27.646339416503906,38.77387237548828
1341979200,27.298158645629883,38.740665435791016
1342065600,27.727733612060547,39.1429328918457
1342152000,28.05556869506836,39.636558532714844
1342411200,28.747404098510742,40.309165954589844
1342497600,28.991579055786133,40.19752883911133
1342584000,28.898887634277344,40.30268859863281
1342670400,28.3494873046875,39.48337936401367
1342756800,28.43087387084961,39.04145050048828
1343016000,28.1414794921875,38.379913330078125
1343102400,27.729997634887695,37.81801986694336
1343188800,27.628257751464844,38.04314422607422
1343275200,28.661489486694336,39.09864807128906
1343361600,29.197317123413086,40.296234130859375
1343620800,29.58167839050293,40.70219421386719
1343707200,29.18150520324707,40.279632568359375
1343793600,28.817487716674805,39.41510009765625
1343880000,29.226715087890625,39.06727600097656
1343966400,29.613332748413086,39.13186264038086
1344225600,29.6246337890625,38.736961364746094
1344312000,29.482194900512695,38.41865539550781
1344398400,29.651771545410156,39.161380767822266
1344484800,29.054885864257812,39.29887771606445
1344571200,29.186019897460938,39.30717849731445
1344830400,29.011930465698242,39.27024459838867
1344916800,29.366884231567383,39.49631118774414
1345003200,29.228742599487305,39.40497589111328
1345089600,29.36915397644043,39.53691101074219
1345176000,29.144948959350586,39.37912368774414
1345435200,29.024911880493164,39.41510009765625
1345521600,28.87997055053711,39.05621337890625
1345608000,29.011327743530273,38.861541748046875
1345694400,28.796171188354492,38.596736907958984
1345780800,28.685199737548828,38.97686767578125
1346040000,28.911684036254883,39.06636047363281
1346126400,28.852787017822266,39.17523193359375
1346212800,28.993200302124023,39.28779602050781
1346299200,28.694259643554688,38.838470458984375
1346385600,29.045299530029297,39.01838302612305
1346731200,29.106441497802734,39.15493392944336
1346817600,28.900358200073242,38.94456100463867
1346904000,29.32839012145996,39.913326263427734
1346990400,29.375951766967773,40.24549102783203
1347249600,29.142683029174805,40.36451721191406
1347336000,29.77907371520996,40.860897064208984
1347422400,30.2252254486084,41.1875
1347508800,30.56946563720703,42.004066467285156
1347595200,30.40414047241211,41.90439987182617
1347854400,30.31808090209961,41.84165954589844
1347940800,30.2705135345459,41.79368209838867
1348027200,30.526439666748047,41.693119049072266
1348113600,30.485673904418945,41.90439987182617
1348200000,30.574005126953125,42.39707946777344
1348459200,30.28864288330078,42.0068244934082
1348545600,30.47434425354004,41.65896987915039
1348632000,30.012346267700195,41.134910583496094
1348718400,30.327136993408203,41.71894454956055
1348804800,30.410926818847656,41.655277252197266
1349064000,30.965801239013672,42.1544303894043
1349150400,30.80047607421875,42.22453689575195
1349236800,31.37118148803711,43.710914611816406
1349323200,31.631620407104492,43.81425094604492
1349409600,31.76525115966797,43.87797927856445
1349668800,31.414226531982422,43.56960678100586
1349755200,30.968080520629883,42.91873550415039
1349841600,31.122060775756836,42.66114807128906
1349928000,31.491222381591797,43.628684997558594
1350014400,31.50706672668457,43.701622009277344
1350273600,31.681455612182617,43.928733825683594
1350360000,31.969091415405273,44.22324752807617
1350446400,32.28612518310547,44.591609954833984
1350532800,32.132137298583984,43.929656982421875
1350619200,31.699569702148438,43.39696502685547
1350878400,31.47989273071289,43.10798263549805
1350964800,30.945419311523438,42.455291748046875
1351051200,30.911441802978516,41.964111328125
1351137600,31.151508331298828,41.48588562011719
1351224000,31.323627471923828,41.82009506225586
1351656000,31.425539016723633,42.55405807495117
1351742400,32.5850830078125,43.270484924316406
1351828800,32.47638702392578,43.34064483642578
1352091600,32.04607391357422,42.989810943603516
1352178000,32.58055877685547,43.55575942993164
1352264400,32.28612518310547,42.90211486816406
1352350800,32.17290115356445,42.63438415527344
1352437200,32.369930267333984,42.89841842651367
1352696400,32.44013595581055,43.39140701293945
1352782800,32.2612419128418,43.50404739379883
1352869200,31.768646240234375,42.77378463745117
1352955600,31.779985427856445,42.206016540527344
1353042000,32.39516830444336,42.8919563293457
1353301200,33.062538146972656,44.19278335571289
1353387600,33.21916961669922,44.090293884277344
1353474000,33.29182815551758,44.262020111083984
1353646800,33.62322235107422,44.42913055419922
1353906000,33.42574691772461,44.31740188598633
1353992400,33.31904602050781,44.175235748291016
1354078800,33.43482208251953,44.45405578613281
1354165200,33.6368522644043,44.8879508972168
1354251600,33.984134674072266,45.11601257324219
1354510800,33.74126052856445,44.9285888671875
1354597200,33.5029182434082,44.63038635253906
1354683600,33.609622955322266,44.12998580932617
1354770000,33.70267868041992,44.39589309692383
1354856400,33.7208366394043,43.95366668701172
1355115600,33.745811462402344,44.2777099609375
1355202000,33.800289154052734,44.45497131347656
1355288400,33.56874465942383,44.63222122192383
1355374800,33.414363861083984,44.72362518310547
1355461200,33.3281364440918,44.5269660949707
1355720400,33.852500915527344,45.175086975097656
1355806800,34.21342468261719,45.503753662109375
1355893200,33.85931396484375,45.18154525756836
1355979600,34.6083984375,46.025367736816406
1356066000,34.22477722167969,45.56745147705078
1356325200,34.31785202026367,45.7013053894043
1356498000,33.99551010131836,44.887054443359375
1356584400,33.91379928588867,45.04121398925781
1356670800,33.743534088134766,44.59899139404297
1356930000,34.40863800048828,45.35602951049805
1357102800,35.271240234375,47.109222412109375
1357189200,35.298500061035156,47.176639556884766
1357275600,35.58678436279297,47.17478942871094
1357534800,35.84101486206055,47.99231719970703
1357621200,36.17470932006836,47.83435821533203
1357707600,36.726318359375,49.18028259277344
1357794000,36.435752868652344,48.742408752441406
1357880400,36.58330535888672,48.837562561035156
1358139600,36.4675407409668,48.359962463378906
1358226000,36.42213439941406,48.29439926147461
1358312400,36.36539077758789,48.15489196777344
1358398800,36.292755126953125,48.345184326171875
1358485200,35.927268981933594,48.128116607666016
1358830800,36.10432434082031,48.013553619384766
1358917200,36.10432434082031,47.81032180786133
1359003600,36.220088958740234,48.244503021240234
1359090000,36.2836799621582,47.98215103149414
1359349200,35.4914436340332,47.492557525634766
1359435600,35.56180191040039,47.89532470703125
1359522000,35.187255859375,47.66622543334961
1359608400,35.84556579589844,47.88793182373047
1359694800,35.99311065673828,47.916568756103516
1359954000,35.55952835083008,47.501808166503906
1360040400,36.21331024169922,48.09947967529297
1360126800,36.506134033203125,48.36366653442383
1360213200,35.65260696411133,47.99416732788086
1360299600,35.82059097290039,48.448638916015625
1360558800,35.48688888549805,48.1142463684082
1360645200,35.593589782714844,48.002479553222656
1360731600,35.20687484741211,47.9627571105957
1360818000,35.48213195800781,48.235252380371094
1360904400,35.93935012817383,48.32487106323242
1361250000,35.85292053222656,48.299922943115234
1361336400,35.354740142822266,47.38078308105469
1361422800,35.814231872558594,47.99784851074219
1361509200,36.26692199707031,48.3895378112793
1361768400,35.46165084838867,47.195106506347656
1361854800,35.9029655456543,47.08425521850586
1361941200,36.367008209228516,47.59139633178711
1362027600,36.08720397949219,47.83435821533203
1362114000,35.95983123779297,47.878692626953125
1362373200,36.2828254699707,48.16598129272461
1362459600,36.462547302246094,48.691612243652344
1362546000,36.63771438598633,48.73594284057617
1362632400,36.51258850097656,48.65187454223633
1362718800,36.54899978637695,48.88837432861328
1362974400,36.6650276184082,49.04170227050781
1363060800,36.35108947753906,48.327640533447266
1363147200,36.253273010253906,48.72669982910156
1363233600,36.54671859741211,48.69898986816406
1363320000,36.06674575805664,47.97753143310547
1363579200,35.95754623413086,47.574764251708984
1363665600,35.48666763305664,47.259769439697266
1363752000,36.24418640136719,47.90824890136719
1363838400,35.89613342285156,47.482391357421875
1363924800,36.417057037353516,47.80479431152344
1364184000,37.30649185180664,48.03480911254883
1364270400,38.09355926513672,49.464805603027344
1364356800,38.36655044555664,49.7012825012207
1364443200,38.63496780395508,49.98765182495117
1364788800,38.06855392456055,49.62738037109375
1364875200,38.20502471923828,49.937767028808594
1364961600,37.47711181640625,49.25972366333008
1365048000,37.870662689208984,49.34931182861328
1365134400,37.57038879394531,49.16250228881836
1365393600,37.82741928100586,49.41868209838867
1365480000,37.47711181640625,48.796295166015625
1365566400,37.98666000366211,49.42422103881836
1365652800,38.12996292114258,50.054019927978516
1365739200,37.7045783996582,49.29106903076172
1365998400,36.690025329589844,48.247886657714844
1366084800,37.468013763427734,49.1606559753418
1366171200,36.90386199951172,48.622413635253906
1366257600,36.71733856201172,48.18223571777344
1366344000,37.29741668701172,48.27100372314453
1366603200,37.19959259033203,48.284881591796875
1366689600,37.684112548828125,49.107017517089844
1366776000,38.00258255004883,49.20133972167969
1366862400,38.38930130004883,49.48989486694336
1366948800,38.0412483215332,49.50748062133789
1367208000,38.19367599487305,49.84779739379883
1367294400,38.32106399536133,51.1351203918457
1367380800,37.766021728515625,49.92269515991211
1367467200,39.89975357055664,50.45075607299805
1367553600,40.84151840209961,51.19245529174805
1367812800,40.69365692138672,50.65422821044922
1367899200,40.898399353027344,50.98067092895508
1367985600,40.7778205871582,51.208160400390625
1368072000,40.62313461303711,51.03800582885742
1368158400,40.66180419921875,51.338565826416016
1368417600,40.70275115966797,51.404232025146484
1368504000,41.01895523071289,52.68416213989258
1368590400,41.422332763671875,53.116981506347656
1368676800,40.97565460205078,52.72669982910156
1368763200,42.06270217895508,54.080631256103516
1369022400,41.38814163208008,53.94744110107422
1369108800,41.374473571777344,54.08708572387695
1369195200,41.05313491821289,53.33430862426758
1369281600,40.5882453918457,52.688777923583984
1369368000,41.1237907409668,52.84876251220703
1369713600,41.028072357177734,53.24459457397461
1369800000,40.59735107421875,52.99212646484375
1369886400,41.2559700012207,53.2834587097168
1369972800,40.59735107421875,52.73686981201172
1370232000,41.06452560424805,53.26030731201172
1370318400,41.066810607910156,52.54914474487305
1370404800,40.38768768310547,51.749202728271484
1370491200,40.87310791015625,52.246726989746094
1370577600,41.00755310058594,52.3669548034668
1370836800,41.55223846435547,52.323486328125
1370923200,40.943748474121094,51.82964324951172
1371009600,40.8275146484375,51.602149963378906
1371096000,41.53400802612305,53.05778503417969
1371182400,41.23317337036133,52.821041107177734
1371441600,41.556793212890625,53.47117614746094
1371528000,41.93509292602539,54.0463981628418
1371614400,41.620601654052734,54.2276496887207
1371700800,40.670265197753906,52.965301513671875
1371787200,40.907283782958984,53.01801300048828
1372046400,40.626976013183594,52.02939987182617
1372132800,41.12834930419922,52.2125129699707
1372219200,41.62514877319336,52.71377182006836
1372305600,41.992069244384766,52.776649475097656
1372392000,41.6479377746582,53.12991714477539
1372651200,42.210845947265625,53.935428619384766
1372737600,42.21540069580078,53.921546936035156
1372824000,42.6256217956543,54.2100830078125
1372996800,43.480228424072266,55.08490753173828
1373256000,42.8671875,54.553550720214844
1373342400,42.66207504272461,54.95159912109375
1373428800,42.54813766479492,54.703514099121094
1373515200,43.29107666015625,55.63945388793945
1373601600,43.46428680419922,55.43949508666992
1373860800,43.35716247558594,55.162681579589844
1373947200,43.15890121459961,54.59981918334961
1374033600,43.21814727783203,54.929386138916016
1374120000,43.530364990234375,55.2598876953125
1374206400,43.28196716308594,54.92755126953125
1374465600,43.578224182128906,55.785709381103516
1374552000,42.97657012939453,55.3598747253418
1374638400,42.55952835083008,54.71091842651367
1374724800,44.35078048706055,55.450584411621094
1374811200,44.02946472167969,55.373741149902344
1375070400,43.74913787841797,55.269142150878906
1375156800,43.62835693359375,55.676475524902344
1375243200,40.33982467651367,56.52724075317383
1375329600,40.83208084106445,59.83865737915039
1375416000,41.93280792236328,59.76365661621094
1375675200,42.055877685546875,59.47481918334961
1375761600,41.679847717285156,60.54408264160156
1375848000,41.3380126953125,59.83308792114258
1375934400,41.19898986816406,59.788658142089844
1376020800,40.977935791015625,59.05916976928711
1376280000,40.96654510498047,58.38892364501953
1376366400,40.84574508666992,58.63053894042969
1376452800,40.720184326171875,58.320411682128906
1376539200,39.71101379394531,57.279884338378906
1376625600,39.52837371826172,57.23080825805664
1376884800,39.950748443603516,57.38633346557617
1376971200,39.54891586303711,57.619625091552734
1377057600,40.729305267333984,57.33262252807617
1377144000,40.850318908691406,57.49650573730469
1377230400,40.89141845703125,57.96215057373047
1377489600,39.955318450927734,56.950313568115234
1377576000,39.76582717895508,56.27821731567383
1377662400,40.00326919555664,56.52724075317383
1377748800,40.039794921875,56.708683013916016
1377835200,39.822898864746094,56.107872009277344
1378180800,40.4165153503418,57.715904235839844
1378267200,40.227012634277344,57.71127700805664
1378353600,40.23158264160156,58.22969436645508
1378440000,40.33659744262695,58.93511199951172
1378699200,40.76584243774414,59.28504943847656
1378785600,42.14486312866211,60.312644958496094
1378872000,42.537574768066406,60.95697021484375
1378958400,42.2521858215332,61.79566955566406
1379044800,43.151756286621094,61.69295120239258
1379304000,43.23851013183594,62.117855072021484
1379390400,43.745361328125,62.87417984008789
1379476800,44.213417053222656,63.65830612182617
1379563200,44.45542526245117,63.54071044921875
1379649600,45.396080017089844,63.48237991333008
1379908800,44.804744720458984,63.22782897949219
1379995200,44.14263916015625,63.44816207885742
1380081600,43.73624038696289,62.204872131347656
1380168000,44.19287109375,62.726993560791016
1380254400,44.07644271850586,63.122283935546875
1380513600,43.631221771240234,62.282615661621094
1380600000,44.115234375,62.74641799926758
1380686400,43.795589447021484,62.60942840576172
1380772800,43.07183837890625,61.93825149536133
1380859200,43.48964309692383,62.333553314208984
1381118400,42.54214096069336,61.716426849365234
1381204800,41.674537658691406,60.586021423339844
1381291200,41.97591018676758,60.89734649658203
1381377600,43.158592224121094,62.876522064208984
1381464000,43.88236618041992,63.394447326660156
1381723200,44.16545486450195,63.850345611572266
1381809600,43.69284439086914,63.599246978759766
1381896000,44.66549301147461,64.44337463378906
1381982400,45.2705192565918,65.29022979736328
1382068800,45.76595687866211,66.26777648925781
1382328000,45.672359466552734,66.5133056640625
1382414400,45.65865707397461,66.5911636352539
1382500800,45.409786224365234,65.87673950195312
1382587200,46.327606201171875,67.14803314208984
1382673600,46.36188507080078,67.06371307373047
1382932800,46.366451263427734,67.63447570800781
1383019200,46.63128662109375,67.86615753173828
1383105600,46.53538513183594,67.23976135253906
1383192000,44.902923583984375,66.4447250366211
1383278400,45.471431732177734,68.3331298828125
1383541200,44.84584426879883,67.49175262451172
1383627600,45.0627555847168,68.23119354248047
1383714000,45.43948745727539,67.99866485595703
1383800400,44.77278518676758,66.8357925415039
1383886800,45.27280044555664,68.05419921875
1384146000,45.496551513671875,68.67411041259766
1384232400,45.26824951171875,68.3516616821289
1384318800,45.705204010009766,68.14781188964844
1384405200,45.78984451293945,68.89366912841797
1384491600,46.21309280395508,69.70258331298828
1384750800,45.73265075683594,69.91478729248047
1384837200,45.15842819213867,69.2105941772461
1384923600,45.32542037963867,69.11610412597656
1385010000,46.12386703491211,69.21526336669922
1385096400,46.24052810668945,69.905517578125
1385355600,46.19707107543945,70.09456634521484
1385442000,46.560821533203125,70.1455307006836
1385528400,46.668357849121094,70.45683288574219
1385701200,46.54711151123047,70.49481201171875
1385960400,46.92916488647461,70.06027221679688
1386046800,46.1558952331543,69.87310028076172
1386133200,46.382381439208984,69.32366180419922
1386219600,46.146732330322266,69.6322021484375
1386306000,46.183353424072266,70.27801513671875
1386565200,46.11929702758789,70.31414031982422
1386651600,45.6251220703125,70.7542724609375
1386738000,47.050411224365234,73.25232696533203
1386824400,46.54252624511719,72.50827026367188
1386910800,47.43932342529297,73.01139068603516
1387170000,47.52855682373047,73.824951171875
1387256400,48.78683853149414,73.93614959716797
1387342800,49.26725387573242,74.31693267822266
1387429200,49.43427276611328,74.62458801269531
1387515600,49.40911102294922,75.70587921142578
1387774800,49.88039016723633,75.52518463134766
1387861200,50.04052734375,75.34915924072266
1388034000,50.376834869384766,76.1552734375
1388120400,50.25559616088867,76.70844268798828
1388379600,50.53927230834961,77.21159362792969
1388466000,50.944210052490234,77.41169738769531
1388638800,50.562137603759766,77.28942108154297
1388725200,50.59645080566406,76.98086547851562
1388984400,50.292198181152344,76.59911346435547
1389070800,50.67654800415039,77.66610717773438
1389157200,50.83897018432617,77.64289855957031
1389243600,50.7680549621582,78.27010345458984
1389330000,50.58960723876953,77.44991302490234
1389589200,50.079429626464844,75.15263366699219
1389675600,50.937355041503906,76.23912811279297
1389762000,51.191287994384766,76.39314270019531
1389848400,50.73601150512695,76.59075927734375
1389934800,53.117576599121094,75.93387603759766
1390280400,53.060394287109375,75.93944549560547
1390366800,53.30291748046875,77.28659057617188
1390453200,52.21848678588867,76.41447448730469
1390539600,50.6170539855957,72.8424301147461
1390798800,49.466312408447266,70.55996704101562
1390885200,50.550716400146484,73.13931274414062
1390971600,49.672203063964844,72.09088897705078
1391058000,50.532405853271484,74.0021743774414
1391144400,49.285560607910156,70.21671295166016
1391403600,48.837158203125,68.57445526123047
1391490000,49.081947326660156,67.84150695800781
1391576400,49.326759338378906,67.5816879272461
1391662800,50.10459899902344,69.49302673339844
1391749200,50.73830032348633,70.80120849609375
1392008400,50.4568977355957,70.83831787109375
1392094800,50.86414337158203,70.68989562988281
1392181200,51.37751388549805,70.48574829101562
1392267600,51.35000991821289,71.00533294677734
1392354000,51.79692459106445,71.80323028564453
1392699600,51.81069564819336,71.89602661132812
1392786000,51.31105041503906,71.11666107177734
1392872400,51.21480178833008,70.38371276855469
1392958800,51.19186019897461,70.23523712158203
1393218000,51.84048080444336,70.47652435302734
1393304400,52.05133819580078,71.20018768310547
1393390800,51.822147369384766,71.77538299560547
1393477200,51.86111068725586,72.14653778076172
1393563600,51.78318786621094,72.10944366455078
1393822800,50.751834869384766,71.19090270996094
1393909200,51.68233871459961,72.8331527709961
1393995600,51.06580352783203,72.5547866821289
1394082000,51.30647659301758,72.02592468261719
1394168400,51.696083068847656,72.3135757446289
1394424000,51.68233871459961,71.80323028564453
1394510400,52.067386627197266,72.27645111083984
1394596800,51.81985855102539,72.6846923828125
1394683200,50.600555419921875,71.0888442993164
1394769600,50.59828567504883,70.82904815673828
1395028800,51.28813934326172,72.21149444580078
1395115200,51.89091491699219,73.22278594970703
1395201600,51.29729080200195,72.65685272216797
1395288000,50.838932037353516,72.74960327148438
1395374400,51.19416427612305,70.50431823730469
1395633600,50.59368896484375,71.80323028564453
1395720000,50.05508804321289,69.8455581665039
1395806400,49.43168640136719,68.38890075683594
1395892800,49.45232009887695,68.04560089111328
1395979200,48.60890579223633,67.93427276611328
1396238400,49.47294616699219,69.30744934082031
1396324800,49.20709228515625,69.40955352783203
1396411200,49.197914123535156,69.30744934082031
1396497600,49.278133392333984,69.14969635009766
1396584000,47.60274887084961,66.96934509277344
1396843200,46.619529724121094,66.28176879882812
1396929600,46.43159866333008,66.45830535888672
1397016000,47.56608581542969,68.3539047241211
1397102400,46.1932373046875,66.1330795288086
1397188800,45.06562805175781,63.81928253173828
1397448000,46.069480895996094,66.142333984375
1397534400,46.76622009277344,67.04370880126953
1397620800,47.983219146728516,68.69771575927734
1397707200,47.660057067871094,68.883544921875
1398052800,47.93049621582031,69.05084228515625
1398139200,48.12302017211914,69.25524139404297
1398225600,47.85946273803711,68.1680679321289
1398312000,47.99238204956055,69.0880126953125
1398398400,45.59275817871094,65.65917205810547
1398657600,46.163455963134766,66.19811248779297
1398744000,46.449951171875,66.9322280883789
1398830400,46.436180114746094,68.34461212158203
1398916800,47.233768463134766,68.96723937988281
1399003200,46.851016998291016,68.55834197998047
1399262400,47.47214126586914,69.52474975585938
1399348800,47.066463470458984,68.58622741699219
1399435200,47.83193588256836,68.64198303222656
1399521600,48.33616638183594,68.98579406738281
1399608000,48.3155517578125,69.11589813232422
1399867200,48.5195198059082,69.71057891845703
1399953600,48.60203170776367,69.53401947021484
1400040000,48.18871307373047,68.85567474365234
1400126400,47.635318756103516,67.90789031982422
1400212800,48.17722702026367,68.53047180175781
1400472000,48.303524017333984,68.6326904296875
1400558400,47.74325180053711,68.43754577636719
1400644800,48.24380874633789,70.27742004394531
1400731200,48.07618713378906,70.38892364501953
1400817600,48.69618606567383,71.03936767578125
1401163200,49.254146575927734,71.57833862304688
1401249600,49.09343338012695,71.48540496826172
1401336000,49.29319381713867,71.35530853271484
1401422400,49.32993698120117,71.03936767578125
1401681600,49.02914047241211,71.59691619873047
1401768000,48.52395248413086,70.94644927978516
1401854400,48.54920959472656,70.91857147216797
1401940800,48.730621337890625,71.40179443359375
1402027200,48.90974044799805,71.98722839355469
1402286400,48.81327438354492,71.42035675048828
1402372800,49.196746826171875,71.88497161865234
1402459200,48.83625030517578,71.42965698242188
1402545600,48.62727737426758,70.36103057861328
1402632000,48.51707458496094,70.56546783447266
1402891200,48.275970458984375,69.79419708251953
1402977600,48.40685272216797,69.67341613769531
1403064000,48.507877349853516,69.80349731445312
1403150400,48.29433822631836,69.01365661621094
1403236800,48.103729248046875,68.58622741699219
1403496000,48.09916305541992,68.89285278320312
1403582400,47.713382720947266,67.55475616455078
1403668800,48.005001068115234,67.87071228027344
1403755200,47.9820442199707,67.61978912353516
1403841600,48.055538177490234,68.20523071289062
1404100800,48.38389587402344,68.27027130126953
1404187200,49.196746826171875,70.18448638916016
1404273600,49.33222961425781,70.80708312988281
1404360000,49.715694427490234,71.30885314941406
1404705600,49.768516540527344,70.89012145996094
1404792000,49.428680419921875,70.43412017822266
1404878400,49.63533401489258,71.3088607788086
1404964800,49.49296188354492,70.22940063476562
1405051200,49.82822036743164,70.56441497802734
1405310400,50.75358581542969,71.96027374267578
1405396800,50.92581558227539,72.88150787353516
1405483200,51.13018798828125,72.87218475341797
1405569600,50.0302848815918,71.08550262451172
1405656000,50.56300735473633,72.1184310913086
1405915200,50.337982177734375,71.97883605957031
1406001600,50.806419372558594,72.83494567871094
1406088000,50.792633056640625,72.34176635742188
1406174400,51.14625549316406,72.18357849121094
1406260800,49.3161506652832,70.4899673461914
1406520000,49.189857482910156,70.8994140625
1406606400,49.02455520629883,70.6202163696289
1406692800,49.15312957763672,70.63883972167969
1406779200,48.4527587890625,69.00106048583984
1406865600,48.636474609375,69.77342987060547
1407124800,48.716835021972656,70.42483520507812
1407211200,48.34482955932617,69.97815704345703
1407297600,48.37928771972656,70.1270523071289
1407384000,48.00040054321289,68.91729736328125
1407470400,48.32646560668945,69.95025634765625
1407729600,48.35403060913086,70.37830352783203
1407816000,48.28974151611328,70.37830352783203
1407902400,48.64173126220703,71.00176239013672
1407988800,48.89250564575195,70.76913452148438
1408075200,48.35646057128906,69.98746490478516
1408334400,49.30662155151367,71.43915557861328
1408420800,49.46305465698242,71.0948486328125
1408507200,49.739131927490234,71.08550262451172
1408593600,49.63560485839844,71.64385223388672
1408680000,49.71382141113281,71.16928100585938
1408939200,49.697715759277344,71.12274169921875
1409025600,49.86105728149414,71.65314483642578
1409112000,49.95309066772461,71.31816101074219
1409198400,49.37103271484375,70.87150573730469
1409284800,48.89250564575195,70.54576110839844
1409630400,49.400936126708984,70.3317642211914
1409716800,49.440059661865234,70.66676330566406
1409803200,49.29280090332031,71.07621765136719
1409889600,49.28129959106445,71.52288055419922
1410148800,49.64019775390625,70.9366455078125
1410235200,49.297401428222656,70.78775024414062
1410321600,49.895572662353516,71.32746124267578
1410408000,49.451541900634766,70.36897277832031
1410494400,49.2421989440918,70.22940063476562
1410753600,49.38022994995117,70.0153579711914
1410840000,49.992191314697266,71.27163696289062
1410926400,49.58497619628906,70.92730712890625
1411012800,49.794342041015625,72.3976058959961
1411099200,49.7506217956543,71.91371154785156
1411358400,49.20539093017578,70.87150573730469
1411444800,48.87871551513672,70.2666244506836
1411531200,49.327308654785156,71.69969177246094
1411617600,48.47608947753906,69.53146362304688
1411704000,48.759056091308594,69.84785461425781
1411963200,48.52669906616211,69.34535217285156
1412049600,49.088050842285156,68.78704071044922
1412136000,48.315040588378906,68.22869873046875
1412222400,48.24834060668945,68.32176208496094
1412308800,48.77056121826172,69.1685562133789
1412568000,48.724552154541016,69.33606719970703
1412654400,47.8641242980957,67.97545623779297
1412740800,48.855690002441406,69.01919555664062
1412827200,47.78589630126953,66.94098663330078
1412913600,47.157840728759766,65.7015151977539
1413172800,46.996803283691406,65.0305404663086
1413259200,46.63789367675781,66.16748809814453
1413345600,46.069664001464844,66.44707489013672
1413432000,46.702327728271484,66.0370101928711
1413518400,47.392494201660156,66.68936157226562
1413777600,47.81813430786133,67.13668823242188
1413864000,49.074256896972656,69.11239624023438
1413950400,48.5244026184082,68.23640441894531
1414036800,49.297401428222656,69.04716491699219
1414123200,49.11335754394531,68.96327209472656
1414382400,49.09726333618164,69.06580352783203
1414468800,49.85646438598633,70.82716369628906
1414555200,49.38482666015625,70.81784057617188
1414641600,54.4438591003418,77.47187805175781
1414728000,55.543556213378906,78.04967498779297
1414990800,55.56884765625,78.40381622314453
1415077200,55.89785385131836,78.27334594726562
1415163600,57.40704345703125,80.13722229003906
1415250000,57.53587341308594,79.91351318359375
1415336400,58.074214935302734,79.02822875976562
1415595600,57.5634880065918,79.07479095458984
1415682000,57.45306396484375,78.83250427246094
1415768400,58.075408935546875,78.60883331298828
1415854800,57.8380126953125,78.46903228759766
1415941200,57.358543395996094,78.3292465209961
1416200400,57.57984924316406,77.5370864868164
1416286800,57.56370544433594,78.1894760131836
1416373200,57.593658447265625,78.54358673095703
1416459600,58.010887145996094,78.841796875
1416546000,58.59865188598633,78.95365905761719
1416805200,58.690860748291016,79.20527648925781
1416891600,59.29938888549805,80.46337890625
1416978000,59.29938888549805,80.66840362548828
1417150800,59.513755798339844,81.34874725341797
1417410000,59.504539489746094,81.50714111328125
1417496400,59.93326950073242,81.72151947021484
1417582800,60.29977798461914,82.3086166381836
1417669200,60.19375991821289,82.72798919677734
1417755600,60.70316696166992,83.0168685913086
1418014800,60.64552307128906,82.04766082763672
1418101200,60.88527297973633,81.86124420166016
1418187600,60.32744216918945,80.45407104492188
1418274000,60.65013122558594,81.72151947021484
1418360400,59.188743591308594,78.40381622314453
1418619600,59.170310974121094,78.85114288330078
1418706000,58.411949157714844,77.01521301269531
1418792400,59.71891784667969,78.96297454833984
1418878800,60.88986587524414,81.00389099121094
1418965200,60.3159065246582,80.55657958984375
1419224400,60.9013786315918,80.9200439453125
1419310800,61.14340591430664,81.66558837890625
1419397200,61.689727783203125,81.79606628417969
1419570000,61.45691680908203,81.79606628417969
1419829200,61.18259048461914,81.71221160888672
1419915600,60.97977066040039,81.05049133300781
1420002000,60.438087463378906,80.29563903808594
1420174800,61.088077545166016,79.84829711914062
1420434000,59.739654541015625,77.60232543945312
1420520400,59.354713439941406,77.4345703125
1420606800,60.14995574951172,78.63909149169922
1420693200,60.95674133300781,79.86228942871094
1420779600,60.053138732910156,78.84451293945312
1421038800,59.93557357788086,77.83612060546875
1421125200,60.11076354980469,78.01353454589844
1421211600,58.90753936767578,77.92945098876953
1421298000,58.347408294677734,76.79967498779297
1421384400,58.76694107055664,78.24695587158203
1421730000,59.20258331298828,78.67646026611328
1421816400,59.30400085449219,78.1722412109375
1421902800,59.37777328491211,78.78850555419922
1421989200,59.536808013916016,78.79782104492188
1422248400,59.131126403808594,78.06019592285156
1422334800,57.8541374206543,76.35147857666016
1422421200,56.786922454833984,75.38970184326172
1422507600,57.16493225097656,75.98729705810547
1422594000,58.75770568847656,76.59419250488281
1422853200,58.85682678222656,77.48127746582031
1422939600,59.882572174072266,78.25627136230469
1423026000,61.05815124511719,78.60176849365234
1423112400,62.65090560913086,80.13309478759766
1423198800,61.641326904296875,78.58308410644531
1423458000,61.189517974853516,78.98460388183594
1423544400,60.97977066040039,78.6484603881836
1423630800,61.423126220703125,78.86317443847656
1423717200,62.559288024902344,81.72042846679688
1423803600,62.2636833190918,81.3656234741211
1424149200,62.55004119873047,81.72042846679688
1424235600,62.14591979980469,81.91654205322266
1424322000,62.14130783081055,83.28909301757812
1424408400,63.04191970825195,84.77375793457031
1424667600,63.044212341308594,85.08190155029297
1424754000,62.91950607299805,85.26861572265625
1424840400,63.044212341308594,86.5291748046875
1424926800,63.21510314941406,85.21261596679688
1425013200,62.651634216308594,84.1574935913086
1425272400,64.26348876953125,85.92224884033203
1425358800,63.57303237915039,84.94181060791016
1425445200,63.21510314941406,85.63277435302734
1425531600,63.30284881591797,86.6598892211914
1425618000,62.196746826171875,84.77375793457031
1425873600,62.677040100097656,85.08190155029297
1425960000,61.24071502685547,82.95296478271484
1426046400,61.13680648803711,81.20687103271484
1426132800,62.25216293334961,83.33578491210938
1426219200,61.20146179199219,81.93519592285156
1426478400,62.122840881347656,82.83160400390625
1426564800,61.07904815673828,82.14061737060547
1426651200,61.81109619140625,82.99031066894531
1426737600,61.71177291870117,83.12102508544922
1426824000,62.26600646972656,83.86801147460938
1427083200,61.96119689941406,83.41047668457031
1427169600,61.979652404785156,83.55989074707031
1427256000,60.71421813964844,81.58039855957031
1427342400,60.58488464355469,82.10326385498047
1427428800,60.538700103759766,81.46831512451172
1427688000,60.649559020996094,81.8604965209961
1427774400,60.41862869262695,80.66532135009766
1427860800,60.206180572509766,80.99211883544922
1427947200,60.307804107666016,81.26290893554688
1428292800,60.22464370727539,81.55235290527344
1428379200,60.77885818481445,82.2446060180664
1428465600,61.42546463012695,83.55424499511719
1428552000,61.370033264160156,83.31103515625
1428638400,61.277652740478516,82.85264587402344
1428897600,60.60336685180664,82.55328369140625
1428984000,60.529476165771484,83.36714172363281
1429070400,60.66802215576172,83.48876190185547
1429156800,60.640316009521484,82.99296569824219
1429243200,59.596553802490234,81.31848907470703
1429502400,59.781280517578125,81.69268798828125
1429588800,60.36321258544922,82.10425567626953
1429675200,62.82019805908203,85.3128433227539
1429761600,62.55234146118164,85.01351928710938
1429848000,62.33068084716797,84.86385345458984
1430107200,61.979652404785156,83.95645141601562
1430193600,61.67485809326172,84.40548706054688
1430280000,62.20132827758789,84.42420959472656
1430366400,61.009803771972656,84.38675689697266
1430452800,60.75114822387695,85.3596420288086
1430712000,60.575653076171875,85.29415893554688
1430798400,60.92665481567383,84.91998291015625
1430884800,60.658782958984375,84.7235336303711
1430971200,61.49934387207031,86.1080093383789
1431057600,64.1688232421875,87.4737548828125
1431316800,63.75312805175781,86.54765319824219
1431403200,63.44832992553711,86.42605590820312
1431489600,63.5223503112793,86.54765319824219
1431576000,64.77151489257812,87.78242492675781
1431662400,64.37362670898438,87.20249938964844
1431921600,64.77151489257812,87.07149505615234
1432008000,64.9195556640625,87.74504852294922
1432094400,64.56795501708984,87.22117614746094
1432180800,64.18856811523438,86.90312957763672
1432267200,64.4198989868164,86.70664978027344
1432612800,63.420589447021484,85.95832824707031
1432699200,64.29959106445312,86.61314392089844
1432785600,64.3643798828125,86.82828521728516
1432872000,63.55011749267578,86.30443572998047
1433131200,63.948001861572266,86.58509826660156
1433217600,63.88325500488281,87.15568542480469
1433304000,63.79997634887695,87.46439361572266
1433390400,63.11521530151367,86.59443664550781
1433476800,63.26326370239258,86.64120483398438
1433736000,62.624813079833984,85.96769714355469
1433822400,62.874637603759766,86.14539337158203
1433908800,64.42916107177734,88.09113311767578
1433995200,64.43843841552734,88.39985656738281
1434081600,64.15155792236328,87.71694946289062
1434340800,63.44833755493164,87.27732849121094
1434427200,63.8554801940918,88.07243347167969
1434513600,63.61488342285156,88.35307312011719
1434600000,64.30884552001953,89.84978485107422
1434686400,63.55937576293945,88.68982696533203
1434945600,63.929500579833984,89.26046752929688
1435032000,64.23483276367188,89.52235412597656
1435118400,63.71668243408203,89.34465789794922
1435204800,63.49461364746094,88.36244201660156
1435291200,63.61488342285156,88.4091796875
1435550400,61.73652648925781,86.54765319824219
1435636800,62.13439178466797,87.44568634033203
1435723200,62.782100677490234,88.39985656738281
1435809600,63.14298629760742,88.15664672851562
1436155200,63.031944274902344,88.4185562133789
1436241600,62.70804977416992,87.9781494140625
1436328000,61.74577331542969,86.66631317138672
1436414400,62.0418815612793,87.18167114257812
1436500800,63.30953598022461,88.66219329833984
1436760000,64.32737731933594,89.48680114746094
1436846400,64.86407470703125,89.27125549316406
1436932800,64.7900390625,89.25250244140625
1437019200,65.29894256591797,89.78662872314453
1437105600,65.58578491210938,90.03025817871094
1437364800,67.26982879638672,91.13594818115234
1437451200,66.64063262939453,90.62059020996094
1437537600,66.5943832397461,90.77987670898438
1437624000,66.39081573486328,89.16817474365234
1437710400,69.2130126953125,89.79597473144531
1437969600,68.34321594238281,88.4466552734375
1438056000,69.15750122070312,89.16817474365234
1438142400,70.33262634277344,90.63932037353516
1438228800,70.67498779296875,92.21353149414062
1438315200,69.712646484375,91.26712036132812
1438574400,70.11054229736328,91.30461883544922
1438660800,69.64785766601562,91.17342376708984
1438747200,69.3795394897461,92.08234405517578
1438833600,68.0841064453125,91.0422592163086
1438920000,68.66705322265625,91.61382293701172
1439179200,68.82437896728516,91.90431213378906
1439265600,67.88058471679688,91.07974243164062
1439352000,68.15858459472656,90.92981719970703
1439438400,68.52005767822266,91.10784149169922
1439524800,68.78884887695312,91.72630310058594
1439784000,68.96492004394531,91.69818878173828
1439870400,69.02054595947266,91.45453643798828
1439956800,68.95565795898438,90.51749420166016
1440043200,68.53858184814453,88.60597229003906
1440129600,65.9805908203125,84.97026062011719
1440388800,63.357666015625,82.29973602294922
1440475200,62.06937026977539,81.35333251953125
1440561600,65.51712799072266,85.93540954589844
1440648000,67.1020278930664,88.1280746459961
1440734400,67.15763854980469,88.15618896484375
1440993600,66.08252716064453,86.55384826660156
1441080000,63.91374588012695,83.44291687011719
1441166400,64.52542877197266,84.73599243164062
1441252800,65.24836730957031,85.87915802001953
1441339200,64.09912109375,84.82970428466797
1441684800,65.3688735961914,87.05049133300781
1441771200,64.50690460205078,84.30496215820312
1441857600,65.0908203125,84.03324127197266
1441944000,65.58203887939453,85.59809112548828
1442203200,64.88690948486328,85.21390533447266
1442289600,65.350341796875,86.31022644042969
1442376000,65.79521942138672,86.89119720458984
1442462400,65.76740264892578,87.34095764160156
1442548800,64.6830062866211,86.34772491455078
1442808000,65.60057067871094,87.19105529785156
1442894400,65.10938262939453,86.27273559570312
1442980800,65.75812530517578,86.33834838867188
1443067200,65.10008239746094,85.382568359375
1443153600,65.51712799072266,85.5512466430664
1443412800,62.28252029418945,82.78695678710938
1443499200,63.51521301269531,83.17115020751953
1443585600,64.56251525878906,84.44552612304688
1443672000,64.86837768554688,85.01712036132812
1443758400,65.4986343383789,86.27273559570312
1444017600,66.94447326660156,88.39045715332031
1444104000,66.80545043945312,88.00626373291016
1444190400,67.86200714111328,89.339111328125
1444276800,68.49225616455078,89.98677825927734
1444363200,68.56639862060547,89.93985748291016
1444622400,69.50250244140625,90.70951843261719
1444708800,69.51177215576172,90.0430908203125
1444795200,68.77030944824219,89.19833374023438
1444881600,69.82687377929688,91.19759368896484
1444968000,70.43856811523438,91.64815521240234
1445227200,71.35615539550781,91.74201202392578
1445313600,70.69806671142578,91.67633819580078
1445400000,69.93810272216797,90.6719741821289
1445486400,70.82786560058594,92.00485229492188
1445572800,71.43030548095703,93.66622161865234
1445832000,72.45906066894531,93.5160140991211
1445918400,71.84735870361328,92.38970947265625
1446004800,73.09856414794922,93.94782257080078
1446091200,72.76492309570312,94.41712188720703
1446177600,71.90298461914062,92.91529846191406
1446440400,69.71566772460938,93.2813491821289
1446526800,72.19955444335938,93.97599029541016
1446613200,72.61661529541016,94.35140991210938
1446699600,73.46003723144531,94.510986328125
1446786000,72.98734283447266,95.27127838134766
1447045200,72.32929992675781,94.30448913574219
1447131600,73.79632568359375,94.47344970703125
1447218000,73.51776885986328,94.6893310546875
1447304400,72.70997619628906,92.24889373779297
1447390800,72.52428436279297,90.9160385131836
1447650000,73.25782775878906,92.26765441894531
1447736400,73.19280242919922,92.05175018310547
1447822800,74.70623016357422,93.07488250732422
1447909200,74.41844177246094,92.8590087890625
1447995600,74.4555892944336,93.39401245117188
1448254800,74.38129425048828,93.27198791503906
1448341200,74.08414459228516,92.45539093017578
1448427600,73.87057495117188,92.13623046875
1448600400,74.1305923461914,92.61493682861328
1448859600,73.35991668701172,91.91099548339844
1448946000,74.1955795288086,91.92037200927734
1449032400,73.38777160644531,91.14129638671875
1449118800,72.69140625,90.07124328613281
1449205200,74.6505355834961,92.64310455322266
1449464400,73.86131286621094,91.81710052490234
1449550800,73.41563415527344,92.15502166748047
1449637200,72.31073760986328,91.81710052490234
1449723600,72.53358459472656,91.62001037597656
1449810000,70.66732025146484,89.01058197021484
1450069200,71.37297058105469,90.39037322998047
1450155600,72.9978256225586,92.38970947265625
1450242000,74.149169921875,93.90089416503906
1450328400,73.06281280517578,93.23445892333984
1450414800,70.86231231689453,90.38099670410156
1450674000,71.65150451660156,91.0849838256836
1450760400,71.8464584350586,91.55431365966797
1450846800,72.94207763671875,92.6712875366211
1450933200,72.66357421875,92.53985595703125
1451278800,72.91425323486328,92.48352813720703
1451365200,73.54560852050781,93.60051727294922
1451451600,72.74712371826172,92.80268096923828
1451538000,72.00432586669922,91.38533782958984
1451883600,70.28667449951172,88.99180603027344
1451970000,70.81587219238281,89.16078186035156
1452056400,69.88740539550781,87.79702758789062
1452142800,68.5132064819336,86.18876647949219
1452229200,67.66829681396484,84.54283142089844
1452488400,68.63390350341797,85.19181060791016
1452574800,69.41387176513672,86.00064849853516
1452661200,67.87254333496094,83.8844985961914
1452747600,68.52249908447266,85.3140640258789
1452834000,66.693359375,83.43303680419922
1453179600,66.28482818603516,81.0911636352539
1453266000,65.6256332397461,80.06598663330078
1453352400,66.44266510009766,80.99711608886719
1453438800,67.50114440917969,82.76527404785156
1453698000,66.60980224609375,81.60844421386719
1453784400,66.73979187011719,81.82474517822266
1453870800,65.83916473388672,79.76502990722656
1453957200,64.3721694946289,78.4671401977539
1454043600,69.16314697265625,83.73400115966797
1454302800,69.06101989746094,83.35780334472656
1454389200,68.15111541748047,80.81841278076172
1454475600,69.06101989746094,81.32630920410156
1454562000,68.41108703613281,81.19463348388672
1454648400,66.42412567138672,77.83699035644531
1454907600,62.92369079589844,75.85250854492188
1454994000,63.44367218017578,77.09397888183594
1455080400,65.1335220336914,78.35424041748047
1455166800,63.573665618896484,77.22563934326172
1455253200,65.38421630859375,79.84025573730469
1455598800,66.01557922363281,81.0535659790039
1455685200,67.01103210449219,82.02227783203125
1455771600,66.27605438232422,80.92186737060547
1455858000,66.54586029052734,81.62726593017578
1456117200,67.96923828125,82.59598541259766
1456203600,67.12264251708984,81.08177185058594
1456290000,66.84356689453125,81.27925872802734
1456376400,68.16461181640625,82.21978759765625
1456462800,67.66224670410156,82.36085510253906
1456722000,67.34595489501953,81.74950408935547
1456808400,69.43915557861328,84.74037170410156
1456894800,69.12284851074219,84.54283142089844
1456981200,68.76004791259766,84.40179443359375
1457067600,68.75070190429688,84.69332885742188
1457326800,66.92731475830078,83.04744720458984
1457413200,65.69927215576172,81.68367767333984
1457499600,65.75508117675781,81.99404907226562
1457586000,65.32715606689453,81.72129821777344
1457672400,66.63890075683594,83.31078338623047
1457928000,66.50863647460938,83.58350372314453
1458014400,66.89938354492188,84.04437255859375
1458100800,67.32733154296875,84.65569305419922
1458187200,68.04366302490234,85.97242736816406
1458273600,68.63909912109375,86.81888580322266
1458532800,68.62977600097656,86.85651397705078
1458619200,67.87622833251953,86.30165100097656
1458705600,68.76004791259766,86.64958190917969
1458792000,68.97398376464844,86.44270324707031
1459137600,68.91816711425781,85.81253051757812
1459224000,70.12759399414062,87.26094055175781
1459310400,71.43004608154297,88.22969818115234
1459396800,71.15093994140625,88.87862396240234
1459483200,72.18360900878906,90.16712951660156
1459742400,72.4068832397461,89.39591979980469
1459828800,71.6068115234375,88.73755645751953
1459915200,72.76040649414062,89.29357147216797
1460001600,72.17433166503906,88.125
1460088000,72.59294128417969,88.38884735107422
1460347200,72.39759826660156,88.08729553222656
1460433600,73.04879760742188,88.454833984375
1460520000,74.15589141845703,90.2359619140625
1460606400,74.73268127441406,90.63178253173828
1460692800,74.5000991821289,91.11241149902344
1460952000,75.774658203125,92.04542541503906
1461038400,75.1234130859375,91.64016723632812
1461124800,75.49556732177734,92.2621841430664
1461211200,75.16063690185547,91.92291259765625
1461297600,73.5976791381836,91.83806610107422
1461556800,72.69527435302734,91.39513397216797
1461643200,73.05810546875,91.66844177246094
1461729600,73.27207946777344,92.71453094482422
1461816000,72.267333984375,91.58364868164062
1461902400,71.8580093383789,91.40455627441406
1462161600,72.99298095703125,92.1396484375
1462248000,71.81147766113281,90.89566040039062
1462334400,71.69984436035156,90.70719909667969
1462420800,71.96963500976562,90.65064239501953
1462507200,72.30455780029297,91.11241149902344
1462766400,72.76971435546875,91.1501235961914
1462852800,73.68141174316406,92.01715850830078
1462939200,72.04118347167969,90.85799407958984
1463025600,72.59103393554688,90.3302230834961
1463112000,71.60314178466797,89.8684310913086
1463371200,72.50713348388672,90.61296844482422
1463457600,71.56585693359375,90.09459686279297
1463544000,72.16230773925781,90.12288665771484
1463630400,71.64972686767578,89.2464599609375
1463716800,72.385986328125,89.97212219238281
1463976000,71.95728302001953,89.60457611083984
1464062400,73.97965240478516,90.92394256591797
1464148800,73.68141174316406,90.89566040039062
1464235200,73.6255111694336,90.82968139648438
1464321600,74.24063110351562,91.58364868164062
1464667200,73.56958770751953,90.37735748291016
1464753600,73.83055877685547,90.85799407958984
1464840000,74.5108871459961,91.30091857910156
1464926400,74.50155639648438,90.49984741210938
1465185600,75.06075286865234,91.07476043701172
1465272000,75.11666870117188,91.11241149902344
1465358400,76.09523010253906,92.34699249267578
1465444800,75.73176574707031,91.43282318115234
1465531200,74.7252197265625,89.72708892822266
1465790400,73.06632232666016,88.76582336425781
1465876800,73.2247543334961,88.69039154052734
1465963200,72.85196685791016,87.96476745605469
1466049600,73.0197525024414,88.66217041015625
1466136000,71.75223541259766,87.91764831542969
1466395200,72.07844543457031,88.91661071777344
1466481600,72.06913757324219,89.6328353881836
1466568000,71.32355499267578,88.643310546875
1466654400,72.90791320800781,90.19828033447266
1466740800,69.94424438476562,86.20246124267578
1467000000,68.35059356689453,83.94065856933594
1467086400,70.04673767089844,85.21292114257812
1467172800,71.5192642211914,86.82447052001953
1467259200,69.12409973144531,82.98881530761719
1467345600,69.41301727294922,83.73335266113281
1467691200,69.59008026123047,83.1584701538086
1467777600,69.02159118652344,82.00625610351562
1467864000,69.44096374511719,82.93179321289062
1467950400,71.2210464477539,83.64013671875
1468209600,71.31421661376953,83.819580078125
1468296000,72.20891571044922,85.00012969970703
1468382400,72.19027709960938,85.3212661743164
1468468800,72.82403564453125,86.36956787109375
1468555200,72.97314453125,85.87847137451172
1468814400,72.98245239257812,86.5112533569336
1468900800,73.36455535888672,87.24790954589844
1468987200,73.96102905273438,88.11680603027344
1469073600,73.42980194091797,87.32347869873047
1469160000,74.47362518310547,88.45680236816406
1469419200,73.56958770751953,87.8334732055664
1469505600,73.15020751953125,88.23958587646484
1469592000,73.18746185302734,88.54178619384766
1469678400,73.80259704589844,90.67625427246094
1469764800,72.74014282226562,89.94903564453125
1470024000,72.93585968017578,89.78849792480469
1470110400,72.95447540283203,89.95845031738281
1470196800,73.35523986816406,89.79792022705078
1470283200,74.07283782958984,90.58184051513672
1470369600,74.6879653930664,91.4979248046875
1470628800,74.5108871459961,91.40348815917969
1470715200,74.61338806152344,91.32794189453125
1470801600,74.25922393798828,90.9406967163086
1470888000,74.66932678222656,91.16737365722656
1470974400,74.57611083984375,90.78012084960938
1471233600,75.40557861328125,91.08235931396484
1471320000,75.31234741210938,90.30792236328125
1471406400,75.47106170654297,90.2795639038086
1471492800,74.9389419555664,89.97736358642578
1471579200,75.12567138671875,89.93014526367188
1471838400,75.67646789550781,90.46847534179688
1471924800,75.4337387084961,90.9406967163086
1472011200,74.9576187133789,90.22293090820312
1472097600,74.98562622070312,90.2795639038086
1472184000,75.21902465820312,91.11070251464844
1472443200,75.49909973144531,91.40348815917969
1472529600,75.7791748046875,91.69625854492188
1472616000,75.52709197998047,91.26183319091797
1472702400,75.90052795410156,92.19680786132812
1472788800,76.55404663085938,92.45181274414062
1473134400,77.04885864257812,93.30179595947266
1473220800,77.71165466308594,94.03845977783203
1473307200,77.4596176147461,94.42569732666016
1473393600,75.92854309082031,92.69738006591797
1473652800,77.4596176147461,94.54850769042969
1473739200,76.45134735107422,93.86847686767578
1473825600,76.07791137695312,93.22627258300781
1473912000,76.56338500976562,93.94404602050781
1473998400,76.61940002441406,93.84015655517578
1474257600,77.03016662597656,94.14237976074219
1474344000,77.00218200683594,94.90738677978516
1474430400,77.6930160522461,95.63461303710938
1474516800,77.82371520996094,96.44683074951172
1474603200,77.05814361572266,96.01239013671875
1474862400,76.37666320800781,95.54012298583984
1474948800,76.70340728759766,95.81401824951172
1475035200,77.4596176147461,95.87071228027344
1475121600,76.4793472290039,95.02069854736328
1475208000,77.20752716064453,96.11625671386719
1475467200,77.35692596435547,96.22014617919922
1475553600,77.23554229736328,95.59681701660156
1475640000,77.81436920166016,96.89315795898438
1475726400,77.82371520996094,97.40411376953125
1475812800,77.37560272216797,96.75121307373047
1476072000,77.59964752197266,97.12973022460938
1476158400,76.59136962890625,95.89962005615234
1476244800,76.78742980957031,95.90909576416016
1476331200,76.43267822265625,95.23725891113281
1476417600,76.97412109375,95.45488739013672
1476676800,76.69409942626953,95.42650604248047
1476763200,76.1619644165039,96.25920104980469
1476849600,77.31024932861328,97.2054214477539
1476936000,77.02083587646484,97.03507232666016
1477022400,76.88079071044922,97.31892395019531
1477281600,77.64630889892578,97.64066314697266
1477368000,76.58204650878906,97.3473129272461
1477454400,76.3206787109375,97.6690444946289
1477540800,76.4793472290039,98.0285873413086
1477627200,76.75944519042969,101.15111541748047
1477886400,77.03016662597656,101.26467895507812
1477972800,76.19928741455078,99.31548309326172
1478059200,75.22831726074219,98.40711212158203
1478145600,75.29369354248047,98.19893646240234
1478232000,75.0229721069336,97.48927307128906
1478494800,77.03016662597656,100.2616958618164
1478581200,77.37560272216797,100.01568603515625
1478667600,77.71165466308594,100.47933197021484
1478754000,76.43267822265625,98.88021850585938
1478840400,76.4420166015625,98.9937744140625
1479099600,73.17445373535156,95.7009048461914
1479186000,73.3518295288086,96.9688491821289
1479272400,74.91889953613281,98.40711212158203
1479358800,75.84507751464844,98.83287048339844
1479445200,75.61119079589844,99.1451644897461
1479704400,76.42513275146484,100.2427749633789
1479790800,74.77855682373047,100.23332214355469
1479877200,74.4417724609375,98.9369888305664
1480050000,74.9656753540039,100.04408264160156
1480309200,73.98332977294922,97.80152130126953
1480395600,74.04882049560547,98.23680114746094
1480482000,72.33677673339844,96.70390319824219
1480568400,70.5685806274414,94.79253387451172
1480654800,70.83988189697266,95.66307830810547
1480914000,72.3274154663086,97.98133087158203
1481000400,72.14031982421875,96.5146713256836
1481086800,74.19851684570312,99.58988189697266
1481173200,74.17048645019531,99.18301391601562
1481259600,74.03946685791016,98.79505920410156
1481518800,73.44071197509766,97.725830078125
1481605200,74.09559631347656,97.763671875
1481691600,74.03009033203125,97.725830078125
1481778000,74.37627410888672,98.73826599121094
1481864400,73.30039978027344,97.86775970458984
1482123600,73.06651306152344,97.97183990478516
1482210000,73.30973815917969,98.9180679321289
1482296400,73.10391998291016,98.56796264648438
1482382800,72.87937927246094,98.70043182373047
1482469200,73.11329650878906,99.07892608642578
1482814800,73.30039978027344,99.1640853881836
1482901200,73.25360107421875,98.10431671142578
1482987600,73.28168487548828,98.18949127197266
1483074000,72.99163055419922,97.69743347167969
1483419600,74.37627410888672,99.72235870361328
1483506000,74.98439025878906,100.66857147216797
1483592400,75.86376953125,101.44609832763672
1483678800,76.91161346435547,102.17616271972656
1483938000,76.48126220703125,101.97706604003906
1484024400,76.06962585449219,101.75898742675781
1484110800,76.5280532836914,102.22359466552734
1484197200,76.125732421875,103.07698059082031
1484283600,75.93865203857422,103.06746673583984
1484629200,76.02284240722656,102.78302001953125
1484715600,76.3315658569336,103.0295181274414
1484802000,76.46256256103516,102.90626525878906
1484888400,76.5654525756836,104.26219177246094
1485147600,76.8554916381836,103.94928741455078
1485234000,77.86589050292969,104.22423553466797
1485320400,78.4926986694336,104.4802474975586
1485406800,77.87522888183594,103.7122573852539
1485493200,78.37106323242188,104.14839172363281
1485752400,78.30558776855469,103.6363754272461
1485838800,77.37938690185547,100.82029724121094
1485925200,77.12677001953125,99.55918884277344
1486011600,76.99580383300781,99.69193267822266
1486098000,80.53221130371094,101.05733489990234
1486357200,80.29829406738281,101.06682586669922
1486443600,80.25150299072266,101.07627868652344
1486530000,79.60599517822266,101.19007110595703
1486616400,80.06441497802734,101.7400131225586
1486702800,80.36380004882812,101.71155548095703
1486962000,80.8689956665039,102.66920471191406
1487048400,81.2525634765625,103.23814392089844
1487134800,82.05397033691406,103.97773742675781
1487221200,81.93214416503906,103.6363754272461
1487307600,81.9789810180664,103.7501449584961
1487653200,82.41019439697266,104.45182800292969
1487739600,82.29769134521484,103.76911926269531
1487826000,82.65388488769531,105.00176239013672
1487912400,82.88822174072266,105.24830627441406
1488171600,82.48516082763672,104.840576171875
1488258000,82.42890167236328,104.73627471923828
1488344400,83.41313171386719,106.49040985107422
1488430800,82.98193359375,105.56120300292969
1488517200,83.22564697265625,105.949951171875
1488776400,83.36625671386719,105.58963012695312
1488862800,83.47874450683594,105.2103500366211
1488949200,83.38499450683594,105.22932434082031
1489035600,83.52559661865234,105.04918670654297
1489122000,84.10675048828125,105.44743347167969
1489377600,84.46292877197266,105.75082397460938
1489464000,83.93801879882812,104.76473999023438
1489550400,84.28484344482422,106.2154312133789
1489636800,84.39732360839844,106.83177947998047
1489723200,84.58477020263672,106.98348236083984
1489982400,83.59120178222656,106.58522033691406
1490068800,82.54139709472656,104.97333526611328
1490155200,82.97257995605469,105.67498016357422
1490241600,83.291259765625,105.81719207763672
1490328000,83.60060119628906,106.17752838134766
1490587200,83.37564086914062,106.13958740234375
1490673600,83.53496551513672,106.64213562011719
1490760000,83.59120178222656,106.25334167480469
1490846400,83.431884765625,106.83177947998047
1490932800,83.30064392089844,106.64213562011719
1491192000,83.75994110107422,106.42402648925781
1491278400,83.21630096435547,106.28181457519531
1491364800,83.45061492919922,106.47185516357422
1491451200,83.50684356689453,106.81387329101562
1491537600,83.17877197265625,106.63331604003906
1491796800,83.291259765625,106.7093276977539
1491883200,83.2818832397461,106.50983428955078
1491969600,83.12255859375,105.90178680419922
1492056000,83.30064392089844,105.66429138183594
1492401600,84.18173217773438,107.04185485839844
1492488000,84.10675048828125,106.89933776855469
1492574400,84.12549591064453,106.68083953857422
1492660800,85.43775939941406,108.86595153808594
1492747200,85.43775939941406,108.56194305419922
1493006400,86.09387969970703,109.92050170898438
1493092800,86.33761596679688,110.32901763916016
1493179200,86.0657958984375,110.36703491210938
1493265600,85.85955810546875,111.25059509277344
1493352000,85.50336456298828,110.50952911376953
1493611200,85.5408706665039,110.55704498291016
1493697600,86.74066162109375,112.21959686279297
1493784000,86.64690399169922,111.46907043457031
1493870400,86.81564331054688,112.02958679199219
1493956800,86.31884765625,111.6305923461914
1494216000,86.15950012207031,110.7850341796875
1494302400,86.23450469970703,110.59503936767578
1494388800,86.46878814697266,110.82305908203125
1494475200,86.32821655273438,110.70903015136719
1494561600,86.91873931884766,111.27906799316406
1494820800,87.38742065429688,112.30513000488281
1494907200,87.31243133544922,112.57113647460938
1494993600,86.16213989257812,110.96556854248047
1495080000,86.11516571044922,110.43352508544922
1495166400,86.83819580078125,111.70658874511719
1495425600,87.61758422851562,113.05564880371094
1495512000,88.13402557373047,113.62567901611328
1495598400,89.02607727050781,114.67070770263672
1495684800,89.24207305908203,115.8298110961914
1495771200,88.89461517333984,115.55428314208984
1496116800,88.94158935546875,115.57328796386719
1496203200,89.42046356201172,116.74185180664062
1496289600,89.58009338378906,117.2358627319336
1496376000,90.28434753417969,118.94593811035156
1496635200,90.6599349975586,119.61100006103516
1496721600,89.9462890625,118.98394012451172
1496808000,90.22798919677734,118.93645477294922
1496894400,90.22798919677734,118.52793884277344
1496980800,88.79131317138672,116.89383697509766
1497240000,87.79600524902344,114.72773742675781
1497326400,89.27961730957031,116.20980834960938
1497412800,89.5049819946289,116.38085174560547
1497499200,88.42511749267578,115.35478973388672
1497585600,88.42511749267578,115.86780548095703
1497844800,89.00730895996094,116.94132995605469
1497931200,88.62232208251953,116.78934478759766
1498017600,88.77255249023438,116.95083618164062
1498104000,88.21855163574219,117.14087677001953
1498190400,89.74909973144531,117.8154067993164
1498449600,89.41108703613281,117.34986114501953
1498536000,89.110595703125,116.60885620117188
1498622400,90.35945892333984,118.57544708251953
1498708800,88.65988159179688,115.4402847290039
1498795200,88.05891418457031,115.38326263427734
1499054400,87.65512084960938,114.74674224853516
1499227200,88.27487182617188,116.09829711914062
1499313600,87.56126403808594,114.97518920898438
1499400000,88.19035339355469,116.30765533447266
1499659200,89.28897094726562,116.8121337890625
1499745600,89.5895004272461,118.23978424072266
1499832000,90.31249237060547,119.23917388916016
1499918400,90.087158203125,119.41998291015625
1500004800,91.0167465209961,120.8857192993164
1500264000,90.92286682128906,121.28548431396484
1500350400,91.62710571289062,121.57100677490234
1500436800,92.25624084472656,121.86605072021484
1500523200,92.12477111816406,122.27533721923828
1500609600,93.52388000488281,123.03673553466797
1500868800,94.24689483642578,123.27471160888672
1500955200,93.8900375366211,123.71251678466797
1501041600,94.69761657714844,124.67379760742188
1501128000,93.49568939208984,122.71315002441406
1501214400,93.10133361816406,121.74234008789062
1501473600,93.48631286621094,121.63763427734375
1501560000,94.71639251708984,123.24615478515625
1501646400,95.10137176513672,124.3121337890625
1501732800,94.45346069335938,123.6268539428711
1501819200,94.73516845703125,123.56022644042969
1502078400,95.2985610961914,124.09327697753906
1502164800,95.10137176513672,123.57927703857422
1502251200,94.81026458740234,123.4650650024414
1502337600,93.42057800292969,121.513916015625
1502424000,93.98397064208984,122.35147857666016
1502683200,95.6553726196289,124.76901245117188
1502769600,96.36902618408203,125.23538970947266
1502856000,97.17315673828125,125.98724365234375
1502942400,96.08216094970703,124.56909942626953
1503028800,96.4113540649414,124.81657409667969
1503288000,97.07908630371094,125.5780029296875
1503374400,97.87853240966797,127.34831237792969
1503460800,97.04145812988281,126.65357971191406
1503547200,97.07908630371094,126.54883575439453
1503633600,97.20138549804688,126.34893035888672
1503892800,97.60575866699219,127.39595794677734
1503979200,97.59640502929688,127.38640594482422
1504065600,97.55877685546875,127.34831237792969
1504152000,97.36125183105469,126.8724594116211
1504238400,97.71863555908203,126.8153076171875
1504584000,96.88157653808594,126.26329040527344
1504670400,97.04145812988281,126.482177734375
1504756800,98.33937072753906,129.94667053222656
1504843200,98.21713256835938,130.6033935546875
1505102400,99.83479309082031,135.14341735839844
1505188800,99.89122009277344,135.5526885986328
1505275200,99.53382110595703,133.3445587158203
1505361600,99.76893615722656,134.64849853515625
1505448000,99.03534698486328,134.75318908691406
1505707200,98.59331512451172,134.58184814453125
1505793600,99.13880920410156,135.61932373046875
1505880000,98.72499084472656,135.38137817382812
1505966400,99.0447769165039,134.88644409179688
1506052800,99.27986907958984,135.04824829101562
1506312000,96.89098358154297,131.8883514404297
1506398400,96.8157730102539,131.69796752929688
1506484800,97.7092514038086,132.935302734375
1506571200,98.3581771850586,133.4397430419922
1506657600,98.97891235351562,134.39151000976562
1506916800,99.16703033447266,134.98165893554688
1507003200,99.30810546875,136.12374877929688
1507089600,99.0447769165039,135.23855590820312
1507176000,99.91944885253906,137.03070068359375
1507262400,100.38029479980469,136.81149291992188
1507521600,100.64362335205078,137.79331970214844
1507608000,100.92578125,138.8419189453125
1507694400,101.98854064941406,139.98580932617188
1507780800,101.67819213867188,139.88099670410156
1507867200,102.19546508789062,140.45285034179688
1508126400,101.85688018798828,139.38526916503906
1508212800,101.14208984375,139.10882568359375
1508299200,101.38662719726562,139.356689453125
1508385600,100.65300750732422,138.2032012939453
1508472000,101.15151977539062,138.58453369140625
1508731200,101.13268280029297,138.7561492919922
1508817600,101.96034240722656,138.98486328125
1508904000,102.97608184814453,139.4043426513672
1508990400,103.26764678955078,139.73794555664062
1509076800,103.1830062866211,141.57777404785156
1509336000,103.49334716796875,141.98764038085938
1509422400,103.43690490722656,141.81605529785156
1509508800,104.46211242675781,141.93045043945312
1509595200,104.37744903564453,141.3203887939453
1509681600,104.73483276367188,142.31173706054688
1509944400,105.26152038574219,143.0743408203125
1510030800,105.42138671875,142.9600067138672
1510117200,105.7787857055664,142.9600067138672
1510203600,105.46843719482422,142.31173706054688
1510290000,105.22389221191406,142.55007934570312
1510549200,104.77244567871094,142.69308471679688
1510635600,105.31796264648438,142.9408721923828
1510722000,103.69084930419922,141.39663696289062
1510808400,104.60005187988281,143.3031463623047
1510894800,103.4694595336914,142.05438232421875
1511154000,103.59191131591797,142.56912231445312
1511240400,105.00519561767578,145.3812713623047
1511326800,104.41162872314453,144.18016052246094
1511499600,105.4951400756836,145.6005096435547
1511758800,105.88138580322266,145.8197021484375
1511845200,106.80476379394531,146.98275756835938
1511931600,103.50713348388672,141.41571044921875
1512018000,106.07928466796875,143.43658447265625
1512104400,104.32681274414062,142.69308471679688
1512363600,101.21765899658203,136.72564697265625
1512450000,102.30116271972656,138.3462371826172
1512536400,103.39407348632812,140.5291290283203
1512622800,104.95808410644531,142.4643096923828
1512709200,106.08869934082031,142.88372802734375
1512968400,105.87200164794922,143.827392578125
1513054800,106.89895629882812,145.3717498779297
1513141200,106.75763702392578,144.59959411621094
1513227600,106.39019775390625,144.82833862304688
1513314000,107.23815155029297,146.22964477539062
1513573200,106.9837646484375,145.9627685546875
1513659600,105.6552963256836,144.59002685546875
1513746000,105.63645935058594,144.37078857421875
1513832400,105.90968322753906,143.49375915527344
1513918800,106.17350769042969,143.79884338378906
1514264400,106.45614624023438,144.20872497558594
1514350800,107.42658233642578,144.32308959960938
1514437200,107.73748779296875,144.67587280273438
1514523600,107.42658233642578,144.28501892089844
1514869200,107.88825225830078,144.80931091308594
1514955600,108.96231842041016,146.6300506591797
1515042000,109.36746215820312,148.5270538330078
1515128400,111.9866943359375,151.60606384277344
1515387600,112.43894958496094,152.0642852783203
1515474000,112.22222900390625,152.28387451171875
1515560400,112.0997543334961,152.6276397705078
1515646800,112.9100341796875,153.6396942138672
1515733200,113.14556884765625,154.98587036132812
1516078800,113.42823791503906,154.94772338867188
1516165200,114.9262924194336,156.8858642578125
1516251600,115.99093627929688,157.99331665039062
1516338000,115.60464477539062,159.2822723388672
1516597200,117.14039611816406,160.6666717529297
1516683600,117.44188690185547,159.62599182128906
1516770000,117.34767150878906,159.45411682128906
1516856400,117.97894287109375,160.9626007080078
1516942800,119.01531982421875,162.6334686279297
1517202000,117.62091064453125,160.92446899414062
1517288400,116.4054946899414,159.62599182128906
1517374800,117.04618072509766,161.3541259765625
1517461200,118.45001220703125,165.10630798339844
1517547600,113.91816711425781,162.83396911621094
1517806800,109.54647064208984,157.1436309814453
1517893200,113.03251647949219,161.62144470214844
1517979600,112.73101043701172,161.0962677001953
1518066000,107.27582550048828,153.35324096679688
1518152400,109.59358978271484,157.72601318359375
1518411600,111.61927032470703,160.58074951171875
1518498000,111.50616455078125,162.4234161376953
1518584400,113.8427963256836,164.71485900878906
1518670800,115.40950012207031,166.7866668701172
1518757200,115.003662109375,167.7032470703125
1519102800,115.15471649169922,167.41680908203125
1519189200,113.66343688964844,164.52389526367188
1519275600,113.61624908447266,165.1254119873047
1519362000,116.02299499511719,167.80825805664062
1519621200,117.58970642089844,169.8227996826172
1519707600,116.43826293945312,167.97059631347656
1519794000,116.03241729736328,167.80825805664062
1519880400,113.63513946533203,165.64097595214844
1519966800,113.98433685302734,167.1017303466797
1520226000,115.03197479248047,170.45289611816406
1520312400,114.258056640625,169.49819946289062
1520398800,115.003662109375,171.10223388671875
1520485200,115.35289001464844,171.14035034179688
1520571600,117.51421356201172,174.94985961914062
1520827200,117.2593765258789,174.28152465820312
1520913600,116.27780151367188,172.82077026367188
1521000000,115.69265747070312,171.97100830078125
1521086400,116.47602844238281,172.763427734375
1521172800,117.53309631347656,174.2910614013672
1521432000,116.2872543334961,172.4102020263672
1521518400,117.89171600341797,174.25289916992188
1521604800,116.29667663574219,172.572509765625
1521691200,113.24816131591797,167.5791473388672
1521777600,110.4261703491211,164.05606079101562
1522036800,113.86164855957031,169.1544647216797
1522123200,110.80369567871094,164.71485900878906
1522209600,110.41670227050781,162.64300537109375
1522296000,112.89896392822266,167.2353973388672
1522641600,111.73806762695312,163.83645629882812
1522728000,112.50252532958984,164.66714477539062
1522814400,113.07830047607422,165.8318634033203
1522900800,114.38076782226562,167.846435546875
1522987200,111.08685302734375,162.25314331054688
1523246400,112.11560821533203,162.86508178710938
1523332800,113.93716430664062,167.0528564453125
1523419200,113.04998779296875,164.79641723632812
1523505600,114.26750946044922,167.12936401367188
1523592000,113.96546936035156,166.62261962890625
1523851200,115.03197479248047,166.24017333984375
1523937600,116.84412384033203,170.51397705078125
1524024000,117.48590850830078,171.5848846435547
1524110400,116.9951171875,171.1546173095703
1524196800,117.22162628173828,169.309326171875
1524456000,117.46702575683594,167.7317352294922
1524542400,114.45625305175781,165.6378631591797
1524628800,114.39961242675781,164.90164184570312
1524715200,119.9397964477539,170.3419189453125
1524801600,118.92994689941406,168.2193145751953
1525060800,119.75103759765625,170.44711303710938
1525147200,120.34565734863281,172.34017944335938
1525233600,119.27913665771484,177.66580200195312
1525320000,120.03418731689453,178.2968292236328
1525406400,120.95914459228516,179.91265869140625
1525665600,121.9973373413086,180.80191040039062
1525752000,122.60140228271484,182.16908264160156
1525838400,123.48858642578125,182.26470947265625
1525924800,123.63956451416016,184.57850646972656
1526011200,124.41349792480469,184.8653564453125
1526270400,123.83775329589844,183.68931579589844
1526356800,123.73394775390625,183.5746307373047
1526443200,123.53573608398438,183.93789672851562
1526529600,122.82671356201172,182.80967712402344
1526616000,122.82671356201172,182.0447998046875
1526875200,123.51686096191406,182.80967712402344
1526961600,123.56411743164062,183.2112579345703
1527048000,124.67015075683594,184.52113342285156
1527134400,124.67961883544922,183.48858642578125
1527220800,124.10294342041016,182.78097534179688
1527566400,122.599853515625,181.21299743652344
1527652800,123.49794006347656,183.3450927734375
1527739200,123.57355499267578,181.77711486816406
1527825600,123.69642639160156,186.79669189453125
1528084800,125.79511260986328,189.05313110351562
1528171200,126.25826263427734,190.6116485595703
1528257600,128.82960510253906,194.29269409179688
1528344000,126.52297973632812,190.78372192382812
1528430400,127.373779296875,191.26171875
1528689600,126.5891342163086,189.77978515625
1528776000,127.48722839355469,191.3478546142578
1528862400,127.0523681640625,190.65940856933594
1528948800,127.61953735351562,190.56381225585938
1529035200,127.71412658691406,190.7741241455078
1529294400,128.75396728515625,192.30392456054688
1529380800,127.72354125976562,190.9270782470703
1529467200,128.09222412109375,192.69595336914062
1529553600,127.1752700805664,191.96926879882812
1529640000,127.93157196044922,192.63858032226562
1529899200,123.77208709716797,186.423828125
1529985600,125.30352020263672,187.83885192871094
1530072000,123.85719299316406,184.70278930664062
1530158400,125.4831314086914,188.45079040527344
1530244800,125.20897674560547,187.8961944580078
1530504000,125.25623321533203,188.99578857421875
1530590400,124.2636489868164,187.67633056640625
1530763200,126.0030517578125,190.1431121826172
1530849600,126.75936889648438,191.0046844482422
1531108800,128.1111297607422,192.35452270507812
1531195200,129.21719360351562,192.9193115234375
1531281600,130.5973358154297,195.14036560058594
1531368000,132.25169372558594,198.912109375
1531454400,131.7978973388672,197.12197875976562
1531713600,130.89041137695312,195.37008666992188
1531800000,132.00587463378906,197.5623321533203
1531886400,133.19700622558594,199.46742248535156
1531972800,132.46914672851562,197.265625
1532059200,133.28208923339844,197.88783264160156
1532318400,132.37457275390625,198.9696044921875
1532404800,132.37457275390625,200.63539123535156
1532491200,134.8418731689453,205.01992797851562
1532577600,134.70953369140625,198.5196533203125
1532664000,133.01739501953125,194.27874755859375
1532923200,129.0186004638672,189.4251251220703
1533009600,129.2644500732422,189.5496063232422
1533096000,130.69183349609375,192.613037109375
1533182400,131.32528686523438,193.388427734375
1533268800,132.17605590820312,192.613037109375
1533528000,132.07203674316406,192.93849182128906
1533614400,132.61090087890625,193.97235107421875
1533700800,132.98902893066406,194.2021484375
1533787200,132.35565185546875,194.9105987548828
1533873600,132.09097290039062,194.00108337402344
1534132800,132.54476928710938,193.6756134033203
1534219200,133.0646514892578,195.17861938476562
1534305600,132.2705535888672,191.69395446777344
1534392000,133.16055297851562,194.9105987548828
1534478400,133.80426025390625,194.53726196289062
1534737600,133.43505859375,196.01145935058594
1534824000,132.5830535888672,194.42236328125
1534910400,133.62445068359375,195.5902557373047
1534996800,134.5333251953125,196.46141052246094
1535083200,136.52149963378906,200.46302795410156
1535342400,137.6575927734375,202.50213623046875
1535428800,137.46826171875,203.55519104003906
1535515200,139.20082092285156,205.41236877441406
1535601600,138.92623901367188,204.6752166748047
1535688000,139.06825256347656,206.36007690429688
1536033600,139.9298095703125,207.56634521484375
1536120000,135.07290649414062,202.14794921875
1536206400,136.8055419921875,203.68919372558594
1536292800,135.57473754882812,202.08091735839844
1536552000,136.4078826904297,202.6361846923828
1536638400,137.74282836914062,204.34022521972656
1536724800,138.7653045654297,204.89541625976562
1536811200,139.76885986328125,207.94927978515625
1536897600,139.96766662597656,208.65771484375
1537156800,138.39608764648438,207.23130798339844
1537243200,139.76885986328125,210.65850830078125
1537329600,139.570068359375,208.8778839111328
1537416000,141.2930908203125,211.9413299560547
1537502400,142.06002807617188,212.4295196533203
1537761600,141.17007446289062,211.90298461914062
1537848000,141.61505126953125,212.64013671875
1537934400,141.32151794433594,212.77418518066406
1538020800,142.03163146972656,212.822021484375
1538107200,142.0978546142578,213.10926818847656
1538366400,142.76063537597656,214.21974182128906
1538452800,141.7002410888672,212.87945556640625
1538539200,141.4162139892578,213.6070556640625
1538625600,138.9451446533203,206.9250030517578
1538712000,137.61972045898438,204.3946990966797
1538971200,134.3345184326172,199.60252380371094
1539057600,134.73211669921875,201.0402069091797
1539144000,128.30369567871094,188.51353454589844
1539230400,126.60902404785156,186.4241485595703
1539316800,132.6019287109375,195.73048400878906
1539576000,129.9226531982422,191.99261474609375
1539662400,134.1925048828125,199.1424560546875
1539748800,134.8646697998047,198.75912475585938
1539835200,131.8729248046875,195.1553955078125
1539921600,132.62091064453125,194.6186981201172
1540180800,133.15106201171875,195.9988555908203
1540267200,131.71200561523438,194.01487731933594
1540353600,127.11076354980469,187.5551300048828
1540440000,133.03746032714844,195.7113037109375
1540526400,130.40550231933594,189.2802734375
1540785600,127.17707061767578,183.098388671875
1540872000,125.69065856933594,179.92601013183594
1540958400,130.50965881347656,189.45277404785156
1541044800,133.33094787597656,191.40794372558594
1541131200,132.3368682861328,189.500732421875
1541394000,132.35580444335938,189.7499237060547
1541480400,133.29306030273438,190.8712615966797
1541566800,137.07057189941406,199.5834197998047
1541653200,137.4966278076172,200.1776123046875
1541739600,136.26588439941406,197.07229614257812
1541998800,132.2800750732422,190.86166381835938
1542085200,132.2800750732422,189.93202209472656
1542171600,132.06231689453125,189.36654663085938
1542258000,134.52828979492188,192.36647033691406
1542344400,132.95387268066406,190.7658233642578
1542603600,127.81324768066406,181.4115447998047
1542690000,126.494873046875,179.28384399414062
1542776400,127.49076080322266,179.85891723632812
1542949200,126.0206527709961,175.00924682617188
1543208400,128.9324188232422,183.87472534179688
1543294800,128.90396118164062,184.957763671875
1543381200,134.0919647216797,193.8711700439453
1543467600,131.9295196533203,188.48477172851562
1543554000,134.4049835205078,192.7114715576172
1543813200,137.52537536621094,201.1360626220703
1543899600,131.49325561523438,192.15557861328125
1544072400,133.77902221679688,194.55160522460938
1544158800,130.0421142578125,188.33143615722656
1544418000,130.77244567871094,189.8266143798828
1544504400,129.757568359375,189.51988220214844
1544590800,130.69650268554688,191.9638214111328
1544677200,130.44993591308594,190.6891326904297
1544763600,128.12619018554688,187.21005249023438
1545022800,124.62647247314453,182.53292846679688
1545109200,125.82146453857422,183.6446990966797
1545195600,124.49365997314453,179.34136962890625
1545282000,122.12252807617188,175.11471557617188
1545368400,117.85450744628906,167.90728759765625
1545627600,115.4549560546875,167.38973999023438
1545800400,123.51676940917969,178.68002319335938
1545886800,125.20500183105469,180.84609985351562
1545973200,124.19017791748047,178.42124938964844
1546232400,125.13858795166016,180.8077392578125
1546405200,126.06809997558594,181.8524932861328
1546491600,121.5250244140625,173.64830017089844
1546578000,126.76042938232422,181.87158203125
1546837200,129.04623413085938,183.2709197998047
1546923600,129.74810791015625,184.6054229736328
1547010000,131.2750701904297,187.9561767578125
1547096400,131.5216827392578,189.08900451660156
1547182800,130.94314575195312,188.08096313476562
1547442000,130.0326385498047,187.62969970703125
1547528400,130.26022338867188,188.6761932373047
1547614800,130.26022338867188,189.87631225585938
1547701200,130.20330810546875,191.3548583984375
1547787600,131.36044311523438,193.93746948242188
1548133200,130.93362426757812,191.49887084960938
1548219600,129.947265625,190.43319702148438
1548306000,130.60171508789062,191.815673828125
1548392400,131.5216827392578,194.83995056152344
1548651600,128.97982788085938,192.17095947265625
1548738000,128.04087829589844,191.2876434326172
1548824400,130.50682067871094,195.87681579589844
1548910800,128.05035400390625,202.7030792236328
1548997200,132.9254150390625,205.23768615722656
1549256400,134.20579528808594,206.33213806152344
1549342800,135.1827392578125,207.2442626953125
1549429200,134.19631958007812,206.70663452148438
1549515600,132.94435119628906,205.42970275878906
1549602000,133.14353942871094,207.93551635742188
1549861200,133.5418701171875,208.43478393554688
1549947600,134.67054748535156,210.1725616455078
1550034000,136.09326171875,211.73748779296875
1550120400,136.01719665527344,211.03660583496094
1550206800,137.67990112304688,213.24478149414062
1550552400,137.23333740234375,211.78546142578125
1550638800,137.50889587402344,212.28469848632812
1550725200,136.8153076171875,210.55654907226562
1550811600,138.5919647216797,214.40652465820312
1551070800,138.7725067138672,214.40652465820312
1551157200,139.70358276367188,215.05938720703125
1551243600,139.8745880126953,215.6066436767578
1551330000,140.729736328125,215.79864501953125
1551416400,142.0123748779297,218.17967224121094
1551675600,140.57774353027344,217.25791931152344
1551762000,140.5682373046875,217.19078063964844
1551848400,140.43516540527344,215.51063537597656
1551934800,139.5041046142578,213.5328369140625
1552021200,139.99813842773438,213.014404296875
1552276800,143.1525115966797,216.63389587402344
1552363200,144.15960693359375,217.8820343017578
1552449600,144.86268615722656,219.3797607421875
1552536000,146.50637817382812,220.3494110107422
1552622400,147.70352172851562,221.94320678710938
1552881600,147.2284698486328,221.1943359375
1552968000,146.87692260742188,221.78953552246094
1553054400,146.07884216308594,220.71429443359375
1553140800,148.0265350341797,226.45556640625
1553227200,145.4328155517578,221.54953002929688
1553486400,145.39471435546875,221.22312927246094
1553572800,147.551513671875,223.97857666015625
1553659200,146.525390625,223.23927307128906
1553745600,146.95291137695312,225.48594665527344
1553832000,148.39710998535156,226.0523681640625
1554091200,149.41371154785156,229.50872802734375
1554177600,149.90777587890625,229.71029663085938
1554264000,150.5538330078125,229.3935089111328
1554350400,149.77476501464844,226.6380157470703
1554436800,149.78427124023438,227.18524169921875
1554696000,149.8792724609375,227.15640258789062
1554782400,149.6322021484375,226.81028747558594
1554868800,150.64886474609375,227.91590881347656
1554955200,149.9837646484375,226.93533325195312
1555041600,151.6749267578125,229.61767578125
1555300800,152.43505859375,229.92527770996094
1555387200,152.23548889160156,230.8290557861328
1555473600,152.43505859375,231.70396423339844
1555560000,152.16903686523438,231.5982208251953
1555905600,152.39703369140625,233.6749267578125
1555992000,153.5941619873047,234.09791564941406
1556078400,153.4326629638672,235.82847595214844
1556164800,152.98611450195312,236.1361083984375
1556251200,154.8008575439453,237.16490173339844
1556510400,155.95986938476562,237.59756469726562
1556596800,156.22596740722656,244.43325805664062
1556683200,154.6677703857422,239.15499877929688
1556769600,153.08114624023438,237.65524291992188
1556856000,153.95521545410156,238.3858642578125
1557115200,154.18325805664062,239.04933166503906
1557201600,152.21656799316406,235.6073760986328
1557288000,152.73912048339844,235.86691284179688
1557374400,151.83648681640625,235.8477020263672
1557460800,152.6915740966797,237.88597106933594
1557720000,149.480224609375,232.0692901611328
1557806400,152.21656799316406,236.4534454345703
1557892800,154.6677703857422,239.5395965576172
1557979200,156.8849334716797,243.64483642578125
1558065600,156.14276123046875,242.80845642089844
1558324800,155.55276489257812,243.7122039794922
1558411200,155.9239044189453,245.5100860595703
1558497600,156.28546142578125,246.9906463623047
1558584000,153.68771362304688,240.09722900390625
1558670400,154.76295471191406,241.7797088623047
1559016000,155.78115844726562,243.65447998046875
1559102400,154.8485870361328,243.77952575683594
1559188800,154.87709045410156,244.38522338867188
1559275200,153.51641845703125,241.78933715820312
1559534400,150.9186248779297,232.91537475585938
1559620800,154.4679718017578,239.5684356689453
1559707200,157.37979125976562,246.3753204345703
1559793600,158.83572387695312,247.884765625
1559880000,161.81407165527344,255.54737854003906
1560139200,162.54678344726562,255.83587646484375
1560225600,162.06149291992188,253.48992919921875
1560312000,163.27947998046875,253.67254638671875
1560398400,161.14796447753906,251.12478637695312
1560484800,161.44296264648438,250.06724548339844
1560744000,161.3477783203125,249.2019805908203
1560830400,161.08132934570312,248.8270263671875
1560916800,162.42308044433594,249.8460693359375
1561003200,165.32537841796875,256.4991760253906
1561089600,165.03985595703125,254.2686309814453
1561348800,165.43002319335938,255.06666564941406
1561435200,162.98451232910156,249.7114715576172
1561521600,162.77517700195312,251.22096252441406
1561608000,162.93692016601562,251.0286865234375
1561694400,165.1445770263672,254.3263702392578
1561953600,165.5156707763672,256.4798889160156
1562040000,166.79075622558594,260.13336181640625
1562126400,168.30377197265625,262.54656982421875
1562299200,168.1039276123047,261.6427917480469
1562558400,167.6566925048828,261.0846252441406
1562644800,169.12213134765625,263.1155700683594
1562731200,170.62557983398438,265.0792541503906
1562817600,171.98631286621094,267.9093322753906
1562904000,171.59617614746094,269.0837097167969
1563163200,171.82456970214844,268.9200134277344
1563249600,170.62557983398438,266.2729187011719
1563336000,170.47335815429688,264.9830627441406
1563422400,171.78648376464844,266.4269104003906
1563508800,170.5590057373047,265.2910461425781
1563768000,171.82456970214844,268.1884765625
1563854400,172.13861083984375,268.53497314453125
1563940800,174.4508819580078,269.7671813964844
1564027200,172.79510498046875,268.9007568359375
1564113600,174.79348754882812,271.5190734863281
1564372800,174.33673095703125,270.9126281738281
1564459200,172.73806762695312,267.75537109375
1564545600,169.3790283203125,262.0856018066406
1564632000,170.49234008789062,263.90496826171875
1564718400,168.82716369628906,259.37109375
1564977600,160.68173217773438,247.2327880859375
1565064000,164.12632751464844,254.7794952392578
1565150400,166.828857421875,259.2362976074219
1565236800,171.1869659423828,267.6397705078125
1565323200,170.37815856933594,264.6653747558594
1565582400,167.7993927001953,259.9005126953125
1565668800,169.95947265625,264.2610168457031
1565755200,165.10647583007812,257.1571044921875
1565841600,167.97488403320312,261.71978759765625
1565928000,169.84262084960938,264.097412109375
1566187200,171.2815704345703,267.66864013671875
1566273600,170.80508422851562,266.67724609375
1566360000,172.4250946044922,271.4613342285156
1566446400,171.61508178710938,270.26763916015625
1566532800,166.98379516601562,261.71978759765625
1566792000,169.2327423095703,266.09002685546875
1566878400,169.98556518554688,266.2922058105469
1566964800,170.2618865966797,267.83221435546875
1567051200,172.64422607421875,270.8547668457031
1567137600,172.3107452392578,270.8453063964844
1567483200,170.76698303222656,269.6323547363281
1567569600,173.2160186767578,275.3983459472656
1567656000,176.03671264648438,281.1545715332031
1567742400,176.99923706054688,280.4808044433594
1568001600,173.00637817382812,272.76092529296875
1568088000,168.0511016845703,262.143310546875
1568174400,166.74557495117188,259.8523864746094
1568260800,169.6043701171875,266.06121826171875
1568347200,168.92782592773438,265.98406982421875
1568606400,167.82240295410156,263.827880859375
1568692800,168.14637756347656,265.916748046875
1568779200,167.04092407226562,264.80975341796875
1568865600,167.679443359375,265.5894775390625
1568952000,165.8688201904297,261.02679443359375
1569211200,166.67886352539062,262.9327392578125
1569297600,166.26902770996094,260.9786071777344
1569384000,167.03143310546875,262.54766845703125
1569470400,167.38400268554688,263.64501953125
1569556800,165.8116912841797,259.0630798339844
1569816000,163.91531372070312,261.4118347167969
1569902400,166.08804321289062,260.80535888671875
1569988800,161.83787536621094,254.58702087402344
1570075200,164.73487854003906,258.2545166015625
1570161600,167.6985321044922,263.8086242675781
1570420800,166.66929626464844,262.00860595703125
1570507200,164.3060302734375,257.39215087890625
1570593600,166.65025329589844,262.3747253417969
1570680000,166.65025329589844,263.90728759765625
1570766400,168.72767639160156,265.9118347167969
1571025600,169.0135498046875,266.3648376464844
1571112000,170.33810424804688,268.4657287597656
1571198400,169.49954223632812,268.1863098144531
1571284800,169.56626892089844,266.4901123046875
1571371200,167.44122314453125,260.8232421875
1571630400,168.1273193359375,264.3601989746094
1571716800,162.8194580078125,251.792724609375
1571803200,163.2578125,251.39759826660156
1571889600,167.8699951171875,259.01129150390625
1571976000,169.48052978515625,260.39910888671875
1572235200,171.37681579589844,265.93109130859375
1572321600,169.27085876464844,264.3506164550781
1572408000,170.8146209716797,267.1069030761719
1572494400,170.4429473876953,266.7792663574219
1572580800,172.41558837890625,268.9380187988281
1572843600,170.52874755859375,266.316650390625
1572930000,168.07012939453125,259.25225830078125
1573016400,168.4512939453125,260.0810546875
1573102800,170.03317260742188,262.9049072265625
1573189200,170.54779052734375,264.9288024902344
1573448400,171.09095764160156,266.96234130859375
1573534800,171.2815704345703,267.0972595214844
1573621200,170.9670867919922,267.99359130859375
1573707600,171.5779571533203,269.49700927734375
1573794000,171.5970916748047,270.6054382324219
1574053200,171.4921112060547,270.6824951171875
1574139600,174.46067810058594,274.9712219238281
1574226000,173.40115356445312,275.0386962890625
1574312400,171.71160888671875,274.1424255371094
1574398800,171.31069946289062,272.3304748535156
1574658000,172.7425079345703,277.1878662109375
1574744400,174.2506561279297,278.89373779296875
1574830800,175.9879608154297,281.1296081542969
1575003600,176.12156677246094,281.64044189453125
1575262800,173.5252227783203,276.0892639160156
1575349200,173.6302490234375,276.6867370605469
1575435600,172.3893585205078,276.44573974609375
1575522000,173.62071228027344,279.3466796875
1575608400,173.88795471191406,279.8767395019531
1575867600,174.60385131835938,278.5852966308594
1575954000,173.9738311767578,278.151611328125
1576040400,173.73519897460938,279.53948974609375
1576126800,174.33660888671875,281.6212158203125
1576213200,176.72296142578125,285.3605651855469
1576472400,177.77293395996094,286.19903564453125
1576558800,177.085693359375,285.2738952636719
1576645200,176.49383544921875,284.0595397949219
1576731600,178.0592803955078,286.74847412109375
1576818000,179.4529266357422,287.7507629394531
1577077200,178.57472229003906,286.497802734375
1577163600,179.04248046875,286.7001953125
1577336400,180.56016540527344,288.35784912109375
1577422800,180.77967834472656,289.84210205078125
1577682000,179.29066467285156,286.93145751953125
1577768400,179.3574676513672,287.7699890136719
1577941200,182.4310760498047,292.3960876464844
1578027600,180.98016357421875,289.5433044433594
1578286800,180.58880615234375,290.31427001953125
1578373200,180.11155700683594,289.33123779296875
1578459600,183.1946563720703,294.4364318847656
1578546000,184.46424865722656,298.296630859375
1578632400,184.96058654785156,300.29425048828125
1578891600,186.44964599609375,304.1929931640625
1578978000,187.1369171142578,299.78271484375
1579064400,190.71644592285156,303.26666259765625
1579150800,191.8141326904297,309.1050720214844
1579237200,195.39364624023438,312.34765625
1579582800,197.8659210205078,310.6781921386719
1579669200,198.4481964111328,312.9749755859375
1579755600,197.1309051513672,313.6215515136719
1579842000,195.68003845214844,312.357421875
1580101200,192.52053833007812,304.7335205078125
1580187600,193.6277618408203,309.076171875
1580274000,195.54641723632812,309.12445068359375
1580360400,198.74411010742188,313.1197509765625
1580446800,189.92416381835938,304.89752197265625
1580706000,191.68051147460938,313.17767333984375
1580792400,194.30551147460938,317.6168212890625
1580878800,193.58961486816406,316.8448486328125
1580965200,193.8091583251953,317.7906188964844
1581051600,193.5227508544922,315.57098388671875
1581310800,196.625,318.73626708984375
1581397200,194.66822814941406,319.3540344238281
1581483600,198.0090789794922,322.480712890625
1581570000,198.2576141357422,324.1020202636719
1581656400,201.02024841308594,329.0334167480469
1582002000,201.89012145996094,329.3132629394531
1582088400,203.90708923339844,332.51727294921875
1582174800,202.12911987304688,332.4110412597656
1582261200,199.60548400878906,327.82708740234375
1582520400,190.0271759033203,313.3223876953125
1582606800,180.0951690673828,292.30364990234375
1582693200,178.95767211914062,287.6230773925781
1582779600,172.0749969482422,275.8302917480469
1582866000,173.74783325195312,280.10546875
1583125200,183.8519287109375,296.01904296875
1583211600,177.54287719726562,281.79425048828125
1583298000,185.7255401611328,291.79217529296875
1583384400,178.71864318847656,280.56866455078125
1583470800,176.23324584960938,276.9786682128906
1583726400,163.58644104003906,252.85247802734375
1583812800,174.5508270263672,270.7637939453125
1583899200,165.32620239257812,260.3316345214844
1583985600,153.02354431152344,233.0592803955078
1584072000,168.07925415039062,260.5728454589844
1584331200,145.3092803955078,227.41375732421875
1584417600,150.93006896972656,229.56585693359375
1584504000,141.93490600585938,219.96356201171875
1584590400,145.53868103027344,219.21083068847656
1584676800,140.35763549804688,204.03060913085938
1584936000,129.75643920898438,196.19444274902344
1585022400,147.7181854248047,228.7841033935547
1585108800,154.6486053466797,247.5157470703125
1585195200,161.4356231689453,253.98147583007812
1585281600,154.4382781982422,238.9943389892578
1585540800,158.27154541015625,244.39862060546875
1585627200,154.01768493652344,233.11721801757812
1585713600,146.36080932617188,220.6197967529297
1585800000,150.45211791992188,230.53082275390625
1585886400,145.15631103515625,228.74549865722656
1586145600,161.97096252441406,256.64508056640625
1586232000,161.15838623046875,250.02487182617188
1586318400,167.22848510742188,261.88433837890625
1586404800,166.03363037109375,260.3861999511719
1586750400,161.54080200195312,254.52894592285156
1586836800,166.92259216308594,261.6619873046875
1586923200,158.6443634033203,248.536376953125
1587009600,155.26040649414062,238.50367736816406
1587096000,162.06649780273438,251.27166748046875
1587355200,156.9810333251953,243.30740356445312
1587441600,153.45367431640625,237.14083862304688
1587528000,159.24658203125,248.31407165527344
1587614400,159.0458526611328,247.29925537109375
1587700800,159.94435119628906,250.10218811035156
1587960000,164.188720703125,256.2493896484375
1588046400,163.70120239257812,255.74679565429688
1588132800,173.7765350341797,274.1980895996094
1588219200,170.84188842773438,265.76971435546875
1588305600,167.83074951171875,259.74822998046875
1588564800,168.38514709472656,260.2508850097656
1588651200,170.57424926757812,264.81298828125
1588737600,170.89918518066406,263.32440185546875
1588824000,174.66558837890625,269.1526794433594
1588910400,176.9310760498047,272.98992919921875
1589169600,175.46852111816406,271.8203125
1589256000,171.55880737304688,263.00555419921875
1589342400,169.5671844482422,260.1541748046875
1589428800,173.21531677246094,268.03143310546875
1589515200,175.6953125,269.60699462890625
1589774400,183.2501220703125,280.2002868652344
1589860800,181.31594848632812,281.0025329589844
1589947200,185.6248016357422,288.80255126953125
1590033600,182.52243041992188,284.41436767578125
1590120000,182.75221252441406,285.0426330566406
1590465600,185.01199340820312,293.1808776855469
1590552000,184.62892150878906,289.739990234375
1590638400,186.00778198242188,292.1854248046875
1590724800,186.94615173339844,290.8224792480469
1590984000,186.09396362304688,291.3154602050781
1591070400,188.01858520507812,293.4322204589844
1591156800,188.50689697265625,296.7957763671875
1591243200,185.41415405273438,291.2865295410156
1591329600,191.1304931640625,301.4448547363281
1591588800,191.12094116210938,300.02410888671875
1591675200,190.62301635742188,301.06787109375
1591761600,191.9635467529297,302.67236328125
1591848000,180.8563232421875,281.50506591796875
1591934400,184.09275817871094,287.82623291015625
1592193600,183.614013671875,287.22698974609375
1592280000,184.6864013671875,294.2924499511719
1592366400,185.3375244140625,293.5965576171875
1592452800,185.6726837158203,294.650146484375
1592539200,184.03530883789062,286.5794372558594
1592798400,186.67808532714844,294.2537841796875
1592884800,189.5601806640625,296.6121520996094
1592971200,183.2788848876953,284.1728210449219
1593057600,185.73968505859375,288.0389099121094
1593144000,181.2297821044922,279.6590576171875
1593403200,183.2501220703125,283.12890625
1593489600,184.964111328125,285.8062744140625
1593576000,185.54820251464844,291.0932312011719
1593662400,187.3578643798828,292.3013610839844
1594008000,189.359130859375,295.3459167480469
1594094400,185.95033264160156,289.8753356933594
1594180800,186.78343200683594,290.4947814941406
1594267200,184.04490661621094,285.11358642578125
1594353600,184.37042236328125,286.1686096191406
1594612800,180.9904327392578,280.845458984375
1594699200,185.11729431152344,289.33331298828125
1594785600,188.2005157470703,295.8856201171875
1594872000,185.28005981445312,289.72052001953125
1594958400,186.80255126953125,294.2789306640625
1595217600,190.03895568847656,301.92486572265625
1595304000,188.1334991455078,297.7051086425781
1595390400,190.4124298095703,303.2894287109375
1595476800,189.0431365966797,299.9311218261719
1595563200,186.8599853515625,297.0469665527344
1595822400,188.5452117919922,298.92449951171875
1595908800,188.3824462890625,296.47589111328125
1595995200,190.14425659179688,299.3504638671875
1596081600,185.81626892089844,299.0600891113281
1596168000,182.311767578125,298.605224609375
1596427200,182.5894317626953,302.5345764160156
1596513600,184.12147521972656,304.27667236328125
1596600000,187.7696533203125,317.44879150390625
1596686400,190.3262176513672,319.52001953125
1596772800,188.01858520507812,317.46820068359375
1597032000,188.43032836914062,312.49359130859375
1597118400,189.36865234375,317.9714660644531
1597204800,190.29750061035156,317.0906982421875
1597291200,189.47276306152344,315.697021484375
1597377600,188.57131958007812,316.2874755859375
1597636800,191.24688720703125,319.607177734375
1597723200,190.84413146972656,320.3523254394531
1597809600,192.74288940429688,321.707275390625
1597896000,195.77316284179688,326.4690856933594
1597982400,195.75399780273438,326.25616455078125
1598241600,197.94046020507812,332.5857849121094
1598328000,199.5610809326172,336.4764099121094
1598414400,201.63246154785156,339.7283020019531
1598500800,202.37086486816406,344.5481872558594
1598587200,206.85885620117188,354.3426208496094
1598846400,203.2914581298828,346.667724609375
1598932800,204.595703125,345.4192199707031
1599019200,207.5972442626953,349.09698486328125
1599105600,200.38583374023438,332.7793273925781
1599192000,196.26226806640625,324.2333679199219
1599537600,191.90850830078125,319.26849365234375
1599624000,195.68682861328125,328.71441650390625
1599710400,193.2703094482422,322.17181396484375
1599796800,192.44557189941406,319.5296630859375
1600056000,196.56910705566406,327.7079162597656
1600142400,196.96231079101562,328.2306213378906
1600228800,196.71295166015625,330.8534240722656
1600315200,196.84722900390625,328.51123046875
1600401600,194.29638671875,324.4753112792969
1600660800,189.3480987548828,317.3036804199219
1600747200,192.3304901123047,324.52374267578125
1600833600,187.35348510742188,314.09051513671875
1600920000,187.4972686767578,317.6521301269531
1601006400,189.15631103515625,321.1072692871094
1601265600,192.10037231445312,327.50469970703125
1601352000,191.25643920898438,325.4141845703125
1601438400,191.7646942138672,327.29168701171875
1601524800,195.00604248046875,332.32440185546875
1601611200,193.19358825683594,327.9305114746094
1601870400,195.18824768066406,332.2082824707031
1601956800,192.22500610351562,326.5754699707031
1602043200,194.16212463378906,332.83740234375
1602129600,194.6511688232422,334.43621826171875
1602216000,198.16098022460938,341.45147705078125
1602475200,197.9308624267578,341.1123046875
1602561600,195.93621826171875,335.1048278808594
1602648000,193.90321350097656,332.0621643066406
1602734400,191.3619384765625,328.0604553222656
1602820800,192.0427703857422,328.86468505859375
1603080000,188.8878173828125,321.3746337890625
1603166400,189.58786010742188,321.4230651855469
1603252800,190.28790283203125,323.0703125
1603339200,189.865966796875,323.2447204589844
1603425600,189.88516235351562,319.3785705566406
1603684800,185.14781188964844,308.1870422363281
1603771200,182.26136779785156,307.2665100097656
1603857600,173.44842529296875,282.3352966308594
1603944000,177.2843017578125,284.07940673828125
1604030400,174.25396728515625,279.6803283691406
1604293200,177.15963745117188,280.96905517578125
1604379600,180.61192321777344,286.2208251953125
1604466000,186.01087951660156,297.6642150878906
1604552400,189.53028869628906,306.70458984375
1604638800,190.3262481689453,303.9042663574219
1604898000,203.9531707763672,333.864501953125
1604984400,204.55734252929688,324.3880920410156
1605070800,203.9723663330078,322.07232666015625
1605157200,200.0154571533203,318.0995178222656
1605243600,202.1475830078125,324.6302795410156
1605502800,204.2797088623047,325.0372314453125
1605589200,202.36846923828125,326.0547180175781
1605675600,199.60243225097656,325.51202392578125
1605762000,199.35276794433594,323.5160217285156
1605848400,195.80886840820312,312.97369384765625
1606107600,199.91944885253906,321.7331848144531
1606194000,201.37921142578125,331.7618408203125
1606280400,202.5413360595703,330.72509765625
1606453200,202.64697265625,328.5449523925781
1606712400,202.02272033691406,326.0643615722656
1606798800,202.8390655517578,328.3608093261719
1606885200,201.8594207763672,329.65924072265625
1606971600,199.81375122070312,324.7369079589844
1607058000,204.2604522705078,333.6610412597656
1607317200,204.23167419433594,330.3762512207031
1607403600,204.346923828125,330.21148681640625
1607490000,201.2832489013672,326.393798828125
1607576400,199.39117431640625,321.22930908203125
1607662800,198.07542419433594,317.2565002441406
1607922000,199.04542541503906,320.87078857421875
1608008400,200.11151123046875,323.2932434082031
1608094800,200.0250701904297,321.791259765625
1608181200,202.81983947753906,326.4422912597656
1608267600,202.94473266601562,329.7657470703125
1608526800,200.73574829101562,323.99072265625
1608613200,197.69125366210938,321.9269104003906
1608699600,197.1726531982422,319.0104064941406
1608786000,200.4380645751953,325.5702819824219
1609131600,204.2124481201172,333.77728271484375
1609218000,205.8836212158203,335.8993225097656
1609304400,209.7156219482422,344.5133056640625
1609390800,210.07098388671875,345.8602600097656
1609736400,209.13937377929688,340.579345703125
1609822800,206.01803588867188,336.6356506347656
1609909200,204.20285034179688,336.7616271972656
1609995600,205.34571838378906,339.42962646484375
1610082000,206.92080688476562,343.30072021484375
1610341200,204.462158203125,337.8192138671875
1610427600,200.5916748046875,332.6966247558594
1610514000,201.0623016357422,336.00482177734375
1610600400,193.86880493164062,317.1833190917969
1610686800,193.6094970703125,313.62274169921875
1611032400,193.6767578125,316.2228698730469
1611118800,197.8544921875,324.9254150390625
1611205200,197.01898193359375,324.46942138671875
1611291600,194.02247619628906,319.181884765625
1611550800,193.02365112304688,319.3759765625
1611637200,194.0128631591797,317.9303283691406
1611723600,187.25160217285156,306.08441162109375
1611810000,190.37290954589844,314.6123352050781
1611896400,185.5996856689453,306.860595703125
1612155600,190.50738525390625,311.9733581542969
1612242000,194.58914184570312,324.4014892578125
1612328400,193.38861083984375,322.8976745605469
1612414800,200.9662628173828,330.6688537597656
1612501200,200.50526428222656,328.65093994140625
1612760400,198.6996612548828,326.982177734375
1612846800,198.3443145751953,323.49920654296875
1612933200,198.26748657226562,324.2462158203125
1613019600,202.63455200195312,332.6479797363281
1613106000,201.96121215820312,330.8338623046875
1613451600,199.97970581054688,331.0375061035156
1613538000,199.60455322265625,327.2732849121094
1613624400,201.3744659423828,328.3695983886719
1613710800,196.9304656982422,323.2372741699219
1613970000,200.38369750976562,330.5040283203125
1614056400,204.02932739257812,339.9730529785156
1614142800,211.0704345703125,356.369140625
1614229200,205.6068572998047,343.999267578125
1614315600,204.2986297607422,343.30072021484375
1614574800,208.37710571289062,352.0808410644531
1614661200,207.54989624023438,352.00335693359375
1614747600,206.66494750976562,349.5099182128906
1614834000,203.4425506591797,339.0804443359375
1614920400,207.2035675048828,350.12115478515625
1615179600,211.87843322753906,360.2596130371094
1615266000,211.96499633789062,365.2947998046875
1615352400,214.66793823242188,370.3205261230469
1615438800,217.534423828125,372.9205627441406
1615525200,215.81260681152344,371.30029296875
1615780800,214.76416015625,370.3786315917969
1615867200,216.1396484375,370.9801940917969
1615953600,214.52366638183594,367.39056396484375
1616040000,212.25360107421875,356.0587463378906
1616126400,199.01780700683594,345.8814697265625
1616385600,200.0758819580078,347.71502685546875
1616472000,200.2201690673828,344.6784362792969
1616558400,200.1432342529297,348.92791748046875
1616644800,200.04702758789062,347.67626953125
1616731200,205.39523315429688,355.2243347167969
1616990400,206.33790588378906,352.0906066894531
1617076800,203.82728576660156,347.5210876464844
1617163200,203.6637725830078,345.4350891113281
1617249600,208.598388671875,352.468994140625
1617595200,210.6952667236328,357.3393859863281
1617681600,210.32015991210938,358.5520935058594
1617768000,210.91656494140625,360.01708984375
1617854400,212.2920684814453,366.91357421875
1617940800,214.042724609375,369.1865234375
1618200000,213.03271484375,368.953369140625
1618286400,212.5998992919922,367.29241943359375
1618372800,213.52328491210938,367.4769592285156
1618459200,217.6595001220703,375.4128112792969
1618545600,217.78453063964844,375.1019592285156
1618804800,217.18817138671875,371.2069396972656
1618891200,214.7737579345703,365.8352966308594
1618977600,218.78489685058594,372.119873046875
1619064000,218.90032958984375,372.3724670410156
1619150400,221.23776245117188,375.9664611816406
1619409600,221.56478881835938,376.36468505859375
1619496000,221.15115356445312,377.9187927246094
1619582400,224.55630493164062,384.3102722167969
1619668800,227.83639526367188,377.80230712890625
1619755200,224.66213989257812,371.1097106933594
1620014400,223.74830627441406,368.5260314941406
1620100800,223.19044494628906,365.1360168457031
1620187200,220.47784423828125,358.5600891113281
1620273600,222.50747680664062,364.7182922363281
1620360000,223.27700805664062,364.640625
1620619200,217.36129760742188,355.84027099609375
1620705600,216.88995361328125,357.0738525390625
1620792000,212.22470092773438,346.39886474609375
1620878400,215.52886962890625,349.7014465332031
1620964800,218.6114044189453,353.47998046875
1621224000,218.12973022460938,352.8873291015625
1621310400,217.2916717529297,352.6640319824219
1621396800,216.34765625,350.63397216796875
1621483200,218.12973022460938,357.161376953125
1621569600,218.44766235351562,357.0641784667969
1621828800,220.90408325195312,361.7071228027344
1621915200,220.61505126953125,356.695068359375
1622001600,218.7366485595703,352.256103515625
1622088000,218.53433227539062,351.62469482421875
1622174400,218.95819091796875,350.2453308105469
1622520000,218.31280517578125,349.47808837890625
1622606400,221.23158264160156,356.335693359375
1622692800,219.73849487304688,351.4498291015625
1622779200,221.69393920898438,355.5294494628906
1623038400,222.83065795898438,353.64501953125
1623124800,223.53387451171875,354.7912902832031
1623211200,223.78433227539062,352.91650390625
1623297600,225.3641357421875,353.8587646484375
1623384000,226.3370819091797,355.0243835449219
1623643200,225.48936462402344,356.01507568359375
1623729600,224.42974853515625,357.5693054199219
1623816000,221.17379760742188,353.39251708984375
1623902400,223.6301727294922,356.76312255859375
1623988800,221.95408630371094,356.8893127441406
1624248000,225.7205810546875,362.3968505859375
1624334400,227.27145385742188,367.2049560546875
1624420800,226.0673370361328,364.38812255859375
1624507200,227.57009887695312,364.0092468261719
1624593600,228.6104736328125,368.7299499511719
1624852800,225.49896240234375,357.1418762207031
1624939200,227.2907257080078,357.45263671875
1625025600,225.23892211914062,354.6261901855469
1625112000,226.5200958251953,360.0850524902344
1625198400,229.87237548828125,364.2812805175781
1625544000,230.8068389892578,365.3399963378906
1625630400,231.192138671875,363.203125
1625716800,227.92652893066406,360.0035705566406
1625803200,229.71827697753906,362.6778869628906
1626062400,229.14028930664062,365.2258605957031
1626148800,233.45587158203125,373.15155029296875
1626235200,236.96231079101562,380.0464782714844
1626321600,239.42832946777344,379.4921875
1626408000,239.01414489746094,376.4677429199219
1626667200,231.58706665039062,355.3940124511719
1626753600,233.7930145263672,364.08807373046875
1626840000,234.71778869628906,369.6020202636719
1626926400,235.18023681640625,371.6442565917969
1627012800,239.88108825683594,382.43878173828125
1627272000,241.0659637451172,381.9914245605469
1627358400,241.72097778320312,379.531005859375
1627444800,237.87742614746094,372.8890380859375
1627531200,238.82142639160156,378.1111145019531
1627617600,237.34762573242188,375.3202209472656
1627876800,230.98016357421875,364.93408203125
1627963200,228.38893127441406,357.4848327636719
1628049600,227.98431396484375,357.8836364746094
1628136000,231.39443969726562,361.7054138183594
1628222400,232.54071044921875,364.22412109375
1628481600,231.192138671875,360.4801330566406
1628568000,229.33299255371094,357.7181701660156
1628654400,226.4333953857422,354.2173156738281
1628740800,223.58782958984375,352.0195007324219
1628827200,224.4173583984375,352.76837158203125
1629086400,227.03147888183594,353.5560302734375
1629172800,226.23085021972656,353.235107421875
1629259200,223.43348693847656,351.0178527832031
1629345600,223.37559509277344,347.47802734375
1629432000,223.1730194091797,345.22186279296875
1629691200,225.85462951660156,351.0762023925781
1629777600,225.9511260986328,351.82501220703125
1629864000,224.35948181152344,349.2187805175781
1629950400,222.36277770996094,343.150390625
1630036800,224.45596313476562,345.94146728515625
1630296000,223.0476531982422,343.3352355957031
1630382400,220.99298095703125,336.7029113769531
1630468800,221.97689819335938,339.95098876953125
1630555200,216.24705505371094,331.8890686035156
1630641600,217.14419555664062,330.86798095703125
1630987200,218.26312255859375,335.2246398925781
1631073600,220.98333740234375,341.38055419921875
1631160000,219.43997192382812,341.74029541015625
1631246400,216.95123291015625,337.8309631347656
1631505600,216.68115234375,338.2491149902344
1631592000,215.13775634765625,336.2846984863281
1631678400,215.89016723632812,335.26361083984375
1631764800,216.39181518554688,336.7806396484375
1631851200,213.90306091308594,333.6007080078125
1632110400,212.2632293701172,330.3428039550781
1632196800,212.37896728515625,328.09637451171875
1632283200,214.86769104003906,333.9604797363281
1632369600,220.23097229003906,344.3271484375
1632456000,223.39488220214844,348.3045654296875
1632715200,221.47532653808594,346.9528503417969
1632801600,217.57826232910156,341.5166015625
1632888000,218.6586151123047,343.4714050292969
1632974400,214.86769104003906,338.1129455566406
1633060800,222.3048858642578,350.26898193359375
1633320000,216.77764892578125,334.7287292480469
1633406400,216.34356689453125,333.7659606933594
1633492800,218.49464416503906,339.0951843261719
1633579200,222.3916473388672,344.6064453125
1633665600,222.12161254882812,345.6287536621094
1633924800,217.14419555664062,338.0240478515625
1634011200,216.1217041015625,336.26171875
1634097600,214.5879364013672,333.3503112792969
1634184000,217.2117156982422,335.5216064453125
1634270400,222.8161163330078,346.6414489746094
1634529600,222.48812866210938,349.017333984375
1634616000,225.25660705566406,352.5811462402344
1634702400,223.23089599609375,347.3912353515625
1634788800,222.09262084960938,346.8459777832031
1634875200,223.0476531982422,349.2413330078125
1635134400,225.6038360595703,351.3736572265625
1635220800,223.61676025390625,347.9267578125
1635307200,208.14434814453125,326.8945617675781
1635393600,202.41455078125,324.2753601074219
1635480000,204.27622985839844,326.6998291015625
1635739200,204.94183349609375,325.2685241699219
1635825600,201.73927307128906,319.844970703125
1635912000,200.7361297607422,320.7698669433594
1635998400,201.39202880859375,326.6122131347656
1636084800,209.00283813476562,339.6209716796875
1636347600,212.6876678466797,340.4778747558594
1636434000,205.83889770507812,335.58978271484375
1636520400,208.2981719970703,348.53045654296875
1636606800,203.331298828125,345.02508544921875
1636693200,204.945068359375,353.9442138671875
1636952400,205.1479949951172,351.86053466796875
1637038800,207.93096923828125,359.84503173828125
1637125200,198.1519012451172,349.7281494140625
1637211600,196.48016357421875,339.06597900390625
1637298000,194.09336853027344,330.7893981933594
1637557200,188.9912567138672,312.8536376953125
1637643600,191.80322265625,320.3511962890625
1637730000,196.40289306640625,331.06207275390625
1637902800,190.99148559570312,315.6482238769531
1638162000,189.6773223876953,314.51873779296875
1638248400,187.24227905273438,306.641357421875
1638334800,183.75387573242188,298.228515625
1638421200,191.60995483398438,311.7826232910156
1638507600,189.70635986328125,313.6423645019531
1638766800,195.85208129882812,324.5673522949219
1638853200,200.38404846191406,330.58502197265625
1638939600,201.9495086669922,333.3405456542969
1639026000,204.26864624023438,335.4632568359375
1639112400,206.21092224121094,340.72125244140625
1639371600,203.91111755371094,336.23248291015625
1639458000,202.90614318847656,331.59765625
1639544400,205.15765380859375,337.2450866699219
1639630800,207.1482696533203,343.6424255371094
1639717200,204.74215698242188,340.12744140625
1639976400,201.7079315185547,328.1604309082031
1640062800,208.12423706054688,341.5197448730469
1640149200,210.6173095703125,348.0826110839844
1640235600,209.3224639892578,351.1010437011719
1640581200,210.29843139648438,350.8381652832031
1640667600,210.70425415039062,351.29583740234375
1640754000,210.8203125,351.7924499511719
1640840400,210.5303497314453,351.5002746582031
1640926800,209.40943908691406,349.8741760253906
1641186000,213.9704132080078,361.19842529296875
1641272400,214.96571350097656,365.5217590332031
1641358800,212.58863830566406,364.0708923339844
1641445200,212.3470001220703,360.7462463378906
1641531600,209.65103149414062,360.4049987792969
1641790800,204.82913208007812,354.80853271484375
1641877200,207.15792846679688,357.12908935546875
1641963600,208.443115234375,358.12347412109375
1642050000,207.7570343017578,360.2781677246094
1642136400,207.4381561279297,362.83270263671875
1642482000,208.443115234375,357.1387023925781
1642568400,207.44786071777344,351.70806884765625
1642654800,207.12890625,354.896240234375
1642741200,198.99256896972656,346.19927978515625
1643000400,195.05003356933594,340.680908203125
1643086800,195.1949920654297,330.28753662109375
1643173200,198.93458557128906,336.0399475097656
1643259600,199.2051544189453,341.76312255859375
1643346000,220.31910705566406,372.9433898925781
1643605200,218.55075073242188,376.71661376953125
1643691600,224.53224182128906,382.25445556640625
1643778000,227.4891357421875,386.8271789550781
1643864400,223.73983764648438,380.3142395019531
1643950800,220.6959686279297,372.6411437988281
1644210000,219.50743103027344,366.7228698730469
1644296400,220.26116943359375,365.00689697265625
1644382800,223.0924072265625,371.8318176269531
1644469200,218.34494018554688,365.0263977050781
1644555600,217.473876953125,360.52191162109375
1644814800,218.10296630859375,364.8021240234375
1644901200,220.50331115722656,371.9975891113281
1644987600,221.47117614746094,373.3528747558594
1645074000,217.3964385986328,364.3536071777344
1645160400,215.5380401611328,360.6974182128906
1645506000,214.21205139160156,359.0789489746094
1645592400,209.01454162597656,352.1955261230469
1645678800,210.32118225097656,360.1417236328125
1645765200,212.2279052734375,359.8589782714844
1646024400,209.17904663085938,351.7957458496094
1646110800,202.25872802734375,335.864501953125
1646197200,201.78443908691406,335.4841613769531
1646283600,200.5745849609375,332.4617004394531
1646370000,193.8574676513672,322.4876403808594
1646629200,184.5754852294922,305.0937805175781
1646715600,185.5530242919922,306.4685363769531
1646802000,193.34449768066406,319.92340087890625
1646888400,191.6119842529297,316.4719543457031
1646974800,190.39244079589844,316.6669006347656
1647230400,193.89617919921875,320.371826171875
1647316800,199.5196075439453,326.6215515136719
1647403200,205.06553649902344,336.0594482421875
1647489600,206.59481811523438,337.77545166015625
1647576000,212.0730438232422,341.3340759277344
1647835200,210.0695037841797,336.93695068359375
1647921600,211.45361328125,340.7882080078125
1648008000,207.78536987304688,333.6220397949219
1648094400,210.3308563232422,340.6126708984375
1648180800,211.4148712158203,340.2908630371094
1648440000,213.6797332763672,341.72412109375
1648526400,220.7936553955078,358.35748291015625
1648612800,216.7576141357422,353.18023681640625
1648699200,214.6476287841797,348.44183349609375
1648785600,219.0902099609375,354.8670349121094
1649044800,220.42588806152344,357.7335205078125
1649131200,218.82888793945312,354.2332763671875
1649217600,211.9762420654297,344.7075500488281
1649304000,209.20809936523438,341.2806396484375
1649390400,210.01145935058594,343.93634033203125
1649649600,207.85304260253906,339.1521911621094
1649736000,204.61062622070312,337.6193542480469
1649822400,206.42056274414062,346.7384033203125
1649908800,205.95602416992188,349.3550109863281
1650254400,206.32379150390625,348.35906982421875
1650340800,208.77255249023438,355.2619323730469
1650427200,210.79542541503906,356.6482849121094
1650513600,209.4984588623047,355.8184509277344
1650600000,201.48439025878906,342.87213134765625
1650859200,203.2072296142578,346.2112121582031
1650945600,194.64146423339844,335.9693298339844
1651032000,207.23361206054688,353.0162353515625
1651118400,213.57327270507812,369.86798095703125
1651204800,206.28509521484375,354.7834167480469
1651464000,204.73648071289062,350.546142578125
1651550400,201.8618621826172,349.3257141113281
1651636800,207.63047790527344,359.80181884765625
1651723200,198.6484832763672,345.01025390625
1651809600,196.3062286376953,338.9080505371094
1652068800,186.8015899658203,320.23077392578125
1652155200,187.36297607421875,317.6336669921875
1652241600,190.40211486816406,318.16082763671875
1652328000,188.09898376464844,313.64031982421875
1652414400,193.1997833251953,324.9269104003906
1652673600,191.82278442382812,321.9295654296875
1652760000,197.825439453125,330.8435363769531
1652846400,193.9368133544922,327.9535217285156
1652932800,191.39608764648438,324.3606262207031
1653019200,193.00587463378906,328.22686767578125
1653278400,201.27769470214844,340.1871337890625
1653364800,196.4969024658203,332.63018798828125
1653451200,197.6702880859375,336.6039123535156
1653537600,202.23770141601562,341.6126708984375
1653624000,206.4366455078125,349.31597900390625
1653969600,205.74813842773438,349.40380859375
1654056000,203.57595825195312,348.6130065917969
1654142400,208.5409698486328,354.4905700683594
1654228800,206.21360778808594,349.3550109863281
1654488000,206.49484252929688,351.6200866699219
1654574400,208.00762939453125,355.4083557128906
1654660800,207.0378875732422,353.75830078125
1654747200,199.87159729003906,340.7436828613281
1654833600,193.4713134765625,326.830810546875
1655092800,186.4407501220703,312.1759033203125
1655179200,187.66262817382812,314.5191345214844
1655265600,190.22274780273438,317.6922607421875
1655352000,183.3279266357422,301.4751281738281
1655438400,184.25885009765625,303.33990478515625
1655784000,188.5063018798828,309.8912658691406
1655870400,187.9535369873047,308.6708068847656
1655956800,190.68820190429688,309.2663269042969
1656043200,199.28976440429688,322.6813049316406
1656302400,197.39877319335938,321.05078125
1656388800,192.12339782714844,310.7601623535156
1656475200,193.461669921875,314.9584045410156
1656561600,190.93064880371094,308.0166320800781
1656648000,193.1513214111328,310.71136474609375
1656993600,194.4701385498047,311.7071838378906
1657080000,195.0325927734375,312.595703125
1657166400,196.6617431640625,316.8883361816406
1657252800,197.40843200683594,315.90081787109375
1657512000,198.8533477783203,317.0057067871094
1657598400,198.62062072753906,315.7051696777344
1657684800,197.97085571289062,316.2039489746094
1657771200,199.67762756347656,317.8271179199219
1657857600,203.68263244628906,325.2000732421875
1658116800,200.93829345703125,323.67462158203125
1658203200,207.19305419921875,332.8369445800781
1658289600,206.9118194580078,333.7072448730469
1658376000,209.64646911621094,339.2320861816406
1658462400,207.2318115234375,336.2594299316406
1658721600,207.78460693359375,336.58209228515625
1658808000,206.0584716796875,333.7170104980469
1658894400,204.09959411621094,335.66290283203125
1658980800,204.9529571533203,344.6395263671875
1659067200,205.68997192382812,345.9497985839844
1659326400,204.96267700195312,342.7717590332031
1659412800,200.01702880859375,341.27569580078125
1659499200,202.1698455810547,346.2822570800781
1659585600,207.00880432128906,348.17919921875
1659672000,209.33616638183594,349.5873718261719
1659931200,206.86337280273438,344.3559265136719
1660017600,203.8959503173828,338.8604431152344
1660104000,205.68023681640625,345.548828125
1660190400,205.05369567871094,342.8109130859375
1660276800,205.29656982421875,346.419189453125
1660536000,210.2412109375,351.9732971191406
1660622400,210.940673828125,351.2887878417969
1660708800,208.39544677734375,347.4555969238281
1660795200,209.10459899902344,349.440673828125
1660881600,206.74403381347656,346.42889404296875
1661140800,202.65419006347656,337.85333251953125
1661227200,200.89585876464844,333.3357238769531
1661313600,200.76959228515625,332.18182373046875
1661400000,203.82968139648438,337.0318908691406
1661486400,197.09751892089844,324.603515625
1661745600,196.55349731445312,322.0513916015625
1661832000,195.63063049316406,320.5454406738281
1661918400,193.03684997558594,317.1817626953125
1662004800,194.41627502441406,318.042236328125
1662091200,192.11398315429688,315.4118347167969
1662436800,192.96885681152344,316.8982238769531
1662523200,194.6980438232422,321.3375244140625
1662609600,194.979736328125,322.7554626464844
1662696000,199.34153747558594,328.4073486328125
1662955200,200.730712890625,330.92034912109375
1663041600,193.9694366455078,318.2280578613281
1663128000,193.71685791015625,318.62896728515625
1663214400,189.7921905517578,309.9360046386719
1663300800,187.78131103515625,308.14654541015625
1663560000,187.6161651611328,307.0708923339844
1663646400,186.58639526367188,306.32769775390625
1663732800,181.6805877685547,297.7521667480469
1663819200,180.4856719970703,291.7481689453125
1663905600,178.70794677734375,287.0740661621094
1664164800,175.4341583251953,283.6809997558594
1664251200,172.79180908203125,280.1314697265625
1664337600,174.06442260742188,283.7494201660156
1664424000,174.9193115234375,280.4150085449219
1664510400,172.57809448242188,278.0388488769531
1664769600,176.46389770507812,284.0428161621094
1664856000,180.34971618652344,294.5936584472656
1664942400,182.31204223632812,297.4587707519531
1665028800,180.29139709472656,293.0709228515625
1665115200,178.58168029785156,288.8986511230469
1665374400,176.97877502441406,285.7742614746094
1665460800,174.02552795410156,280.1622009277344
1665547200,173.15127563476562,277.5471496582031
1665633600,179.3879852294922,287.909423828125
1665720000,177.4062042236328,282.7478942871094
1665979200,179.9611053466797,288.9671630859375
1666065600,181.82632446289062,294.19732666015625
1666152000,181.08799743652344,291.6312255859375
1666238400,181.87486267089844,290.181640625
1666324800,184.9349365234375,296.14630126953125
1666584000,185.26524353027344,299.309814453125
1666670400,188.83047485351562,305.00018310546875
1666756800,197.52493286132812,312.93353271484375
1666843200,198.45750427246094,312.79638671875
1666929600,203.36337280273438,322.6884460449219
1667188800,201.24562072753906,321.425048828125
1667275200,201.02215576171875,326.33197021484375
1667361600,195.21290588378906,313.2371826171875
1667448000,189.18988037109375,302.8063659667969
1667534400,191.35621643066406,311.81695556640625
1667797200,194.38719177246094,318.4378356933594
1667883600,196.01919555664062,319.0450439453125
1667970000,188.81439208984375,309.1431579589844
1668056400,200.1473388671875,330.32794189453125
1668142800,199.59239196777344,332.3063659667969
1668402000,201.40330505371094,332.3847351074219
1668488400,204.4507598876953,336.4394836425781
1668574800,204.59681701660156,335.7049865722656
1668661200,205.4243621826172,334.2456359863281
1668747600,205.2394256591797,336.6158142089844
1669006800,200.8775634765625,331.2877197265625
1669093200,204.78176879882812,337.8596496582031
1669179600,206.14486694335938,341.4639892578125
1669352400,208.15049743652344,344.0594177246094
1669611600,205.687255859375,337.497314453125
1669698000,203.54527282714844,336.0673828125
1669784400,211.27584838867188,349.0642395019531
1669870800,211.27584838867188,353.3736267089844
1669957200,211.91842651367188,352.64886474609375
1670216400,208.04344177246094,348.7605895996094
1670302800,203.56478881835938,340.37677001953125
1670389200,202.32826232910156,340.26904296875
1670475600,203.58421325683594,343.9418029785156
1670562000,203.19479370117188,341.6500549316406
1670821200,208.929443359375,350.79779052734375
1670907600,207.4202880859375,349.7987365722656
1670994000,207.69296264648438,350.1513671875
1671080400,202.42562866210938,339.1231689453125
1671166800,201.43252563476562,338.7215881347656
1671426000,199.4171600341797,334.2358093261719
1671512400,199.9429168701172,335.89105224609375
1671598800,201.35464477539062,338.5746765136719
1671685200,199.65078735351562,334.4904479980469
1671771600,200.40048217773438,336.5277099609375
1672117200,200.84835815429688,339.0350341796875
1672203600,199.58265686035156,334.9116516113281
1672290000,202.57167053222656,341.04278564453125
1672376400,202.27957153320312,340.57269287109375
1672722000,201.91932678222656,339.6618347167969
1672808400,207.00164794921875,347.83990478515625
1672894800,205.54119873046875,344.529541015625
1672981200,212.0060577392578,360.6866760253906
1673240400,212.83363342285156,363.92401123046875
1673326800,215.25796508789062,363.96319580078125
1673413200,216.24130249023438,370.6830749511719
1673499600,217.72120666503906,372.5960693359375
1673586000,217.17599487304688,368.3876037597656
1673931600,217.11756896972656,367.8774719238281
1674018000,213.67095947265625,361.9129333496094
1674104400,214.5959014892578,360.9515380859375
1674190800,218.39300537109375,369.13311767578125
1674450000,218.26646423339844,371.3796691894531
1674536400,217.984130859375,372.79229736328125
1674622800,218.96742248535156,375.1271057128906
1674709200,218.78250122070312,370.0748596191406
1674795600,225.33494567871094,366.9258728027344
1675054800,223.05667114257812,364.0711364746094
1675141200,224.1373748779297,363.56103515625
1675227600,224.8091583251953,366.97491455078125
1675314000,223.50454711914062,367.818603515625
1675400400,224.05950927734375,366.8081359863281
1675659600,223.3876953125,365.8860168457031
1675746000,225.21812438964844,367.93634033203125
1675832400,224.1276397705078,363.3158264160156
1675918800,223.7374267578125,363.3844909667969
1676005200,221.64002990722656,359.86260986328125
1676264400,223.27896118164062,363.7866516113281
1676350800,223.7764434814453,362.9332275390625
1676437200,223.31796264648438,362.6192321777344
1676523600,220.30357360839844,360.5689697265625
1676610000,218.089111328125,354.27093505859375
1676955600,215.22105407714844,349.1990966796875
1677042000,214.63572692871094,348.2279357910156
1677128400,215.71859741210938,348.77728271484375
1677214800,214.17726135253906,346.4129943847656
1677474000,214.95767211914062,348.7281799316406
1677560400,214.55772399902344,348.5417785644531
1677646800,213.01637268066406,346.7858581542969
1677733200,213.69923400878906,348.81646728515625
1677819600,218.29396057128906,354.6337890625
1678078800,221.20106506347656,359.9607238769531
1678165200,217.70864868164062,353.1034851074219
1678251600,216.7526397705078,352.2107849121094
1678338000,214.62599182128906,347.7079772949219
1678424400,210.85069274902344,340.5172424316406
1678680000,209.2215576171875,338.1627502441406
1678766400,213.30902099609375,346.1187438964844
1678852800,211.0750732421875,341.4687194824219
1678939200,212.128662109375,341.3902282714844
1679025600,212.07008361816406,343.01873779296875
1679284800,212.81149291992188,342.6852722167969
1679371200,216.5185089111328,347.83551025390625
1679457600,214.65525817871094,344.3627014160156
1679544000,217.14283752441406,347.6392822265625
1679630400,215.63079833984375,344.9513244628906
1679889600,216.38194274902344,347.884521484375
1679976000,214.9381561279297,347.60003662109375
1680062400,217.83547973632812,352.7012634277344
1680148800,216.91848754882812,352.4364013671875
1680235200,219.942626953125,356.507568359375
1680494400,223.39601135253906,359.50946044921875
1680580800,222.0887908935547,356.9883117675781
1680667200,222.58631896972656,357.4402770996094
1680753600,220.4596710205078,355.1607360839844
1681099200,220.88888549804688,353.8539123535156
1681185600,222.85946655273438,357.7742614746094
1681272000,222.235107421875,355.4652404785156
1681358400,226.99571228027344,363.19793701171875
1681444800,228.29312133789062,365.9294738769531
1681704000,227.76638793945312,366.2536926269531
1681790400,227.88343811035156,365.82135009765625
1681876800,226.87863159179688,366.29296875
1681963200,228.8589630126953,368.45452880859375
1682049600,228.3224334716797,368.6904296875
1682308800,227.06393432617188,368.1893005371094
1682395200,223.97157287597656,362.0975036621094
1682481600,222.56678771972656,360.35845947265625
1682568000,223.4057159423828,367.1478576660156
1682654400,227.03468322753906,373.396728515625
1682913600,226.8201141357422,373.2297058105469
1683000000,221.42539978027344,369.4666442871094
1683086400,220.4499053955078,368.3562927246094
1683172800,220.07920837402344,369.5550231933594
1683259200,226.1079559326172,377.9459228515625
1683518400,226.54696655273438,378.7811584472656
1683604800,227.55174255371094,376.2560119628906
1683691200,225.6104278564453,375.8630065917969
1683777600,225.796142578125,376.6981201171875
1683864000,226.15782165527344,375.2537841796875
1684123200,227.5555419921875,376.71783447265625
1684209600,225.26834106445312,373.6031188964844
1684296000,227.39913940429688,380.2451477050781
1684382400,228.32772827148438,385.1774597167969
1684468800,228.04425048828125,378.8400573730469
1684728000,226.06008911132812,377.8182373046875
1684814400,219.51129150390625,367.2263488769531
1684900800,217.23385620117188,362.06805419921875
1684987200,218.33836364746094,363.5811767578125
1685073600,219.93157958984375,367.8356018066406
1685419200,216.63763427734375,361.08551025390625
1685505600,216.04141235351562,358.6488037109375
1685592000,221.38796997070312,364.406494140625
1685678400,223.62625122070312,367.20672607421875
1685937600,221.65187072753906,364.0527648925781
1686024000,223.06915283203125,373.32806396484375
1686110400,220.18572998046875,364.9075927734375
1686196800,218.01583862304688,361.1739501953125
1686283200,218.5142822265625,362.7754821777344
1686542400,221.06539916992188,368.7591857910156
1686628800,218.35791015625,364.897705078125
1686715200,218.39703369140625,368.2187805175781
1686801600,221.06539916992188,372.4241027832031
1686888000,223.74356079101562,369.9578552246094
1687233600,221.35861206054688,368.0812683105469
1687320000,222.12100219726562,369.5746765136719
1687406400,223.2352752685547,371.2057189941406
1687492800,224.36912536621094,373.1806640625
1687752000,221.1924591064453,370.8323974609375
1687838400,222.208984375,375.1260681152344
1687924800,222.81500244140625,373.59332275390625
1688011200,229.0314483642578,380.90350341796875
1688097600,232.12013244628906,386.4352111816406
1688356800,232.5990753173828,387.08355712890625
1688529600,234.045654296875,387.8402404785156
1688616000,233.48855590820312,386.8365783691406
1688702400,231.1133575439453,382.4480895996094
1688961600,232.78482055664062,385.872314453125
1689048000,235.12088012695312,391.421875
1689134400,236.74339294433594,394.26556396484375
1689220800,237.81854248046875,394.1375732421875
1689307200,237.67193603515625,396.0563659667969
1689566400,238.4832305908203,395.75128173828125
1689652800,235.3358917236328,391.7760925292969
1689739200,235.97120666503906,391.8843078613281
1689825600,234.2118377685547,391.67767333984375
1689912000,233.85018920898438,391.1168212890625
1690171200,235.30654907226562,398.2997741699219
1690257600,233.30284118652344,394.8460388183594
1690344000,231.74871826171875,395.9579772949219
1690430400,229.14874267578125,388.1747741699219
1690516800,230.42918395996094,386.6594543457031
1690776000,232.36447143554688,387.95831298828125
1690862400,234.36822509765625,390.7035217285156
1690948800,232.19833374023438,383.7665710449219
1691035200,233.37123107910156,386.7086486816406
1691121600,233.59605407714844,385.07525634765625
1691380800,236.05918884277344,390.50677490234375
1691467200,233.88929748535156,386.8857421875
1691553600,234.3486785888672,387.3580627441406
1691640000,235.18106079101562,390.77239990234375
1691726400,235.06353759765625,388.64703369140625
1691985600,237.86422729492188,392.1893615722656
1692072000,234.85789489746094,388.12554931640625
1692158400,234.3291015625,388.0468444824219
1692244800,232.44891357421875,386.3249206542969
1692331200,233.2322998046875,385.88214111328125
1692590400,234.49557495117188,386.8956298828125
1692676800,235.5825653076172,391.461181640625
1692763200,237.2766876220703,394.6296081542969
1692849600,234.50535583496094,391.2939453125
1692936000,237.54110717773438,396.43023681640625
1693195200,238.7749481201172,400.90728759765625
1693281600,240.253662109375,405.0498046875
1693368000,241.12521362304688,407.2735595703125
1693454400,240.58660888671875,406.0239562988281
1693540800,242.9662322998047,408.9068908691406
1693886400,240.253662109375,404.9022216796875
1693972800,241.05665588378906,406.5552062988281
1694059200,242.01634216308594,407.9721374511719
1694145600,242.16322326660156,408.1886291503906
1694404800,242.09471130371094,410.00897216796875
1694491200,242.17303466796875,409.5956726074219
1694577600,242.69203186035156,409.6252746582031
1694664000,236.49327087402344,406.712646484375
1694750400,236.0721893310547,407.6671142578125
1695009600,239.5877685546875,410.44189453125
1695096000,238.5105743408203,406.899658203125
1695182400,236.8457794189453,403.9378967285156
1695268800,231.70462036132812,396.8927001953125
1695355200,230.2063751220703,395.77099609375
1695614400,228.52203369140625,396.0366516113281
1695700800,224.88894653320312,389.0406494140625
1695787200,224.74208068847656,389.1390380859375
1695873600,226.85728454589844,393.0355224609375
1695960000,225.24148559570312,389.5621032714844
1696219200,226.475341796875,389.50311279296875
1696305600,224.0663604736328,384.7899169921875
1696392000,226.42642211914062,387.4466247558594
1696478400,228.63955688476562,388.44189453125
1696564800,230.1671905517578,392.15673828125
1696824000,229.57965087890625,388.9739685058594
1696910400,231.6948699951172,394.521728515625
1696996800,230.79393005371094,393.96990966796875
1697083200,231.87110900878906,394.0586242675781
1697169600,232.74269104003906,392.2159118652344
1697428800,235.09291076660156,395.3002014160156
1697515200,236.19949340820312,395.9012756347656
1697601600,232.5468292236328,387.46630859375
1697688000,228.9626922607422,382.2043151855469
1697774400,228.54164123535156,378.7948913574219
1698033600,226.72996520996094,378.0657043457031
1698120000,229.78526306152344,381.2583312988281
1698206400,231.9396514892578,380.6671142578125
1698292800,226.48516845703125,359.264404296875
1698379200,224.51681518554688,358.7618103027344
1698638400,228.2478485107422,366.97998046875
1698724800,230.22596740722656,370.85260009765625
1698811200,233.63381958007812,372.3011169433594
1698897600,238.20697021484375,377.1000061035156
1698984000,238.5497589111328,380.410888671875
1699246800,238.44203186035156,380.519287109375
1699333200,239.6954803466797,383.18975830078125
1699419600,239.36183166503906,384.00762939453125
1699506000,237.13414001464844,382.2929992675781
1699592400,240.67684936523438,388.6192626953125
1699851600,240.107666015625,388.5896911621094
1699938000,242.33534240722656,391.8414306640625
1700024400,243.4835205078125,391.0334167480469
1700110800,243.93492126464844,391.2994689941406
1700197200,244.9064483642578,394.4527282714844
1700456400,245.308837890625,398.49285888671875
1700542800,247.5266876220703,402.9764404296875
1700629200,248.98887634277344,404.3362121582031
1700802000,249.55807495117188,406.47454833984375
1701061200,249.40106201171875,402.99615478515625
1701147600,248.22341918945312,403.0355529785156
1701234000,249.48939514160156,403.8337097167969
1701320400,251.89369201660156,407.78509521484375
1701406800,251.66799926757812,408.3073425292969
1701666000,249.6955108642578,402.26690673828125
1701752400,249.86231994628906,402.72021484375
1701838800,249.54827880859375,404.3854675292969
1701925200,251.04974365234375,407.11505126953125
1702011600,250.97122192382812,406.1394958496094
1702270800,251.73667907714844,409.63763427734375
1702357200,254.72003173828125,414.60400390625
1702443600,257.48736572265625,418.4766540527344
1702530000,253.90550231933594,412.446044921875
1702616400,253.2185516357422,412.4559326171875
1702875600,253.5522003173828,418.2301940917969
1702962000,255.14199829101562,419.2550964355469
1703048400,252.31568908691406,413.3230285644531
1703134800,254.7003936767578,417.2547912597656
1703221200,253.611083984375,417.9051513671875
1703566800,254.32749938964844,417.4814453125
1703653200,254.1017608642578,418.1612854003906
1703739600,255.54429626464844,420.0927429199219
1703826000,255.49530029296875,420.2799377441406
1704171600,254.04287719726562,415.7274169921875
1704258000,253.16949462890625,412.6529846191406
1704344400,254.76905822753906,413.6383361816406
1704430800,254.84762573242188,413.29351806640625
1704690000,257.6444396972656,416.471435546875
1704776400,258.41961669921875,417.0833435058594
1704862800,259.626708984375,422.6793212890625
1704949200,259.1066589355469,421.1496276855469
1705035600,259.2440490722656,423.49853515625
1705381200,260.2940673828125,422.75830078125
1705467600,261.65814208984375,421.8404541015625
1705554000,263.1399841308594,425.09735107421875
1705640400,265.8485107421875,431.0782470703125
1705899600,266.1429138183594,434.009521484375
1705986000,266.2018127441406,433.03240966796875
1706072400,266.5845642089844,432.9732360839844
1706158800,267.526611328125,431.0979919433594
1706245200,262.9437561035156,432.80535888671875
1706504400,268.5570983886719,434.82861328125
1706590800,271.98199462890625,439.37847900390625
1706677200,268.1645812988281,443.36572265625
1706763600,271.8838806152344,454.90313720703125
1706850000,272.0114440917969,454.5675354003906
1707109200,270.4412841796875,450.7974548339844
1707195600,271.5992736816406,454.48858642578125
1707282000,274.1802673339844,455.88018798828125
1707368400,271.1422424316406,452.2778625488281
1707454800,271.7812194824219,451.9027404785156
1707714000,270.444091796875,452.7219543457031
1707800400,271.17169189453125,454.4490966796875
1707886800,272.8922424316406,459.11737060546875
1707973200,276.2547607421875,465.1279296875
1708059600,273.8753967285156,462.0190734863281
1708405200,270.5227966308594,445.8528747558594
1708491600,272.105712890625,453.0574951171875
1708578000,278.9781799316406,465.40423583984375
1708664400,278.8307189941406,467.23992919921875
1708923600,279.3714599609375,468.31573486328125
1709010000,278.407958984375,468.55255126953125
1709096400,280.82659912109375,472.5990905761719
1709182800,277.8868408203125,468.5624694824219
1709269200,278.3980407714844,470.4081115722656
1709528400,275.81231689453125,462.374267578125
1709614800,274.681640625,461.4169921875
1709701200,275.7139587402344,465.4437255859375
1709787600,273.5804748535156,461.4367370605469
1709874000,275.3305358886719,463.1342468261719
1710129600,275.841796875,463.0355529785156
1710216000,279.1453552246094,466.6971130371094
1710302400,280.3447570800781,469.4013366699219
1710388800,281.59344482421875,473.2207946777344
1710475200,278.2801208496094,469.61846923828125
1710734400,280.2563171386719,472.63861083984375
1710820800,282.5176086425781,477.6817932128906
1710907200,284.4151611328125,481.6690979003906
1710993600,285.4867858886719,482.2612609863281
1711080000,278.4964294433594,475.3822937011719
1711339200,276.48089599609375,469.82574462890625
1711425600,275.8811340332031,470.5758056640625
1711512000,274.3276672363281,471.7107849121094
1711598400,274.38671875,475.2835388183594
1711944000,273.60015869140625,472.1549072265625
1712030400,273.7574768066406,473.1715393066406
1712116800,272.3023681640625,471.187744140625
1712203200,269.39215087890625,463.6375427246094
1712289600,272.4793395996094,470.9212341308594
1712548800,273.08892822265625,473.2536926269531
1712635200,272.0663757324219,466.6418151855469
1712721600,269.8640441894531,463.6867980957031
1712808000,271.04388427734375,462.8368225097656
1712894400,271.3191833496094,459.9411315917969
1713153600,266.7178649902344,454.4164733886719
1713240000,266.7867126464844,454.446044921875
1713326400,268.1041564941406,454.7821044921875
1713412800,266.8063659667969,449.3858947753906
1713499200,265.24310302734375,450.06787109375
1713758400,267.7502136230469,451.41192626953125
1713844800,269.5002136230469,457.4110107421875
1713931200,270.39495849609375,457.0947570800781
1714017600,270.5326232910156,456.7092590332031
1714104000,269.90338134765625,457.0157165527344
1714363200,267.2684020996094,451.7579040527344
1714449600,264.0927734375,445.9267883300781
1714536000,262.824462890625,436.90350341796875
1714622400,263.1095886230469,435.9448547363281
1714708800,263.9747619628906,438.3958435058594
1714968000,268.0845031738281,444.1181335449219
1715054400,271.81072998046875,447.76507568359375
1715140800,272.52850341796875,449.4551086425781
1715227200,273.85577392578125,450.1666259765625
1715313600,276.0187683105469,451.63922119140625
1715572800,274.6915283203125,452.4101257324219
1715659200,273.0692138671875,448.8917541503906
1715745600,276.7660217285156,452.6473388671875
1715832000,275.6430969238281,453.50714111328125
1715918400,275.8992004394531,454.8907775878906
1716177600,274.3625793457031,454.28790283203125
1716264000,271.81146240234375,453.73443603515625
1716350400,271.44696044921875,451.18463134765625
1716436800,270.11724853515625,445.93670654296875
1716523200,270.37335205078125,445.90704345703125
1716868800,266.916015625,439.8783264160156
1716955200,264.8277893066406,437.2987976074219
1717041600,267.2311706542969,436.9331970214844
1717128000,268.373779296875,441.8450622558594
1717387200,266.3249816894531,438.01043701171875
1717473600,268.3343811035156,439.5719299316406
1717560000,270.3831787109375,441.4398193359375
1717646400,272.8851013183594,443.4362487792969
1717732800,274.49066162109375,444.5332946777344
1717992000,270.91510009765625,443.99957275390625
1718078400,270.5506286621094,443.79205322265625
1718164800,266.265869140625,437.8226318359375
1718251200,267.1227722167969,439.79925537109375
1718337600,266.60076904296875,439.43359375
1718596800,267.1031188964844,442.8729248046875
1718683200,269.516357421875,444.84954833984375
1718856000,272.6683654785156,447.22149658203125
1718942400,271.0923767089844,449.5341491699219
1719201600,272.1561584472656,451.61944580078125
1719288000,269.4277038574219,450.32476806640625
1719374400,269.4967346191406,447.093017578125
1719460800,262.5918884277344,437.5755920410156
1719547200,258.5336608886719,436.004150390625
1719806400,259.29205322265625,432.49560546875
1719892800,264.2072448730469,439.45330810546875
1719979200,264.9558410644531,442.942138671875
1720152000,266.3052673339844,444.23681640625
1720411200,262.4046325683594,441.0247802734375
1720497600,261.4591064453125,440.15380859375
1720584000,259.0556640625,429.20684814453125
1720670400,258.61236572265625,431.95843505859375
1720756800,261.7545471191406,435.6106872558594
1721016000,264.4239196777344,439.4609375
1721102400,265.2119140625,438.9957275390625
1721188800,268.6101989746094,446.5477294921875
1721275200,265.1133728027344,444.1326904296875
1721361600,261.4787292480469,439.154052734375
1721620800,263.69500732421875,443.3606262207031
1721707200,260.81884765625,437.2042236328125
1721793600,250.3581085205078,428.02899169921875
1721880000,249.93455505371094,425.2081604003906
1721966400,255.56875610351562,433.7004089355469
1722225600,257.6766662597656,436.78851318359375
1722312000,259.1541748046875,442.8756408691406
1722398400,261.68560791015625,458.96942138671875
1722484800,261.9417419433594,457.68267822265625
1722571200,262.5819091796875,457.2966613769531
1722830400,252.59405517578125,437.4814147949219
1722916800,254.38673400878906,443.71697998046875
1723003200,252.67283630371094,445.2412414550781
1723089600,255.93319702148438,450.92254638671875
1723176000,256.3773193359375,452.11029052734375
1723435200,256.5056457519531,451.0314636230469
1723521600,256.74249267578125,454.6639404296875
1723608000,257.7393493652344,455.45574951171875
1723694400,263.3256530761719,463.9183349609375
1723780800,263.8980712890625,464.0865478515625
1724040000,263.0,462.2060241699219
1724126400,264.5495300292969,464.3241271972656
1724212800,264.7073974609375,463.2155456542969
1724299200,264.4508361816406,464.0271911621094
1724385600,263.9573059082031,461.6715393066406
1724644800,264.71728515625,463.8490295410156
1724731200,267.1946105957031,470.1341552734375
1724817600,265.6845397949219,466.97674560546875
1724904000,270.7477111816406,475.8847351074219
1724990400,272.77099609375,478.39874267578125
1725336000,274.91278076171875,477.1911926269531
1725422400,276.8373718261719,478.2008056640625
1725508800,274.99169921875,472.47991943359375
1725595200,275.7319641113281,471.2525634765625
1725854400,281.8907165527344,482.11041259765625
1725940800,281.62420654296875,483.0308837890625
1726027200,280.2621765136719,483.1892395019531
1726113600,281.6539001464844,487.0790710449219
1726200000,283.6080627441406,488.3162841796875
1726459200,286.6972961425781,492.621826171875
1726545600,287.76324462890625,495.8683166503906
1726632000,284.72332763671875,489.7019958496094
1726718400,281.5255432128906,487.9699401855469
1726804800,281.0616455078125,487.7026672363281
1727064000,284.8713684082031,492.05767822265625
1727150400,269.2278137207031,482.4271545410156
1727236800,266.1187744140625,484.4462585449219
1727323200,268.1519470214844,486.2476501464844
1727409600,271.586669921875,488.59344482421875
1727668800,271.3695373535156,488.7518310546875
1727755200,273.9850158691406,491.305419921875
1727841600,273.3928527832031,490.50372314453125
1727928000,273.2546081542969,489.90985107421875
1728014400,274.31072998046875,492.61199951171875
1728273600,270.2246398925781,486.2773742675781
1728360000,271.3793640136719,491.97845458984375
1728446400,273.32379150390625,495.4969177246094
1728532800,273.8566589355469,493.5840148925781
1728619200,274.2218933105469,497.7862854003906
1728878400,277.02484130859375,502.1471252441406
1728964800,275.65301513671875,502.7120666503906
1729051200,283.7758483886719,509.4911193847656
1729137600,286.6084899902344,509.18389892578125
1729224000,286.83544921875,511.7409362792969
1729483200,283.1145935058594,510.4227294921875
1729569600,281.0814514160156,508.4504699707031
1729656000,280.0648193359375,509.1540832519531
1729742400,279.5317687988281,506.07183837890625
1729828800,278.0612487792969,502.8408508300781
1730088000,280.48919677734375,503.6833190917969
1730174400,278.2093200683594,501.7705078125
1730260800,286.3814697265625,509.114501953125
1730347200,286.0754699707031,495.1400451660156
1730433600,286.95391845703125,503.554443359375
1730696400,288.0494079589844,501.0767517089844
1730782800,289.470703125,501.05694580078125
1730869200,303.3969421386719,516.4881591796875
1730955600,301.8177795410156,513.2672119140625
1731042000,303.86083984375,520.0858764648438
1731301200,306.87115478515625,525.398193359375
1731387600,306.3964538574219,524.4564819335938
1731474000,306.03057861328125,517.2315063476562
1731560400,304.81427001953125,515.7647094726562
1731646800,306.1888122558594,517.2415161132812
1731906000,308.68072509765625,516.9837646484375
1731992400,308.3741760253906,514.8331298828125
1732078800,303.9638977050781,507.9747009277344
1732165200,306.4458923339844,510.51190185546875
1732251600,306.4656982421875,516.2205810546875
1732510800,309.69921875,521.909423828125
1732597200,308.3445129394531,523.7726440429688
1732683600,311.1924133300781,527.6380004882812
1732856400,311.5681457519531,528.1930541992188
1733115600,313.12066650390625,526.6271362304688
1733202000,309.5212707519531,521.4932861328125
1733288400,306.4458923339844,516.4981689453125
1733374800,305.635009765625,520.0958251953125
1733461200,307.54351806640625,523.8619384765625
1733720400,304.8637390136719,518.1632080078125
1733806800,308.89825439453125,524.2980346679688
1733893200,310.29254150390625,529.6895751953125
1733979600,310.7276611328125,527.667724609375
1734066000,311.23199462890625,524.2881469726562
1734325200,312.3691711425781,525.58642578125
1734411600,314.75225830078125,526.2802124023438
1734498000,306.3272705078125,515.3287353515625
1734584400,311.3703918457031,518.619140625
1734670800,314.1688232421875,523.3267822265625
1734930000,313.684326171875,524.24853515625
1735016400,317.0760803222656,530.9384155273438
1735189200,317.33319091796875,531.3743896484375
1735275600,315.1082763671875,527.4595336914062
1735534800,311.79559326171875,520.8687744140625
1735621200,312.5174865722656,521.8797607421875
1735794000,310.8957214355469,517.7469482421875
1735880400,311.4000549316406,516.7161254882812
1736139600,309.5509338378906,507.3700866699219
1736226000,308.1961975097656,506.8448791503906
1736312400,309.11578369140625,511.80029296875
1736485200,304.2802734375,500.91204833984375
1736744400,303.4991455078125,501.1502380371094
1736830800,305.64495849609375,505.2296142578125
1736917200,312.7547912597656,518.4603881835938
1737003600,313.7139587402344,519.2445068359375
1737090000,316.0575256347656,520.7928466796875
1737435600,320.0228576660156,524.1278076171875
1737522000,319.9536437988281,523.25439453125
1737608400,324.55181884765625,530.241943359375
1737694800,326.5196838378906,529.5173950195312
1737954000,330.8112487792969,543.5620727539062
1738040400,330.751953125,543.2841186523438
1738126800,332.1363220214844,544.71337890625
1738213200,339.2264099121094,561.7952270507812
1738299600,337.9903564453125,551.2940673828125
1738558800,341.965576171875,559.7506713867188
1738645200,341.3030090332031,554.9465942382812
1738731600,345.54522705078125,562.0731201171875
1738818000,343.6070251464844,562.9366455078125
1738904400,344.1409912109375,558.5594482421875
1739163600,347.3152160644531,561.2791137695312
1739250000,347.39447021484375,560.4949951171875
1739336400,348.1571350097656,560.3958129882812
1739422800,352.2579345703125,562.0930786132812
1739509200,350.4552001953125,560.5545654296875
1739854800,353.3475341796875,564.3758544921875
1739941200,351.8616943359375,564.2666625976562
1740027600,347.16668701171875,559.0856323242188
1740114000,345.22528076171875,553.3585205078125
1740373200,346.54266357421875,554.83740234375
1740459600,348.7514953613281,559.830078125
1740546000,347.30535888671875,557.0905151367188
1740632400,352.3669128417969,560.6141357421875
1740718800,359.2707824707031,572.0184936523438
1740978000,358.3892517089844,570.6388549804688
1741064400,348.8901672363281,550.9367065429688
1741150800,349.33587646484375,554.1426391601562
1741237200,340.8966979980469,545.725830078125
1741323600,342.0456848144531,542.6985473632812
1741579200,338.2420959472656,533.120361328125
1741665600,328.9906921386719,521.8846435546875
1741752000,329.6840515136719,520.7332763671875
1741838400,325.4346923828125,515.9591674804688
1741924800,328.65386962890625,523.7110595703125
1742184000,331.3778076171875,528.0285034179688
1742270400,331.595703125,526.2420043945312
1742356800,336.6473388671875,532.09814453125
1742443200,336.2808837890625,532.3858642578125
1742529600,332.477294921875,531.7010498046875
1742788800,340.60943603515625,539.6215209960938
1742875200,341.3523254394531,541.1005249023438
1742961600,340.91650390625,544.9813842773438
1743048000,346.54266357421875,553.4180908203125
1743134400,339.5991516113281,536.5843505859375
1743393600,347.1369323730469,544.0383911132812
1743480000,343.06597900390625,544.4255981445312
1743566400,343.0461120605469,543.303955078125
1743652800,336.1719055175781,526.5993041992188
1743739200,310.1609191894531,486.1229553222656
1743998400,309.3586120605469,481.90460205078125
1744084800,305.34698486328125,476.3463134765625
1744171200,329.2779235839844,512.4033203125
1744257600,321.5320739746094,496.4078063964844
1744344000,330.23870849609375,506.7566833496094
1744603200,332.0018615722656,509.4507751464844
1744689600,332.6258850097656,514.3418579101562
1744776000,328.1883239746094,510.4150390625
1744862400,326.4846496582031,514.292236328125
1745208000,317.0648193359375,506.3292236328125
1745294400,328.2576904296875,524.2334594726562
1745380800,331.19952392578125,526.8977661132812
1745467200,332.52679443359375,532.3157348632812
1745553600,331.991943359375,530.3472900390625
1745812800,334.30975341796875,531.3513793945312
1745899200,338.28173828125,536.5108642578125
1745985600,342.2239685058594,544.841796875
1746072000,339.20294189453125,543.420166015625
1746158400,344.3041076660156,556.105224609375
1746417600,345.334228515625,557.8250122070312
1746504000,344.40313720703125,555.70751953125
1746590400,346.53271484375,563.00439453125
1746676800,347.9392395019531,563.789794921875
1746763200,349.1972351074219,565.3009033203125
1747022400,352.4758605957031,574.8743286132812
1747108800,353.3489685058594,573.2041625976562
1747195200,353.66644287109375,569.9136962890625
1747281600,359.4606628417969,578.78125
1747368000,362.2585754394531,579.8549194335938
1747627200,365.01678466796875,582.9664916992188
1747713600,363.965087890625,577.6976928710938
1747800000,355.4920349121094,566.1954956054688
1747886400,355.1645812988281,566.7921142578125
1747972800,350.76934814453125,560.2705688476562
1748318400,356.4841613769531,571.1761474609375
1748404800,356.9108581542969,572.5381469726562
1748491200,359.5599365234375,574.3872680664062
1748577600,362.32806396484375,582.1612548828125
1748836800,362.45703125,577.8070068359375
1748923200,362.99273681640625,578.552490234375
1749009600,365.11602783203125,580.6998901367188
1749096000,363.8956604003906,582.002197265625
1749182400,367.3185729980469,586.6547241210938
1749441600,363.7865295410156,580.8988037109375
1749528000,367.79486083984375,586.078125
1749614400,370.3843994140625,587.2710571289062
1749700800,368.4893798828125,585.8197021484375
1749787200,350.0847473144531,558.729736328125
1750046400,352.6941223144531,565.3306884765625
1750132800,355.03564453125,566.1061401367188
1750219200,337.7124938964844,535.5665283203125
1750392000,335.91668701171875,529.84033203125
1750651200,341.05609130859375,539.1652221679688
1750737600,348.8742980957031,554.2561645507812
1750824000,342.55426025390625,546.4720458984375
1750910400,343.3182067871094,542.6049194335938
1750996800,345.8779602050781,547.0884399414062
1751256000,352.2674865722656,558.6401977539062
1751342400,352.6842346191406,561.29443359375
1751428800,351.4440002441406,558.2227172851562
1751515200,356.047607421875,565.8973999023438
1751860800,353.8450622558594,561.801513671875
1751947200,351.77142333984375,559.1372680664062
1752033600,354.956298828125,562.5516967773438
1752120000,353.0909729003906,560.9689331054688
1752206400,345.20330810546875,547.6892700195312
1752465600,347.753173828125,550.5165405273438
1752552000,344.3004150390625,547.8684692382812
1752638400,347.1578674316406,553.0051879882812
1752724800,347.0685729980469,553.0947265625
1752811200,346.31451416015625,550.1580810546875
1753070400,348.1897277832031,552.1390991210938
1753156800,349.1025085449219,556.23046875
1753243200,352.5056457519531,559.5454711914062
1753329600,351.19598388671875,560.9490356445312
1753416000,354.2419128417969,565.6476440429688
1753675200,352.6842346191406,565.7074584960938
1753761600,348.5369567871094,560.7698364257812
1753848000,348.15997314453125,556.578857421875
1753934400,342.7625732421875,563.9055786132812
1754020800,336.6905517578125,557.3554077148438
1754280000,339.46856689453125,567.23046875
1754366400,334.78558349609375,563.4775390625
1754452800,337.0775146484375,566.5535278320312
1754539200,329.4874267578125,558.6793212890625
1754625600,334.1406555175781,571.7200317382812
1754884800,333.2676086425781,570.9933471679688
1754971200,334.6888732910156,571.5806884765625
1755057600,340.4634704589844,575.2838134765625
1755144000,343.38555908203125,581.1173095703125
1755230400,342.3717956542969,579.066650390625
1755489600,340.6523132324219,581.4956665039062
1755576000,340.3641357421875,582.859375
1755662400,341.8350830078125,589.9968872070312
1755748800,341.5965270996094,589.2404174804688
1755835200,347.9078674316406,596.24853515625
1756094400,346.6952819824219,590.5245361328125
1756180800,349.0408935546875,588.9317016601562
1756267200,348.2159729003906,587.986083984375
1756353600,347.72894287109375,587.806884765625
1756440000,349.6372985839844,592.5950927734375
1756785600,347.93768310546875,589.1906127929688
1756872000,348.7327880859375,590.5941772460938
1756958400,348.8520812988281,592.9435424804688
1757044800,341.1294250488281,581.5751953125
1757304000,340.2149963378906,583.9444580078125
1757390400,341.89471435546875,581.356201171875
1757476800,336.06048583984375,576.7571411132812
1757563200,341.3977355957031,586.0648193359375
1757649600,337.36248779296875,577.7824096679688
1757908800,336.9847717285156,580.3209838867188
1757995200,337.9588317871094,583.7652587890625
1758081600,344.09124755859375,595.9199829101562
1758168000,336.1201171875,583.3969116210938
1758254400,339.5292053222656,581.5154418945312
1758513600,342.262451171875,581.843994140625
1758600000,336.636962890625,567.3897094726562
1758686400,336.6170349121094,566.2349243164062
1758772800,332.889892578125,564.7318725585938
1758859200,335.3150634765625,562.5716552734375
1759118400,338.0880432128906,565.5680541992188
1759204800,339.3006286621094,566.2349243164062
1759291200,345.7113037109375,571.1725463867188
1759377600,343.8427734375,574.7163696289062
1759464000,347.7091064453125,577.822265625
1759723200,347.1524658203125,576.1897583007812
1759809600,350.27337646484375,577.2150268554688
1759896000,349.2198181152344,573.8304443359375
1759982400,344.9261779785156,562.7362060546875
1760068800,341.5567932128906,555.6889038085938
1760328000,341.20892333984375,557.4432983398438
1760414400,346.2579650878906,566.0953369140625
1760500800,343.5843811035156,561.0018310546875
1760587200,333.3570251464844,548.1133422851562
1760673600,339.8075256347656,559.1676635742188
1760932800,342.3121643066406,564.5404052734375
1761019200,345.0950927734375,570.1921997070312
1761105600,343.2563781738281,569.5243530273438
1761192000,343.85272216796875,571.9266357421875
1761278400,345.26409912109375,571.826904296875
1761537600,345.701416015625,570.5211181640625
1761624000,344.7869873046875,564.1117553710938
1761710400,339.20123291015625,552.7982788085938
1761796800,342.9283752441406,551.901123046875
1761883200,338.66448974609375,550.216552734375
1762146000,334.8478698730469,542.322021484375
1762232400,338.2272033691406,550.97412109375
1762318800,337.9687805175781,551.5322875976562
1762405200,334.90753173828125,551.50244140625
1762491600,333.9732666015625,550.1965942382812
1762750800,332.8104248046875,551.1834716796875
1762837200,336.8556213378906,556.55615234375
1762923600,337.4830017089844,559.4268798828125
1763010000,334.6945495605469,553.7850952148438
1763096400,328.6595153808594,543.9766845703125
1763355600,324.4071350097656,535.1251831054688
1763442000,319.85595703125,525.885009765625
1763528400,322.7838439941406,528.656005859375
1763614800,322.4352722167969,526.1840209960938
1763701200,326.6279602050781,538.6638793945312
1763960400,327.9424743652344,536.1219482421875
1764046800,333.15093994140625,544.7142333984375
1764133200,332.41400146484375,543.17919921875
1764306000,333.0613098144531,548.7612915039062
1764565200,329.02801513671875,542.2222900390625
1764651600,328.26116943359375,544.1560668945312
1764738000,328.2511901855469,551.950927734375
1764824400,325.7515563964844,540.5676879882812
1764910800,329.8744812011719,543.7673950195312
1765170000,325.4926452636719,538.7036743164062
1765256400,325.154052734375,535.822998046875
1765342800,324.38720703125,537.1287231445312
1765429200,344.2052001953125,561.5599975585938
1765515600,346.3960876464844,570.092529296875
1765774800,345.4599914550781,567.301513671875
1765861200,343.68731689453125,564.2014770507812
1765947600,342.9902038574219,563.6532592773438
1766034000,344.5836181640625,564.390869140625
1766120400,347.81024169921875,570.3914794921875
1766379600,350.6385498046875,573.8504028320312
1766466000,351.9232177734375,574.498291015625
1766552400,353.67596435546875,577.58837890625
1766725200,353.53656005859375,577.73779296875
1766984400,353.14813232421875,576.0433349609375
1767070800,352.1622314453125,575.5648803710938
1767157200,349.26422119140625,569.0458984375
1767330000,345.0516662597656,561.32080078125
1767589200,352.34149169921875,566.7432861328125
1767675600,356.08599853515625,578.4755249023438
1767762000,354.41290283203125,578.0567626953125
1767848400,350.7779846191406,578.2063598632812
1767934800,348.3280944824219,574.5526123046875
1768194000,341.7851867675781,565.3085327148438
1768280400,326.5283508300781,544.0550537109375
1768366800,327.81304931640625,545.8818969726562
1768453200,326.39886474609375,541.7191162109375
1768539600,326.94659423828125,538.564453125
1768885200,324.4768371582031,530.8277587890625
1768971600,323.9390563964844,526.6649169921875
1769058000,325.01458740234375,531.9458618164062
1769144400,324.8353271484375,523.8397827148438
1769403600,327.13580322265625,526.4552612304688
1769490000,323.9191589355469,519.5172119140625
1769576400,325.6320495605469,520.4755859375
1769662800,330.4321594238281,542.7971801757812
1769749200,320.5032653808594,537.8656616210938
1770008400,332.4637756347656,554.417236328125
1770094800,327.5740051269531,549.7752075195312
1770181200,328.5898132324219,552.5704345703125
1770267600,327.773193359375,550.9432373046875
1770354000,330.21307373046875,547.798583984375
1770613200,324.2378234863281,534.41162109375
1770699600,327.4910888671875,539.4629516601562
1770786000,328.558837890625,536.5379638671875
1770872400,323.50933837890625,526.5551147460938
1770958800,313.4302062988281,517.470703125
1771304400,318.8390197753906,521.0346069335938
1771390800,319.6373596191406,527.07421875
1771477200,318.2701721191406,519.3674926757812
1771563600,320.2860107421875,525.5068969726562
1771822800,305.8858642578125,495.1790466308594
1771909200,306.58441162109375,497.1456604003906
1771995600,312.34246826171875,508.5161437988281
1772082000,316.0448303222656,513.8869018554688
1772168400,319.4776916503906,516.32275390625
1772427600,319.846923828125,520.106201171875
1772514000,320.166259765625,523.4205322265625
1772600400,319.8070068359375,522.0228881835938
1772686800,319.13836669921875,523.7598876953125
1772773200,316.70343017578125,521.4439086914062
1773028800,315.3163146972656,516.831787109375
1773115200,313.77947998046875,513.8369750976562
1773201600,308.32080078125,503.1353759765625
1773288000,305.86590576171875,496.45684814453125
1773374400,306.5046081542969,497.13568115234375
1773633600,309.4684143066406,507.6276550292969
1773720000,307.82183837890625,505.7109375
1773806400,298.4013671875,487.63201904296875
1773892800,299.0899353027344,490.2974548339844
1773979200,300.9960021972656,495.4685363769531
1774238400,303.8101806640625,499.5215759277344
1774324800,303.131591796875,498.0740661621094
1774411200,304.2792053222656,501.8974914550781
1774497600,304.8979187011719,499.89093017578125
1774584000,294.9085998535156,483.4092712402344
1774843200,298.9203186035156,493.15252685546875
1774929600,301.6147155761719,498.8028259277344
1775016000,297.8924560546875,490.8065490722656
1775102400,300.17767333984375,492.5934753417969
1775448000,302.70245361328125,500.6396484375
1775534400,301.924072265625,497.4251708984375
1775620800,308.32080078125,506.25
1775707200,307.6522216796875,503.57000732421875
1775793600,303.7303161621094,498.6600036621094
1776052800,308.74993896484375,508.5799865722656
1776139200,310.725830078125,513.1599731445312
1776225600,315.2564392089844,519.9600219726562
1776312000,314.4481201171875,518.5399780273438
1776398400,316.3641357421875,521.2999877929688
1776657600,313.29052734375,516.6500244140625
1776744000,309.2987976074219,511.3500061035156
1776830400,310.64599609375,510.1600036621094
1776916800,308.2409973144531,502.3800048828125
1777003200,308.7798767089844,504.1700134277344
1777262400,309.0093994140625,506.42999267578125
1777348800,308.66009521484375,507.6199951171875
1777435200,334.167236328125,525.22998046875
1777521600,329.1576232910156,502.9200134277344
1777608000,327.35137939453125,495.4599914550781
1777867200,326.173828125,504.739990234375
1777953600,321.36376953125,497.0799865722656
1778040000,318.14044189453125,491.8900146484375
1778126400,320.6153259277344,500.94000244140625
1778212800,318.1304931640625,495.4800109863281
1778472000,323.1899719238281,497.80999755859375
1778558400,326.4200134277344,499.80999755859375
1778644800,320.30999755859375,490.6400146484375
1778731200,322.5199890136719,489.94000244140625
1778817600,325.75,494.20001220703125
