timestamp,MCD,YUM
1147752000,19.908702850341797,12.914427757263184
1147838400,19.8283748626709,12.953770637512207
1147924800,19.759521484375,12.860330581665039
1148011200,19.593143463134766,12.882460594177246
1148270400,19.5242919921875,13.08901596069336
1148356800,19.2374210357666,12.79148006439209
1148443200,18.90464973449707,12.518535614013672
1148529600,19.082509994506836,12.737378120422363
1148616000,18.8874454498291,12.636565208435059
1148961600,18.772701263427734,12.461978912353516
1149048000,19.030872344970703,12.393132209777832
1149134400,19.323486328125,12.516075134277344
1149220800,19.225942611694336,12.508699417114258
1149480000,19.019405364990234,12.289854049682617
1149566400,19.111204147338867,12.430009841918945
1149652800,19.116947174072266,12.688200950622559
1149739200,19.329221725463867,12.666070938110352
1149825600,19.15135955810547,12.715254783630371
1150084800,18.89318084716797,12.41525936126709
1150171200,18.32518768310547,12.213627815246582
1150257600,18.847286224365234,12.287393569946289
1150344000,19.134153366088867,12.639029502868652
1150430400,19.01365852355957,12.764433860778809
1150689600,18.847286224365234,12.764433860778809
1150776000,18.9103946685791,12.705419540405273
1150862400,19.162837982177734,12.747215270996094
1150948800,18.675161361694336,12.405425071716309
1151035200,18.703845977783203,12.275102615356445
1151294400,18.738265991210938,12.267721176147461
1151380800,18.65220832824707,12.134937286376953
1151467200,18.342397689819336,12.063628196716309
1151553600,19.254636764526367,12.388211250305176
1151640000,19.277584075927734,12.361161231994629
1151899200,19.489864349365234,12.528366088867188
1152072000,19.369384765625,12.439850807189941
1152158400,19.329221725463867,12.506237030029297
1152244800,19.036619186401367,12.378375053405762
1152504000,19.323486328125,12.398046493530273
1152590400,19.667736053466797,12.346407890319824
1152676800,19.398069381713867,12.020855903625488
1152763200,19.030872344970703,11.892607688903809
1152849600,18.95628547668457,11.766827583312988
1153108800,19.920166015625,11.875338554382324
1153195200,19.971805572509766,11.739691734313965
1153281600,20.13245391845703,12.117042541503906
1153368000,19.891477584838867,11.345080375671387
1153454400,19.908702850341797,11.08118724822998
1153713600,19.98902130126953,11.226698875427246
1153800000,19.943113327026367,11.283426284790039
1153886400,19.765262603759766,11.241497039794922
1153972800,19.925899505615234,11.219298362731934
1154059200,20.247203826904297,11.100913047790527
1154318400,20.30457305908203,11.098447799682617
1154404800,20.12671661376953,11.128046035766602
1154491200,20.419328689575195,11.327818870544434
1154577600,20.562763214111328,11.557188987731934
1154664000,20.316049575805664,11.591717720031738
1154923200,20.384897232055664,11.569518089294434
1155009600,20.1726131439209,11.419069290161133
1155096000,19.713623046875,11.276021957397461
1155182400,20.00623321533203,11.500458717346191
1155268800,19.902957916259766,11.382075309753418
1155528000,19.920166015625,11.52759075164795
1155614400,20.36768913269043,11.798887252807617
1155700800,20.637344360351562,11.971529006958008
1155787200,20.79225730895996,12.154035568237305
1155873600,20.757823944091797,12.109640121459961
1156132800,20.488174438476562,12.001124382019043
1156219200,20.425052642822266,11.934534072875977
1156305600,20.419328689575195,11.838345527648926
1156392000,20.585708618164062,11.75202751159668
1156478400,20.2127742767334,11.719961166381836
1156737600,20.545543670654297,11.867939949035645
1156824000,20.700458526611328,12.149099349975586
1156910400,20.74062728881836,12.060319900512695
1156996800,20.597183227539062,12.055380821228027
1157083200,21.09059715270996,12.17870044708252
1157428800,21.027488708496094,12.284750938415527
1157515200,20.780771255493164,12.08745002746582
1157601600,20.952899932861328,12.008522033691406
1157688000,21.515161514282227,12.24528980255127
1157947200,21.297143936157227,12.622634887695312
1158033600,21.91677474975586,12.866799354553223
1158120000,21.710233688354492,12.960524559020996
1158206400,21.417627334594727,13.06904125213623
1158292800,21.647123336791992,13.046845436096191
1158552000,21.469261169433594,12.903793334960938
1158638400,21.561063766479492,12.950658798217773
1158724800,21.675800323486328,13.029582023620605
1158811200,21.997108459472656,12.962993621826172
1158897600,21.92251205444336,12.945724487304688
1159156800,22.289703369140625,13.009849548339844
1159243200,22.410194396972656,13.17016315460205
1159329600,22.84623146057129,13.073972702026367
1159416000,22.714279174804688,12.985184669494629
1159502400,22.44461441040039,12.837206840515137
1159761600,22.66836929321289,12.913663864135742
1159848000,22.765914916992188,13.056705474853516
1159934400,22.949495315551758,13.426656723022461
1160020800,22.834758758544922,13.379796028137207
1160107200,23.012619018554688,13.31814193725586
1160366400,23.27652931213379,13.315677642822266
1160452800,23.43144416809082,13.542579650878906
1160539200,23.66666603088379,13.495588302612305
1160625600,24.228946685791016,14.610946655273438
1160712000,24.160091400146484,14.351269721984863
1160971200,24.165828704833984,14.319129943847656
1161057600,23.867490768432617,14.333961486816406
1161144000,23.79289436340332,14.361164093017578
1161230400,23.391281127929688,14.291924476623535
1161316800,23.79289436340332,14.356216430664062
1161576000,24.177309036254883,14.895345687866211
1161662400,24.24042320251465,15.009110450744629
1161748800,24.096973419189453,14.835996627807617
1161835200,24.160091400146484,14.90771770477295
1161921600,23.79289436340332,14.581267356872559
1162184400,24.05108070373535,14.863201141357422
1162270800,24.05108070373535,14.70492172241211
1162357200,24.016660690307617,14.712336540222168
1162443600,24.12566375732422,14.68266773223877
1162530000,23.660947799682617,14.348794937133789
1162789200,23.999446868896484,14.605996131896973
1162875600,23.90764617919922,14.687606811523438
1162962000,24.114200592041016,14.638143539428711
1163048400,24.14861297607422,14.677715301513672
1163134800,24.07977867126465,15.021474838256836
1163394000,24.397151947021484,15.038786888122559
1163480400,24.256092071533203,15.30588436126709
1163566800,24.15617561340332,15.365232467651367
1163653200,24.491188049316406,15.540824890136719
1163739600,24.579345703125,15.333084106445312
1163998800,24.62049102783203,15.523510932922363
1164085200,24.72040557861328,15.513622283935547
1164171600,24.77330780029297,15.696626663208008
1164344400,24.614612579345703,15.610068321228027
1164603600,24.15617561340332,15.061042785644531
1164690000,24.33249855041504,15.283621788024902
1164776400,24.59697723388672,15.234153747558594
1164862800,24.66750144958496,15.132763862609863
1164949200,24.732154846191406,15.073418617248535
1165208400,24.97900390625,15.241583824157715
1165294800,25.125951766967773,15.644681930541992
1165381200,25.249378204345703,15.402331352233887
1165467600,25.437450408935547,15.105560302734375
1165554000,25.719560623168945,14.769222259521484
1165813200,25.613779067993164,14.714818000793457
1165899600,25.296390533447266,14.33890438079834
1165986000,25.619647979736328,14.49223804473877
1166072400,25.678422927856445,14.556530952453613
1166158800,25.51385498046875,14.512024879455566
1166418000,25.55499839782715,14.467503547668457
1166504400,25.85474967956543,14.5787935256958
1166590800,25.778352737426758,14.603522300720215
1166677200,25.784225463867188,14.47986888885498
1166763600,25.60790252685547,14.534284591674805
1167109200,25.748950958251953,14.52685546875
1167195600,26.054588317871094,14.638143539428711
1167282000,26.072208404541016,14.615893363952637
1167368400,26.054588317871094,14.541701316833496
1167800400,25.784225463867188,14.556530952453613
1167886800,25.590261459350586,14.516968727111816
1167973200,25.590261459350586,14.39084243774414
1168232400,25.690189361572266,14.356216430664062
1168318800,25.737215042114258,14.410629272460938
1168405200,26.0134334564209,14.584190368652344
1168491600,26.16037368774414,14.876765251159668
1168578000,25.98992919921875,14.84453296661377
1168923600,26.195629119873047,14.928834915161133
1169010000,26.366073608398438,14.839569091796875
1169096400,26.20740509033203,14.656089782714844
1169182800,26.336700439453125,14.628817558288574
1169442000,26.066326141357422,14.63377857208252
1169528400,26.360214233398438,14.673447608947754
1169614800,25.95467185974121,14.7379150390625
1169701200,25.27288246154785,14.621384620666504
1169787600,25.231740951538086,14.688323020935059
1170046800,25.408058166503906,14.599064826965332
1170133200,25.725444793701172,14.643692016601562
1170219600,26.066326141357422,14.879240036010742
1170306000,26.14274024963379,14.76766586303711
1170392400,26.178009033203125,14.794934272766113
1170651600,26.17212677001953,14.772624015808105
1170738000,26.313182830810547,15.005697250366211
1170824400,26.283798217773438,15.094951629638672
1170910800,26.066326141357422,15.072648048400879
1170997200,26.189756393432617,14.99825668334961
1171256400,26.289676666259766,15.070162773132324
1171342800,26.389602661132812,14.817259788513184
1171429200,26.460126876831055,14.884199142456055
1171515600,26.43661117553711,14.970983505249023
1171602000,26.636445999145508,14.943711280822754
1171947600,26.918563842773438,15.38753604888916
1172034000,27.01848030090332,15.275954246520996
1172120400,27.06549072265625,15.139592170715332
1172206800,27.04198455810547,15.003216743469238
1172466000,26.918563842773438,14.68337345123291
1172552400,26.1309871673584,14.19243049621582
1172638800,25.678422927856445,14.365996360778809
1172725200,25.919408798217773,14.1651611328125
1172811600,25.666667938232422,14.011434555053711
1173070800,25.219980239868164,13.731254577636719
1173157200,25.33165740966797,14.115570068359375
1173243600,25.33165740966797,14.222746849060059
1173330000,25.649032592773438,14.372304916381836
1173416400,25.948795318603516,14.387261390686035
1173672000,26.254417419433594,14.454558372497559
1173758400,25.55499839782715,14.295039176940918
1173844800,25.65491485595703,14.35734748840332
1173931200,25.549123764038086,14.524359703063965
1174017600,25.55499839782715,14.392247200012207
1174276800,25.784225463867188,14.62655258178711
1174363200,26.04283332824707,14.616582870483398
1174449600,26.21915626525879,14.815994262695312
1174536000,26.148630142211914,14.736231803894043
1174622400,26.47774887084961,14.818485260009766
1174881600,26.518901824951172,14.661454200744629
1174968000,26.471881866455078,14.544301986694336
1175054400,26.348459243774414,14.469524383544922
1175140800,26.371950149536133,14.382283210754395
1175227200,26.47774887084961,14.397234916687012
1175486400,26.34257698059082,14.511899948120117
1175572800,26.601171493530273,14.643999099731445
1175659200,26.583553314208984,14.571714401245117
1175745600,26.906803131103516,14.6639404296875
1176091200,27.324100494384766,14.713793754577637
1176177600,27.218313217163086,14.88329792022705
1176264000,27.294719696044922,14.686370849609375
1176350400,27.406389236450195,14.75616455078125
1176436800,28.000003814697266,14.863347053527832
1176696000,28.270368576049805,15.222280502319336
1176782400,28.80521011352539,15.197354316711426
1176868800,28.728803634643555,15.242220878601074
1176955200,28.670034408569336,15.12507438659668
1177041600,28.423179626464844,15.222280502319336
1177300800,28.587749481201172,15.199844360351562
1177387200,28.487834930419922,15.249709129333496
1177473600,28.581863403320312,15.456592559814453
1177560000,28.93451690673828,15.553797721862793
1177646400,28.76993751525879,15.663471221923828
1177905600,28.37615966796875,15.419198989868164
1177992000,28.881608963012695,15.733266830444336
1178078400,29.39883041381836,16.63309669494629
1178164800,29.33418846130371,16.478544235229492
1178251200,29.340051651000977,16.702880859375
1178510400,29.09319496154785,16.62810516357422
1178596800,28.98741340637207,16.663005828857422
1178683200,29.293020248413086,16.692914962768555
1178769600,29.387086868286133,16.53089714050293
1178856000,29.769105911254883,16.623125076293945
1179115200,29.757347106933594,16.478544235229492
1179201600,30.13349151611328,16.358911514282227
1179288000,30.544923782348633,16.50596809387207
1179374400,30.715375900268555,16.538375854492188
1179460800,30.756519317626953,16.672971725463867
1179720000,30.721254348754883,16.737783432006836
1179806400,30.85641860961914,16.879850387573242
1179892800,30.309831619262695,16.70787811279297
1179979200,29.95130729675293,16.70537567138672
1180065600,29.916034698486328,16.775165557861328
1180411200,29.74559783935547,16.805089950561523
1180497600,29.522241592407227,16.757720947265625
1180584000,29.710325241088867,16.879850387573242
1180670400,29.945430755615234,17.011962890625
1180929600,30.03358268737793,17.134103775024414
1181016000,29.886640548706055,17.016952514648438
1181102400,29.763233184814453,16.902294158935547
1181188800,29.510488510131836,16.503477096557617
1181275200,30.21578598022461,16.755229949951172
1181534400,30.121742248535156,16.887340545654297
1181620800,30.256921768188477,16.660505294799805
1181707200,30.67422866821289,16.887340545654297
1181793600,30.70949363708496,16.899799346923828
1181880000,30.6624698638916,17.004491806030273
1182139200,30.797645568847656,16.7676944732666
1182225600,30.844680786132812,16.887340545654297
1182312000,30.16876792907715,16.60567283630371
1182398400,30.01595687866211,16.316532135009766
1182484800,29.633913040161133,16.15949821472168
1182744000,30.15113067626953,16.102169036865234
1182830400,30.415626525878906,16.094688415527344
1182916800,30.17464828491211,16.137067794799805
1183003200,29.886640548706055,16.24176025390625
1183089600,29.833759307861328,16.311552047729492
1183348800,30.19816017150879,16.620628356933594
1183435200,30.20991325378418,16.839975357055664
1183608000,30.098237991333008,16.83498764038086
1183694400,30.227542877197266,16.974584579467773
1183953600,30.057096481323242,16.84994888305664
1184040000,29.586912155151367,16.426206588745117
1184126400,29.81026268005371,17.23248863220215
1184212800,30.356843948364258,17.1373348236084
1184299200,30.50965690612793,17.267541885375977
1184558400,30.621335983276367,17.067224502563477
1184644800,30.656599044799805,17.027164459228516
1184731200,30.680116653442383,17.152366638183594
1184817600,30.956336975097656,17.172401428222656
1184904000,30.615455627441406,17.092267990112305
1185163200,30.85641860961914,17.427804946899414
1185249600,30.298078536987305,16.967073440551758
1185336000,29.95130729675293,16.806806564331055
1185422400,29.09319496154785,16.10068702697754
1185508800,28.65827751159668,15.92039966583252
1185768000,28.440814971923828,16.180814743041992
1185854400,28.13518524169922,16.04560089111328
1185940800,28.370281219482422,15.83526611328125
1186027200,28.79345703125,16.005531311035156
1186113600,28.517215728759766,15.675013542175293
1186372800,29.0697021484375,16.060626983642578
1186459200,29.22838020324707,15.985499382019043
1186545600,29.55752182006836,15.930415153503418
1186632000,29.34593391418457,15.074047088623047
1186718400,29.040315628051758,15.619915962219238
1186977600,28.628894805908203,15.384551048278809
1187064000,28.211589813232422,15.309426307678223
1187150400,27.95298957824707,14.833670616149902
1187236800,28.252742767333984,15.149169921875
1187323200,27.958850860595703,15.675013542175293
1187582400,28.382049560546875,15.6449613571167
1187668800,28.487834930419922,15.830263137817383
1187755200,29.01091194152832,16.12071990966797
1187841600,29.298898696899414,16.130735397338867
1187928000,29.457599639892578,16.576448440551758
1188187200,29.075563430786133,16.386137008666992
1188273600,28.587749481201172,16.160785675048828
1188360000,28.9110050201416,16.19584083557129
1188446400,28.69940948486328,16.20585823059082
1188532800,28.94626808166504,16.386137008666992
1188878400,29.187244415283203,16.371122360229492
1188964800,28.940385818481445,16.386137008666992
1189051200,29.24600601196289,16.295995712280273
1189137600,28.940385818481445,15.88033676147461
1189396800,29.475238800048828,15.770156860351562
1189483200,30.42150115966797,15.965468406677246
1189569600,30.09235954284668,15.750129699707031
1189656000,31.914371490478516,16.07063865661621
1189742400,32.59027862548828,16.275968551635742
1190001600,32.11420440673828,16.235897064208984
1190088000,32.33754348754883,16.746721267700195
1190174400,32.566749572753906,17.152366638183594
1190260800,32.24938201904297,17.04218864440918
1190347200,32.208248138427734,17.167390823364258
1190606400,32.30226516723633,17.092267990112305
1190692800,31.826204299926758,16.691635131835938
1190779200,32.208248138427734,16.731693267822266
1190865600,32.067176818847656,16.87192153930664
1190952000,32.014286041259766,16.94203758239746
1191211200,32.91938400268555,17.252521514892578
1191297600,32.8841438293457,17.162382125854492
1191384000,32.97816848754883,17.112300872802734
1191470400,32.93703079223633,16.886940002441406
1191556800,33.13098907470703,17.202442169189453
1191816000,33.42485046386719,18.173988342285156
1191902400,33.724609375,19.085453033447266
1191988800,33.518890380859375,19.160863876342773
1192075200,33.06044387817383,18.703340530395508
1192161600,33.51303482055664,18.72344970703125
1192420800,33.02519607543945,18.557523727416992
1192507200,33.38959884643555,18.758642196655273
1192593600,33.477760314941406,18.869253158569336
1192680000,33.377830505371094,18.97484016418457
1192766400,33.160369873046875,18.839088439941406
1193025600,32.92527770996094,18.849140167236328
1193112000,33.48363494873047,18.894390106201172
1193198400,33.58941650390625,19.080419540405273
1193284800,34.130149841308594,19.64353370666504
1193371200,34.3652458190918,19.673704147338867
1193630400,34.78254699707031,19.668670654296875
1193716800,34.78254699707031,20.24686622619629
1193803200,35.117549896240234,20.24686622619629
1193889600,34.67674255371094,19.6485595703125
1193976000,34.68850326538086,19.64353370666504
1194238800,35.07052993774414,19.361980438232422
1194325200,35.11167907714844,19.54297637939453
1194411600,34.312347412109375,19.045225143432617
1194498000,34.894203186035156,19.351926803588867
1194584400,34.271209716796875,18.99494743347168
1194843600,34.40639114379883,18.954727172851562
1194930000,34.44258117675781,19.206113815307617
1195016400,34.2012939453125,18.984893798828125
1195102800,34.4908447265625,19.005014419555664
1195189200,35.06386947631836,19.14075469970703
1195448400,35.34736633300781,19.005014419555664
1195534800,35.27498245239258,19.04019546508789
1195621200,34.58132553100586,18.708370208740234
1195794000,34.81656265258789,18.92959213256836
1196053200,34.273681640625,18.55250358581543
1196139600,34.65971755981445,18.532394409179688
1196226000,34.967342376708984,18.698312759399414
1196312400,35.19657897949219,18.703340530395508
1196398800,35.268951416015625,18.678197860717773
1196658000,36.08931350708008,18.53742218017578
1196744400,36.2099494934082,18.58769989013672
1196830800,35.896278381347656,18.678197860717773
1196917200,36.36075973510742,19.63347053527832
1197003600,36.28836441040039,19.849674224853516
1197262800,37.33792495727539,19.819507598876953
1197349200,38.079864501953125,19.54297637939453
1197435600,37.19316101074219,19.718948364257812
1197522000,37.10266876220703,19.804426193237305
1197608400,36.89156723022461,19.3016414642334
1197867600,36.047080993652344,18.854183197021484
1197954000,36.08931350708008,19.231258392333984
1198040400,35.49817657470703,19.070369720458984
1198126800,35.46198272705078,18.77372169494629
1198213200,36.2099494934082,19.34186553955078
1198472400,36.378841400146484,19.437395095825195
1198645200,36.119476318359375,19.46253204345703
1198731600,35.70325469970703,19.085453033447266
1198818000,35.8902587890625,19.377059936523438
1199077200,35.53436279296875,19.24131202697754
1199250000,35.045772552490234,19.045225143432617
1199336400,34.94324493408203,18.77875328063965
1199422800,34.412418365478516,18.512287139892578
1199682000,35.00354766845703,18.944669723510742
1199768400,34.43051528930664,18.46200180053711
1199854800,34.66576385498047,19.26974868774414
1199941200,35.08799743652344,19.688762664794922
1200027600,32.765682220458984,18.34589385986328
1200286800,33.15172576904297,18.593263626098633
1200373200,32.42789840698242,17.507863998413086
1200459600,31.613569259643555,17.194856643676758
1200546000,31.354206085205078,16.897001266479492
1200632400,31.607534408569336,16.856611251831055
1200978000,31.637712478637695,16.720300674438477
1201064400,31.975494384765625,18.08842658996582
1201150800,32.572662353515625,18.830537796020508
1201237200,32.63298797607422,18.2954044342041
1201496400,30.8052978515625,17.997554779052734
1201582800,30.612268447875977,18.083372116088867
1201669200,30.769100189208984,17.56843376159668
1201755600,32.31930923461914,17.245342254638672
1201842000,32.70537185668945,17.79056739807129
1202101200,32.50028991699219,18.078330993652344
1202187600,32.47615432739258,17.548246383666992
1202274000,32.4098014831543,17.25543785095215
1202360400,32.850128173828125,17.346311569213867
1202446800,33.56190490722656,17.240297317504883
1202706000,33.76700210571289,17.376598358154297
1202792400,34.00224304199219,17.603775024414062
1202878800,34.165103912353516,18.02783966064453
1202965200,33.52571105957031,17.593685150146484
1203051600,33.35682678222656,17.8006649017334
1203397200,33.58002471923828,17.684553146362305
1203483600,33.899696350097656,17.6441593170166
1203570000,33.31459426879883,17.44727897644043
1203656400,33.59206771850586,17.593685150146484
1203915600,33.80921936035156,18.340848922729492
1204002000,34.050498962402344,18.562976837158203
1204088400,33.37492752075195,18.285310745239258
1204174800,33.17147445678711,17.815814971923828
1204261200,32.86175537109375,17.391742706298828
1204520400,32.2848014831543,17.477558135986328
1204606800,32.57023239135742,17.67949867248535
1204693200,32.758506774902344,18.27521514892578
1204779600,32.21190643310547,18.09852409362793
1204866000,31.744298934936523,17.735034942626953
1205121600,32.67346954345703,17.76027488708496
1205208000,32.94675064086914,18.290361404418945
1205294400,32.61274337768555,18.300453186035156
1205380800,33.335453033447266,18.537721633911133
1205467200,33.26864242553711,18.189388275146484
1205726400,32.964988708496094,18.401426315307617
1205812800,33.311161041259766,19.027427673339844
1205899200,32.58844757080078,18.27521514892578
1205985600,33.05000686645508,18.881023406982422
1206331200,33.8698616027832,19.13848876953125
1206417600,34.13102340698242,19.27984619140625
1206504000,33.766639709472656,19.13848876953125
1206590400,33.67554473876953,18.89616584777832
1206676800,33.69375228881836,18.603368759155273
1206936000,33.8698616027832,18.785104751586914
1207022400,34.56221389770508,19.517120361328125
1207108800,34.410377502441406,19.683725357055664
1207195200,34.155311584472656,19.471683502197266
1207281600,33.839515686035156,19.628185272216797
1207540800,33.79702377319336,19.557510375976562
1207627200,33.93060302734375,19.456539154052734
1207713600,33.851661682128906,19.046018600463867
1207800000,33.9184684753418,19.14737892150879
1207886400,33.64516830444336,18.99026870727539
1208145600,33.73020935058594,19.046018600463867
1208232000,33.98527145385742,19.289291381835938
1208318400,34.7261848449707,19.45654296875
1208404800,34.817291259765625,19.603517532348633
1208491200,35.40639877319336,20.1306095123291
1208750400,35.6310920715332,19.801176071166992
1208836800,35.43675994873047,19.50722885131836
1208923200,35.64323806762695,20.42454719543457
1209009600,36.18374252319336,20.60194206237793
1209096000,36.238380432128906,20.80466079711914
1209355200,36.1898193359375,20.652616500854492
1209441600,36.56027603149414,20.718502044677734
1209528000,36.18374252319336,20.617137908935547
1209614400,36.99753189086914,20.672889709472656
1209700800,37.01576614379883,20.525920867919922
1209960000,36.9671745300293,20.495508193969727
1210046400,36.736412048339844,20.5613956451416
1210132800,36.062278747558594,20.16607666015625
1210219200,36.29914474487305,20.2877140045166
1210305600,35.97724151611328,20.140743255615234
1210564800,36.9671745300293,20.576601028442383
1210651200,37.149375915527344,20.74890899658203
1210737600,36.70603942871094,20.723575592041016
1210824000,36.96110153198242,20.951642990112305
1210910400,36.76070785522461,20.69316291809082
1211169600,36.71210861206055,20.672889709472656
1211256000,36.24447250366211,20.1306095123291
1211342400,35.69789123535156,19.512285232543945
1211428800,35.54606628417969,19.806236267089844
1211515200,35.06021499633789,19.50722885131836
1211860800,35.29099655151367,19.745426177978516
1211947200,35.64323806762695,19.98869514465332
1212033600,36.12301254272461,20.318126678466797
1212120000,36.02584457397461,20.12046241760254
1212379200,35.55820083618164,19.720081329345703
1212465600,34.956974029541016,19.892396926879883
1212552000,35.212039947509766,19.76062774658203
1212638400,35.48405456542969,20.00897216796875
1212724800,34.81166458129883,19.203134536743164
1212984000,36.25424575805664,19.274091720581055
1213070400,36.53544616699219,19.13724708557129
1213156800,35.911949157714844,18.691246032714844
1213243200,36.272579193115234,18.807819366455078
1213329600,36.64546585083008,19.193002700805664
1213588800,36.63935470581055,19.127105712890625
1213675200,36.19313430786133,18.949718475341797
1213761600,35.58185577392578,18.691246032714844
1213848000,35.81413650512695,18.919313430786133
1213934400,35.08674240112305,18.513870239257812
1214193600,34.84834289550781,18.341550827026367
1214280000,34.85444641113281,18.27059555053711
1214366400,35.48405456542969,18.39223289489746
1214452800,34.50602722167969,17.804330825805664
1214539200,34.53659439086914,17.743513107299805
1214798400,34.365455627441406,17.784067153930664
1214884800,35.019493103027344,17.961444854736328
1214971200,35.105079650878906,17.814464569091797
1215057600,34.95835494995117,17.94624137878418
1215403200,35.062278747558594,18.022268295288086
1215489600,35.77136993408203,18.33648681640625
1215576000,36.21756362915039,18.030794143676758
1215662400,35.72245407104492,17.770954132080078
1215748800,35.03783416748047,18.17854118347168
1216008000,35.50851058959961,18.19892120361328
1216094400,35.79581832885742,18.066455841064453
1216180800,36.77382278442383,18.581035614013672
1216267200,36.90220260620117,17.34807014465332
1216353600,36.94498825073242,17.90851402282715
1216612800,36.523216247558594,17.84227752685547
1216699200,36.74936294555664,18.214204788208008
1216785600,36.468196868896484,18.316099166870117
1216872000,35.67966079711914,17.511117935180664
1216958400,35.85081481933594,17.409212112426758
1217217600,35.325130462646484,17.210512161254883
1217304000,36.492645263671875,17.7454833984375
1217390400,36.95110321044922,18.214204788208008
1217476800,36.547645568847656,18.24987030029297
1217563200,36.53544616699219,18.010412216186523
1217822400,37.0122184753418,18.26006317138672
1217908800,38.100284576416016,19.396211624145508
1217995200,37.9841423034668,19.11090850830078
1218081600,37.812992095947266,18.41290283203125
1218168000,40.14190673828125,19.4726505279541
1218427200,40.31306838989258,19.707008361816406
1218513600,39.08442687988281,19.375835418701172
1218600000,38.37535095214844,18.789920806884766
1218686400,38.8765869140625,19.044666290283203
1218772800,38.894927978515625,19.054861068725586
1219032000,38.68710708618164,18.545372009277344
1219118400,38.17973327636719,18.24987030029297
1219204800,38.161399841308594,18.112306594848633
1219291200,38.08806610107422,18.122507095336914
1219377600,38.76657485961914,18.53009605407715
1219636800,37.94746398925781,18.1326847076416
1219723200,37.97802734375,18.147974014282227
1219809600,37.94746398925781,17.96965217590332
1219896000,38.67620849609375,18.65236473083496
1219982400,38.12889099121094,18.17854118347168
1220328000,38.68851852416992,19.11090850830078
1220414400,37.95669174194336,19.13637924194336
1220500800,36.911224365234375,18.657459259033203
1220587200,37.083404541015625,18.830684661865234
1220846400,38.387176513671875,19.819095611572266
1220932800,38.860713958740234,19.36564826965332
1221019200,38.86687088012695,19.370742797851562
1221105600,39.70323181152344,19.92099380493164
1221192000,39.39573287963867,19.386032104492188
1221451200,39.18666076660156,19.314695358276367
1221537600,39.53718566894531,19.564348220825195
1221624000,38.44867706298828,18.932588577270508
1221710400,39.33424758911133,19.854753494262695
1221796800,39.34654998779297,19.987226486206055
1222056000,38.47943115234375,18.96824836730957
1222142400,37.99359130859375,18.392520904541016
1222228800,37.77833557128906,17.684341430664062
1222315200,38.2949333190918,17.235990524291992
1222401600,38.86687088012695,17.292036056518555
1222660800,36.997314453125,16.36985206604004
1222747200,37.94438552856445,16.61441421508789
1222833600,39.149742126464844,16.680646896362305
1222920000,38.05508041381836,16.06416130065918
1223006400,37.04035568237305,15.687135696411133
1223265600,35.1462287902832,14.423622131347656
1223352000,33.805564880371094,14.010930061340332
1223438400,32.84617233276367,14.163776397705078
1223524800,32.028263092041016,13.593148231506348
1223611200,32.809288024902344,14.04659366607666
1223870400,35.20772171020508,14.866865158081055
1223956800,34.45127868652344,14.67326545715332
1224043200,31.70232391357422,13.468009948730469
1224129600,33.491920471191406,14.191156387329102
1224216000,33.08603286743164,14.257844924926758
1224475200,34.95557403564453,14.914313316345215
1224561600,33.903961181640625,14.273222923278809
1224648000,33.319732666015625,13.678295135498047
1224734400,34.18070602416992,13.75009822845459
1224820800,32.630943298339844,13.344924926757812
1225080000,31.83145523071289,13.45776081085205
1225166400,34.820281982421875,15.001505851745605
1225252800,35.164669036865234,14.606589317321777
1225339200,35.58900833129883,15.170750617980957
1225425600,35.62590408325195,14.878409385681152
1225688400,35.07242202758789,15.181010246276855
1225774800,35.533660888671875,15.693873405456543
1225861200,34.438995361328125,14.529659271240234
1225947600,33.31355667114258,13.878311157226562
1226034000,34.113059997558594,14.016780853271484
1226293200,34.734169006347656,13.673166275024414
1226379600,34.617340087890625,13.26799201965332
1226466000,33.2213249206543,12.883336067199707
1226552400,34.592742919921875,13.36544132232666
1226638800,34.51893615722656,12.811539649963379
1226898000,34.19914245605469,13.078230857849121
1226984400,34.75263214111328,13.01155948638916
1227070800,34.09458923339844,12.544848442077637
1227157200,32.5386962890625,11.411396026611328
1227243600,33.916255950927734,12.421751976013184
1227502800,34.13764572143555,12.985916137695312
1227589200,34.93711853027344,13.124395370483398
1227675600,35.92362594604492,13.714198112487793
1227848400,36.45100784301758,13.816767692565918
1228107600,34.85026168823242,12.806417465209961
1228194000,35.39625930786133,12.939754486083984
1228280400,36.94736862182617,13.868053436279297
1228366800,37.747737884521484,14.211669921875
1228453200,38.91416931152344,14.873283386230469
1228712400,37.79736328125,14.82712173461914
1228798800,37.02802276611328,14.386054039001465
1228885200,38.25649642944336,15.339995384216309
1228971600,37.76634216308594,14.457860946655273
1229058000,37.59261703491211,14.288604736328125
1229317200,37.654666900634766,14.427084922790527
1229403600,39.038246154785156,15.365640640258789
1229490000,38.858333587646484,15.66309642791748
1229576400,38.026947021484375,15.406667709350586
1229662800,37.42509078979492,15.586174964904785
1229922000,38.09518814086914,15.498978614807129
1230008400,37.629844665527344,15.452825546264648
1230094800,38.02072525024414,15.586174964904785
1230267600,37.88422393798828,15.529760360717773
1230526800,37.46232223510742,15.339995384216309
1230613200,38.30612564086914,15.852859497070312
1230699600,38.5853385925293,16.15546417236328
1230872400,39.55323028564453,16.411903381347656
1231131600,39.43534469604492,16.85809898376465
1231218000,38.5543098449707,16.82732582092285
1231304400,37.99591827392578,16.227256774902344
1231390800,37.5491943359375,16.15033531188965
1231477200,37.26997756958008,15.704136848449707
1231736400,37.32583236694336,15.652850151062012
1231822800,36.80466842651367,15.329736709594727
1231909200,35.56997299194336,14.813584327697754
1231995600,35.973270416259766,15.252317428588867
1232082000,37.021820068359375,15.438131332397461
1232427600,35.408668518066406,14.792936325073242
1232514000,36.41997528076172,15.030369758605957
1232600400,36.43240737915039,15.319416046142578
1232686800,35.99809646606445,15.009722709655762
1232946000,36.233848571777344,14.772294998168945
1233032400,36.308319091796875,15.030369758605957
1233118800,36.73020935058594,15.598128318786621
1233205200,36.072540283203125,15.252317428588867
1233291600,35.99809646606445,14.772294998168945
1233550800,35.92362594604492,14.23033618927002
1233637200,36.53166580200195,14.59163761138916
1233723600,35.89881134033203,14.503888130187988
1233810000,36.20903396606445,15.118110656738281
1233896400,36.27106857299805,15.525874137878418
1234155600,36.6185188293457,15.634271621704102
1234242000,35.538978576660156,14.916817665100098
1234328400,35.414859771728516,14.952946662902832
1234414800,35.340415954589844,15.216191291809082
1234501200,35.24734115600586,15.040689468383789
1234846800,34.54624938964844,14.777456283569336
1234933200,34.99917221069336,14.937458038330078
1235019600,34.31669616699219,14.777456283569336
1235106000,33.85756301879883,14.519377708435059
1235365200,33.423240661621094,14.168392181396484
1235451600,33.97542953491211,14.503888130187988
1235538000,33.68384552001953,14.31291675567627
1235624400,32.68816375732422,13.781278610229492
1235710800,32.7194709777832,13.564494132995605
1235970000,32.468971252441406,12.883179664611816
1236056400,32.83219909667969,12.702519416809082
1236142800,33.283058166503906,13.27028751373291
1236229200,31.84905433654785,12.723167419433594
1236315600,32.63806915283203,12.645746231079102
1236571200,32.763301849365234,12.11410903930664
1236657600,32.938636779785156,12.87285041809082
1236744000,31.955480575561523,13.110280990600586
1236830400,32.669376373291016,13.796770095825195
1236916800,32.80088806152344,13.925803184509277
1237176000,32.36880111694336,13.755468368530273
1237262400,33.589900970458984,14.132270812988281
1237348800,34.704566955566406,14.256139755249023
1237435200,34.259944915771484,13.998064041137695
1237521600,33.31435775756836,13.734827041625977
1237780800,34.54174041748047,14.75681209564209
1237867200,33.539794921875,14.570991516113281
1237953600,34.447784423828125,14.674219131469727
1238040000,35.10533905029297,15.41232967376709
1238126400,34.447784423828125,14.860039710998535
1238385600,33.76524353027344,14.276788711547852
1238472000,34.17227554321289,14.183878898620605
1238558400,34.59183120727539,14.607125282287598
1238644800,35.28694152832031,15.500075340270996
1238731200,35.468536376953125,15.65492057800293
1238990400,35.03019714355469,15.4071626663208
1239076800,34.69203186035156,14.95003604888916
1239163200,34.79222106933594,15.339631080627441
1239249600,35.4873161315918,15.729225158691406
1239595200,35.136661529541016,15.578579902648926
1239681600,34.32883071899414,15.324045181274414
1239768000,33.78403091430664,15.718843460083008
1239854400,34.253684997558594,16.52918815612793
1239940800,35.12411117553711,16.659055709838867
1240200000,34.64820861816406,16.2746639251709
1240286400,34.836063385009766,16.71101188659668
1240372800,33.97188949584961,16.669443130493164
1240459200,34.6294059753418,17.931732177734375
1240545600,34.00947189331055,18.113540649414062
1240804800,34.1221923828125,17.936922073364258
1240891200,34.14722442626953,17.562917709350586
1240977600,34.072086334228516,17.578508377075195
1241064000,33.37074279785156,17.3239688873291
1241150400,32.813411712646484,17.19409942626953
1241409600,33.04510498046875,17.68758201599121
1241496000,33.289344787597656,18.2901611328125
1241582400,33.6212158203125,18.362890243530273
1241668800,33.433349609375,17.630447387695312
1241755200,34.391441345214844,17.62005615234375
1242014400,34.065818786621094,17.50577735900879
1242100800,33.796546936035156,17.11098861694336
1242187200,33.4959602355957,16.42011070251465
1242273600,33.54606628417969,16.71101188659668
1242360000,33.4771728515625,17.22526741027832
1242619200,33.94058609008789,17.905759811401367
1242705600,33.73393249511719,17.853818893432617
1242792000,35.22431182861328,17.614870071411133
1242878400,34.87364196777344,17.251243591308594
1242964800,35.74406051635742,17.583696365356445
1243310400,36.84619903564453,18.155101776123047
1243396800,36.207462310791016,17.775896072387695
1243483200,36.40159225463867,17.70317268371582
1243569600,36.94012451171875,17.988866806030273
1243828800,37.4786491394043,18.64339256286621
1243915200,37.810550689697266,18.929092407226562
1244001600,38.19254684448242,19.032987594604492
1244088000,38.03470230102539,18.601829528808594
1244174400,37.801090240478516,18.575857162475586
1244433600,37.07500076293945,18.565475463867188
1244520000,37.30229949951172,18.497941970825195
1244606400,36.84768295288086,18.06159782409668
1244692800,36.41204071044922,17.765506744384766
1244779200,36.84768295288086,18.186269760131836
1245038400,36.48147964477539,17.942123413085938
1245124800,36.033206939697266,17.58889389038086
1245211200,36.222625732421875,17.666805267333984
1245297600,36.72142028808594,17.692785263061523
1245384000,36.72773361206055,17.910961151123047
1245643200,36.11527633666992,17.339548110961914
1245729600,35.83748245239258,16.981121063232422
1245816000,35.547035217285156,16.918790817260742
1245902400,36.279449462890625,17.474609375
1245988800,35.98900604248047,17.261629104614258
1246248000,36.13423156738281,17.30838394165039
1246334400,36.29838943481445,17.318775177001953
1246420800,36.75929641723633,18.191463470458984
1246507200,36.27313232421875,17.791479110717773
1246852800,36.61406326293945,18.103160858154297
1246939200,35.86272430419922,17.921340942382812
1247025600,36.014259338378906,18.2901611328125
1247112000,35.84378433227539,18.18107795715332
1247198400,36.02058029174805,18.170682907104492
1247457600,36.15947341918945,18.52910804748535
1247544000,36.279449462890625,18.820003509521484
1247630400,36.039512634277344,17.780838012695312
1247716800,36.1279182434082,17.571958541870117
1247803200,36.519371032714844,17.551069259643555
1248062400,36.79718017578125,17.598060607910156
1248148800,37.018165588378906,17.43096160888672
1248235200,37.138126373291016,17.587617874145508
1248321600,35.41444778442383,17.60329246520996
1248408000,35.408145904541016,17.702503204345703
1248667200,35.33866500854492,17.780838012695312
1248753600,35.65437698364258,17.74949836730957
1248840000,35.616485595703125,17.728612899780273
1248926400,35.09874725341797,18.433582305908203
1249012800,34.76411437988281,18.51712989807129
1249272000,34.80832290649414,18.663349151611328
1249358400,34.7325439453125,18.924449920654297
1249444800,34.78307342529297,19.091554641723633
1249531200,34.62521743774414,18.825227737426758
1249617600,34.85252380371094,19.091554641723633
1249876800,35.52809143066406,19.07589340209961
1249963200,35.370243072509766,18.344810485839844
1250049600,35.52177810668945,18.38136100769043
1250136000,35.21871566772461,18.329137802124023
1250222400,34.89670944213867,18.245590209960938
1250481600,34.41054916381836,18.015825271606445
1250568000,34.89039993286133,18.203815460205078
1250654400,35.136661529541016,18.240371704101562
1250740800,35.446014404296875,18.423137664794922
1250827200,35.52809143066406,18.809558868408203
1251086400,35.3007926940918,18.355247497558594
1251172800,35.641746520996094,18.36569595336914
1251259200,35.98900604248047,18.292591094970703
1251345600,36.090049743652344,18.224702835083008
1251432000,35.71422576904297,18.23514175415039
1251691200,35.822505950927734,17.885276794433594
1251777600,35.4403190612793,17.60851287841797
1251864000,35.26835632324219,17.420520782470703
1251950400,35.39575958251953,17.530181884765625
1252036800,35.75881576538086,17.775609970092773
1252382400,35.80977249145508,17.853939056396484
1252468800,35.09000778198242,17.545846939086914
1252555200,34.9371337890625,17.509296417236328
1252641600,34.64413833618164,17.44140625
1252900800,34.542213439941406,17.472742080688477
1252987200,35.01995086669922,17.55628204345703
1253073600,35.969017028808594,17.75994873046875
1253160000,35.96263885498047,17.859161376953125
1253246400,36.30659866333008,18.141151428222656
1253505600,35.75881576538086,17.650283813476562
1253592000,35.548614501953125,17.509296417236328
1253678400,35.37664031982422,17.195974349975586
1253764800,35.74608612060547,17.30040740966797
1253851200,36.27473449707031,16.971431732177734
1254110400,36.414894104003906,17.133310317993164
1254196800,36.414894104003906,17.117637634277344
1254283200,36.35118865966797,17.629396438598633
1254369600,36.140987396240234,17.30040740966797
1254456000,36.12187576293945,17.31085205078125
1254715200,36.058189392089844,18.19859504699707
1254801600,36.58684539794922,18.203815460205078
1254888000,36.39576721191406,17.94793701171875
1254974400,36.22378921508789,18.026264190673828
1255060800,36.115516662597656,18.276926040649414
1255320000,36.10276794433594,18.454465866088867
1255406400,36.33844757080078,18.23514175415039
1255492800,36.62507629394531,18.287687301635742
1255579200,37.070945739746094,18.576623916625977
1255665600,37.44038391113281,18.51883316040039
1255924800,37.75885772705078,18.818294525146484
1256011200,37.529537200927734,18.45054054260254
1256097600,37.15374755859375,18.15108871459961
1256184000,37.898990631103516,18.387500762939453
1256270400,37.854408264160156,18.01449966430664
1256529600,37.70790100097656,17.862138748168945
1256616000,37.59323501586914,17.814865112304688
1256702400,37.35120391845703,17.599462509155273
1256788800,37.669681549072266,17.725553512573242
1256875200,37.33210754394531,17.310514450073242
1257138000,37.68241500854492,17.399818420410156
1257224400,37.73339080810547,17.368303298950195
1257310800,38.40217590332031,17.751815795898438
1257397200,39.16017150878906,18.282424926757812
1257483600,39.31303405761719,18.50832748413086
1257742800,39.899044036865234,18.807781219482422
1257829200,39.669734954833984,18.69221305847168
1257915600,40.020050048828125,18.776268005371094
1258002000,39.59967803955078,18.52935218811035
1258088400,40.49777603149414,18.539852142333984
1258347600,41.1028938293457,18.865575790405273
1258434000,40.491397857666016,18.944377899169922
1258520400,40.75255584716797,18.865575790405273
1258606800,40.389488220214844,18.728975296020508
1258693200,40.74618911743164,18.77100944519043
1258952400,40.758934020996094,18.84455680847168
1259038800,40.905433654785156,18.686952590942383
1259125200,41.05192184448242,18.760501861572266
1259298000,40.85920333862305,18.597639083862305
1259557200,40.63434600830078,18.52935218811035
1259643600,40.820648193359375,18.539852142333984
1259730000,40.15251922607422,18.55561637878418
1259816400,39.81201934814453,18.455799102783203
1259902800,39.56789779663086,17.877906799316406
1260162000,39.78632736206055,17.914676666259766
1260248400,38.93830108642578,17.9199275970459
1260334800,38.93187713623047,18.15634536743164
1260421200,39.22098159790039,18.01974868774414
1260507600,39.61287307739258,18.103801727294922
1260766800,39.92123794555664,18.29819107055664
1260853200,39.83127975463867,18.172100067138672
1260939600,40.10111618041992,18.166851043701172
1261026000,39.7798957824707,18.0460147857666
1261112400,39.94052505493164,18.130077362060547
1261371600,40.25529861450195,18.387500762939453
1261458000,40.45447540283203,18.419029235839844
1261544400,40.70501708984375,18.597639083862305
1261630800,40.743560791015625,18.58713722229004
1261976400,40.865623474121094,18.47154998779297
1262062800,40.85276794433594,18.50307846069336
1262149200,40.403076171875,18.497827529907227
1262235600,40.113975524902344,18.37174415588379
1262581200,40.332393646240234,18.434783935546875
1262667600,40.02402114868164,18.37174415588379
1262754000,39.47795867919922,18.240394592285156
1262840400,39.767051696777344,18.235143661499023
1262926800,39.728511810302734,18.240394592285156
1263186000,40.036869049072266,18.55561637878418
1263272400,40.25529861450195,18.90760040283203
1263358800,40.2103385925293,18.96573257446289
1263445200,40.24887466430664,19.17182159423828
1263531600,40.01118469238281,18.849472045898438
1263877200,40.78209686279297,18.838909149169922
1263963600,40.48017501831055,18.574682235717773
1264050000,40.60222244262695,18.47956657409668
1264136400,40.72429656982422,18.120227813720703
1264395600,40.53154373168945,18.114952087402344
1264482000,40.99411392211914,18.14136505126953
1264568400,40.94272994995117,18.395017623901367
1264654800,40.3645133972168,18.14665412902832
1264741200,40.107547760009766,18.077951431274414
1265000400,41.04550552368164,18.717361450195312
1265086800,41.135459899902344,18.928743362426758
1265173200,41.893531799316406,18.67509651184082
1265259600,41.15473175048828,17.649911880493164
1265346000,40.71144104003906,17.427963256835938
1265605200,40.42234802246094,17.290573120117188
1265691600,40.83991622924805,17.47553062438965
1265778000,40.63434600830078,17.523088455200195
1265864400,40.981266021728516,17.644634246826172
1265950800,40.85276794433594,17.6287784576416
1266296400,41.12260437011719,17.755599975585938
1266382800,41.28321838378906,17.787315368652344
1266469200,41.424556732177734,17.792600631713867
1266555600,41.59157943725586,17.856000900268555
1266814800,41.610843658447266,17.79787826538086
1266901200,41.67510223388672,17.745040893554688
1266987600,41.92564392089844,17.813732147216797
1267074000,41.71183395385742,17.808448791503906
1267160400,41.36845779418945,17.81901741027832
1267419600,41.45268249511719,17.9035701751709
1267506000,41.510986328125,18.009252548217773
1267592400,41.225929260253906,17.95113182067871
1267678800,41.0963249206543,17.977548599243164
1267765200,41.25182342529297,18.426725387573242
1268024400,42.19129180908203,18.712081909179688
1268110800,42.1783332824707,19.340927124023438
1268197200,42.07466506958008,19.488887786865234
1268283600,42.249595642089844,19.710838317871094
1268370000,42.45693588256836,19.80066680908203
1268625600,42.716087341308594,19.911645889282227
1268712000,42.80680465698242,19.88521957397461
1268798400,43.00764465332031,20.418941497802734
1268884800,43.202022552490234,20.160005569458008
1268971200,43.10482406616211,20.049028396606445
1269230400,43.41582107543945,20.160005569458008
1269316800,43.636104583740234,20.21285629272461
1269403200,43.27979278564453,20.038467407226562
1269489600,43.34456253051758,20.107158660888672
1269576000,43.57780075073242,20.223424911499023
1269835200,43.454689025878906,20.175859451293945
1269921600,43.564842224121094,20.28154754638672
1270008000,43.22792053222656,20.255126953125
1270094400,43.785125732421875,20.714876174926758
1270440000,44.076683044433594,21.15876007080078
1270526400,43.934139251708984,21.031940460205078
1270612800,43.862876892089844,21.216888427734375
1270699200,44.54964065551758,21.17461395263672
1270785600,44.49781036376953,21.507532119750977
1271044800,44.400638580322266,21.5498104095459
1271131200,44.653324127197266,21.7506103515625
1271217600,44.97724914550781,22.138355255126953
1271304000,44.808815002441406,22.722612380981445
1271390400,44.724578857421875,22.680130004882812
1271649600,45.30120849609375,22.66950035095215
1271736000,45.573326110839844,22.892581939697266
1271822400,45.58628845214844,22.897903442382812
1271908800,46.020381927490234,22.93507957458496
1271995200,46.09812545776367,23.07318115234375
1272254400,46.01390075683594,23.33875274658203
1272340800,45.69643783569336,22.722612380981445
1272427200,45.573326110839844,22.49422264099121
1272513600,46.33783721923828,22.71730613708496
1272600000,45.735313415527344,22.531408309936523
1272859200,46.2730598449707,22.876651763916016
1272945600,45.767704010009766,22.138355255126953
1273032000,45.78066635131836,21.968385696411133
1273118400,44.97724914550781,21.283201217651367
1273204800,44.063716888427734,21.038867950439453
1273464000,45.72883224487305,22.350814819335938
1273550400,45.66404724121094,22.2074031829834
1273636800,45.787147521972656,22.526090621948242
1273723200,45.676998138427734,22.021503448486328
1273809600,45.08740997314453,21.548776626586914
1274068800,45.443763732910156,21.84621810913086
1274155200,45.36600112915039,21.830289840698242
1274241600,44.96432113647461,21.6975040435791
1274328000,43.836952209472656,21.054805755615234
1274414400,43.96653366088867,21.325693130493164
1274673600,43.836952209472656,21.11855125427246
1274760000,43.953582763671875,21.23009490966797
1274846400,42.76791763305664,21.240707397460938
1274932800,43.90474319458008,21.9896297454834
1275019200,43.68913269042969,21.750619888305664
1275364800,43.355918884277344,21.506284713745117
1275451200,44.27716064453125,21.99494743347168
1275537600,44.32940673828125,22.265825271606445
1275624000,43.57807540893555,21.702816009521484
1275883200,43.61072540283203,21.123863220214844
1275969600,44.675697326660156,21.71874237060547
1276056000,44.5972900390625,21.888704299926758
1276142400,45.32250213623047,22.334882736206055
1276228800,45.433570861816406,22.308324813842773
1276488000,45.27676010131836,22.403919219970703
1276574400,45.99544143676758,23.041305541992188
1276660800,45.923580169677734,22.696056365966797
1276747200,45.76676559448242,22.61638832092285
1276833600,45.65568542480469,22.56858253479004
1277092800,45.68183517456055,22.727928161621094
1277179200,44.84555435180664,22.303010940551758
1277265600,44.839019775390625,21.99494743347168
1277352000,44.25101852416992,21.76123809814453
1277438400,44.0484733581543,21.75592613220215
1277697600,43.98967361450195,21.522212982177734
1277784000,43.4212646484375,20.911399841308594
1277870400,43.035789489746094,20.73612403869629
1277956800,43.5845947265625,20.762676239013672
1278043200,43.21218490600586,20.465229034423828
1278388800,43.192588806152344,20.555519104003906
1278475200,43.97660827636719,21.091989517211914
1278561600,45.093807220458984,21.23539924621582
1278648000,45.2244873046875,21.389434814453125
1278907200,45.69490051269531,21.7081241607666
1278993600,46.28290939331055,22.15428352355957
1279080000,46.32212448120117,21.887371063232422
1279166400,46.603057861328125,21.9941349029541
1279252800,45.69490051269531,21.390899658203125
1279512000,45.67530822753906,21.353532791137695
1279598400,46.3025016784668,21.96744155883789
1279684800,45.80598068237305,21.27879524230957
1279771200,46.64879608154297,21.978120803833008
1279857600,45.668758392333984,22.218353271484375
1280116800,46.3025016784668,22.495939254760742
1280203200,45.99544143676758,22.38918113708496
1280289600,45.583831787109375,22.164976119995117
1280376000,45.32902526855469,22.063535690307617
1280462400,45.557701110839844,22.047523498535156
1280721600,45.897438049316406,22.44256019592285
1280808000,46.028106689453125,22.095569610595703
1280894400,46.184906005859375,22.287750244140625
1280980800,46.028106689453125,22.64007568359375
1281067200,46.87091827392578,22.61339569091797
1281326400,47.64186477661133,22.789554595947266
1281412800,47.589595794677734,22.629409790039062
1281499200,46.759857177734375,21.96744155883789
1281585600,47.07999038696289,21.887371063232422
1281672000,46.968936920166016,21.807302474975586
1281931200,46.90359115600586,21.850006103515625
1282017600,47.83784866333008,22.431886672973633
1282104000,47.85745620727539,22.511960983276367
1282190400,47.674522399902344,22.37316131591797
1282276800,47.74639892578125,22.59203338623047
1282536000,47.9162712097168,22.37316131591797
1282622400,47.51120376586914,22.202335357666016
1282708800,47.81828308105469,22.59203338623047
1282795200,47.798667907714844,22.61339569091797
1282881600,48.3409423828125,22.59203338623047
1283140800,47.88018035888672,22.261056900024414
1283227200,48.0908203125,22.261056900024414
1283313600,49.06501388549805,22.741512298583984
1283400000,49.38095474243164,23.408809661865234
1283486400,49.42702865600586,23.67572593688965
1283832000,49.89439010620117,23.638355255126953
1283918400,50.07870864868164,23.76114273071289
1284004800,48.95311737060547,23.408809661865234
1284091200,49.374385833740234,23.766481399536133
1284350400,49.084739685058594,24.310993194580078
1284436800,48.670082092285156,24.300321578979492
1284523200,49.17691421508789,24.513851165771484
1284609600,49.236148834228516,24.460472106933594
1284696000,48.92018508911133,24.42310333251953
1284955200,49.44020462036133,24.866186141967773
1285041600,49.70350646972656,24.79144859313965
1285128000,49.45337677001953,24.807458877563477
1285214400,49.130828857421875,24.460472106933594
1285300800,49.43364715576172,24.823484420776367
1285560000,49.20982360839844,24.754093170166016
1285646400,49.1242561340332,24.79144859313965
1285732800,49.005767822265625,24.706037521362305
1285819200,49.04526901245117,24.588594436645508
1285905600,49.31514358520508,24.81279945373535
1286164800,49.33489227294922,24.78077507019043
1286251200,49.907554626464844,24.98363494873047
1286337600,49.736427307128906,25.28257179260254
1286424000,49.933895111083984,25.20250701904297
1286510400,50.09185791015625,25.437389373779297
1286769600,49.75615692138672,25.4000244140625
1286856000,49.74957275390625,25.57085418701172
1286942400,49.8614616394043,25.737218856811523
1287028800,50.71061706542969,25.984066009521484
1287115200,51.000221252441406,26.214834213256836
1287374400,50.894920349121094,26.091394424438477
1287460800,50.677703857421875,25.592315673828125
1287547200,50.95416259765625,25.994802474975586
1287633600,51.63214111328125,26.18798828125
1287720000,51.70451736450195,26.601205825805664
1287979200,51.80330276489258,26.76755714416504
1288065600,51.842777252197266,26.729999542236328
1288152000,51.000221252441406,26.316776275634766
1288238400,51.000221252441406,26.43483543395996
1288324800,51.19110870361328,26.595834732055664
1288584000,51.263526916503906,26.724634170532227
1288670400,51.60578536987305,27.121734619140625
1288756800,51.671630859375,27.282739639282227
1288843200,52.119232177734375,27.626184463500977
1288929600,52.19822311401367,27.545682907104492
1289192400,52.20479965209961,27.73887062072754
1289278800,52.066585540771484,27.186134338378906
1289365200,52.329864501953125,27.57788848876953
1289451600,52.46149444580078,27.851566314697266
1289538000,51.90201187133789,27.255897521972656
1289797200,52.04680633544922,27.432987213134766
1289883600,50.96074676513672,26.44557762145996
1289970000,51.5860481262207,26.63876724243164
1290056400,52.013916015625,27.127105712890625
1290142800,52.422027587890625,27.255897521972656
1290402000,52.34302520751953,27.175403594970703
1290488400,52.00733184814453,26.670955657958984
1290574800,52.316707611083984,27.132471084594727
1290747600,51.69796371459961,26.858793258666992
1291006800,51.916893005371094,26.842679977416992
1291093200,51.943416595458984,26.87488555908203
1291179600,52.60017776489258,27.051986694335938
1291266000,52.659881591796875,27.336397171020508
1291352400,52.91195297241211,27.137842178344727
1291611600,52.79255676269531,26.783655166625977
1291698000,53.29670715332031,27.057348251342773
1291784400,52.23529052734375,26.976848602294922
1291870800,51.48567581176758,26.64948844909668
1291957200,51.45248794555664,26.971477508544922
1292216400,51.15398025512695,26.547536849975586
1292302800,51.15398025512695,26.542173385620117
1292389200,51.06773376464844,26.477773666381836
1292475600,50.88862991333008,26.842679977416992
1292562000,50.95494079589844,26.858793258666992
1292821200,51.02791976928711,26.628032684326172
1292907600,50.988128662109375,26.842679977416992
1292994000,51.087650299072266,26.880247116088867
1293080400,51.05448532104492,26.64948844909668
1293426000,50.702880859375,26.574363708496094
1293512400,50.702880859375,26.41875457763672
1293598800,51.07438278198242,26.617307662963867
1293685200,50.92180633544922,26.461681365966797
1293771600,50.92180633544922,26.3221492767334
1294030800,50.815650939941406,26.343608856201172
1294117200,49.296485900878906,25.94114112854004
1294203600,49.528682708740234,26.064565658569336
1294290000,49.23013687133789,26.247020721435547
1294376400,49.336307525634766,26.574363708496094
1294635600,48.7989616394043,26.6119441986084
1294722000,49.02449417114258,26.44021224975586
1294808400,48.82548904418945,26.51032257080078
1294894800,48.20851135253906,26.375490188598633
1294981200,49.13064956665039,25.803756713867188
1295326800,49.541934967041016,26.56426239013672
1295413200,49.98640823364258,26.585838317871094
1295499600,49.860374450683594,26.235244750976562
1295586000,49.7608642578125,26.035680770874023
1295845200,50.00632095336914,26.051864624023438
1295931600,50.072654724121094,25.89004898071289
1296018000,49.867000579833984,25.7659969329834
1296104400,49.323001861572266,25.668895721435547
1296190800,48.61319351196289,25.027048110961914
1296450000,48.87192916870117,25.221223831176758
1296536400,48.73925018310547,25.577207565307617
1296622800,48.85201644897461,25.74441909790039
1296709200,48.978050231933594,26.55348014831543
1296795600,49.1240234375,26.591230392456055
1297054800,48.725975036621094,26.645174026489258
1297141200,49.99304962158203,26.747661590576172
1297227600,50.37117385864258,26.699113845825195
1297314000,50.2584228515625,26.828569412231445
1297400400,50.510498046875,26.84474754333496
1297659600,50.576839447021484,27.130603790283203
1297746000,50.517127990722656,27.36254119873047
1297832400,50.43088150024414,27.605260848999023
1297918800,50.40436553955078,27.713144302368164
1298005200,50.503849029541016,27.599863052368164
1298350800,50.21859359741211,26.817779541015625
1298437200,49.880279541015625,26.57505989074707
1298523600,49.89353561401367,26.628986358642578
1298610000,49.78652572631836,26.974199295043945
1298869200,50.61585998535156,27.146793365478516
1298955600,50.087501525878906,26.88788604736328
1299042000,49.9537239074707,26.688323974609375
1299128400,50.99039840698242,27.32478141784668
1299214800,50.84994888305664,27.491989135742188
1299474000,51.02383041381836,27.4218807220459
1299560400,50.52223587036133,28.12846565246582
1299646800,50.6827392578125,28.403535842895508
1299733200,51.2846794128418,28.50601577758789
1299819600,51.31810760498047,28.360401153564453
1300075200,50.60918426513672,27.993608474731445
1300161600,50.24131774902344,27.4812068939209
1300248000,49.07756805419922,27.427255630493164
1300334400,49.09097671508789,27.50277328491211
1300420800,48.81674575805664,27.5081787109375
1300680000,49.33173370361328,27.643024444580078
1300766400,49.40531539916992,27.41108512878418
1300852800,49.84672164916992,27.55671501159668
1300939200,50.114234924316406,27.993608474731445
1301025600,50.328277587890625,27.961246490478516
1301284800,50.16106414794922,27.761674880981445
1301371200,50.408512115478516,27.66998863220215
1301457600,50.70279312133789,27.90190887451172
1301544000,50.890071868896484,27.713144302368164
1301630400,50.82319641113281,27.723928451538086
1301889600,51.0907096862793,27.438068389892578
1301976000,51.231163024902344,26.94722557067871
1302062400,51.3114013671875,27.022729873657227
1302148800,50.83656311035156,26.655954360961914
1302235200,50.856632232666016,26.742252349853516
1302494400,50.997074127197266,26.952619552612305
1302580800,51.271297454833984,26.89328384399414
1302667200,51.42512512207031,27.0938663482666
1302753600,51.545509338378906,27.473325729370117
1302840000,51.752830505371094,27.71184539794922
1303099200,51.49869155883789,27.310701370239258
1303185600,51.231163024902344,27.587158203125
1303272000,52.43500518798828,27.94495391845703
1303358400,51.4384880065918,29.08334732055664
1303704000,51.58563995361328,28.83940887451172
1303790400,51.458560943603516,28.28647232055664
1303876800,52.080562591552734,28.351524353027344
1303963200,52.18757247924805,28.638835906982422
1304049600,52.37483596801758,29.077919006347656
1304308800,52.59557342529297,29.002033233642578
1304395200,52.796180725097656,29.256820678710938
1304481600,52.883113861083984,28.964088439941406
1304568000,52.56879806518555,28.866504669189453
1304654400,52.63569641113281,29.077919006347656
1304913600,53.04365539550781,29.4574031829834
1305000000,53.31117630004883,29.750123977661133
1305086400,53.17741394042969,29.592918395996094
1305172800,53.9465446472168,29.668811798095703
1305259200,54.000064849853516,29.73928451538086
1305518400,54.267581939697266,29.31645965576172
1305604800,54.127140045166016,29.630855560302734
1305691200,54.508338928222656,30.151260375976562
1305777600,55.183868408203125,30.731321334838867
1305864000,55.063472747802734,30.498218536376953
1306123200,55.177162170410156,30.254274368286133
1306209600,55.270809173583984,30.178377151489258
1306296000,55.32430648803711,30.281370162963867
1306382400,55.130374908447266,30.395219802856445
1306468800,54.99559020996094,30.059110641479492
1306814400,54.941680908203125,29.988645553588867
1306900800,54.564369201660156,29.522445678710938
1306987200,54.409385681152344,29.5387020111084
1307073600,54.26789474487305,29.500755310058594
1307332800,54.37570571899414,29.208036422729492
1307419200,54.67218017578125,29.35439682006836
1307505600,54.678890228271484,29.034564971923828
1307592000,54.75303268432617,29.110448837280273
1307678400,54.14661407470703,28.62256622314453
1307937600,54.39593505859375,28.74725341796875
1308024000,54.89451599121094,29.262243270874023
1308110400,54.739532470703125,29.289348602294922
1308196800,55.12362289428711,29.506174087524414
1308283200,55.60200119018555,29.72300910949707
1308542400,55.71656036376953,29.58208465576172
1308628800,55.79068374633789,30.08080291748047
1308715200,55.689632415771484,29.674238204956055
1308801600,55.44703674316406,29.48992156982422
1308888000,55.14384460449219,29.18635368347168
1309147200,55.467262268066406,29.48992156982422
1309233600,56.83507537841797,30.015748977661133
1309320000,56.98329544067383,29.939849853515625
1309406400,56.814849853515625,29.945276260375977
1309492800,57.711036682128906,30.763839721679688
1309838400,57.704254150390625,30.682518005371094
1309924800,57.85249328613281,30.438583374023438
1310011200,57.987266540527344,30.135011672973633
1310097600,57.67732238769531,30.14584732055664
1310356800,57.508853912353516,30.09165382385254
1310443200,57.26627731323242,29.939849853515625
1310529600,57.24607467651367,30.2666072845459
1310616000,57.81880569458008,30.696788787841797
1310702400,57.59646987915039,30.22848892211914
1310961600,57.542564392089844,29.869064331054688
1311048000,58.088321685791016,30.037870407104492
1311134400,58.12876510620117,29.591354370117188
1311220800,58.310691833496094,29.678485870361328
1311307200,59.671775817871094,29.716590881347656
1311566400,59.375308990478516,29.31906509399414
1311652800,59.30789566040039,29.259166717529297
1311739200,58.6812858581543,28.53489112854004
1311825600,58.4724006652832,28.687362670898438
1311912000,58.270263671875,28.763620376586914
1312171200,58.20961380004883,28.67647933959961
1312257600,57.3134765625,27.761608123779297
1312344000,57.63687515258789,27.799741744995117
1312430400,56.787906646728516,27.440332412719727
1312516800,57.32693862915039,27.614604949951172
1312776000,55.32575607299805,26.040807723999023
1312862400,57.919891357421875,27.413105010986328
1312948800,56.65312576293945,26.285865783691406
1313035200,58.135498046875,28.017549514770508
1313121600,58.28374481201172,27.957660675048828
1313380800,58.499359130859375,28.099246978759766
1313467200,58.39825439453125,27.788856506347656
1313553600,58.957523345947266,27.957660675048828
1313640000,57.684043884277344,26.645273208618164
1313726400,58.77564239501953,26.906667709350586
1313985600,59.13275909423828,27.200725555419922
1314072000,60.32535171508789,28.11557960510254
1314158400,60.72963333129883,28.888858795166016
1314244800,59.772823333740234,28.159149169921875
1314331200,60.59487533569336,28.736392974853516
1314590400,61.1743278503418,29.40618896484375
1314676800,61.58135223388672,29.417085647583008
1314763200,61.33034896850586,29.60768699645996
1314849600,61.09975814819336,29.324508666992188
1314936000,60.43492889404297,28.671037673950195
1315281600,60.25179672241211,28.60024642944336
1315368000,60.57059860229492,29.286386489868164
1315454400,60.109317779541016,29.0631103515625
1315540800,57.6807975769043,28.061126708984375
1315800000,58.46770095825195,28.349742889404297
1315886400,58.420230865478516,28.442304611206055
1315972800,58.847557067871094,29.02499771118164
1316059200,59.743011474609375,29.215604782104492
1316145600,59.892242431640625,29.324508666992188
1316404800,60.24500274658203,29.825498580932617
1316491200,60.584163665771484,29.70025634765625
1316577600,59.36990737915039,28.6165828704834
1316664000,58.33205795288086,27.756179809570312
1316750400,59.2681884765625,28.13191795349121
1317009600,60.60452651977539,28.643810272216797
1317096000,60.87587356567383,29.057668685913086
1317182400,59.71587371826172,28.627473831176758
1317268800,60.22464370727539,26.977460861206055
1317355200,59.573421478271484,26.895769119262695
1317614400,58.35236358642578,26.383878707885742
1317700800,58.66439437866211,26.923006057739258
1317787200,58.223472595214844,26.204181671142578
1317873600,59.09178924560547,26.863107681274414
1317960000,59.15283203125,26.814090728759766
1318219200,60.041507720947266,27.71805191040039
1318305600,60.60452651977539,28.251731872558594
1318392000,59.939735412597656,27.942358016967773
1318478400,60.584163665771484,28.807506561279297
1318564800,61.01152801513672,28.550153732299805
1318824000,60.143253326416016,27.997108459472656
1318910400,60.80802536010742,28.62681007385254
1318996800,60.79445266723633,28.265413284301758
1319083200,60.38067626953125,28.56108856201172
1319169600,62.626041412353516,29.42626190185547
1319428800,62.415748596191406,29.278425216674805
1319515200,62.25292205810547,28.933446884155273
1319601600,62.259708404541016,29.048431396484375
1319688000,63.43326950073242,29.78217124938965
1319774400,63.284034729003906,29.645275115966797
1320033600,62.98554992675781,29.333166122436523
1320120000,62.347896575927734,28.812976837158203
1320206400,62.76848602294922,29.103200912475586
1320292800,63.087318420410156,29.590526580810547
1320379200,63.63679504394531,29.557676315307617
1320642000,64.1862564086914,29.91358184814453
1320728400,64.17267608642578,30.461156845092773
1320814800,62.84987258911133,30.012157440185547
1320901200,63.26369094848633,29.97382926940918
1320987600,64.28121948242188,30.559730529785156
1321246800,63.80638122558594,30.274982452392578
1321333200,64.08451080322266,30.340696334838867
1321419600,63.189064025878906,29.836931228637695
1321506000,62.60566329956055,29.44268226623535
1321592400,62.91092300415039,29.48101806640625
1321851600,62.598899841308594,29.289358139038086
1321938000,62.84987258911133,29.847875595092773
1322024400,62.32076644897461,29.119606018066406
1322197200,62.47678756713867,28.86772346496582
1322456400,63.602874755859375,29.86431312561035
1322542800,63.8762321472168,30.055959701538086
1322629200,65.2841796875,30.6856632232666
1322715600,65.27050018310547,30.822553634643555
1322802000,65.40721130371094,30.8006649017334
1323061200,65.1679916381836,31.26060676574707
1323147600,65.61906433105469,31.39202308654785
1323234000,65.91979217529297,31.764373779296875
1323320400,66.24102020263672,31.479633331298828
1323406800,66.99964904785156,31.737001419067383
1323666000,67.30721282958984,32.28456115722656
1323752400,66.97916412353516,31.912200927734375
1323838800,66.71263122558594,31.413921356201172
1323925200,67.07484436035156,31.485109329223633
1324011600,66.63059997558594,31.594623565673828
1324270800,66.45972442626953,31.539873123168945
1324357200,67.53961181640625,31.939584732055664
1324443600,67.79931640625,31.999818801879883
1324530000,67.38922882080078,31.97244644165039
1324616400,68.44860076904297,32.322898864746094
1324962000,68.72200012207031,32.470726013183594
1325048400,68.05902862548828,32.29549789428711
1325134800,68.899658203125,32.62404251098633
1325221200,68.5716323852539,32.31193542480469
1325566800,67.55327606201172,32.071006774902344
1325653200,67.92916107177734,32.29001998901367
1325739600,68.22991180419922,32.53643798828125
1325826000,68.75616455078125,32.771888732910156
1326085200,68.10002899169922,32.64595413208008
1326171600,68.14103698730469,32.84855270385742
1326258000,68.2982406616211,33.517024993896484
1326344400,68.73566436767578,33.484004974365234
1326430800,68.58528900146484,33.68758010864258
1326776400,68.72200012207031,34.050689697265625
1326862800,69.41227722167969,34.47433853149414
1326949200,69.20723724365234,34.36980056762695
1327035600,69.53530883789062,34.37530517578125
1327294800,68.99535369873047,34.2597541809082
1327381200,67.49176025390625,34.2597541809082
1327467600,67.81983184814453,34.468841552734375
1327554000,67.78564453125,34.37530517578125
1327640400,67.45075988769531,34.578857421875
1327899600,67.45075988769531,35.0355110168457
1327986000,67.69677734375,34.842960357666016
1328072400,67.25255584716797,35.31061553955078
1328158800,67.40287780761719,35.09053421020508
1328245200,68.3529281616211,35.12355041503906
1328504400,67.99750518798828,34.765933990478516
1328590800,68.968017578125,35.679237365722656
1328677200,68.3802490234375,35.45365524291992
1328763600,68.3392562866211,35.712242126464844
1328850000,67.9838638305664,35.618709564208984
1329109200,68.10688781738281,35.53068161010742
1329195600,68.03853607177734,35.200565338134766
1329282000,67.39607238769531,35.05753707885742
1329368400,67.84033203125,35.61320114135742
1329454800,68.3392562866211,35.89929962158203
1329800400,68.68096160888672,36.03683853149414
1329886800,68.79719543457031,36.256919860839844
1329973200,68.899658203125,36.21840286254883
1330059600,68.5647964477539,36.058860778808594
1330318800,68.5921401977539,36.069854736328125
1330405200,68.67472076416016,36.289939880371094
1330491600,68.3305892944336,36.4439811706543
1330578000,68.30995178222656,36.4329833984375
1330664400,68.48201751708984,36.4439811706543
1330923600,68.78485870361328,36.50999450683594
1331010000,68.75044250488281,36.02584457397461
1331096400,68.95001220703125,36.592529296875
1331182800,66.73381805419922,36.856624603271484
1331269200,66.65123748779297,37.08769607543945
1331524800,66.5273666381836,36.8235969543457
1331611200,66.60993194580078,37.7589225769043
1331697600,66.9609603881836,37.76441955566406
1331784000,67.47715759277344,37.75340270996094
1331870400,67.21561431884766,37.63236999511719
1332129600,67.2637710571289,37.9954948425293
1332216000,67.20869445800781,38.628204345703125
1332302400,66.56864166259766,38.46865463256836
1332388800,65.93547058105469,38.908782958984375
1332475200,65.76338195800781,38.864776611328125
1332734400,66.7406997680664,39.30491638183594
1332820800,66.99535369873047,38.853782653808594
1332907200,66.81641387939453,38.73273468017578
1332993600,67.20182800292969,38.67220687866211
1333080000,67.5184555053711,39.161888122558594
1333339200,67.69735717773438,38.51266098022461
1333425600,68.41320037841797,38.90327835083008
1333512000,67.09171295166016,38.54567337036133
1333598400,67.87633514404297,38.886783599853516
1333944000,68.0552978515625,38.51266098022461
1334030400,67.22250366210938,37.6763916015625
1334116800,67.83504486083984,38.7343864440918
1334203200,67.20182800292969,39.15428924560547
1334289600,66.7406997680664,40.253700256347656
1334548800,66.47225952148438,39.91668701171875
1334635200,66.83706665039062,40.43601989746094
1334721600,66.99535369873047,40.29790115356445
1334808000,65.5775375366211,39.45261764526367
1334894400,66.03181457519531,40.84486770629883
1335153600,65.5156021118164,40.761985778808594
1335240000,65.1026611328125,39.91117477416992
1335326400,65.5362319946289,40.192935943603516
1335412800,65.95610809326172,40.27028274536133
1335499200,67.02291870117188,40.507850646972656
1335758400,67.07107543945312,40.1818962097168
1335844800,66.89901733398438,40.63491439819336
1335931200,67.11238861083984,40.71227264404297
1336017600,66.78887939453125,39.778564453125
1336104000,65.983642578125,39.30895233154297
1336363200,65.7358627319336,39.9885139465332
1336449600,64.3868637084961,39.67359924316406
1336536000,63.271873474121094,38.91670227050781
1336622400,63.230567932128906,39.424983978271484
1336708800,63.251220703125,39.61284637451172
1336968000,62.54921340942383,38.568641662597656
1337054400,62.638675689697266,38.54100799560547
1337140800,62.927738189697266,38.75094985961914
1337227200,61.682010650634766,37.57970428466797
1337313600,61.840301513671875,37.25374984741211
1337572800,62.817626953125,38.181915283203125
1337659200,62.86576843261719,38.938804626464844
1337745600,62.9621467590332,39.0548210144043
1337832000,62.99657440185547,38.944332122802734
1337918400,62.666202545166016,38.89460372924805
1338264000,62.562957763671875,39.49681091308594
1338350400,62.01921081542969,38.86146545410156
1338436800,61.97068405151367,38.87250518798828
1338523200,60.146385192871094,35.745460510253906
1338782400,59.87586212158203,35.485816955566406
1338868800,60.403038024902344,35.579734802246094
1338955200,61.4990234375,36.87253952026367
1339041600,61.30477523803711,36.889102935791016
1339128000,60.86777114868164,35.6847038269043
1339387200,60.06312942504883,35.054866790771484
1339473600,60.70130157470703,35.08250045776367
1339560000,61.020362854003906,34.728904724121094
1339646400,62.2342643737793,35.59077453613281
1339732800,62.77531051635742,35.90570831298828
1339992000,62.594970703125,36.353206634521484
1340078400,62.151031494140625,37.15428924560547
1340164800,61.4920654296875,36.59077072143555
1340251200,60.79145050048828,35.91673278808594
1340337600,61.283973693847656,36.524478912353516
1340596800,61.12441635131836,36.07695770263672
1340683200,61.8041877746582,36.165348052978516
1340769600,61.27008819580078,35.70679473876953
1340856000,61.166046142578125,35.29794692993164
1340942400,61.408817291259766,35.59077453613281
1341201600,61.096675872802734,35.33110809326172
1341288000,61.443477630615234,34.91123580932617
1341460800,61.94293212890625,35.77309036254883
1341547200,62.19265365600586,35.86701965332031
1341806400,62.28975296020508,35.06592559814453
1341892800,62.601905822753906,34.8338737487793
1341979200,62.102455139160156,34.381553649902344
1342065600,63.76720428466797,35.04199981689453
1342152000,64.01695251464844,35.91888427734375
1342411200,63.5730094909668,35.5414924621582
1342497600,63.73951721191406,35.74684143066406
1342584000,63.96841049194336,36.3795280456543
1342670400,64.34295654296875,36.55155944824219
1342756800,63.52445983886719,36.04652404785156
1343016000,61.69320297241211,35.030906677246094
1343102400,61.08281707763672,34.831111907958984
1343188800,61.068939208984375,35.24734115600586
1343275200,61.73482894897461,36.13533020019531
1343361600,61.866634368896484,37.0344123840332
1343620800,61.963748931884766,36.851280212402344
1343707200,61.98454666137695,35.98548126220703
1343793600,62.033119201660156,35.83008575439453
1343880000,62.14410400390625,36.4405632019043
1343966400,62.14410400390625,37.478397369384766
1344225600,62.21348190307617,37.36185073852539
1344312000,61.74177932739258,37.24530029296875
1344398400,60.715179443359375,36.95115661621094
1344484800,60.45159912109375,36.96780776977539
1344571200,61.179901123046875,37.08990478515625
1344830400,60.97183609008789,37.16759490966797
1344916800,61.12441635131836,36.768009185791016
1345003200,60.90940856933594,36.57377243041992
1345089600,60.6666145324707,36.701419830322266
1345176000,60.59724426269531,36.68476486206055
1345435200,61.15911102294922,36.17416763305664
1345521600,61.40187072753906,36.40726852416992
1345608000,61.42267608642578,36.2352180480957
1345694400,61.21460723876953,35.891136169433594
1345780800,61.679351806640625,35.53594207763672
1346040000,62.109405517578125,35.47488021850586
1346126400,61.83195114135742,35.39719009399414
1346212800,62.185707092285156,35.463775634765625
1346299200,62.010929107666016,35.16408920288086
1346385600,62.56324768066406,35.363887786865234
1346731200,62.25563049316406,34.95319747924805
1346817600,62.26261901855469,35.15298843383789
1346904000,63.38817596435547,35.563697814941406
1346990400,63.63285827636719,36.49052429199219
1347249600,63.82862091064453,36.701419830322266
1347336000,63.758697509765625,37.10100555419922
1347422400,63.493038177490234,37.06771469116211
1347508800,64.01737976074219,37.300804138183594
1347595200,64.1082534790039,36.94007873535156
1347854400,64.41586303710938,36.92897033691406
1347940800,65.07302856445312,37.07881164550781
1348027200,64.89824676513672,37.6448974609375
1348113600,65.12194061279297,37.844688415527344
1348200000,65.51346588134766,38.02782440185547
1348459200,65.51346588134766,37.87244415283203
1348545600,64.91922760009766,37.02885055541992
1348632000,65.15689849853516,36.92897033691406
1348718400,65.2058334350586,37.533905029296875
1348804800,64.14321899414062,36.817970275878906
1349064000,64.31099700927734,37.41735076904297
1349150400,63.5699577331543,36.87901306152344
1349236800,63.16445541381836,36.86236572265625
1349323200,63.6398811340332,36.89012145996094
1349409600,63.61888885498047,36.629268646240234
1349668800,63.99641036987305,37.15095520019531
1349755200,64.3948745727539,36.65147399902344
1349841600,64.59764099121094,39.59953308105469
1349928000,64.56966400146484,39.00824737548828
1350014400,64.67453002929688,38.74049758911133
1350273600,65.36666870117188,39.50470733642578
1350360000,65.7791519165039,39.57722473144531
1350446400,65.49249267578125,39.800350189208984
1350532800,64.91922760009766,40.21314239501953
1350619200,62.02492904663086,39.097496032714844
1350878400,61.836158752441406,39.153297424316406
1350964800,61.49361038208008,39.05287170410156
1351051200,61.018184661865234,39.00824737548828
1351137600,61.053192138671875,39.153297424316406
1351224000,60.619712829589844,38.991519927978516
1351656000,60.6826286315918,39.10866928100586
1351742400,60.6826286315918,40.62034606933594
1351828800,60.72454833984375,40.22988510131836
1352091600,61.14401626586914,40.32469940185547
1352178000,61.50057601928711,40.804439544677734
1352264400,60.72454833984375,40.09599304199219
1352350800,59.515106201171875,39.68321228027344
1352437200,59.24245834350586,40.14619064331055
1352696400,59.340354919433594,40.586875915527344
1352782800,59.17254638671875,40.55340576171875
1352869200,59.158592224121094,39.77804946899414
1352955600,58.76008224487305,39.66647720336914
1353042000,58.80900192260742,40.10157012939453
1353301200,59.452205657958984,40.89925765991211
1353387600,59.89961242675781,40.3804931640625
1353474000,60.13030242919922,41.016387939453125
1353646800,60.85740661621094,41.27857971191406
1353906000,60.291114807128906,41.072181701660156
1353992400,60.06740951538086,41.16700744628906
1354078800,60.486881256103516,41.21721649169922
1354165200,61.00886154174805,41.540748596191406
1354251600,61.39683151245117,37.41847610473633
1354510800,61.41093826293945,37.256710052490234
1354597200,61.50970458984375,36.75466537475586
1354683600,61.347469329833984,36.76023864746094
1354770000,62.13747024536133,37.32921600341797
1354856400,62.4125862121582,36.983360290527344
1355115600,63.068603515625,36.95546340942383
1355202000,63.21671676635742,37.66391372680664
1355288400,62.998043060302734,37.73084259033203
1355374800,62.89931106567383,37.820091247558594
1355461200,62.694740295410156,37.87588882446289
1355720400,63.4212646484375,38.52853012084961
1355806800,63.85158920288086,38.51736068725586
1355893200,63.28018569946289,37.463096618652344
1355979600,63.512977600097656,37.089359283447266
1356066000,63.61172103881836,35.63344192504883
1356325200,62.98395919799805,36.26378631591797
1356498000,62.59596633911133,36.2805290222168
1356584400,62.58189010620117,36.51479721069336
1356670800,61.77775192260742,36.10201644897461
1356930000,62.22215270996094,37.03915786743164
1357102800,63.56941223144531,37.463096618652344
1357189200,63.92917251586914,37.69738006591797
1357275600,63.37897491455078,38.110164642333984
1357534800,64.12666320800781,37.870304107666016
1357621200,64.1478271484375,36.2805290222168
1357707600,64.05615234375,36.34498977661133
1357794000,64.4722900390625,37.14680480957031
1357880400,64.70508575439453,37.49445724487305
1358139600,64.56401824951172,37.09074020385742
1358226000,64.5499038696289,37.2140998840332
1358312400,64.26068878173828,36.978599548339844
1358398800,64.72626495361328,36.67021179199219
1358485200,65.07894134521484,36.530033111572266
1358830800,65.56566619873047,36.6085205078125
1358917200,65.93952178955078,37.06270217895508
1359003600,65.819580078125,37.22530746459961
1359090000,66.10879516601562,36.23845672607422
1359349200,66.56026458740234,36.216026306152344
1359435600,66.95526885986328,36.01978302001953
1359522000,66.77893829345703,36.01978302001953
1359608400,67.21627807617188,36.412288665771484
1359694800,67.68180847167969,36.96738815307617
1359954000,66.72953796386719,35.8515739440918
1360040400,66.94820404052734,34.808658599853516
1360126800,67.06108093261719,35.285255432128906
1360213200,66.75071716308594,35.644126892089844
1360299600,66.91999816894531,36.61414337158203
1360558800,67.13162231445312,36.193607330322266
1360645200,67.08222961425781,36.30574417114258
1360731600,66.30631256103516,36.11510467529297
1360818000,65.99594116210938,35.823543548583984
1360904400,66.23577117919922,35.879608154296875
1361250000,66.20050811767578,36.530033111572266
1361336400,66.24282836914062,36.199222564697266
1361422800,66.4050521850586,36.473960876464844
1361509200,67.18803405761719,36.6982421875
1361768400,67.81583404541016,36.29452896118164
1361854800,67.87224578857422,36.3730354309082
1361941200,68.07139587402344,36.65898895263672
1362027600,68.19226837158203,36.71506118774414
1362114000,68.03582000732422,36.563682556152344
1362373200,67.60206604003906,36.709449768066406
1362459600,68.12826538085938,37.17483901977539
1362546000,68.83932495117188,37.516876220703125
1362632400,69.0384521484375,37.70750427246094
1362718800,70.19038391113281,37.97105407714844
1362974400,70.31836700439453,38.038330078125
1363060800,70.2259292602539,38.53736114501953
1363147200,70.66678619384766,38.88499450683594
1363233600,70.61705017089844,39.165348052978516
1363320000,70.8730239868164,39.361602783203125
1363579200,70.09083557128906,38.750431060791016
1363665600,69.96996307373047,38.59904098510742
1363752000,70.23304748535156,38.94107437133789
1363838400,70.06239318847656,38.946685791015625
1363924800,70.58856201171875,39.07563781738281
1364184000,69.85615539550781,39.64196014404297
1364270400,70.04106903076172,39.8718376159668
1364356800,70.32549285888672,39.98959732055664
1364443200,70.88725280761719,40.33723068237305
1364788800,70.43218231201172,39.905494689941406
1364875200,71.29255676269531,39.33356857299805
1364961600,70.57437133789062,37.8701286315918
1365048000,71.5556411743164,37.976661682128906
1365134400,72.1174087524414,37.550506591796875
1365393600,72.17430114746094,37.75237274169922
1365480000,71.86143493652344,37.4495964050293
1365566400,72.16717529296875,37.6214599609375
1365652800,72.52271270751953,37.88631820678711
1365739200,73.66041564941406,38.20753860473633
1365998400,72.63648986816406,37.22699737548828
1366084800,73.26932525634766,37.559471130371094
1366171200,72.913818359375,37.322792053222656
1366257600,72.4658203125,36.629669189453125
1366344000,71.05076599121094,36.652198791503906
1366603200,70.62413787841797,36.77617263793945
1366689600,70.93701934814453,36.15065002441406
1366776000,71.83294677734375,38.68655014038086
1366862400,71.77607727050781,37.86941909790039
1366948800,71.74052429199219,37.677818298339844
1367208000,72.65780639648438,38.09484100341797
1367294400,72.62940216064453,38.38787841796875
1367380800,72.0889663696289,38.09484100341797
1367467200,72.5724868774414,38.36533737182617
1367553600,73.18400573730469,38.833072662353516
1367812800,72.5796127319336,38.534385681152344
1367899200,72.73605346679688,38.66965103149414
1367985600,71.78319549560547,39.210628509521484
1368072000,70.88725280761719,38.9232292175293
1368158400,71.2498550415039,39.65019226074219
1368417600,71.37786102294922,38.83870315551758
1368504000,71.96096801757812,39.531837463378906
1368590400,72.49427032470703,39.40224075317383
1368676800,71.9040756225586,39.238807678222656
1368763200,72.20275115966797,39.53748321533203
1369022400,72.20275115966797,39.70655059814453
1369108800,72.62940216064453,39.548744201660156
1369195200,72.34494018554688,39.35152816772461
1369281600,71.84007263183594,39.0528450012207
1369368000,71.31388092041016,39.00212860107422
1369713600,71.9894027709961,39.4642219543457
1369800000,70.43218231201172,39.18809127807617
1369886400,69.56500244140625,38.65836715698242
1369972800,69.2066879272461,38.17936706542969
1370232000,70.20280456542969,38.88941955566406
1370318400,70.49665832519531,38.80489730834961
1370404800,69.09917449951172,38.337158203125
1370491200,69.28551483154297,40.07847595214844
1370577600,70.43216705322266,41.43095397949219
1370836800,71.3279800415039,40.8392333984375
1370923200,70.39633178710938,40.43913650512695
1371009600,70.40345764160156,40.405311584472656
1371096000,70.86216735839844,40.35462188720703
1371182400,70.53246307373047,40.072837829589844
1371441600,70.7618179321289,40.348976135253906
1371528000,71.4856185913086,40.69835662841797
1371614400,70.81196594238281,40.298255920410156
1371700800,69.36434936523438,39.103572845458984
1371787200,69.67967224121094,38.87250900268555
1372046400,69.7226791381836,38.3765983581543
1372132800,69.88749694824219,38.51185989379883
1372219200,70.83348083496094,39.007755279541016
1372305600,71.41394805908203,39.22190475463867
1372392000,70.94815063476562,39.07538604736328
1372651200,71.53579711914062,39.5713005065918
1372737600,71.61461639404297,39.50368118286133
1372824000,71.91561889648438,40.07847595214844
1372996800,71.56446838378906,40.382774353027344
1373256000,71.57879638671875,40.85051345825195
1373342400,71.65760803222656,41.13791275024414
1373428800,71.65047454833984,40.965240478515625
1373515200,72.23094177246094,40.495361328125
1373601600,72.79708099365234,39.99149703979492
1373860800,72.20227813720703,40.62555694580078
1373947200,72.29544830322266,40.51799392700195
1374033600,71.73645782470703,40.42176055908203
1374120000,71.79375457763672,40.87467575073242
1374206400,71.85829162597656,40.80671310424805
1374465600,69.93052673339844,40.461387634277344
1374552000,69.34284973144531,39.87260818481445
1374638400,69.27118682861328,40.450077056884766
1374724800,69.86602783203125,40.81804656982422
1374811200,70.25299835205078,41.893707275390625
1375070400,70.13835144042969,41.62196731567383
1375156800,70.49665832519531,41.35588455200195
1375243200,70.28882598876953,41.28227996826172
1375329600,70.94815063476562,41.837093353271484
1375416000,71.0914535522461,42.11450958251953
1375675200,71.17031860351562,42.35792922973633
1375761600,70.72599029541016,41.893707275390625
1375848000,70.4679946899414,41.82575988769531
1375934400,70.2601547241211,41.950294494628906
1376020800,69.95915222167969,42.12015151977539
1376280000,69.54350280761719,42.15979766845703
1376366400,69.12067413330078,41.31058120727539
1376452800,68.87701416015625,41.361534118652344
1376539200,68.36103820800781,41.027523040771484
1376625600,68.1030502319336,40.85203552246094
1376884800,68.42552947998047,40.80671310424805
1376971200,68.43987274169922,41.1237678527832
1377057600,68.1603775024414,40.880340576171875
1377144000,68.41121673583984,41.186031341552734
1377230400,68.17469787597656,41.08414077758789
1377489600,68.3037109375,40.778419494628906
1377576000,67.96687316894531,40.40478515625
1377662400,68.85554504394531,40.07076644897461
1377748800,68.53043365478516,39.940547943115234
1377835200,68.1692123413086,39.640506744384766
1378180800,68.2847900390625,39.62917709350586
1378267200,68.7471694946289,39.419715881347656
1378353600,69.10841369628906,39.53860092163086
1378440000,69.5418472290039,39.40838623046875
1378699200,69.67910766601562,40.46704864501953
1378785600,69.99696350097656,40.495361328125
1378872000,70.40879821777344,40.880340576171875
1378958400,70.20648193359375,40.98224639892578
1379044800,70.32929229736328,41.061485290527344
1379304000,70.58937072753906,41.12942886352539
1379390400,70.7410888671875,41.180381774902344
1379476800,71.30459594726562,41.67857360839844
1379563200,70.7410888671875,41.17470932006836
1379649600,70.00418853759766,40.81239318847656
1379908800,70.27874755859375,40.65387725830078
1379995200,70.63993835449219,40.79541015625
1380081600,70.52435302734375,40.53498458862305
1380168000,70.93616485595703,40.97092056274414
1380254400,70.16313171386719,40.83503341674805
1380513600,69.5057144165039,40.416099548339844
1380600000,69.44793701171875,40.523651123046875
1380686400,68.83382415771484,40.02546691894531
1380772800,68.3931655883789,39.878273010253906
1380859200,68.41483306884766,40.495361328125
1381118400,68.1692123413086,40.43875503540039
1381204800,67.86580657958984,40.574607849121094
1381291200,67.38175964355469,37.83170700073242
1381377600,68.2270278930664,37.52439498901367
1381464000,68.44374084472656,38.127628326416016
1381723200,68.4292984008789,38.093482971191406
1381809600,67.76464080810547,37.444740295410156
1381896000,68.7905044555664,37.8203125
1381982400,68.97111511230469,38.349552154541016
1382068800,68.77603149414062,37.94552230834961
1382328000,68.33537292480469,38.042266845703125
1382414400,68.71826934814453,38.16746139526367
1382500800,68.06082916259766,37.08622741699219
1382587200,68.40038299560547,37.55854415893555
1382673600,68.47264099121094,37.8829231262207
1382932800,68.8989028930664,37.99104690551758
1383019200,69.39012145996094,38.16176223754883
1383105600,69.37567138671875,38.7877311706543
1383192000,69.72969055175781,38.48046112060547
1383278400,70.24983215332031,38.9698371887207
1383541200,70.30039978027344,39.783599853515625
1383627600,70.3726577758789,39.96570587158203
1383714000,70.72663879394531,40.022621154785156
1383800400,70.22093200683594,39.72101974487305
1383886800,70.08365631103516,40.15919876098633
1384146000,70.14146423339844,40.825008392333984
1384232400,70.5532455444336,40.6827278137207
1384318800,70.87834930419922,41.6501579284668
1384405200,70.48101043701172,41.735511779785156
1384491600,70.01864624023438,42.09971237182617
1384750800,70.54602813720703,41.77534866333008
1384837200,70.7844467163086,41.98590087890625
1384923600,70.46659851074219,41.155067443847656
1385010000,70.58214569091797,42.6346549987793
1385096400,70.99395751953125,44.55810546875
1385355600,71.46353912353516,44.39307403564453
1385442000,70.94338989257812,44.18819808959961
1385528400,70.70296478271484,44.15406036376953
1385701200,70.92880249023438,44.20526885986328
1385960400,70.30233001708984,44.22233963012695
1386046800,70.20762634277344,43.02730941772461
1386133200,69.7195816040039,43.055755615234375
1386219600,69.515625,42.33305358886719
1386306000,70.51358795166016,42.321659088134766
1386565200,69.72684478759766,42.281829833984375
1386651600,69.515625,41.77534866333008
1386738000,69.39176940917969,41.48512649536133
1386824400,68.54679107666016,40.74533462524414
1386910800,68.79444885253906,40.86483383178711
1387170000,69.53020477294922,41.67292404174805
1387256400,68.75074768066406,40.898983001708984
1387342800,69.87982940673828,41.38838195800781
1387429200,69.30436706542969,41.3997688293457
1387515600,70.30233001708984,41.76396179199219
1387774800,70.14937591552734,42.09402847290039
1387861200,70.32418823242188,42.16800308227539
1388034000,70.5427017211914,42.17368698120117
1388120400,70.59371185302734,42.037109375
1388379600,70.66656494140625,42.6346549987793
1388466000,70.68111419677734,43.02730941772461
1388638800,70.22947692871094,42.731380462646484
1388725200,70.32418823242188,42.99885940551758
1388984400,69.8215560913086,42.96470642089844
1389070800,70.20762634277344,43.56791687011719
1389157200,69.50105285644531,43.550846099853516
1389243600,69.53746795654297,42.70862579345703
1389330000,69.78515625,42.69154739379883
1389589200,69.07854461669922,41.77534866333008
1389675600,69.36262512207031,41.67292404174805
1389762000,69.53746795654297,41.8502311706543
1389848400,69.97456359863281,41.35261535644531
1389934800,69.15138244628906,41.23822784423828
1390280400,69.26065063476562,40.69487380981445
1390366800,69.11495971679688,40.80353927612305
1390453200,69.43547821044922,39.9227294921875
1390539600,68.78717041015625,39.36220169067383
1390798800,68.5249252319336,38.80168914794922
1390885200,68.60504913330078,39.00758361816406
1390971600,67.8547592163086,38.04098129272461
1391058000,68.32825469970703,38.09244918823242
1391144400,68.59777069091797,38.40703201293945
1391403600,67.76005554199219,37.84080123901367
1391490000,67.81104278564453,41.21535110473633
1391576400,68.16796875,40.34598159790039
1391662800,69.15869140625,40.7063102722168
1391749200,69.87255859375,41.0266227722168
1392008400,69.10041046142578,41.615726470947266
1392094800,69.45005798339844,41.87310791015625
1392181200,69.12226867675781,42.0446891784668
1392267600,69.53746795654297,42.22199630737305
1392354000,69.77059936523438,41.99320983886719
1392699600,69.94538879394531,41.890262603759766
1392786000,69.60301208496094,41.6500358581543
1392872400,69.74871063232422,41.74155044555664
1392958800,70.25862121582031,41.667213439941406
1393218000,70.2950668334961,41.7358283996582
1393304400,70.38245391845703,41.913143157958984
1393390800,69.85072326660156,41.97604751586914
1393477200,69.85069274902344,42.204830169677734
1393563600,69.90214538574219,42.37070083618164
1393822800,69.29236602783203,42.101890563964844
1393909200,69.7772445678711,42.691001892089844
1393995600,69.80661010742188,42.788238525390625
1394082000,70.218017578125,44.20670700073242
1394168400,70.15927124023438,44.1323356628418
1394424000,69.9388656616211,44.269615173339844
1394510400,72.56890106201172,44.22956466674805
1394596800,72.51748657226562,44.10946273803711
1394683200,71.5330581665039,43.37163162231445
1394769600,71.68734741210938,42.942665100097656
1395028800,71.70201873779297,42.96554183959961
1395115200,71.48894500732422,42.93122482299805
1395201600,70.60004425048828,42.439353942871094
1395288000,70.96736145019531,43.039894104003906
1395374400,70.13720703125,43.05133819580078
1395633600,70.65879821777344,42.628082275390625
1395720000,70.46046447753906,42.19911193847656
1395806400,70.40904998779297,42.42218780517578
1395892800,70.64412689208984,41.867393493652344
1395979200,71.43754577636719,42.439353942871094
1396238400,72.01792907714844,43.11998748779297
1396324800,71.92242431640625,43.50318908691406
1396411200,71.6946792602539,44.1037483215332
1396497600,71.74610900878906,43.720542907714844
1396584000,71.90038299560547,43.1485710144043
1396843200,71.26858520507812,43.02846145629883
1396929600,72.05467224121094,43.646175384521484
1397016000,72.25299835205078,44.14620590209961
1397102400,73.04642486572266,43.215110778808594
1397188800,72.94358825683594,42.74382019042969
1397448000,73.5459976196289,43.35305404663086
1397534400,74.074951171875,43.37605667114258
1397620800,74.074951171875,44.17494583129883
1397707200,73.6488265991211,43.87607955932617
1398052800,73.2227554321289,43.6864128112793
1398139200,72.96561431884766,44.531288146972656
1398225600,72.8260269165039,44.14620590209961
1398312000,73.34764862060547,44.134700775146484
1398398400,74.00149536132812,44.64048767089844
1398657600,73.69293975830078,44.65196990966797
1398744000,74.5671615600586,44.24391174316406
1398830400,74.4790267944336,44.24965286254883
1398916800,74.17044067382812,43.824337005615234
1399003200,74.5157470703125,43.79560852050781
1399262400,74.30268859863281,43.85308074951172
1399348800,74.16311645507812,43.594444274902344
1399435200,74.90508270263672,43.5484619140625
1399521600,74.89775848388672,43.64618682861328
1399608000,75.61770629882812,43.87032699584961
1399867200,75.56629943847656,43.755374908447266
1399953600,76.05850982666016,43.95079803466797
1400040000,75.69120025634766,43.60020065307617
1400126400,75.30181121826172,43.03120803833008
1400212800,75.77200317382812,42.9967155456543
1400472000,75.0006103515625,42.87602996826172
1400558400,74.58921813964844,42.91050338745117
1400644800,75.34590148925781,42.9162483215332
1400731200,75.26507568359375,43.03120803833008
1400817600,74.93446350097656,42.973724365234375
1401163200,75.19894409179688,43.77836990356445
1401249600,74.42023468017578,44.22093200683594
1401336000,75.04972076416016,44.0944709777832
1401422400,75.11639404296875,44.433570861816406
1401681600,75.56068420410156,44.899112701416016
1401768000,75.13117980957031,45.2037239074707
1401854400,75.8643569946289,45.232479095458984
1401940800,75.87175750732422,45.468116760253906
1402027200,75.5088882446289,45.97389602661133
1402286400,75.07931518554688,45.87618637084961
1402372800,74.70903778076172,45.634803771972656
1402459200,74.36841583251953,45.70952224731445
1402545600,73.87962341308594,45.272708892822266
1402632000,74.42024230957031,45.53709030151367
1402891200,74.8719711303711,45.462364196777344
1402977600,74.99788665771484,45.68651580810547
1403064000,75.05712890625,45.79573440551758
1403150400,75.47185516357422,46.19230270385742
1403236800,75.4792709350586,46.26701736450195
1403496000,75.47185516357422,46.33024215698242
1403582400,75.14600372314453,46.32448959350586
1403668800,75.24966430664062,47.11764907836914
1403755200,75.17562103271484,46.96820831298828
1403841600,75.13858032226562,47.0774040222168
1404100800,74.60539245605469,46.66933822631836
1404187200,74.79792022705078,46.864749908447266
1404273600,74.44985961914062,47.0831413269043
1404360000,74.78311157226562,47.41075897216797
1404705600,74.1832504272461,47.295814514160156
1404792000,74.12398529052734,47.30155944824219
1404878400,74.84976196289062,48.0521125793457
1404964800,74.48687744140625,47.61332702636719
1405051200,74.33134460449219,47.54402542114258
1405310400,74.40542602539062,48.08674240112305
1405396800,74.27951049804688,48.023231506347656
1405483200,73.5167465209961,47.75188446044922
1405569600,72.85021209716797,44.46104431152344
1405656000,73.30938720703125,44.6977424621582
1405915200,72.2429428100586,42.79829406738281
1406001600,71.2950210571289,43.20820999145508
1406088000,70.61367797851562,43.13315963745117
1406174400,70.61367797851562,42.6308708190918
1406260800,70.88768768310547,42.746334075927734
1406520000,70.93211364746094,42.815608978271484
1406606400,70.96174621582031,42.613555908203125
1406692800,71.05802917480469,42.14592361450195
1406779200,70.02863311767578,40.06747055053711
1406865600,69.83606719970703,40.679443359375
1407124800,69.84347534179688,40.51780319213867
1407211200,69.19178771972656,40.17717361450195
1407297600,69.22139739990234,40.41387939453125
1407384000,69.1029052734375,40.25222396850586
1407470400,69.2806396484375,40.39656066894531
1407729600,69.26583099365234,40.43696212768555
1407816000,69.28804016113281,40.43120193481445
1407902400,69.58428955078125,40.69100570678711
1407988800,69.36213684082031,41.02008819580078
1408075200,69.45838165283203,41.26832962036133
1408334400,69.79906463623047,41.64939498901367
1408420800,69.94717407226562,41.85144805908203
1408507200,69.7546157836914,42.11703872680664
1408593600,70.00642395019531,41.7302131652832
1408680000,69.94717407226562,41.80527877807617
1408939200,69.93975830078125,42.01310348510742
1409025600,69.69535064697266,42.15166473388672
1409112000,70.09528350830078,41.753318786621094
1409198400,70.31936645507812,41.74755096435547
1409284800,70.00563049316406,41.81681442260742
1409630400,69.31843566894531,41.23370361328125
1409716800,69.5724105834961,41.26832962036133
1409803200,69.47533416748047,41.38380813598633
1409889600,69.52011108398438,41.776397705078125
1410148800,69.09435272216797,41.76485061645508
1410235200,68.0411148071289,41.60899353027344
1410321600,69.46783447265625,41.90919494628906
1410408000,69.4379653930664,41.90919494628906
1410494400,69.72179412841797,41.32607650756836
1410753600,69.81889343261719,41.41844940185547
1410840000,70.0280532836914,41.56279754638672
1410926400,69.86370849609375,41.81104278564453
1411012800,69.82636260986328,41.938072204589844
1411099200,70.48369598388672,42.13435745239258
1411358400,70.16252136230469,41.7706298828125
1411444800,69.84878540039062,41.42422866821289
1411531200,70.96175384521484,41.81681442260742
1411617600,70.33430480957031,41.30298614501953
1411704000,70.73765563964844,41.76485061645508
1411963200,71.8730697631836,41.9495964050293
1412049600,70.8198471069336,41.55701446533203
1412136000,70.35671997070312,41.285667419433594
1412222400,70.304443359375,41.29143524169922
1412308800,70.857177734375,41.354942321777344
1412568000,70.09528350830078,41.21059799194336
1412654400,69.32593536376953,40.25799560546875
1412740800,70.08782958984375,40.841121673583984
1412827200,69.25870513916016,39.8365478515625
1412913600,68.94495391845703,40.015506744384766
1413172800,67.77223205566406,39.039817810058594
1413259200,68.04859161376953,39.15528106689453
1413345600,67.55562591552734,39.050724029541016
1413432000,67.15970611572266,39.277259826660156
1413518400,68.0038070678711,39.712886810302734
1413777600,68.41461944580078,40.15433883666992
1413864000,67.98136901855469,40.543514251708984
1413950400,67.92908477783203,40.15433883666992
1414036800,67.98882293701172,40.22404479980469
1414123200,68.47437286376953,40.58997344970703
1414382400,68.72836303710938,40.450584411621094
1414468800,69.1690444946289,40.78165817260742
1414555200,69.26614379882812,40.43315887451172
1414641600,69.75167846679688,40.648067474365234
1414728000,70.01313018798828,41.72264862060547
1414990800,69.92350769042969,41.56580352783203
1415077200,70.56586456298828,41.85625076293945
1415163600,70.69284057617188,42.07695388793945
1415250000,70.70777893066406,42.460330963134766
1415336400,71.03645324707031,42.3209228515625
1415595600,71.04393005371094,42.55907440185547
1415682000,71.06631469726562,42.70427703857422
1415768400,71.208251953125,43.30836868286133
1415854800,71.3203125,43.79048156738281
1415941200,71.86560821533203,43.436161041259766
1416200400,71.68630981445312,42.9772834777832
1416286800,72.01499938964844,43.09346008300781
1416373200,72.12702941894531,42.965667724609375
1416459600,72.186767578125,43.86018371582031
1416546000,72.21665954589844,44.063472747802734
1416805200,72.58268737792969,44.37132263183594
1416891600,72.45568084716797,44.3132438659668
1416978000,72.50846099853516,44.58043670654297
1417150800,72.95304107666016,44.87086486816406
1417410000,72.17688751220703,44.94637680053711
1417496400,71.6719970703125,45.51560592651367
1417582800,71.96588897705078,45.09739685058594
1417669200,72.08644104003906,45.149688720703125
1417755600,72.57628631591797,45.48076629638672
1418014800,69.78807830810547,44.4119873046875
1418101200,68.84609985351562,43.69172286987305
1418187600,67.82125854492188,40.96754455566406
1418274000,68.55221557617188,41.833003997802734
1418360400,68.2884521484375,42.315128326416016
1418619600,66.66075134277344,41.02561569213867
1418706000,66.85667419433594,40.0904426574707
1418792400,69.06461334228516,41.0081901550293
1418878800,70.58684539794922,41.67036437988281
1418965200,70.24774169921875,41.33928298950195
1419224400,70.75262451171875,42.08858108520508
1419310800,71.00132751464844,42.21636199951172
1419397200,70.70744323730469,42.280250549316406
1419570000,71.42329406738281,42.48355484008789
1419829200,71.61923217773438,42.727500915527344
1419915600,71.02391815185547,42.564876556396484
1420002000,70.60946655273438,42.315128326416016
1420174800,70.27790069580078,42.02467346191406
1420434000,69.50169372558594,41.17082977294922
1420520400,69.62981414794922,40.665504455566406
1420606800,70.8430404663086,42.01306915283203
1420693200,71.1068115234375,42.74494171142578
1420779600,70.2402114868164,42.66943359375
1421038800,70.08951568603516,42.34996795654297
1421125200,69.95384979248047,42.17570114135742
1421211600,68.98174285888672,42.23996353149414
1421298000,68.86117553710938,41.737606048583984
1421384400,68.94408416748047,42.31005859375
1421730000,68.42410278320312,41.56235122680664
1421816400,68.0774917602539,41.76681137084961
1421902800,68.49190521240234,43.104522705078125
1421989200,67.48966979980469,43.291439056396484
1422248400,68.32613372802734,43.367366790771484
1422334800,67.49720001220703,42.89421463012695
1422421200,66.90188598632812,42.58460235595703
1422507600,70.28540802001953,43.38489532470703
1422594000,69.65994262695312,42.222442626953125
1422853200,69.71270751953125,42.48530197143555
1422939600,70.77523040771484,42.999366760253906
1423026000,70.87322998046875,43.02272033691406
1423112400,71.09172821044922,43.92815399169922
1423198800,70.82799530029297,43.186283111572266
1423458000,69.87096405029297,42.707298278808594
1423544400,70.85057830810547,43.273902893066406
1423630800,70.99376678466797,43.22134017944336
1423717200,71.65689086914062,43.69449996948242
1423803600,72.07892608642578,43.63023376464844
1424149200,71.09925842285156,44.424705505371094
1424235600,71.27259826660156,44.68756103515625
1424322000,70.97872161865234,44.786865234375
1424408400,70.97872161865234,45.28924560546875
1424667600,71.06915283203125,45.236656188964844
1424754000,71.57402038574219,45.48199462890625
1424840400,74.3471450805664,46.12456130981445
1424926800,75.63935089111328,46.375755310058594
1425013200,75.17569732666016,47.380496978759766
1425272400,76.01182556152344,47.783565521240234
1425358800,75.81415557861328,47.61415481567383
1425445200,76.20184326171875,46.7788200378418
1425531600,75.33529663085938,47.035850524902344
1425618000,73.83028411865234,46.241397857666016
1425873600,74.2711410522461,46.404964447021484
1425960000,73.19178771972656,45.493690490722656
1426046400,72.18081665039062,44.68756103515625
1426132800,73.16136932373047,45.47031784057617
1426219200,73.23738861083984,45.277549743652344
1426478400,73.84546661376953,45.67475509643555
1426564800,73.10054016113281,45.48199462890625
1426651200,73.73145294189453,46.112876892089844
1426737600,72.95613098144531,45.99605178833008
1426824000,73.76949310302734,46.27061080932617
1427083200,74.96284484863281,46.305660247802734
1427169600,75.52536010742188,46.831398010253906
1427256000,74.59799194335938,46.23554992675781
1427342400,74.21792602539062,45.88505935668945
1427428800,73.70105743408203,45.74486541748047
1427688000,74.40036010742188,46.3874397277832
1427774400,74.06591033935547,45.9843635559082
1427860800,73.19178771972656,46.054473876953125
1427947200,72.84212493896484,46.60942459106445
1428292800,73.18419647216797,46.574363708496094
1428379200,73.23738861083984,45.73318099975586
1428465600,73.61743927001953,45.97982406616211
1428552000,73.38938903808594,46.34388732910156
1428638400,74.33956146240234,46.98985290527344
1428897600,74.06591033935547,47.40090560913086
1428984000,74.1723403930664,46.75494384765625
1429070400,73.30577850341797,46.74321365356445
1429156800,72.69010162353516,46.67862319946289
1429243200,72.12000274658203,46.831295013427734
1429502400,73.10813903808594,47.618186950683594
1429588800,72.1124038696289,47.47724914550781
1429675200,74.36995697021484,49.35049057006836
1429761600,73.73145294189453,49.36811447143555
1429848000,75.05408477783203,51.14740753173828
1430107200,73.30577850341797,50.859683990478516
1430193600,73.60223388671875,50.99473190307617
1430280000,73.74665832519531,50.648277282714844
1430366400,73.38938903808594,50.47798156738281
1430452800,74.33956146240234,53.96611022949219
1430712000,73.07015228271484,53.44346237182617
1430798400,73.07015228271484,52.84449005126953
1430884800,73.26778411865234,52.38645935058594
1430971200,73.56423950195312,52.92670822143555
1431057600,74.66641998291016,52.7798957824707
1431316800,74.11913299560547,52.69768142700195
1431403200,74.45356750488281,53.07937240600586
1431489600,73.99750518798828,52.79164505004883
1431576000,74.2711410522461,52.86211395263672
1431662400,74.52196502685547,55.17577362060547
1431921600,74.50678253173828,54.95851516723633
1432008000,76.52870178222656,55.38131332397461
1432094400,76.09542083740234,55.716041564941406
1432180800,75.46452331542969,54.87043762207031
1432267200,75.2441177368164,53.75469970703125
1432612800,74.84121704101562,53.75469970703125
1432699200,74.9932632446289,54.013099670410156
1432785600,73.97350311279297,53.90739440917969
1432872000,73.55179595947266,52.914955139160156
1433131200,73.77416229248047,53.00892639160156
1433217600,73.82783508300781,52.7740364074707
1433304000,74.00418853759766,53.76057434082031
1433390400,73.84315490722656,53.155738830566406
1433476800,73.25277709960938,53.31427764892578
1433736000,73.0840835571289,53.14397430419922
1433822400,72.6317138671875,53.19683074951172
1433908800,73.06877136230469,53.78993606567383
1433995200,73.2911376953125,53.631385803222656
1434081600,72.88475036621094,53.50218200683594
1434340800,72.30206298828125,53.36713790893555
1434427200,72.55506134033203,53.91911315917969
1434513600,73.0074234008789,53.61376190185547
1434600000,73.73582458496094,54.42414474487305
1434686400,73.66683197021484,54.183380126953125
1434945600,74.27255249023438,54.27145767211914
1435032000,74.51020812988281,54.042449951171875
1435118400,74.09619903564453,53.737083435058594
1435204800,73.44449615478516,53.66073989868164
1435291200,74.59455108642578,54.46524429321289
1435550400,73.1761245727539,52.62135314941406
1435636800,72.8924331665039,52.897335052490234
1435723200,73.42147827148438,53.8427848815918
1435809600,73.73582458496094,53.76057434082031
1436155200,73.33712005615234,53.243797302246094
1436241600,74.12686157226562,52.78578186035156
1436328000,73.4828109741211,51.1591682434082
1436414400,73.98118591308594,51.670047760009766
1436500800,74.87056732177734,53.35539245605469
1436760000,75.46862030029297,53.50218200683594
1436846400,75.73699188232422,54.018959045410156
1436932800,75.95933532714844,52.42634582519531
1437019200,75.03157806396484,52.05472183227539
1437105600,74.75555419921875,51.83647537231445
1437364800,74.7479019165039,51.983951568603516
1437451200,74.61756134033203,52.272979736328125
1437537600,74.81690979003906,52.67998123168945
1437624000,74.44121551513672,51.801090240478516
1437710400,73.68215942382812,51.14634704589844
1437969600,73.63617706298828,50.715755462646484
1438056000,74.62520599365234,51.28791427612305
1438142400,75.29993438720703,51.7716064453125
1438228800,76.0360336303711,51.91907501220703
1438315200,76.56504821777344,51.76570129394531
1438574400,76.2276840209961,51.801090240478516
1438660800,76.01300048828125,52.01934814453125
1438747200,76.51905059814453,52.520729064941406
1438833600,76.17400360107422,51.7716064453125
1438920000,75.84431457519531,51.677223205566406
1439179200,76.20470428466797,51.801090240478516
1439265600,75.75999450683594,49.27649688720703
1439352000,75.35362243652344,47.589534759521484
1439438400,76.18936920166016,49.42987060546875
1439524800,76.11267852783203,49.30600357055664
1439784000,77.17840576171875,50.1554069519043
1439870400,77.25508880615234,49.66580581665039
1439956800,77.51577758789062,50.7806396484375
1440043200,76.48836517333984,48.261959075927734
1440129600,74.47187805175781,47.01146697998047
1440388800,71.20565032958984,45.53093719482422
1440475200,69.93286895751953,44.88799285888672
1440561600,72.95376586914062,46.99966812133789
1440648000,74.62520599365234,48.52738952636719
1440734400,74.44733428955078,48.261959075927734
1440993600,73.4959487915039,47.052757263183594
1441080000,72.29704284667969,46.65754318237305
1441166400,74.28490447998047,47.34767532348633
1441252800,74.26170349121094,47.31817626953125
1441339200,73.36444854736328,46.53367614746094
1441684800,74.85729217529297,48.22657012939453
1441771200,73.81310272216797,47.79008102416992
1441857600,73.67384338378906,47.12944412231445
1441944000,75.34457397460938,48.03192901611328
1442203200,75.00422668457031,47.748779296875
1442289600,75.94788360595703,48.61585998535156
1442376000,76.3346176147461,48.99927520751953
1442462400,75.67715454101562,48.94028854370117
1442548800,75.06613159179688,47.27690887451172
1442808000,75.72357940673828,47.44205856323242
1442894400,75.18213653564453,46.77552795410156
1442980800,75.32137298583984,46.551368713378906
1443067200,75.25174713134766,46.197452545166016
1443153600,75.48379516601562,46.36263656616211
1443412800,74.2230224609375,44.82899856567383
1443499200,75.39869689941406,44.91748046875
1443585600,76.21084594726562,47.15892791748047
1443672000,76.40424346923828,47.11174774169922
1443758400,77.18546295166016,48.13217544555664
1444017600,78.2528305053711,48.987491607666016
1444104000,78.81747436523438,49.20573425292969
1444190400,78.71691131591797,39.93910217285156
1444276800,79.62965393066406,39.79164123535156
1444363200,79.48269653320312,41.43732833862305
1444622400,79.85395050048828,41.785335540771484
1444708800,79.96222686767578,41.278072357177734
1444795200,79.52906799316406,40.71994400024414
1444881600,80.17880249023438,41.129642486572266
1444968000,81.07601928710938,42.845603942871094
1445227200,80.82080841064453,42.57841110229492
1445313600,80.31806182861328,43.36216735839844
1445400000,79.31251525878906,43.67686462402344
1445486400,85.75559997558594,43.15434265136719
1445572800,87.0859603881836,43.27903747558594
1445832000,86.76883697509766,44.04499435424805
1445918400,86.35115814208984,43.44529724121094
1446004800,87.3566665649414,43.3265380859375
1446091200,87.10918426513672,43.05339813232422
1446177600,86.82298278808594,42.1033935546875
1446440400,86.7146987915039,42.64966583251953
1446526800,86.69149017333984,42.875282287597656
1446613200,86.93901824951172,42.47746658325195
1446699600,87.2870864868164,42.25778579711914
1446786000,87.64287567138672,42.29933166503906
1447045200,87.34896850585938,40.969322204589844
1447131600,87.57327270507812,40.82682800292969
1447218000,88.06053924560547,40.636810302734375
1447304400,86.7146987915039,39.85306167602539
1447390800,85.05945587158203,41.248382568359375
1447650000,85.90252685546875,40.8624382019043
1447736400,85.80975341796875,41.52745056152344
1447822800,87.03955841064453,42.22809600830078
1447909200,87.63513946533203,42.56059265136719
1447995600,88.10700225830078,43.20185470581055
1448254800,88.54012298583984,43.16028594970703
1448341200,88.39314270019531,42.976226806640625
1448427600,88.48596954345703,43.100914001464844
1448600400,89.04722595214844,43.32060241699219
1448859600,88.9926528930664,43.05339813232422
1448946000,89.2187271118164,44.22312545776367
1449032400,88.64964294433594,44.50217819213867
1449118800,88.39240264892578,43.421546936035156
1449205200,90.58292388916016,45.208763122558594
1449464400,90.75443267822266,45.36906814575195
1449550800,90.84017181396484,44.88219451904297
1449637200,90.87918090820312,43.819366455078125
1449723600,91.36248016357422,43.4571647644043
1449810000,90.48942565917969,42.334957122802734
1450069200,90.62970733642578,42.54277801513672
1450155600,91.15200805664062,43.112796783447266
1450242000,91.86138153076172,43.664981842041016
1450328400,91.59632110595703,42.86934280395508
1450414800,90.9415283203125,42.65559005737305
1450674000,91.74446105957031,43.58184814453125
1450760400,91.76786041259766,43.34434509277344
1450846800,92.60974884033203,44.00936508178711
1450933200,92.4304428100586,43.93811798095703
1451278800,92.57075500488281,43.84310531616211
1451365200,93.5997543334961,44.08061599731445
1451451600,93.1008529663086,43.8253059387207
1451538000,92.09524536132812,43.37403106689453
1451883600,91.65870666503906,42.875282287597656
1451970000,92.92156982421875,42.76839828491211
1452056400,92.29792022705078,42.4655876159668
1452142800,90.16197967529297,41.01681137084961
1452229200,90.02165985107422,40.45869064331055
1452488400,90.96489715576172,40.387428283691406
1452574800,91.54955291748047,41.3077507019043
1452661200,89.74102783203125,41.25993728637695
1452747600,90.91033935546875,41.8456916809082
1452834000,89.78777313232422,40.10039520263672
1453179600,91.59632110595703,41.10454177856445
1453266000,90.25553131103516,40.638328552246094
1453352400,91.86138153076172,41.218101501464844
1453438800,92.29792022705078,41.230064392089844
1453698000,92.92156982421875,40.279693603515625
1453784400,93.88041687011719,41.76202392578125
1453870800,94.223388671875,41.4810905456543
1453957200,95.40052032470703,42.08478927612305
1454043600,96.49188232421875,43.25629425048828
1454302800,97.13890838623047,43.692623138427734
1454389200,96.62437438964844,43.226409912109375
1454475600,94.69115447998047,43.304107666015625
1454562000,94.05970001220703,43.22043228149414
1454648400,89.95928955078125,41.69626998901367
1454907600,90.46601867675781,40.30360794067383
1454994000,91.21436309814453,39.72981643676758
1455080400,91.62753295898438,39.90314483642578
1455166800,90.99608612060547,38.99462127685547
1455253200,91.93153381347656,40.249813079833984
1455598800,92.90595245361328,41.55282211303711
1455685200,92.48500061035156,42.55697250366211
1455771600,91.33907318115234,42.45536804199219
1455858000,90.84017181396484,42.150550842285156
1456117200,91.72886657714844,43.01124572753906
1456203600,91.12860870361328,42.74226379394531
1456290000,91.2533187866211,42.724327087402344
1456376400,92.27452850341797,42.413536071777344
1456462800,91.94461822509766,42.68846893310547
1456722000,92.04676818847656,43.31608200073242
1456808400,93.35062408447266,45.539554595947266
1456894800,93.06001281738281,45.07333755493164
1456981200,91.65404510498047,45.65909194946289
1457067600,92.0389175415039,46.65128707885742
1457326800,92.0153579711914,46.65128707885742
1457413200,93.01286315917969,45.83243179321289
1457499600,93.97110748291016,45.60530090332031
1457586000,94.2381591796875,45.8802490234375
1457672400,95.47129821777344,46.48392868041992
1457928000,96.53168487548828,46.35243606567383
1458014400,96.9479751586914,46.75887680053711
1458100800,97.01863861083984,47.00991439819336
1458187200,96.73589324951172,47.09359359741211
1458273600,97.45851135253906,46.806697845458984
1458532800,97.2464370727539,47.47611999511719
1458619200,97.2542724609375,47.20716857910156
1458705600,97.54490661621094,48.14556121826172
1458792000,96.8380126953125,47.42831802368164
1459137600,96.74374389648438,47.697288513183594
1459224000,97.37210083007812,48.157527923583984
1459310400,98.83304595947266,49.16167449951172
1459396800,98.71520233154297,48.92258834838867
1459483200,99.76773834228516,49.173622131347656
1459742400,100.19971466064453,48.95248031616211
1459828800,100.05046844482422,48.755226135253906
1459915200,100.16045379638672,48.946495056152344
1460001600,100.64745330810547,48.575927734375
1460088000,100.50601959228516,49.215476989746094
1460347200,100.19185638427734,48.89270782470703
1460433600,100.23113250732422,49.04214096069336
1460520000,99.66559600830078,49.37873840332031
1460606400,100.152587890625,49.52900695800781
1460692800,100.36467742919922,49.19240951538086
1460952000,101.20508575439453,49.655235290527344
1461038400,101.21295166015625,49.36671447753906
1461124800,100.96946716308594,49.607147216796875
1461211200,98.80162048339844,49.1082649230957
1461297600,98.57383728027344,48.80170440673828
1461556800,100.11331939697266,48.90387725830078
1461643200,100.30967712402344,49.31261444091797
1461729600,100.77310180664062,48.982032775878906
1461816000,100.4746322631836,48.35090255737305
1461902400,99.35142517089844,47.821937561035156
1462161600,100.69454956054688,48.66946029663086
1462248000,100.85162353515625,47.918121337890625
1462334400,101.58212280273438,48.47711944580078
1462420800,101.54283905029297,48.591331481933594
1462507200,102.56392669677734,48.66345977783203
1462766400,102.76028442382812,49.2164421081543
1462852800,103.36508178710938,49.829551696777344
1462939200,101.432861328125,48.50116729736328
1463025600,102.20260620117188,49.030113220214844
1463112000,101.18936920166016,48.26673889160156
1463371200,101.82559967041016,48.837772369384766
1463457600,100.29398345947266,48.67547607421875
1463544000,99.13152313232422,48.188602447509766
1463630400,98.40888214111328,48.12849426269531
1463716800,96.26461791992188,47.84599304199219
1463976000,96.46099090576172,48.07439422607422
1464062400,97.35638427734375,49.36671447753906
1464148800,96.81444549560547,49.64922332763672
1464235200,97.23074340820312,49.55904769897461
1464321600,96.80658721923828,49.643211364746094
1464667200,95.87190246582031,49.34267807006836
1464753600,95.80118560791016,49.547054290771484
1464840000,95.87242126464844,49.565067291259766
1464926400,96.01483154296875,49.655235290527344
1465185600,96.52911376953125,50.00387191772461
1465272000,96.45001220703125,50.27433776855469
1465358400,96.61614990234375,50.60493469238281
1465444800,97.15420532226562,50.32844543457031
1465531200,96.81397247314453,49.58910369873047
1465790400,97.31243896484375,49.631195068359375
1465876800,96.93265533447266,49.58311080932617
1465963200,96.72693634033203,49.78145980834961
1466049600,96.90101623535156,49.84157180786133
1466136000,96.74275207519531,50.220252990722656
1466395200,97.65266418457031,50.52079391479492
1466481600,97.02760314941406,50.6650505065918
1466568000,95.43724822998047,50.42462158203125
1466654400,95.90406036376953,51.63279724121094
1466740800,94.50358581542969,49.37873840332031
1467000000,92.01914978027344,47.68369674682617
1467086400,93.75987243652344,48.80770492553711
1467172800,94.54315185546875,49.67326354980469
1467259200,95.2157211303711,49.84157180786133
1467345600,95.26319885253906,50.20823287963867
1467691200,95.54802703857422,49.9137077331543
1467777600,95.44515228271484,50.59292221069336
1467864000,95.67462158203125,50.67707443237305
1467950400,95.9831771850586,51.548648834228516
1468209600,96.52911376953125,51.95738220214844
1468296000,96.72693634033203,51.831146240234375
1468382400,97.17790985107422,51.81301498413086
1468468800,98.05621337890625,53.341896057128906
1468555200,97.80302429199219,52.87055206298828
1468814400,97.95335388183594,52.93702697753906
1468900800,100.08963775634766,52.91285705566406
1468987200,99.7414779663086,53.10017776489258
1469073600,100.62767791748047,53.11832046508789
1469160000,101.48219299316406,54.44778060913086
1469419200,100.80174255371094,54.592830657958984
1469505600,96.2996597290039,53.934112548828125
1469592000,94.53526306152344,54.21814727783203
1469678400,94.4877700805664,54.54448318481445
1469764800,93.0873031616211,54.03685760498047
1470024000,93.37215423583984,54.03685760498047
1470110400,93.12688446044922,53.366085052490234
1470196800,92.98446655273438,53.402339935302734
1470283200,93.60161590576172,53.43255615234375
1470369600,94.32160949707031,53.62593078613281
1470628800,93.59368896484375,53.837440490722656
1470715200,93.6095199584961,53.807228088378906
1470801600,93.99723052978516,53.45672607421875
1470888000,94.45612335205078,54.375267028808594
1470974400,94.56690216064453,54.363189697265625
1471233600,93.77565002441406,54.35110092163086
1471320000,93.31676483154297,54.26650619506836
1471406400,92.65213775634766,54.314842224121094
1471492800,92.67584991455078,54.84663009643555
1471579200,90.99849700927734,53.97037124633789
1471838400,91.32290649414062,54.26650619506836
1471924800,91.14090728759766,54.56864547729492
1472011200,90.88771057128906,54.23628234863281
1472097600,91.3307876586914,54.35110092163086
1472184000,90.54750061035156,54.103328704833984
1472443200,91.31498718261719,54.84663009643555
1472529600,91.98477935791016,54.858699798583984
1472616000,92.22398376464844,54.81641387939453
1472702400,92.01663970947266,54.84663009643555
1472788800,92.35952758789062,55.148780822753906
1473134400,93.49179077148438,55.142730712890625
1473220800,93.22867584228516,54.749935150146484
1473307200,92.63062286376953,53.71657943725586
1473393600,91.36282348632812,52.55630874633789
1473652800,92.45521545410156,53.57758712768555
1473739200,91.48243713378906,52.39918518066406
1473825600,91.84125518798828,52.532135009765625
1473912000,92.6067123413086,53.05182647705078
1473998400,91.92098236083984,53.202911376953125
1474257600,91.86515808105469,53.414424896240234
1474344000,92.8539047241211,53.6682243347168
1474430400,93.23663330078125,54.16375732421875
1474516800,93.57950592041016,54.67137145996094
1474603200,93.42798614501953,54.77409744262695
1474862400,92.91767883300781,54.0972900390625
1474948800,93.19676971435547,54.302757263183594
1475035200,91.84125518798828,54.520294189453125
1475121600,91.53026580810547,54.27254867553711
1475208000,91.98477935791016,54.876834869384766
1475467200,91.41065979003906,54.94330596923828
1475553600,90.50164794921875,54.55653762817383
1475640000,90.42990112304688,53.55341339111328
1475726400,90.83653259277344,52.84033966064453
1475812800,90.4617691040039,53.009552001953125
1476072000,91.46647644042969,52.810115814208984
1476158400,90.64519500732422,53.32982635498047
1476244800,91.46647644042969,53.746788024902344
1476331200,92.0246353149414,54.00664520263672
1476417600,90.97212219238281,53.891822814941406
1476676800,89.63252258300781,52.712730407714844
1476763200,88.70757293701172,52.36629867553711
1476849600,88.7155532836914,53.022705078125
1476936000,88.16534423828125,52.39060974121094
1477022400,90.84454345703125,52.85859298706055
1477281600,90.5574722290039,53.36305236816406
1477368000,89.87969970703125,52.10494613647461
1477454400,89.39331817626953,52.10494613647461
1477540800,89.3694076538086,51.88007736206055
1477627200,89.38533782958984,52.09886932373047
1477886400,89.76008605957031,52.43922424316406
1477972800,89.50493621826172,51.308624267578125
1478059200,89.6165542602539,50.47166442871094
1478145600,89.08234405517578,50.852108001708984
1478232000,88.5401382446289,50.564666748046875
1478494800,89.95943450927734,52.424591064453125
1478581200,90.9880599975586,52.41612243652344
1478667600,91.68177032470703,52.30623245239258
1478754000,91.30699920654297,51.85814666748047
1478840400,91.0757827758789,51.31709671020508
1479099600,93.97819519042969,51.31709671020508
1479186000,94.34497833251953,51.31709671020508
1479272400,95.05464172363281,51.06346893310547
1479358800,95.24602508544922,51.36780548095703
1479445200,95.6845703125,52.720489501953125
1479704400,95.285888671875,52.41612243652344
1479790800,95.43739318847656,53.03328323364258
1479877200,95.79619598388672,53.388370513916016
1480050000,96.21083068847656,53.549007415771484
1480309200,97.13578796386719,53.35456466674805
1480395600,96.9750747680664,53.71808624267578
1480482000,95.842041015625,53.59126281738281
1480568400,95.19920349121094,52.99946212768555
1480654800,95.01436614990234,52.77121353149414
1480914000,95.85810852050781,53.31228256225586
1481000400,95.82595825195312,53.650455474853516
1481086800,96.36434936523438,54.47895812988281
1481173200,96.7902603149414,54.41133499145508
1481259600,97.4411392211914,54.521236419677734
1481518800,97.82683563232422,54.73258972167969
1481605200,98.58222198486328,54.63113021850586
1481691600,98.71078491210938,54.005531311035156
1481778000,98.32508850097656,53.94634246826172
1481864400,99.03221130371094,54.31833267211914
1482123600,98.83134460449219,54.140811920166016
1482210000,99.10452270507812,54.292964935302734
1482296400,98.9840087890625,54.267601013183594
1482382800,99.41793060302734,54.14925003051758
1482469200,98.95185852050781,53.94634246826172
1482814800,98.89557647705078,54.13233947753906
1482901200,98.58222198486328,53.870269775390625
1482987600,98.6706314086914,53.794166564941406
1483074000,97.81079864501953,53.5405387878418
1483419600,96.123291015625,53.4390983581543
1483506000,96.01078033447266,53.633544921875
1483592400,96.18756103515625,53.81108474731445
1483678800,97.03936004638672,54.46204376220703
1483938000,96.774169921875,54.614234924316406
1484024400,96.62952423095703,54.93547058105469
1484110800,97.13579559326172,54.77410888671875
1484197200,98.11614990234375,54.91850280761719
1484283600,97.63398742675781,54.91850280761719
1484629200,98.63848114013672,54.502323150634766
1484715600,98.60630798339844,54.6637077331543
1484802000,98.1804428100586,54.38341522216797
1484888400,98.24468994140625,54.85055923461914
1485147600,97.53758239746094,54.70616912841797
1485234000,97.27242279052734,55.487579345703125
1485320400,97.86703491210938,55.716888427734375
1485406800,97.93936920166016,55.46208572387695
1485493200,98.72686004638672,55.9716911315918
1485752400,98.8554458618164,55.78482437133789
1485838800,98.49380493164062,55.65742111206055
1485925200,98.373291015625,55.096866607666016
1486011600,99.01614379882812,55.776336669921875
1486098000,99.8357925415039,56.251953125
1486357200,100.00453186035156,56.311431884765625
1486443600,100.11705017089844,56.472808837890625
1486530000,100.18132781982422,56.557735443115234
1486616400,100.02867126464844,57.23719787597656
1486702800,101.10542297363281,57.75531005859375
1486962000,100.88042449951172,57.84872055053711
1487048400,101.097412109375,58.247920989990234
1487134800,101.63579559326172,58.30739212036133
1487221200,101.81256103515625,58.12901306152344
1487307600,102.69651794433594,58.095069885253906
1487653200,102.88935852050781,57.47502517700195
1487739600,102.73664855957031,56.14155960083008
1487826000,103.0741958618164,55.844295501708984
1487912400,103.37956237792969,56.01416015625
1488171600,102.79670715332031,55.64894104003906
1488258000,103.33097076416016,55.47907257080078
1488344400,104.46424102783203,55.691402435302734
1488430800,103.8004379272461,55.38564682006836
1488517200,103.53333282470703,55.23275375366211
1488776400,103.63859558105469,54.78261184692383
1488862800,103.67095947265625,54.374935150146484
1488949200,103.68711853027344,54.42588424682617
1489035600,103.72762298583984,54.196563720703125
1489122000,103.59809875488281,54.62123489379883
1489377600,103.29857635498047,54.680686950683594
1489464000,103.452392578125,54.31547164916992
1489550400,103.51716613769531,54.281494140625
1489636800,103.59809875488281,54.20506286621094
1489723200,104.13236236572266,54.24751663208008
1489982400,104.24569702148438,54.41739273071289
1490068800,104.03522491455078,54.12862014770508
1490155200,104.50474548339844,53.78038024902344
1490241600,104.42377471923828,53.661476135253906
1490328000,104.69900512695312,54.0012321472168
1490587200,104.8204345703125,53.94175720214844
1490673600,104.78804779052734,54.75712966918945
1490760000,104.29424285888672,54.40039825439453
1490846400,104.68280792236328,54.374935150146484
1490932800,104.91754913330078,54.27299118041992
1491192000,104.91754913330078,53.97573471069336
1491278400,104.65852355957031,54.222049713134766
1491364800,105.56517028808594,54.24751663208008
1491451200,105.35469055175781,54.825077056884766
1491537600,105.20088195800781,54.59575271606445
1491796800,105.21710205078125,54.46834945678711
1491883200,106.20462036132812,54.741416931152344
1491969600,106.25321197509766,54.63901901245117
1492056000,105.84844207763672,54.434234619140625
1492401600,106.32608795166016,54.51955795288086
1492488000,107.09508514404297,54.57927703857422
1492574400,107.37032318115234,55.07422637939453
1492660800,107.88030242919922,55.50089645385742
1492747200,107.99360656738281,55.31314468383789
1493006400,108.65741729736328,56.08115768432617
1493092800,114.70425415039062,56.30302429199219
1493179200,114.0080795288086,56.21768569946289
1493265600,114.03239440917969,56.32863998413086
1493352000,113.27146911621094,56.10676574707031
1493611200,114.25904083251953,56.10676574707031
1493697600,114.32379150390625,56.61020278930664
1493784000,115.44901275634766,58.240089416503906
1493870400,116.12085723876953,58.863037109375
1493956800,116.53367614746094,59.13608932495117
1494216000,116.7603988647461,58.99955749511719
1494302400,116.85745239257812,58.675296783447266
1494388800,116.98701477050781,58.7776985168457
1494475200,116.73609924316406,58.991024017333984
1494561600,117.66699981689453,58.794769287109375
1494820800,118.4117431640625,59.067813873291016
1494907200,119.22926330566406,59.17873764038086
1494993600,118.51696014404297,59.016639709472656
1495080000,119.00262451171875,58.965431213378906
1495166400,119.9254379272461,59.79316711425781
1495425600,119.95783996582031,60.595306396484375
1495512000,119.65836334228516,60.51849365234375
1495598400,121.01823425292969,61.39744186401367
1495684800,121.24492645263672,61.55104064941406
1495771200,121.3096694946289,61.516902923583984
1496116800,121.3663101196289,61.78995895385742
1496203200,122.14344787597656,61.98623275756836
1496289600,124.13097381591797,63.00168228149414
1496376000,125.23062896728516,63.13823699951172
1496635200,124.45677947998047,63.317466735839844
1496721600,123.18605041503906,63.419830322265625
1496808000,123.76445007324219,63.36864471435547
1496894400,123.3489990234375,63.12116241455078
1496980800,123.38971710205078,62.37876510620117
1497240000,120.93791961669922,61.36328125
1497326400,122.03753662109375,62.01182556152344
1497412800,122.73807525634766,62.32756042480469
1497499200,123.13716125488281,61.960609436035156
1497585600,123.80518341064453,62.10569381713867
1497844800,124.74190521240234,63.087032318115234
1497931200,125.49942779541016,63.06997299194336
1498017600,125.22244262695312,63.48809814453125
1498104000,126.09407806396484,63.60755157470703
1498190400,125.9637222290039,63.84652328491211
1498449600,125.40985107421875,63.77822494506836
1498536000,125.21434020996094,63.12116241455078
1498622400,125.68679809570312,63.27476119995117
1498708800,124.73375701904297,62.67742156982422
1498795200,124.7582015991211,62.941959381103516
1499054400,124.2205810546875,62.59210205078125
1499227200,124.68484497070312,62.36170196533203
1499313600,124.70117950439453,61.99478530883789
1499400000,127.29148864746094,62.71156311035156
1499659200,126.68059539794922,62.75421905517578
1499745600,126.18367767333984,63.12116241455078
1499832000,127.54398345947266,63.48960876464844
1499918400,126.28954315185547,62.9069709777832
1500004800,126.48504638671875,63.06119155883789
1500264000,126.46871948242188,63.035491943359375
1500350400,125.40985107421875,63.19826889038086
1500436800,125.35279083251953,63.532432556152344
1500523200,125.61347198486328,63.935150146484375
1500609600,125.37725067138672,64.03794860839844
1500868800,123.69112396240234,63.90943145751953
1500955200,129.57225036621094,64.08934783935547
1501041600,127.48696899414062,63.90943145751953
1501128000,127.84537506103516,64.78337860107422
1501214400,126.94934844970703,64.26071166992188
1501473600,126.37098693847656,64.67201232910156
1501560000,125.4749755859375,64.71482849121094
1501646400,127.55211639404297,65.64875030517578
1501732800,126.02889251708984,64.14076232910156
1501819200,125.29576110839844,64.28640747070312
1502078400,126.23257446289062,64.25216674804688
1502164800,126.19178771972656,63.5753059387207
1502251200,126.19178771972656,64.32069396972656
1502337600,127.57655334472656,64.56916809082031
1502424000,128.13050842285156,64.74051666259766
1502683200,128.09788513183594,65.35743713378906
1502769600,128.39109802246094,65.45167541503906
1502856000,129.43373107910156,65.47737884521484
1502942400,128.61102294921875,64.723388671875
1503028800,128.50514221191406,64.61201477050781
1503288000,128.99388122558594,64.98899841308594
1503374400,130.03652954101562,65.58877563476562
1503460800,129.36044311523438,65.46882629394531
1503547200,129.0346221923828,65.3403091430664
1503633600,129.36859130859375,64.97186279296875
1503892800,130.0609588623047,65.29747009277344
1503979200,129.82476806640625,65.19465637207031
1504065600,130.71786499023438,65.1346435546875
1504152000,131.0784149169922,65.82012176513672
1504238400,130.94732666015625,65.65731811523438
1504584000,130.3655548095703,65.3917236328125
1504670400,129.6444854736328,65.29747009277344
1504756800,131.0210418701172,65.5202407836914
1504843200,130.86538696289062,65.52877807617188
1505102400,132.35671997070312,66.65977478027344
1505188800,128.09584045410156,66.11998748779297
1505275200,128.6448516845703,66.08572387695312
1505361600,128.6448516845703,66.11145782470703
1505448000,128.5792694091797,64.47492218017578
1505707200,128.38259887695312,64.86905670166016
1505793600,128.99717712402344,64.91189575195312
1505880000,131.0046844482422,65.4345474243164
1505966400,130.30821228027344,65.52877807617188
1506052800,130.2098846435547,65.0918197631836
1506312000,128.0384521484375,63.361083984375
1506398400,125.6540298461914,62.88980484008789
1506484800,126.22764587402344,62.632781982421875
1506571200,129.04632568359375,62.97549057006836
1506657600,128.38259887695312,63.06974411010742
1506916800,128.61207580566406,63.189701080322266
1507003200,128.53005981445312,63.33536911010742
1507089600,128.81690979003906,63.48960876464844
1507176000,130.1197509765625,63.900856018066406
1507262400,130.7752685546875,65.05756378173828
1507521600,131.20140075683594,65.11750793457031
1507608000,131.57821655273438,65.2717514038086
1507694400,133.68409729003906,65.66590881347656
1507780800,134.30686950683594,65.46882629394531
1507867200,135.50314331054688,65.28890228271484
1508126400,135.2082061767578,65.29747009277344
1508212800,135.52772521972656,65.28033447265625
1508299200,135.83096313476562,65.1346435546875
1508385600,136.42910766601562,64.96332550048828
1508472000,136.26522827148438,65.26321411132812
1508731200,133.83981323242188,64.73196411132812
1508817600,134.28225708007812,64.5520248413086
1508904000,134.03646850585938,63.97796630859375
1508990400,134.38877868652344,65.00613403320312
1509076800,135.51956176757812,64.46635437011719
1509336000,136.20779418945312,64.22644805908203
1509422400,136.76502990722656,63.78945541381836
1509508800,136.32254028320312,63.669532775878906
1509595200,137.7401580810547,67.81648254394531
1509681600,138.19073486328125,67.61084747314453
1509944400,139.3543243408203,68.43340301513672
1510030800,139.92788696289062,69.41016387939453
1510117200,139.37887573242188,69.51296997070312
1510203600,136.8387451171875,68.14208221435547
1510290000,135.6834259033203,68.19349670410156
1510549200,137.14193725585938,68.32199096679688
1510635600,137.74827575683594,68.31342315673828
1510722000,137.10098266601562,67.77156066894531
1510808400,137.73187255859375,67.5479736328125
1510894800,136.6092987060547,67.59956359863281
1511154000,136.78140258789062,67.7629623413086
1511240400,137.9040069580078,68.39940643310547
1511326800,138.51852416992188,68.14140319824219
1511499600,138.56768798828125,68.09838104248047
1511758800,138.44482421875,68.44242095947266
1511845200,140.39492797851562,69.68946838378906
1511931600,139.64927673339844,70.36029815673828
1512018000,141.75120544433594,71.78797149658203
1512104400,142.49302673339844,71.72777557373047
1512363600,140.6631317138672,71.6503677368164
1512450000,142.59201049804688,71.46977996826172
1512536400,142.995849609375,71.59016418457031
1512622800,142.52603149414062,71.42678833007812
1512709200,142.72386169433594,71.65898132324219
1512968400,142.8062744140625,70.91072082519531
1513054800,141.96554565429688,70.5151138305664
1513141200,143.05355834960938,70.6871337890625
1513227600,142.71563720703125,70.55811309814453
1513314000,143.4739532470703,70.7817153930664
1513573200,143.58938598632812,71.47836303710938
1513659600,142.9216766357422,71.26335144042969
1513746000,141.91607666015625,70.63552856445312
1513832400,141.65228271484375,70.95372772216797
1513918800,141.2978515625,70.86773681640625
1514264400,141.19073486328125,70.6871337890625
1514350800,142.32818603515625,70.86773681640625
1514437200,142.68264770507812,71.09993743896484
1514523600,141.8748779296875,70.18830108642578
1514869200,142.7815399169922,70.17970275878906
1514955600,142.17979431152344,70.1195068359375
1515042000,143.17718505859375,70.83333587646484
1515128400,143.4656982421875,71.24614715576172
1515387600,143.36679077148438,71.36656188964844
1515474000,143.0452880859375,71.1773681640625
1515560400,143.0205535888672,70.99675750732422
1515646800,142.9216766357422,70.94512176513672
1515733200,143.07005310058594,71.91698455810547
1516078800,143.1607208251953,71.32354736328125
1516165200,144.23228454589844,71.4611587524414
1516251600,143.89431762695312,71.46977996826172
1516338000,145.17193603515625,72.08041381835938
1516597200,145.2461700439453,73.02645874023438
1516683600,145.74072265625,73.82627868652344
1516770000,145.17193603515625,73.3102798461914
1516856400,144.79275512695312,73.67150115966797
1516942800,147.01832580566406,74.13590240478516
1517202000,146.5320281982422,74.3767318725586
1517288400,142.1715850830078,72.7512435913086
1517374800,141.0670623779297,72.7512435913086
1517461200,141.6934814453125,72.22660064697266
1517547600,139.61634826660156,71.06555938720703
1517806800,135.05809020996094,68.63162994384766
1517893200,136.15435791015625,69.30245971679688
1517979600,136.5912322998047,68.9154281616211
1518066000,131.0355682373047,65.6214599609375
1518152400,132.54396057128906,68.210205078125
1518411600,135.0992431640625,67.14376068115234
1518498000,133.86280822753906,67.1955795288086
1518584400,131.87635803222656,67.2906265258789
1518670800,132.5275421142578,68.23242950439453
1518757200,130.06292724609375,67.6103286743164
1519102800,129.54360961914062,67.46343994140625
1519189200,130.76353454589844,67.23014831542969
1519275600,132.4286651611328,67.67081451416016
1519362000,134.40689086914062,68.9495620727539
1519621200,134.83551025390625,69.61488342285156
1519707600,132.4286651611328,69.27788543701172
1519794000,130.84426879882812,70.31472778320312
1519880400,129.15213012695312,68.86315155029297
1519966800,122.9889907836914,69.37294006347656
1520226000,125.27838897705078,69.66669464111328
1520312400,125.41940307617188,70.31472778320312
1520398800,126.39820098876953,70.34066772460938
1520485200,128.10696411132812,71.21331024169922
1520571600,130.4295654296875,71.67123413085938
1520827200,130.84426879882812,71.20467376708984
1520913600,131.24241638183594,71.15283966064453
1521000000,131.259033203125,71.08370971679688
1521086400,134.05438232421875,71.61077117919922
1521172800,134.676513671875,72.14646911621094
1521432000,131.8977508544922,70.97137451171875
1521518400,132.20465087890625,71.79222106933594
1521604800,131.6073760986328,71.55028533935547
1521691200,130.2636260986328,71.00593566894531
1521777600,128.5548858642578,70.57392883300781
1522036800,131.06820678710938,72.60438537597656
1522123200,130.62857055664062,72.47479248046875
1522209600,131.40005493164062,72.79449462890625
1522296000,129.71615600585938,73.55484771728516
1522641600,130.8277130126953,72.35384368896484
1522728000,133.05072021484375,72.67350769042969
1522814400,134.15396118164062,73.80540466308594
1522900800,135.9954376220703,74.31520080566406
1522987200,133.75582885742188,72.97592163085938
1523246400,133.73919677734375,72.96727752685547
1523332800,135.01663208007812,73.94365692138672
1523419200,135.48944091796875,73.82269287109375
1523505600,134.06272888183594,74.09053802490234
1523592000,134.15396118164062,73.80540466308594
1523851200,134.0709991455078,74.53119659423828
1523937600,134.8341522216797,74.82496643066406
1524024000,134.22027587890625,75.16194915771484
1524110400,132.32904052734375,74.68669891357422
1524196800,131.69869995117188,74.55711364746094
1524456000,131.88116455078125,74.21150207519531
1524542400,130.4958953857422,73.5980453491211
1524628800,129.35121154785156,73.66716003417969
1524715200,131.80648803710938,74.96321868896484
1524801600,131.30880737304688,75.21376037597656
1525060800,138.890380859375,75.25696563720703
1525147200,135.57237243652344,74.85955047607422
1525233600,133.2830047607422,69.29517364501953
1525320000,132.78524780273438,71.4293212890625
1525406400,136.89129638671875,71.22196960449219
1525665600,136.8663787841797,71.80950164794922
1525752000,136.67562866210938,72.15514373779297
1525838400,136.23594665527344,72.96727752685547
1525924800,136.9244842529297,73.16603088378906
1526011200,137.18994140625,73.11416625976562
1526270400,136.63412475585938,72.23287963867188
1526356800,135.25714111328125,72.31964111328125
1526443200,135.09954833984375,72.51924896240234
1526529600,133.8055877685547,72.02461242675781
1526616000,133.5317840576172,71.4518814086914
1526875200,133.94654846191406,71.7555923461914
1526961600,132.2626953125,71.486572265625
1527048000,134.06272888183594,72.10272216796875
1527134400,134.70138549804688,72.43242645263672
1527220800,135.38162231445312,71.61676788330078
1527566400,133.2332305908203,71.0787353515625
1527652800,134.22862243652344,71.59942626953125
1527739200,132.7271728515625,70.575439453125
1527825600,132.86080932617188,71.0787353515625
1528084800,133.74563598632812,71.40849304199219
1528171200,133.12789916992188,71.9465103149414
1528257600,135.5487518310547,72.55393981933594
1528344000,141.4755401611328,73.0572509765625
1528430400,140.9996795654297,72.18082427978516
1528689600,138.9796142578125,72.12007141113281
1528776000,139.17994689941406,72.22419738769531
1528862400,139.0547332763672,71.66883850097656
1528948800,139.44708251953125,72.35436248779297
1529035200,138.95457458496094,71.69486999511719
1529294400,138.80429077148438,71.85972595214844
1529380800,137.71075439453125,70.29774475097656
1529467200,135.69894409179688,70.1675796508789
1529553600,134.00440979003906,69.18701934814453
1529640000,137.3601837158203,69.73368072509766
1529899200,133.40341186523438,68.19773864746094
1529985600,134.32164001464844,69.42999267578125
1530072000,131.40829467773438,68.44073486328125
1530158400,130.4900360107422,67.59032440185547
1530244800,130.79893493652344,67.87669372558594
1530504000,130.94920349121094,67.78124237060547
1530590400,130.62364196777344,67.54692077636719
1530763200,131.32484436035156,67.46015167236328
1530849600,133.07778930664062,67.92008972167969
1531108800,133.51193237304688,68.70106506347656
1531195200,134.07955932617188,68.82254028320312
1531281600,132.41006469726562,68.37130737304688
1531368000,132.82740783691406,68.6576919555664
1531454400,132.31817626953125,68.67501831054688
1531713600,132.54359436035156,68.25849151611328
1531800000,133.35328674316406,68.310546875
1531886400,131.83404541015625,68.97874450683594
1531972800,131.39993286132812,68.83990478515625
1532059200,131.86740112304688,68.82254028320312
1532318400,132.51856994628906,68.51013946533203
1532404800,131.84239196777344,67.9027099609375
1532491200,132.63540649414062,68.26718139648438
1532577600,130.33975219726562,68.51013946533203
1532664000,131.45835876464844,68.4754638671875
1532923200,132.4266815185547,68.32793426513672
1533009600,131.5084686279297,68.80519104003906
1533096000,130.99095153808594,68.96138763427734
1533182400,129.7304229736328,69.9679946899414
1533268800,130.3982696533203,71.03534698486328
1533528000,130.82394409179688,70.80106353759766
1533614400,130.25631713867188,70.575439453125
1533700800,132.66043090820312,71.08741760253906
1533787200,132.9776611328125,71.79031372070312
1533873600,132.46011352539062,71.9725341796875
1534132800,132.0093536376953,71.486572265625
1534219200,134.0628662109375,72.10272216796875
1534305600,133.46180725097656,71.91180419921875
1534392000,135.0061492919922,73.06592559814453
1534478400,134.52195739746094,73.03978729248047
1534737600,134.96435546875,73.30123138427734
1534824000,134.43016052246094,73.49296569824219
1534910400,134.0211181640625,73.03978729248047
1534996800,132.7689208984375,72.78705596923828
1535083200,133.04444885253906,73.3273696899414
1535342400,133.96263122558594,73.63239288330078
1535428800,134.93099975585938,74.3993148803711
1535515200,136.15809631347656,74.93965148925781
1535601600,135.89932250976562,74.68688201904297
1535688000,136.26893615722656,75.7239761352539
1536033600,135.8405303955078,75.83726501464844
1536120000,137.11729431152344,75.58454895019531
1536206400,137.5372772216797,76.62162780761719
1536292800,137.67172241210938,77.03990936279297
1536552000,138.65444946289062,77.09223175048828
1536638400,138.27645874023438,76.89176940917969
1536724800,138.3772430419922,76.97892761230469
1536811200,136.41168212890625,77.11839294433594
1536897600,135.10137939453125,76.81334686279297
1537156800,132.8334503173828,76.42121124267578
1537243200,132.52264404296875,76.94406127929688
1537329600,133.7069854736328,77.1706771850586
1537416000,135.059326171875,77.52796936035156
1537502400,138.84762573242188,78.02474212646484
1537761600,137.17613220214844,77.82428741455078
1537848000,139.77999877929688,78.32972717285156
1537934400,139.23399353027344,78.32972717285156
1538020800,139.8808135986328,78.71321105957031
1538107200,140.51919555664062,79.2273941040039
1538366400,139.99839782714844,78.80034637451172
1538452800,138.74681091308594,78.41690826416016
1538539200,138.31008911132812,78.22516632080078
1538625600,139.2676239013672,78.05958557128906
1538712000,139.9143829345703,78.434326171875
1538971200,140.92237854003906,78.9920654296875
1539057600,142.65267944335938,79.46269226074219
1539144000,141.42636108398438,77.73712158203125
1539230400,136.89047241210938,75.88085174560547
1539316800,137.60447692871094,76.73491668701172
1539576000,137.4784393310547,77.08350372314453
1539662400,137.81446838378906,78.80906677246094
1539748800,140.08241271972656,79.61956787109375
1539835200,140.1160125732422,78.2774429321289
1539921600,140.68714904785156,77.91143798828125
1540180800,139.96478271484375,77.86785888671875
1540267200,148.80130004882812,77.40596008300781
1540353600,148.96934509277344,75.87213134765625
1540440000,147.25575256347656,75.75012969970703
1540526400,145.6010284423828,74.75662994384766
1540785600,145.50863647460938,74.48645782470703
1540872000,149.9268798828125,75.3230972290039
1540958400,148.59132385253906,78.79163360595703
1541044800,146.89454650878906,76.6826400756836
1541131200,148.46534729003906,75.7326889038086
1541394000,151.5228271484375,76.22944641113281
1541480400,153.4716033935547,76.60419464111328
1541566800,154.76513671875,77.89398193359375
1541653200,155.7982940673828,78.83521270751953
1541739600,156.1846466064453,79.06179809570312
1541998800,154.86595153808594,77.95497131347656
1542085200,154.56350708007812,77.58895874023438
1542171600,154.42918395996094,77.71971130371094
1542258000,154.18556213378906,77.37982177734375
1542344400,157.57064819335938,77.46697998046875
1542603600,156.83985900878906,76.80462646484375
1542690000,154.3115234375,75.98541259765625
1542776400,153.47996520996094,75.84596252441406
1542949200,152.81642150878906,76.30104064941406
1543208400,154.46275329589844,77.28118133544922
1543294800,155.0843505859375,78.29631805419922
1543381200,157.78903198242188,80.27404022216797
1543467600,158.973388671875,80.38783264160156
1543554000,159.31988525390625,80.7028579711914
1543813200,156.66615295410156,80.57157897949219
1543899600,156.38720703125,79.35519409179688
1544072400,156.73373413085938,80.07278442382812
1544158800,154.6293182373047,79.13642120361328
1544418000,156.05764770507812,78.98764038085938
1544504400,155.16175842285156,78.59386444091797
1544590800,155.0687255859375,79.16266632080078
1544677200,157.56195068359375,81.78800964355469
1544763600,154.90821838378906,80.247802734375
1545022800,152.7953338623047,78.50630950927734
1545109200,151.88255310058594,78.8476333618164
1545195600,151.41773986816406,78.86514282226562
1545282000,146.78627014160156,76.23979187011719
1545368400,147.1835174560547,77.13240051269531
1545627600,143.91273498535156,76.15226745605469
1545800400,147.08212280273438,78.75135803222656
1545886800,148.50192260742188,79.60023498535156
1545973200,148.3751678466797,80.1690444946289
1546232400,150.07394409179688,80.4403076171875
1546405200,148.79774475097656,80.02029418945312
1546491600,147.8173828125,78.00750732421875
1546578000,150.6739959716797,80.03775024414062
1546837200,152.31356811523438,79.95027923583984
1546923600,152.634765625,79.7927474975586
1547010000,152.3727569580078,79.75775909423828
1547096400,153.43763732910156,80.3265609741211
1547182800,154.13063049316406,79.58271789550781
1547442000,153.15872192382812,78.76012420654297
1547528400,152.98974609375,79.10140228271484
1547614800,151.5782928466797,78.61135864257812
1547701200,153.06585693359375,79.37269592285156
1547787600,154.29971313476562,80.82537841796875
1548133200,155.989990234375,80.55410766601562
1548219600,157.2746124267578,81.19292449951172
1548306000,158.35646057128906,81.30668640136719
1548392400,155.50823974609375,81.13166046142578
1548651600,155.17022705078125,81.02664947509766
1548738000,153.9616241455078,81.0966796875
1548824400,153.62356567382812,81.77923583984375
1548910800,151.0966033935547,82.2430648803711
1548997200,149.35556030273438,82.37431335449219
1549256400,150.05703735351562,82.8293685913086
1549342800,150.07394409179688,82.6456069946289
1549429200,148.8992156982422,82.7768783569336
1549515600,148.1385498046875,82.79438018798828
1549602000,147.69061279296875,82.68936920166016
1549861200,147.2764434814453,81.61297607421875
1549947600,147.03138732910156,82.3043212890625
1550034000,147.1835174560547,82.04060363769531
1550120400,148.63719177246094,82.49768829345703
1550206800,152.10232543945312,82.73506164550781
1550552400,151.4938201904297,83.086669921875
1550638800,152.5418243408203,83.26246643066406
1550725200,154.50254821777344,83.40310668945312
1550811600,154.80679321289062,83.85142517089844
1551070800,154.3335418701172,82.19003295898438
1551157200,154.8406219482422,82.0669937133789
1551243600,154.96737670898438,81.84722900390625
1551330000,156.3622283935547,83.06906127929688
1551416400,157.39144897460938,83.83385467529297
1551675600,153.5979766845703,83.63166809082031
1551762000,154.2444305419922,84.32611846923828
1551848400,154.82281494140625,84.9150390625
1551934800,153.5384979248047,84.86233520507812
1552021200,152.67095947265625,84.97657775878906
1552276800,154.01478576660156,85.96111297607422
1552363200,154.6526336669922,86.12812805175781
1552449600,154.84828186035156,86.70830535888672
1552536000,155.42669677734375,87.00719451904297
1552622400,157.62957763671875,88.69493865966797
1552881600,156.45579528808594,88.11475372314453
1552968000,155.7413787841797,87.23570251464844
1553054400,157.32334899902344,86.6467514038086
1553140800,158.5141143798828,87.19175720214844
1553227200,158.8883514404297,86.99838256835938
1553486400,157.96124267578125,86.99838256835938
1553572800,159.45819091796875,86.80498504638672
1553659200,159.48373413085938,87.00719451904297
1553745600,161.0827178955078,87.1478042602539
1553832000,161.51651000976562,87.73676300048828
1554091200,160.23219299316406,88.41364288330078
1554177600,160.1981964111328,88.06201934814453
1554264000,160.1981964111328,88.37847137451172
1554350400,161.49098205566406,88.2993392944336
1554436800,162.20542907714844,87.86862182617188
1554696000,161.47401428222656,87.54337310791016
1554782400,161.6696014404297,87.44670867919922
1554868800,160.93814086914062,87.93895721435547
1554955200,160.64895629882812,88.58064270019531
1555041600,162.96243286132812,89.13445281982422
1555300800,163.17503356933594,89.3454360961914
1555387200,163.0474395751953,89.33660888671875
1555473600,162.9709014892578,89.22236633300781
1555560000,165.77764892578125,90.82218933105469
1555905600,164.93563842773438,90.69915008544922
1555992000,166.07537841796875,90.4705581665039
1556078400,168.0911407470703,90.83978271484375
1556164800,168.3462371826172,90.93647003173828
1556251200,167.91253662109375,91.49906158447266
1556510400,167.65736389160156,91.244140625
1556596800,168.04013061523438,91.76277160644531
1556683200,165.14825439453125,89.6091079711914
1556769600,165.5225067138672,89.43331909179688
1556856000,167.99757385253906,90.29475402832031
1557115200,169.17127990722656,90.02229309082031
1557201600,168.4398193359375,89.19598388671875
1557288000,168.4313201904297,88.33451080322266
1557374400,168.17617797851562,88.55427551269531
1557460800,170.098388671875,89.16081237792969
1557720000,169.2819061279297,88.2641830444336
1557806400,168.41432189941406,88.50153350830078
1557892800,169.31588745117188,88.58979797363281
1557979200,170.098388671875,89.03998565673828
1558065600,169.44349670410156,89.4195785522461
1558324800,169.2478485107422,88.88109588623047
1558411200,169.9707794189453,89.84327697753906
1558497600,170.07284545898438,89.560791015625
1558584000,169.2308349609375,89.49899291992188
1558670400,168.2101593017578,89.14591979980469
1559016000,167.27459716796875,88.09550476074219
1559102400,166.72178649902344,87.96306610107422
1559188800,169.46047973632812,89.64025115966797
1559275200,169.62303161621094,90.34642791748047
1559534400,170.059326171875,91.90001678466797
1559620800,170.78652954101562,94.4245834350586
1559707200,171.2142791748047,94.70706176757812
1559793600,173.71238708496094,95.70452117919922
1559880000,175.79129028320312,96.27831268310547
1560139200,172.2152557373047,95.90756225585938
1560225600,173.89202880859375,94.95420837402344
1560312000,175.32078552246094,96.16353607177734
1560398400,174.94436645507812,96.19886779785156
1560484800,175.6287384033203,96.91386413574219
1560744000,174.36257934570312,96.35775756835938
1560830400,174.96145629882812,95.96051788330078
1560916800,174.99569702148438,96.61373901367188
1561003200,175.4833221435547,97.64653015136719
1561089600,174.7475128173828,97.33756256103516
1561348800,174.45669555664062,97.68184661865234
1561435200,175.988037109375,97.37287902832031
1561521600,174.99569702148438,97.20515441894531
1561608000,176.46714782714844,97.59355163574219
1561694400,177.65631103515625,97.69064331054688
1561953600,176.4928436279297,96.64904022216797
1562040000,179.29891967773438,97.8936767578125
1562126400,182.06219482421875,97.96430206298828
1562299200,180.7190704345703,97.31108856201172
1562558400,181.5061492919922,97.14338684082031
1562644800,181.4462432861328,97.53176879882812
1562731200,182.22474670410156,97.96430206298828
1562817600,181.95960998535156,98.4233169555664
1562904000,182.21617126464844,98.02609252929688
1563163200,183.25997924804688,98.80287170410156
1563249600,182.84075927734375,98.4586181640625
1563336000,182.83218383789062,98.66163635253906
1563422400,184.71432495117188,99.80036163330078
1563508800,182.96908569335938,99.33251190185547
1563768000,183.93582153320312,99.99456024169922
1563854400,183.3455047607422,99.67675018310547
1563940800,182.0365753173828,99.44725799560547
1564027200,183.4567108154297,99.65028381347656
1564113600,184.4320068359375,100.64777374267578
1564372800,183.91864013671875,100.71839141845703
1564459200,181.6601104736328,99.959228515625
1564545600,180.274169921875,99.32369995117188
1564632000,180.72760009765625,103.22530364990234
1564718400,183.49090576171875,103.58723449707031
1564977600,180.04319763183594,101.57461547851562
1565064000,183.14871215820312,102.439697265625
1565150400,185.50140380859375,102.62506866455078
1565236800,186.51087951660156,103.56072998046875
1565323200,189.1972198486328,105.06136322021484
1565582400,185.7837371826172,102.8722152709961
1565668800,187.9823760986328,103.39299774169922
1565755200,185.20196533203125,101.9983139038086
1565841600,186.73333740234375,102.74864959716797
1565928000,186.9044647216797,102.4297103881836
1566187200,187.16964721679688,103.17388916015625
1566273600,186.9044647216797,103.27133178710938
1566360000,188.82080078125,103.85604095458984
1566446400,187.77703857421875,103.92691802978516
1566532800,183.64491271972656,102.15506744384766
1566792000,185.56983947753906,103.85604095458984
1566878400,184.83413696289062,103.62569427490234
1566964800,186.56224060058594,103.61683654785156
1567051200,188.6753387451172,103.92691802978516
1567137600,187.46267700195312,103.45735931396484
1567483200,186.74029541015625,103.39535522460938
1567569600,187.91851806640625,104.44073486328125
1567656000,188.76992797851562,104.6799545288086
1567742400,189.23440551757812,105.61014556884766
1568001600,186.85206604003906,104.36986541748047
1568088000,180.3329620361328,102.11961364746094
1568174400,180.7801971435547,100.81736755371094
1568260800,182.45724487304688,100.34779357910156
1568347200,180.4447784423828,98.65570831298828
1568606400,178.37208557128906,97.92925262451172
1568692800,180.47921752929688,99.93142700195312
1568779200,180.97802734375,101.50835418701172
1568865600,181.055419921875,101.08312225341797
1568952000,180.0836181640625,99.48847198486328
1569211200,181.93264770507812,100.63130187988281
1569297600,182.34548950195312,99.435302734375
1569384000,182.87008666992188,98.7885971069336
1569470400,182.8443145751953,99.94026947021484
1569556800,183.325927734375,100.09972381591797
1569816000,184.6589813232422,100.48955535888672
1569902400,179.765380859375,100.01115417480469
1569988800,177.40025329589844,99.81623077392578
1570075200,180.6339874267578,100.7110366821289
1570161600,182.06166076660156,101.57921600341797
1570420800,182.2594757080078,100.71988677978516
1570507200,181.5628204345703,99.74539947509766
1570593600,183.04212951660156,100.40095520019531
1570680000,182.12184143066406,101.28689575195312
1570766400,179.765380859375,101.39318084716797
1571025600,179.21495056152344,99.94914245605469
1571112000,178.21728515625,98.60256958007812
1571198400,179.14613342285156,98.76201629638672
1571284800,177.8990478515625,97.77864837646484
1571371200,179.318115234375,99.48847198486328
1571630400,180.47921752929688,99.49732208251953
1571716800,171.37997436523438,97.5394515991211
1571803200,171.32838439941406,96.80411529541016
1571889600,168.5848388671875,96.52061462402344
1571976000,167.37220764160156,96.6535415649414
1572235200,164.93826293945312,97.01673889160156
1572321600,165.6606903076172,97.2027816772461
1572408000,169.3330841064453,91.5506362915039
1572494400,169.16966247558594,90.10660552978516
1572580800,166.7959747314453,88.28160858154297
1572843600,162.25494384765625,87.218505859375
1572930000,165.2823028564453,86.75785827636719
1573016400,167.0023193359375,88.67140197753906
1573102800,166.05630493164062,88.29047393798828
1573189200,166.5121612548828,87.61717224121094
1573448400,165.67791748046875,87.55516815185547
1573534800,166.22833251953125,87.12104797363281
1573621200,167.70762634277344,87.15650939941406
1573707600,166.84756469726562,86.91728973388672
1573794000,166.82177734375,87.06790924072266
1574053200,167.08840942382812,87.06790924072266
1574139600,166.36595153808594,86.89073944091797
1574226000,166.9593505859375,87.29998779296875
1574312400,165.42848205566406,87.10425567626953
1574398800,166.10791015625,86.85513305664062
1574658000,165.03282165527344,87.20213317871094
1574744400,166.85618591308594,88.750244140625
1574830800,168.8256378173828,89.54212188720703
1575003600,168.332275390625,89.56877899169922
1575262800,168.9381561279297,89.4709243774414
1575349200,167.1551513671875,88.48332214355469
1575435600,168.1851806640625,88.26091003417969
1575522000,168.09860229492188,87.65589141845703
1575608400,169.08534240722656,87.87832641601562
1575867600,168.50543212890625,88.06513977050781
1575954000,168.73912048339844,88.29649353027344
1576040400,168.54000854492188,88.47443389892578
1576126800,169.91627502441406,88.8214340209961
1576213200,170.6173553466797,89.07054901123047
1576472400,171.2751922607422,89.76453399658203
1576558800,170.0980224609375,88.63459014892578
1576645200,169.3276824951172,87.85162353515625
1576731600,170.5654296875,88.81251525878906
1576818000,170.6346893310547,89.49762725830078
1577077200,169.82106018066406,88.80364990234375
1577163600,170.22784423828125,89.26630401611328
1577336400,170.5654296875,90.5652847290039
1577422800,171.5261688232422,90.66317749023438
1577682000,170.43556213378906,89.54212188720703
1577768400,171.04148864746094,89.6221923828125
1577941200,173.79388427734375,90.90340423583984
1578027600,173.1793670654297,90.61869812011719
1578286800,175.12686157226562,90.5652847290039
1578373200,175.38656616210938,90.72544860839844
1578459600,178.2255096435547,90.8855972290039
1578546000,180.33749389648438,91.60626220703125
1578632400,179.40267944335938,90.4763412475586
1578891600,178.74488830566406,89.27518463134766
1578978000,179.4459991455078,89.61328125
1579064400,181.5666046142578,90.07595825195312
1579150800,182.50135803222656,90.89451599121094
1579237200,183.4794158935547,93.77721405029297
1579582800,182.76966857910156,93.95516204833984
1579669200,183.01199340820312,94.74701690673828
1579755600,184.72579956054688,94.29324340820312
1579842000,182.8389434814453,93.40353393554688
1580101200,181.19436645507812,92.87860870361328
1580187600,182.10321044921875,93.26116943359375
1580274000,185.608642578125,94.87157440185547
1580360400,187.11473083496094,94.84489440917969
1580446800,185.201904296875,94.10639953613281
1580706000,186.24917602539062,94.67583465576172
1580792400,185.7644500732422,94.9427490234375
1580878800,185.548095703125,95.00504302978516
1580965200,184.2498016357422,92.30027770996094
1581051600,183.15921020507812,90.78773498535156
1581310800,184.54408264160156,91.52620697021484
1581397200,186.72520446777344,92.57609558105469
1581483600,188.22264099121094,93.72383117675781
1581570000,188.18804931640625,93.8668212890625
1581656400,187.90237426757812,94.09025573730469
1582002000,187.08877563476562,92.97311401367188
1582088400,186.63873291015625,94.00983428955078
1582174800,186.16265869140625,92.83010864257812
1582261200,186.84642028808594,92.50839233398438
1582520400,184.8123779296875,89.5948715209961
1582606800,183.5832977294922,87.5393295288086
1582693200,181.85220336914062,87.13714599609375
1582779600,173.97567749023438,82.82051086425781
1582866000,169.11569213867188,79.76402282714844
1583125200,176.41441345214844,82.69540405273438
1583211600,173.7666473388672,81.60507202148438
1583298000,180.30763244628906,84.57221221923828
1583384400,172.730224609375,81.25650787353516
1583470800,173.2005157470703,79.89806365966797
1583726400,162.74887084960938,74.80389404296875
1583812800,174.07151794433594,77.55653381347656
1583899200,163.95956420898438,72.36405181884766
1583985600,148.17762756347656,70.11190032958984
1584072000,154.2744140625,70.12083435058594
1584331200,129.78280639648438,62.4080810546875
1584417600,128.57215881347656,58.529354095458984
1584504000,119.58377075195312,54.23952865600586
1584590400,130.2095947265625,55.94652557373047
1584676800,129.32989501953125,51.90693664550781
1584936000,119.40960693359375,50.51273727416992
1585022400,141.0531005859375,62.25613784790039
1585108800,141.95021057128906,65.12496948242188
1585195200,145.75636291503906,67.69886016845703
1585281600,142.84730529785156,61.246238708496094
1585540800,146.4357147216797,63.158782958984375
1585627200,144.014404296875,61.246238708496094
1585713600,137.7608642578125,60.45979309082031
1585800000,140.6612091064453,59.02984619140625
1585886400,139.6421661376953,56.572113037109375
1586145600,154.19598388671875,63.00687026977539
1586232000,152.93312072753906,63.76650619506836
1586318400,154.58795166015625,67.35926818847656
1586404800,159.9967041015625,71.82781982421875
1586750400,156.87860107421875,68.86962127685547
1586836800,160.24925231933594,71.39884948730469
1586923200,154.89280700683594,69.38797760009766
1587009600,156.33860778808594,71.5954818725586
1587096000,162.08702087402344,75.22392272949219
1587355200,158.2111358642578,73.34716033935547
1587441600,154.6663360595703,72.56961059570312
1587528000,162.4179229736328,77.56549835205078
1587614400,158.55084228515625,76.51089477539062
1587700800,160.275390625,76.76113891601562
1587960000,161.90411376953125,78.8166732788086
1588046400,161.9389190673828,78.8881607055664
1588132800,163.58502197265625,78.16426849365234
1588219200,163.3585968017578,77.24373626708984
1588305600,159.0908203125,74.90220642089844
1588564800,158.40281677246094,74.25875091552734
1588651200,156.11212158203125,74.42852783203125
1588737600,154.1350555419922,74.33023071289062
1588824000,157.74952697753906,75.60820770263672
1588910400,157.84535217285156,77.02029418945312
1589169600,157.54049682617188,77.19011688232422
1589256000,153.76051330566406,75.07199096679688
1589342400,150.52056884765625,71.89038848876953
1589428800,152.7763214111328,74.43746948242188
1589515200,151.3828125,75.8763656616211
1589774400,156.6260528564453,77.53865051269531
1589860800,156.3995361328125,77.62804412841797
1589947200,160.3450164794922,78.727294921875
1590033600,161.19859313964844,78.65579986572266
1590120000,160.6150360107422,77.97657775878906
1590465600,160.98956298828125,78.6915512084961
1590552000,163.4979705810547,80.64878845214844
1590638400,164.37765502929688,81.61904907226562
1590724800,163.3605194091797,80.61286926269531
1590984000,164.31625366210938,81.32256317138672
1591070400,164.4740753173828,82.84088134765625
1591156800,169.47164916992188,84.95207977294922
1591243200,169.42784118652344,85.3384017944336
1591329600,172.8647918701172,86.71294403076172
1591588800,177.67828369140625,86.2367935180664
1591675200,174.93397521972656,85.8504867553711
1591761600,171.67239379882812,84.52983856201172
1591848000,164.40386962890625,81.45733642578125
1591934400,165.85934448242188,82.00537109375
1592193600,166.13995361328125,82.14910125732422
1592280000,166.86764526367188,82.52642822265625
1592366400,167.27975463867188,81.98738098144531
1592452800,166.13995361328125,80.9721908569336
1592539200,163.5709991455078,79.29220581054688
1592798400,164.36013793945312,78.89691162109375
1592884800,163.6235809326172,78.98675537109375
1592971200,161.5807342529297,77.76492309570312
1593057600,160.2392120361328,77.26183319091797
1593144000,157.5913848876953,76.17477416992188
1593403200,160.2742919921875,78.14226531982422
1593489600,161.73851013183594,78.07938385009766
1593576000,161.90513610839844,77.6661148071289
1593662400,160.90560913085938,77.76492309570312
1594008000,165.27191162109375,79.51679992675781
1594094400,162.92218017578125,78.03446197509766
1594180800,162.948486328125,77.75596618652344
1594267200,161.6157684326172,77.60322570800781
1594353600,162.0980224609375,78.37584686279297
1594612800,162.13308715820312,78.54653930664062
1594699200,167.21835327148438,79.22034454345703
1594785600,168.1389923095703,81.16987609863281
1594872000,167.39373779296875,80.57691192626953
1594958400,167.88470458984375,81.36749267578125
1595217600,167.9987335205078,81.6729507446289
1595304000,169.1999053955078,81.78974151611328
1595390400,174.14491271972656,84.10760498046875
1595476800,173.2067413330078,83.4338150024414
1595563200,174.23257446289062,83.67635345458984
1595822400,176.4508056640625,83.88301849365234
1595908800,172.0581512451172,83.32601165771484
1595995200,172.0318603515625,85.19465637207031
1596081600,171.33045959472656,82.32878112792969
1596168000,170.3396759033203,81.79871368408203
1596427200,170.4449005126953,81.68193054199219
1596513600,174.793701171875,82.49048614501953
1596600000,174.70602416992188,81.7538070678711
1596686400,178.1429443359375,81.74482727050781
1596772800,179.38800048828125,81.59209442138672
1597032000,178.9671630859375,82.05925750732422
1597118400,179.73870849609375,83.28105163574219
1597204800,180.63304138183594,83.69435119628906
1597291200,181.0451202392578,83.3439712524414
1597377600,181.5185546875,83.23616027832031
1597636800,182.9564666748047,84.08964538574219
1597723200,184.40313720703125,85.25755310058594
1597809600,183.69296264648438,84.38611602783203
1597896000,184.0174102783203,85.67979431152344
1597982400,185.49911499023438,86.33563232421875
1598241600,186.4197235107422,86.74887084960938
1598328000,186.446044921875,87.10095977783203
1598414400,187.4192657470703,86.06275177001953
1598500800,186.04270935058594,86.18915557861328
1598587200,188.42755126953125,87.97667694091797
1598846400,188.30406188964844,86.5322036743164
1598932800,187.5720977783203,86.80304718017578
1599019200,190.69407653808594,88.45516204833984
1599105600,188.551025390625,86.96556091308594
1599192000,186.7254638671875,85.96344757080078
1599537600,188.35696411132812,84.57315063476562
1599624000,190.23544311523438,84.31136322021484
1599710400,191.58474731445312,83.37244415283203
1599796800,192.2550048828125,83.30022430419922
1600056000,194.51268005371094,83.84190368652344
1600142400,196.1089630126953,84.4287109375
1600228800,198.26075744628906,85.59329986572266
1600315200,196.29409790039062,84.6002426147461
1600401600,194.25694274902344,83.15579986572266
1600660800,190.85276794433594,80.6550521850586
1600747200,190.85276794433594,81.7835464477539
1600833600,189.58285522460938,81.04324340820312
1600920000,190.5970458984375,82.48772430419922
1601006400,192.41375732421875,82.49675750732422
1601265600,194.2480926513672,82.94812774658203
1601352000,192.85472106933594,81.89188385009766
1601438400,193.5690460205078,82.42451477050781
1601524800,193.65724182128906,82.89398193359375
1601611200,196.37350463867188,85.91830444335938
1601870400,199.3719940185547,84.94329833984375
1601956800,197.6258087158203,82.98423767089844
1602043200,199.73353576660156,84.75370788574219
1602129600,199.13385009765625,86.1349868774414
1602216000,198.27838134765625,86.20720672607422
1602475200,199.4072723388672,86.64957427978516
1602561600,200.50082397460938,86.6766586303711
1602648000,200.7388916015625,87.13705444335938
1602734400,202.52037048339844,89.818359375
1602820800,202.28224182128906,88.95166015625
1603080000,199.3101806640625,87.79611206054688
1603166400,200.5889892578125,87.82318115234375
1603252800,201.24160766601562,89.43920135498047
1603339200,202.0882568359375,90.14334869384766
1603425600,201.70018005371094,91.4343490600586
1603684800,197.78453063964844,89.55654907226562
1603771200,196.63809204101562,88.46416473388672
1603857600,189.33592224121094,85.81903076171875
1603944000,189.56521606445312,85.710693359375
1604030400,187.84548950195312,84.25718688964844
1604293200,187.45742797851562,85.99054718017578
1604379600,191.1967315673828,87.36277770996094
1604466000,189.49461364746094,88.996826171875
1604552400,190.7645721435547,90.91075134277344
1604638800,190.98504638671875,89.71905517578125
1604898000,188.0395050048828,92.0663070678711
1604984400,188.127685546875,92.97811126708984
1605070800,192.2726593017578,91.92186737060547
1605157200,187.90721130371094,90.65794372558594
1605243600,188.0924530029297,92.86979675292969
1605502800,191.135009765625,94.5760498046875
1605589200,190.50001525878906,93.926025390625
1605675600,190.0679168701172,94.04341125488281
1605762000,189.70631408691406,95.03646850585938
1605848400,188.8067626953125,94.78369903564453
1606107600,191.37307739257812,94.79270935058594
1606194000,193.7630615234375,97.20494079589844
1606280400,193.4367218017578,96.678955078125
1606453200,192.54605102539062,97.19586181640625
1606712400,192.9009246826172,95.94441223144531
1606798800,191.7476043701172,96.43409729003906
1606885200,187.06346130371094,95.2008056640625
1606971600,187.64013671875,94.78363800048828
1607058000,186.95703125,95.99883270263672
1607317200,185.3158416748047,95.43658447265625
1607403600,184.87220764160156,95.3549575805664
1607490000,185.13836669921875,96.64268493652344
1607576400,184.5617218017578,96.54293060302734
1607662800,184.31332397460938,96.1167221069336
1607922000,188.00384521484375,95.67236328125
1608008400,190.61207580566406,97.37722778320312
1608094800,189.67172241210938,97.41351318359375
1608181200,190.0709228515625,98.65591430664062
1608267600,190.8072509765625,99.55366516113281
1608526800,187.78207397460938,98.51077270507812
1608613200,188.00384521484375,97.39537048339844
1608699600,188.0925750732422,96.8421859741211
1608786000,187.53369140625,97.52233123779297
1609131600,189.86685180664062,99.55366516113281
1609218000,188.70469665527344,99.25440216064453
1609304400,187.68447875976562,99.30879974365234
1609390800,190.3636474609375,98.44731903076172
1609736400,186.49571228027344,95.9625473022461
1609822800,187.613525390625,95.97162628173828
1609909200,187.18765258789062,96.49760437011719
1609995600,188.05706787109375,95.76303100585938
1610082000,191.50804138183594,97.16865539550781
1610341200,190.05320739746094,97.64022827148438
1610427600,187.71994018554688,97.64022827148438
1610514000,188.1546630859375,97.16865539550781
1610600400,184.9698028564453,97.73997497558594
1610686800,186.22068786621094,96.6880111694336
1611032400,185.49322509765625,97.38629913330078
1611118800,189.52090454101562,99.2181396484375
1611205200,189.43215942382812,97.83065032958984
1611291600,189.29908752441406,97.11425018310547
1611550800,189.2635955810547,95.4547119140625
1611637200,191.07339477539062,96.43409729003906
1611723600,183.6390838623047,92.51653289794922
1611810000,183.47943115234375,92.97901916503906
1611896400,184.38430786132812,92.03590393066406
1612155600,184.46412658691406,93.45965576171875
1612242000,186.08763122558594,96.3978271484375
1612328400,185.15611267089844,94.97408294677734
1612414800,187.21432495117188,93.39617156982422
1612501200,188.58937072753906,95.52725982666016
1612760400,187.7022247314453,93.7317123413086
1612846800,191.60565185546875,93.51406860351562
1612933200,190.20394897460938,95.05570983886719
1613019600,190.08865356445312,96.11270141601562
1613106000,189.76039123535156,96.10356903076172
1613451600,190.7628936767578,96.2220458984375
1613538000,189.36119079589844,95.07392883300781
1613624400,191.11770629882812,96.012451171875
1613710800,188.28775024414062,95.79376983642578
1613970000,188.12802124023438,95.6844253540039
1614056400,187.47154235839844,95.35639190673828
1614142800,189.20152282714844,95.38371276855469
1614229200,187.14332580566406,95.4019546508789
1614315600,184.0013427734375,94.33586120605469
1614574800,185.88475036621094,95.22882843017578
1614661200,186.25965881347656,95.43839263916016
1614747600,183.71571350097656,94.317626953125
1614834000,182.84097290039062,94.37229919433594
1614920400,185.0992431640625,95.0648193359375
1615179600,186.65237426757812,94.89167022705078
1615266000,186.15249633789062,93.56134033203125
1615352400,190.40135192871094,95.3199462890625
1615438800,188.84820556640625,95.33816528320312
1615525200,189.5354766845703,95.502197265625
1615780800,196.78341674804688,98.3997802734375
1615867200,196.24790954589844,99.13784790039062
1615953600,200.0414276123047,101.16070556640625
1616040000,198.9613800048828,98.69135284423828
1616126400,198.55076599121094,98.37245178222656
1616385600,200.89834594726562,99.09230041503906
1616472000,200.27349853515625,98.40888977050781
1616558400,199.98789978027344,97.5705795288086
1616644800,200.12179565429688,97.84395599365234
1616731200,201.0233154296875,98.46357727050781
1616990400,202.93350219726562,99.5114517211914
1617076800,200.81802368164062,100.02169036865234
1617163200,200.0682373046875,98.57293701171875
1617249600,201.0233154296875,100.04904174804688
1617595200,204.2724151611328,100.8144302368164
1617681600,207.00375366210938,103.94896697998047
1617768000,207.62855529785156,103.92162322998047
1617854400,205.5220489501953,104.47743225097656
1617940800,206.6199493408203,104.75081634521484
1618200000,206.15577697753906,106.08114624023438
1618286400,206.47715759277344,107.01966857910156
1618372800,205.57557678222656,107.66663360595703
1618459200,206.44139099121094,107.16545104980469
1618545600,208.04811096191406,107.57550048828125
1618804800,206.9145050048828,107.25657653808594
1618891200,207.985595703125,107.4843978881836
1618977600,207.31614685058594,107.01966857910156
1619064000,207.9409637451172,107.35682678222656
1619150400,209.38702392578125,107.26568603515625
1619409600,207.36077880859375,105.4068603515625
1619496000,209.74407958984375,106.07203674316406
1619582400,207.4500274658203,107.12901306152344
1619668800,209.9493865966797,108.35002136230469
1619755200,210.7259063720703,108.90583801269531
1620014400,210.26174926757812,109.32498931884766
1620100800,208.74435424804688,108.76918029785156
1620187200,209.797607421875,110.33642578125
1620273600,209.63694763183594,110.51866149902344
1620360000,209.61907958984375,110.4640121459961
1620619200,211.64532470703125,111.09272003173828
1620705600,208.74435424804688,108.56869506835938
1620792000,203.4601287841797,106.746337890625
1620878400,205.0936279296875,107.60283660888672
1620964800,206.83416748046875,108.67806243896484
1621224000,206.79843139648438,108.11312103271484
1621310400,207.0216064453125,108.69627380371094
1621396800,205.43280029296875,108.16779327392578
1621483200,207.2447509765625,109.28854370117188
1621569600,206.40570068359375,109.07897186279297
1621828800,207.00375366210938,109.8170394897461
1621915200,207.20907592773438,109.88993072509766
1622001600,207.39649963378906,109.78971099853516
1622088000,209.63694763183594,109.88121795654297
1622174400,209.92413330078125,109.77140808105469
1622520000,209.34075927734375,109.70735931396484
1622606400,209.82540893554688,109.10346984863281
1622692800,208.63168334960938,108.62767028808594
1622779200,209.46641540527344,108.67341613769531
1623038400,207.94956970214844,108.26167297363281
1623124800,208.80223083496094,108.93876647949219
1623211200,207.7521514892578,107.5388412475586
1623297600,210.55239868164062,108.6185302734375
1623384000,212.6526641845703,109.4786148071289
1623643200,212.69754028320312,108.02376556396484
1623729600,212.132080078125,108.49042510986328
1623816000,211.4409637451172,108.09695434570312
1623902400,209.91517639160156,106.90750122070312
1623988800,206.09164428710938,104.8945083618164
1624248000,209.03553771972656,106.83428192138672
1624334400,209.91517639160156,107.51138305664062
1624420800,209.34075927734375,106.99899291992188
1624507200,209.42153930664062,107.04474639892578
1624593600,208.6047821044922,107.28262329101562
1624852800,207.41107177734375,106.23954772949219
1624939200,206.7648162841797,105.73628234863281
1625025600,207.32130432128906,105.2513427734375
1625112000,208.4701690673828,106.14804077148438
1625198400,209.6907958984375,107.00814056396484
1625544000,208.9009552001953,106.36763763427734
1625630400,210.5883331298828,107.80418395996094
1625716800,208.9817657470703,107.34666442871094
1625803200,211.5307159423828,108.49955749511719
1626062400,211.46788024902344,107.84992218017578
1626148800,211.97052001953125,107.13622283935547
1626235200,212.8321533203125,107.16368103027344
1626321600,212.6077880859375,107.04474639892578
1626408000,210.69606018066406,106.00164794921875
1626667200,205.7685546875,103.8056869506836
1626753600,210.2652130126953,106.2853012084961
1626840000,211.75509643554688,106.84342956542969
1626926400,214.21435546875,110.03675079345703
1627012800,218.06480407714844,112.35167694091797
1627272000,218.98025512695312,112.9555892944336
1627358400,221.10740661621094,114.81301879882812
1627444800,217.00567626953125,112.18699645996094
1627531200,219.01614379882812,119.23239135742188
1627617600,217.84036254882812,120.22058868408203
1627876800,215.4978485107422,121.13558197021484
1627963200,212.67059326171875,122.07801818847656
1628049600,210.76783752441406,122.16952514648438
1628136000,212.1949005126953,122.27930450439453
1628222400,212.05130004882812,122.63618469238281
1628481600,210.6331787109375,121.87673950195312
1628568000,209.5292510986328,121.73948669433594
1628654400,211.41407775878906,122.65445709228516
1628740800,212.41932678222656,122.02311706542969
1628827200,214.3489990234375,123.48712921142578
1629086400,216.2786865234375,123.63349914550781
1629172800,215.6593780517578,123.45048522949219
1629259200,213.6848602294922,122.96556854248047
1629345600,212.92190551757812,122.57212829589844
1629432000,214.05279541015625,123.02961730957031
1629691200,215.10293579101562,123.43222045898438
1629777600,213.99896240234375,122.18782806396484
1629864000,214.3579864501953,123.01132202148438
1629950400,212.67059326171875,120.67858123779297
1630036800,213.14627075195312,120.95409393310547
1630296000,212.34747314453125,120.02651977539062
1630382400,214.29678344726562,120.33876037597656
1630468800,214.91946411132812,120.81634521484375
1630555200,216.47171020507812,120.55916595458984
1630641600,215.52413940429688,120.23773193359375
1630987200,213.15065002441406,118.3182601928711
1631073600,215.3436279296875,119.56727600097656
1631160000,215.3346405029297,118.7040023803711
1631246400,215.84901428222656,119.29177856445312
1631505600,217.6809844970703,118.52030181884766
1631592000,217.6088104248047,118.46522521972656
1631678400,217.47341918945312,118.00601196289062
1631764800,219.48590087890625,117.5008773803711
1631851200,218.83612060546875,116.72023010253906
1632110400,215.7677764892578,115.3426284790039
1632196800,217.0402374267578,114.66300201416016
1632283200,219.41368103027344,115.30589294433594
1632369600,220.9027557373047,114.78240966796875
1632456000,222.3827667236328,115.27835083007812
1632715200,223.90794372558594,115.32425689697266
1632801600,219.99124145507812,112.5414810180664
1632888000,220.4515380859375,113.00067901611328
1632974400,217.5907440185547,112.33025360107422
1633060800,219.23318481445312,113.55175018310547
1633320000,219.36859130859375,113.00067901611328
1633406400,221.29981994628906,113.51499938964844
1633492800,222.99642944335938,113.57009887695312
1633579200,224.09747314453125,115.0028305053711
1633665600,223.5379180908203,113.3221435546875
1633924800,222.5271759033203,112.0455322265625
1634011200,220.66810607910156,112.37618255615234
1634097600,218.98049926757812,113.44151306152344
1634184000,220.69517517089844,114.8467025756836
1634270400,218.6195526123047,114.99363708496094
1634529600,218.6285400390625,116.13246154785156
1634616000,219.08885192871094,115.45282745361328
1634702400,216.33631896972656,115.60896301269531
1634788800,217.85247802734375,116.4355239868164
1634875200,215.1811981201172,116.24267578125
1635134400,214.1884765625,115.66407775878906
1635220800,213.3582305908203,115.8844985961914
1635307200,219.052734375,115.52629089355469
1635393600,221.55255126953125,115.60896301269531
1635480000,221.59764099121094,114.74568176269531
1635739200,226.136962890625,116.2059326171875
1635825600,224.9276885986328,114.26811218261719
1635912000,225.9745330810547,113.92828369140625
1635998400,228.736083984375,115.16812896728516
1636084800,229.86410522460938,116.34368896484375
1636347600,228.41116333007812,115.92121887207031
1636434000,228.0050506591797,115.89368438720703
1636520400,228.43824768066406,115.53551483154297
1636606800,225.75796508789062,114.26811218261719
1636693200,226.21817016601562,115.0028305053711
1636952400,228.26678466796875,116.26103210449219
1637038800,227.83363342285156,116.70187377929688
1637125200,228.04115295410156,117.14271545410156
1637211600,228.7541046142578,116.64676666259766
1637298000,227.3733367919922,116.60084533691406
1637557200,228.7541046142578,116.15082550048828
1637643600,230.71243286132812,116.26103210449219
1637730000,232.02999877929688,116.98945617675781
1637902800,225.62257385253906,114.51835632324219
1638162000,225.88433837890625,115.48652648925781
1638248400,221.96409606933594,113.26436614990234
1638334800,221.5829620361328,113.61475372314453
1638421200,225.77540588378906,116.66675567626953
1638507600,226.25637817382812,115.09925079345703
1638766800,232.11851501464844,118.82434844970703
1638853200,235.85723876953125,121.06489562988281
1638939600,235.55776977539062,121.4706039428711
1639026000,238.0623779296875,122.74304962158203
1639112400,240.44895935058594,123.43456268310547
1639371600,238.74298095703125,121.83943176269531
1639458000,238.22569274902344,121.70112609863281
1639544400,240.0406494140625,122.09759521484375
1639630800,240.97531127929688,123.17637634277344
1639717200,237.4816436767578,121.64578247070312
1639976400,237.5088348388672,121.31385803222656
1640062800,239.92263793945312,122.97352600097656
1640149200,240.4217987060547,124.13531494140625
1640235600,241.3383026123047,124.79000091552734
1640581200,243.4163360595703,127.25183868408203
1640667600,243.08963012695312,127.2242202758789
1640754000,243.64321899414062,127.85118103027344
1640840400,242.48165893554688,127.60221099853516
1640926800,243.26210021972656,128.03558349609375
1641186000,243.72486877441406,125.88724517822266
1641272400,243.66139221191406,126.560302734375
1641358800,242.4635467529297,124.9559555053711
1641445200,244.732177734375,126.24683380126953
1641531600,242.34559631347656,124.79918670654297
1641790800,239.9407958984375,123.05652618408203
1641877200,237.8627166748047,120.47480010986328
1641963600,236.7738037109375,119.08250427246094
1642050000,237.2184295654297,118.76898956298828
1642136400,233.86080932617188,117.15543365478516
1642482000,232.74468994140625,116.5284194946289
1642568400,231.60130310058594,114.79498291015625
1642654800,229.70469665527344,113.98358154296875
1642741200,231.02957153320312,114.55523681640625
1643000400,230.1402587890625,116.49153900146484
1643086800,227.48141479492188,112.53596496582031
1643173200,226.72824096679688,110.77483367919922
1643259600,225.72096252441406,110.47980499267578
1643346000,232.39077758789062,112.7111587524414
1643605200,235.43980407714844,115.41275787353516
1643691600,235.02236938476562,113.94669342041016
1643778000,238.00791931152344,115.43119812011719
1643864400,236.51968383789062,115.57872009277344
1643950800,235.9933624267578,115.50495147705078
1644210000,235.80279541015625,115.32978057861328
1644296400,236.01150512695312,115.22834014892578
1644382800,235.81190490722656,117.74552917480469
1644469200,233.0985870361328,114.47227478027344
1644555600,231.54684448242188,112.55439758300781
1644814800,229.9406280517578,111.93663024902344
1644901200,230.32176208496094,113.41191864013672
1644987600,229.6683807373047,113.73460388183594
1645074000,227.708251953125,114.38304901123047
1645160400,227.40882873535156,116.53214263916016
1645506000,229.3144989013672,114.92959594726562
1645592400,224.85885620117188,112.63227844238281
1645678800,222.35430908203125,112.41924285888672
1645765200,226.36520385742188,114.60537719726562
1646024400,223.35398864746094,113.54935455322266
1646110800,218.66368103027344,111.17794799804688
1646197200,219.8590850830078,113.0120620727539
1646283600,215.9444122314453,110.88151550292969
1646370000,215.17791748046875,109.98299407958984
1646629200,204.70233154296875,104.95303344726562
1646715600,203.29708862304688,106.75010681152344
1646802000,203.00511169433594,107.4726333618164
1646888400,202.5762176513672,107.2873764038086
1646974800,207.02011108398438,107.69495391845703
1647230400,206.39047241210938,105.0641860961914
1647316800,212.2213897705078,106.2035903930664
1647403200,217.30406188964844,110.7425765991211
1647489600,216.69265747070312,110.2608871459961
1647576000,218.01583862304688,113.00281524658203
1647835200,214.73080444335938,109.80699920654297
1647921600,217.28578186035156,109.92739868164062
1648008000,215.4607696533203,107.41704559326172
1648094400,219.2385711669922,110.88151550292969
1648180800,220.4430694580078,110.80741882324219
1648440000,221.68411254882812,112.26176452636719
1648526400,226.45648193359375,113.21587371826172
1648612800,227.24122619628906,111.9375228881836
1648699200,225.6443328857422,109.79772186279297
1648785600,227.4420166015625,110.06636047363281
1649044800,225.2337646484375,109.02886962890625
1649131200,226.7667236328125,108.9732894897461
1649217600,229.4586639404297,109.881103515625
1649304000,232.1049041748047,111.52996063232422
1649390400,229.4586639404297,110.39055633544922
1649649600,228.5369873046875,109.59391784667969
1649736000,227.3690185546875,111.05754852294922
1649822400,229.3400115966797,112.89165496826172
1649908800,228.59176635742188,113.91062927246094
1650254400,229.09364318847656,114.09588623046875
1650340800,233.05386352539062,115.45760345458984
1650427200,233.4645233154297,116.43949127197266
1650513600,232.9170379638672,115.2723159790039
1650600000,228.281494140625,113.38262939453125
1650859200,230.75439453125,112.33586883544922
1650945600,226.83058166503906,108.09327697753906
1651032000,225.51663208007812,108.28780364990234
1651118400,231.9497528076172,110.71477508544922
1651204800,227.35984802246094,108.38972473144531
1651464000,225.0603485107422,107.2318115234375
1651550400,224.3577117919922,106.59262084960938
1651636800,232.06838989257812,109.76066589355469
1651723200,227.14088439941406,107.10212707519531
1651809600,228.83815002441406,106.8890380859375
1652068800,225.8359832763672,101.98876190185547
1652155200,224.18434143066406,102.58162689208984
1652241600,223.04373168945312,100.87718200683594
1652328000,222.8247528076172,102.36856842041016
1652414400,223.60035705566406,104.51764678955078
1652673600,222.68785095214844,103.91552734375
1652760000,220.4887237548828,104.1841812133789
1652846400,210.83441162109375,101.39591979980469
1652932800,208.96376037597656,101.86835479736328
1653019200,213.44418334960938,103.6746826171875
1653278400,217.17628479003906,105.4347152709961
1653364800,223.12582397460938,105.6662826538086
1653451200,222.66046142578125,107.07432556152344
1653537600,226.38351440429688,109.62503814697266
1653624000,229.832763671875,111.49618530273438
1653969600,230.14300537109375,113.07875061035156
1654056000,227.4693603515625,111.17037200927734
1654142400,228.47314453125,111.98956298828125
1654228800,227.88589477539062,110.42562866210938
1654488000,227.6197967529297,111.13312530517578
1654574400,228.41810607910156,111.90577697753906
1654660800,225.3625946044922,112.18507385253906
1654747200,222.19699096679688,109.2154312133789
1654833600,217.81106567382812,106.50646209716797
1655092800,218.81118774414062,103.41580963134766
1655179200,219.07728576660156,102.61521911621094
1655265600,219.2057647705078,104.16985321044922
1655352000,215.80160522460938,101.60050964355469
1655438400,215.058349609375,101.93563842773438
1655784000,219.83888244628906,103.8626480102539
1655870400,223.02279663085938,103.76024627685547
1655956800,223.4999237060547,104.57014465332031
1656043200,227.46380615234375,106.51576232910156
1656302400,226.66551208496094,108.21003723144531
1656388800,222.811767578125,105.64070129394531
1656475200,227.3170166015625,105.96654510498047
1656561600,226.5279083251953,105.66864013671875
1656648000,232.10667419433594,108.64756774902344
1656993600,231.4918975830078,109.2247314453125
1657080000,230.73036193847656,108.75928497314453
1657166400,232.0883331298828,109.60641479492188
1657252800,232.3636016845703,109.17818450927734
1657512000,232.4003143310547,108.48930358886719
1657598400,230.74868774414062,107.82836151123047
1657684800,231.84059143066406,108.92684936523438
1657771200,231.77635192871094,108.77790069580078
1657857600,233.98768615722656,109.98809814453125
1658116800,231.6111602783203,110.29530334472656
1658203200,235.35487365722656,111.62651824951172
1658289600,233.59310913085938,112.46434783935547
1658376000,232.5746612548828,111.9430160522461
1658462400,233.0517578125,111.19828796386719
1658721600,229.7393798828125,108.9640884399414
1658808000,235.89620971679688,109.69950866699219
1658894400,237.54786682128906,112.18507385253906
1658980800,241.74111938476562,114.23308563232422
1659067200,241.65853881835938,114.07482147216797
1659326400,242.44761657714844,114.26099395751953
1659412800,239.52978515625,113.6931381225586
1659499200,240.48399353027344,111.53341674804688
1659585600,239.15357971191406,111.72891998291016
1659672000,237.8597869873047,110.23944854736328
1659931200,235.63011169433594,110.31391143798828
1660017600,238.62136840820312,108.85238647460938
1660104000,239.81422424316406,110.94692993164062
1660190400,237.9056396484375,109.57848358154297
1660276800,240.56658935546875,109.99739837646484
1660536000,243.55787658691406,110.07188415527344
1660622400,244.3378143310547,110.81660461425781
1660708800,244.8240966796875,110.88177490234375
1660795200,244.60389709472656,109.80189514160156
1660881600,244.5671844482422,108.59172058105469
1661140800,241.2731475830078,106.81365966796875
1661227200,239.0618133544922,106.78573608398438
1661313600,239.3554229736328,106.74848175048828
1661400000,240.9152374267578,108.74996948242188
1661486400,235.7677764892578,104.92384338378906
1661745600,234.58409118652344,104.9706039428711
1661832000,232.59298706054688,103.63288116455078
1661918400,232.74981689453125,104.06320190429688
1662004800,236.61546325683594,106.88835906982422
1662091200,234.80718994140625,105.46641540527344
1662436800,234.6964874267578,105.29803466796875
1662523200,238.41452026367188,107.87996673583984
1662609600,239.94595336914062,108.85287475585938
1662696000,239.42935180664062,108.60028839111328
1662955200,240.21353149414062,109.69480895996094
1663041600,234.64112854003906,106.2522201538086
1663128000,235.92352294921875,107.4122314453125
1663214400,233.84771728515625,107.73030090332031
1663300800,235.17626953125,108.25416564941406
1663560000,237.1136932373047,108.66577911376953
1663646400,235.6282501220703,107.81448364257812
1663732800,231.6427001953125,105.3073959350586
1663819200,228.7458038330078,103.6422348022461
1663905600,226.90988159179688,103.51126098632812
1664164800,224.88938903808594,102.11739349365234
1664251200,218.37594604492188,100.81707000732422
1664337600,218.59739685058594,101.14449310302734
1664424000,216.25401306152344,100.29319763183594
1664510400,212.87733459472656,99.47931671142578
1664769600,217.12123107910156,102.07062530517578
1664856000,220.03663635253906,104.22222900390625
1664942400,220.58094787597656,105.0828628540039
1665028800,216.57693481445312,103.01545715332031
1665115200,215.13768005371094,101.90222930908203
1665374400,216.76141357421875,100.83576965332031
1665460800,218.69886779785156,98.45965576171875
1665547200,218.70806884765625,98.73095703125
1665633600,227.64791870117188,102.6038589477539
1665720000,224.3358612060547,99.88157653808594
1665979200,227.3988494873047,102.8844985961914
1666065600,229.8990478515625,104.2877197265625
1666152000,231.33827209472656,103.32418060302734
1666238400,230.4341583251953,102.58513641357422
1666324800,234.84410095214844,103.86674499511719
1666584000,235.55450439453125,101.75255584716797
1666670400,235.93272399902344,104.06320190429688
1666756800,236.74461364746094,105.02674102783203
1666843200,244.58660888671875,106.56095123291016
1666929600,253.26805114746094,110.27481842041016
1667188800,251.55210876464844,110.6209487915039
1667275200,251.81967163085938,110.52738952636719
1667361600,249.439453125,109.7977066040039
1667448000,251.81967163085938,111.790283203125
1667534400,253.36038208007812,113.92320251464844
1667797200,255.01181030273438,114.60609436035156
1667883600,256.8477478027344,114.48448944091797
1667970000,256.28497314453125,114.17577362060547
1668056400,254.52279663085938,116.12158203125
1668142800,250.38038635253906,115.37319946289062
1668402000,251.19235229492188,114.69029998779297
1668488400,247.10520935058594,115.35447692871094
1668574800,251.41375732421875,115.96255493164062
1668661200,252.19789123535156,114.84930419921875
1668747600,252.20713806152344,116.57061004638672
1669006800,253.26805114746094,116.01869201660156
1669093200,253.4895477294922,116.87931823730469
1669179600,252.11489868164062,118.34536743164062
1669352400,253.71095275878906,118.90923309326172
1669611600,251.755126953125,118.83405303955078
1669698000,250.3988800048828,118.44874572753906
1669784400,253.08944702148438,120.91094970703125
1669870800,253.6553955078125,121.40901947021484
1669957200,253.6553955078125,121.86949157714844
1670216400,251.9761199951172,123.02542877197266
1670302800,252.14312744140625,122.7529067993164
1670389200,250.81634521484375,120.54443359375
1670475600,253.64613342285156,122.02928161621094
1670562000,252.39364624023438,120.01815795898438
1670821200,256.6428527832031,121.83192443847656
1670907600,254.47181701660156,122.3111801147461
1670994000,254.70375061035156,123.31672668457031
1671080400,252.1060333251953,122.59314727783203
1671166800,246.9011688232422,121.57817077636719
1671426000,246.63206481933594,120.64781188964844
1671512400,247.94955444335938,120.84515380859375
1671598800,248.7938232421875,121.02369689941406
1671685200,246.57638549804688,121.06130981445312
1671771600,248.2464599609375,121.13648986816406
1672117200,247.5691375732422,122.07624816894531
1672203600,245.96408081054688,121.52180480957031
1672290000,246.72488403320312,122.16085052490234
1672376400,244.49818420410156,120.36588287353516
1672722000,245.2404327392578,119.31331634521484
1672808400,245.29608154296875,120.92973327636719
1672894800,243.2270965576172,120.00875091552734
1672981200,250.0092010498047,122.44274139404297
1673240400,247.94955444335938,121.94468688964844
1673326800,249.48968505859375,121.60636138916016
1673413200,249.3968963623047,121.87889862060547
1673499600,247.43003845214844,121.12708282470703
1673586000,249.4711456298828,122.37698364257812
1673931600,254.31417846679688,122.48038482666016
1674018000,246.82691955566406,120.96733856201172
1674104400,244.5446014404297,118.45813751220703
1674190800,249.1834259033203,119.00321960449219
1674450000,249.84222412109375,119.040771484375
1674536400,250.0926971435547,120.76997375488281
1674622800,253.28424072265625,121.41841888427734
1674709200,254.88003540039062,121.26805877685547
1674795600,252.78323364257812,120.41287231445312
1675054800,251.3266143798828,121.26805877685547
1675141200,248.08872985839844,122.64952087402344
1675227600,247.04031372070312,121.23986053466797
1675314000,244.20130920410156,120.4880599975586
1675400400,245.1476593017578,119.36031341552734
1675659600,248.5711669921875,121.28685760498047
1675746000,248.03305053710938,121.54999542236328
1675832400,243.8394775390625,123.50470733642578
1675918800,241.8354949951172,123.2603759765625
1676005200,243.4683380126953,123.40132141113281
1676264400,246.975341796875,124.53845977783203
1676350800,247.35577392578125,122.95024108886719
1676437200,247.309326171875,123.73965454101562
1676523600,246.63206481933594,123.78665924072266
1676610000,250.49163818359375,124.08735656738281
1676955600,249.15567016601562,123.30848693847656
1677042000,249.2392120361328,122.08116912841797
1677128400,247.5135040283203,121.47694396972656
1677214800,244.63731384277344,119.73980712890625
1677474000,245.657958984375,119.49434661865234
1677560400,246.2644805908203,120.0513687133789
1677646800,245.15403747558594,119.14501953125
1677733200,249.67977905273438,121.48637390136719
1677819600,251.0794677734375,122.42103576660156
1678078800,252.5445098876953,122.07173156738281
1678165200,249.26914978027344,119.82476043701172
1678251600,247.58946228027344,119.69258880615234
1678338000,244.13690185546875,119.00341033935547
1678424400,244.51019287109375,117.6155776977539
1678680000,245.4899444580078,117.90824890136719
1678766400,248.12139892578125,119.61705017089844
1678852800,248.53201293945312,120.02302551269531
1678939200,252.47923278808594,120.90103912353516
1679025600,249.33453369140625,119.75867462158203
1679284800,252.6378631591797,121.67520904541016
1679371200,252.14321899414062,121.36366271972656
1679457600,249.9596710205078,120.50450897216797
1679544000,251.5926971435547,120.54227447509766
1679630400,253.1883544921875,120.68391418457031
1679889600,255.53054809570312,121.11817932128906
1679976000,257.4061584472656,121.31644439697266
1680062400,258.8898620605469,121.23148345947266
1680148800,259.2164001464844,122.10005187988281
1680235200,260.9147644042969,124.69629669189453
1680494400,263.27557373046875,125.76316833496094
1680580800,263.4062194824219,124.24317169189453
1680667200,263.16363525390625,124.56414031982422
1680753600,263.9754943847656,124.7152099609375
1681099200,264.8058776855469,123.77108764648438
1681185600,265.4591369628906,124.21482849121094
1681272000,266.2242736816406,124.60189056396484
1681358400,269.7422180175781,127.13204956054688
1681444800,269.6582336425781,127.33978271484375
1681704000,269.9662170410156,129.4356689453125
1681790400,271.4591979980469,129.8888397216797
1681876800,271.79510498046875,129.45452880859375
1681963200,271.54315185546875,129.8133087158203
1682049600,272.5323181152344,130.59693908691406
1682308800,273.5960998535156,131.13504028320312
1682395200,272.01910400390625,130.10595703125
1682481600,270.3861083984375,130.29481506347656
1682568000,275.01446533203125,131.9847412109375
1682654400,275.9755554199219,132.7211456298828
1682913600,277.6832275390625,134.27886962890625
1683000000,278.1404724121094,134.9114227294922
1683086400,275.4809875488281,129.6339569091797
1683172800,275.4250183105469,128.6992950439453
1683259200,276.768798828125,129.80386352539062
1683518400,276.85272216796875,128.89755249023438
1683604800,276.8247375488281,129.91717529296875
1683691200,276.7407531738281,130.03993225097656
1683777600,275.0797424316406,129.66226196289062
1683864000,276.3395690917969,130.76683044433594
1684123200,276.1155700683594,130.07765197753906
1684209600,274.4825134277344,131.02175903320312
1684296000,273.83868408203125,129.54896545410156
1684382400,274.3892517089844,130.71017456054688
1684468800,275.7889709472656,130.54969787597656
1684728000,270.0035095214844,127.36810302734375
1684814400,267.22271728515625,124.10149383544922
1684900800,266.8028564453125,123.55393981933594
1684987200,266.4295654296875,122.97804260253906
1685073600,266.91485595703125,123.17250061035156
1685419200,265.8697204589844,121.20909881591797
1685505600,266.04693603515625,122.06273651123047
1685592000,268.62249755859375,125.43940734863281
1685678400,271.96209716796875,127.60199737548828
1685937600,270.57366943359375,127.26054382324219
1686024000,266.9245300292969,126.0369873046875
1686110400,264.44793701171875,125.61962890625
1686196800,268.0877685546875,126.34049224853516
1686283200,269.03521728515625,126.5681381225586
1686542400,270.7049560546875,127.69686126708984
1686628800,270.686279296875,128.97731018066406
1686715200,270.5830993652344,129.3282928466797
1686801600,274.494873046875,132.03150939941406
1686888000,275.5174560546875,131.44345092773438
1687233600,274.8983154296875,128.82557678222656
1687320000,276.28662109375,129.6981964111328
1687406400,275.1421813964844,129.31878662109375
1687492800,271.96209716796875,128.61692810058594
1687752000,271.1927795410156,127.31745910644531
1687838400,273.2659606933594,127.36489868164062
1687924800,273.6787109375,128.19955444335938
1688011200,276.23980712890625,130.19142150878906
1688097600,279.9358215332031,131.41500854492188
1688356800,276.5868835449219,130.20091247558594
1688529600,278.5192565917969,129.622314453125
1688616000,276.6618957519531,127.00444793701172
1688702400,274.0164794921875,126.57762145996094
1688961600,276.2585144042969,127.86759948730469
1689048000,276.4930419921875,127.26054382324219
1689134400,277.3091735839844,128.1426544189453
1689220800,276.9433288574219,128.94888305664062
1689307200,276.6806945800781,128.57896423339844
1689566400,276.436767578125,128.7497100830078
1689652800,275.6299743652344,126.94751739501953
1689739200,275.92083740234375,128.92991638183594
1689825600,278.735107421875,128.88246154785156
1689912000,277.3091735839844,130.4569854736328
1690171200,277.0277404785156,130.83641052246094
1690257600,274.2603759765625,129.9353485107422
1690344000,273.68817138671875,130.22933959960938
1690430400,276.9151611328125,129.2144317626953
1690516800,275.82696533203125,129.88790893554688
1690776000,275.0483703613281,130.58030700683594
1690862400,273.0502624511719,129.33778381347656
1690948800,271.69000244140625,128.0477752685547
1691035200,273.00335693359375,128.63587951660156
1691121600,269.2510070800781,127.4312744140625
1691380800,273.35980224609375,128.1521453857422
1691467200,271.6524963378906,127.2320785522461
1691553600,270.3860778808594,126.4163589477539
1691640000,269.79510498046875,127.45022583007812
1691726400,270.75189208984375,127.28898620605469
1691985600,270.93017578125,127.84859466552734
1692072000,270.4517517089844,125.88520812988281
1692158400,267.7312927246094,124.78495788574219
1692244800,264.4103698730469,123.22940063476562
1692331200,264.29779052734375,122.47061157226562
1692590400,262.703125,122.16708374023438
1692676800,262.9563293457031,122.78360748291016
1692763200,264.4197998046875,122.73617553710938
1692849600,264.8700866699219,122.86897277832031
1692936000,266.96197509765625,123.05868530273438
1693195200,266.1177062988281,123.22544860839844
1693281600,266.03338623046875,122.8347396850586
1693368000,266.64306640625,123.97827911376953
1693454400,265.162353515625,123.29214477539062
1693540800,264.96429443359375,123.5399169921875
1693886400,263.2855224609375,122.62508392333984
1693972800,259.777099609375,120.90978240966797
1694059200,262.5027160644531,121.20520782470703
1694145600,263.34210205078125,120.57626342773438
1694404800,263.8514709472656,120.77637481689453
1694491200,264.7474060058594,122.03425598144531
1694577600,265.7470703125,122.99674987792969
1694664000,268.56707763671875,125.49344635009766
1694750400,262.408447265625,121.9675521850586
1695009600,261.9273986816406,121.56730651855469
1695096000,262.3141174316406,120.8049545288086
1695182400,261.4369812011719,121.07179260253906
1695268800,255.7970428466797,118.82283020019531
1695355200,256.7401428222656,119.11824798583984
1695614400,254.43887329101562,119.08966064453125
1695700800,252.4960174560547,118.17483520507812
1695787200,248.6480712890625,116.2403564453125
1695873600,250.48715209960938,118.24153137207031
1695960000,248.45950317382812,119.0610580444336
1696219200,243.09303283691406,119.1754150390625
1696305600,240.0183868408203,117.20281982421875
1696392000,241.26333618164062,117.71741485595703
1696478400,237.88690185546875,116.10693359375
1696564800,234.10494995117188,113.83892822265625
1696824000,235.708251953125,113.31481170654297
1696910400,237.21730041503906,114.70610046386719
1696996800,236.65139770507812,112.80973052978516
1697083200,232.1903839111328,110.77996063232422
1697169600,234.1898193359375,111.38031768798828
1697428800,235.7271270751953,112.87645721435547
1697515200,236.85890197753906,113.81986999511719
1697601600,241.47079467773438,115.29692840576172
1697688000,243.68716430664062,114.88716888427734
1697774400,243.4325408935547,114.30586242675781
1698033600,240.2635955810547,113.17188262939453
1698120000,242.64027404785156,114.26776885986328
1698206400,243.35707092285156,114.64893341064453
1698292800,241.28219604492188,113.1623306274414
1698379200,241.2161407470703,113.81986999511719
1698638400,245.3565216064453,114.22964477539062
1698724800,247.26168823242188,115.17304229736328
1698811200,247.07305908203125,115.59234619140625
1698897600,251.67555236816406,118.42259216308594
1698984000,252.6375274658203,120.39518737792969
1699246800,253.618408203125,120.4428482055664
1699333200,253.39205932617188,119.57566833496094
1699419600,252.27914428710938,119.69953918457031
1699506000,251.73214721679688,118.8418960571289
1699592400,252.5620880126953,120.02354431152344
1699851600,253.8918914794922,119.41366577148438
1699938000,256.0516662597656,121.5291976928711
1700024400,255.0142364501953,120.66201782226562
1700110800,260.4184265136719,121.8150863647461
1700197200,260.0694580078125,121.65309143066406
1700456400,263.16290283203125,122.09144592285156
1700542800,264.5210266113281,122.20579528808594
1700629200,265.8979797363281,122.87285614013672
1700802000,266.4733581542969,122.46307373046875
1701061200,265.8131103515625,122.25724029541016
1701147600,266.0489501953125,121.0125503540039
1701234000,264.4361267089844,120.17955780029297
1701320400,267.4058837890625,120.20828247070312
1701406800,271.3148193359375,121.91255187988281
1701666000,271.47613525390625,120.30403137207031
1701752400,271.86517333984375,119.08805847167969
1701838800,272.1687316894531,119.49977111816406
1701925200,272.102294921875,118.98274230957031
1702011600,270.9068603515625,119.04975891113281
1702270800,274.3414611816406,121.24234008789062
1702357200,276.4952087402344,122.6210708618164
1702443600,280.7742004394531,125.359375
1702530000,275.1669006347656,125.5317153930664
1702616400,272.5577392578125,123.16681671142578
1702875600,275.3661804199219,124.9189453125
1702962000,275.840576171875,124.69873809814453
1703048400,274.18963623046875,123.54979705810547
1703134800,276.4667663574219,124.44979858398438
1703221200,276.7608337402344,124.46895599365234
1703566800,277.8614196777344,124.71788787841797
1703653200,279.4649353027344,125.2732162475586
1703739600,280.68878173828125,124.96684265136719
1703826000,281.3245544433594,125.10089111328125
1704171600,281.827392578125,123.54022216796875
1704258000,279.3131103515625,123.60726165771484
1704344400,276.7987976074219,123.21467590332031
1704430800,274.18963623046875,122.87957763671875
1704690000,276.9506530761719,123.16681671142578
1704776400,275.97332763671875,122.76468658447266
1704862800,279.0284729003906,123.7030029296875
1704949200,279.08538818359375,123.51151275634766
1705035600,278.440185546875,123.6359634399414
1705381200,276.18206787109375,124.28703308105469
1705467600,276.24853515625,123.58810424804688
1705554000,279.28460693359375,124.9094009399414
1705640400,285.138671875,126.67110443115234
1705899600,283.127197265625,125.48384094238281
1705986000,284.6832580566406,126.14448547363281
1706072400,285.0533142089844,123.93277740478516
1706158800,281.98870849609375,124.6795883178711
1706245200,277.292236328125,123.59766387939453
1706504400,277.33966064453125,124.99555206298828
1706590800,279.559814453125,125.06257629394531
1706677200,277.7286071777344,123.98065948486328
1706763600,282.8140563964844,124.89981079101562
1706850000,281.83685302734375,123.27213287353516
1707109200,271.3243713378906,120.9551010131836
1707195600,270.07196044921875,121.85509490966797
1707282000,272.6146545410156,124.124267578125
1707368400,276.97906494140625,124.8519287109375
1707454800,274.64508056640625,124.7274398803711
1707714000,274.6166076660156,125.77108764648438
1707800400,272.40594482421875,125.62747192382812
1707886800,273.4116516113281,128.30833435058594
1707973200,276.9126892089844,129.63919067382812
1708059600,277.0644836425781,128.8253631591797
1708405200,277.6622009277344,128.89273071289062
1708491600,278.85772705078125,130.12440490722656
1708578000,280.7647705078125,132.14511108398438
1708664400,282.5010681152344,133.0977325439453
1708923600,281.9033203125,132.84754943847656
1709010000,278.7153625488281,131.86605834960938
1709096400,280.0721130371094,133.36717224121094
1709182800,278.8889465332031,133.19395446777344
1709269200,277.4100036621094,132.23170471191406
1709528400,277.61029052734375,133.31906127929688
1709614800,279.1370544433594,133.46336364746094
1709701200,279.5091247558594,134.2812957763672
1709787600,277.77252197265625,135.07997131347656
1709874000,279.14654541015625,134.29092407226562
1710129600,281.31256103515625,134.79129028320312
1710216000,280.8259582519531,135.42637634277344
1710302400,269.9005126953125,133.13623046875
1710388800,268.82232666015625,131.98153686523438
1710475200,266.3509216308594,131.67359924316406
1710734400,265.8165588378906,131.12510681152344
1710820800,269.91009521484375,132.10659790039062
1710907200,271.4176940917969,131.35606384277344
1710993600,270.539794921875,131.41383361816406
1711080000,269.68109130859375,131.0866241455078
1711339200,265.85479736328125,129.53741455078125
1711425600,265.85479736328125,129.7106170654297
1711512000,269.0990295410156,132.135498046875
1711598400,269.0322265625,133.41526794433594
1711944000,267.38153076171875,135.1665496826172
1712030400,265.01507568359375,135.39749145507812
1712116800,262.9159240722656,133.76168823242188
1712203200,257.7155456542969,131.13473510742188
1712289600,254.47137451171875,130.96153259277344
1712548800,255.301513671875,130.1147918701172
1712635200,257.0954284667969,131.8468017578125
1712721600,256.36065673828125,132.74171447753906
1712808000,256.3129577636719,133.1073455810547
1712894400,255.13934326171875,132.5973663330078
1713153600,254.032470703125,132.47227478027344
1713240000,253.26910400390625,132.789794921875
1713326400,257.58203125,132.62625122070312
1713412800,258.5647888183594,132.66473388671875
1713499200,259.528564453125,133.27093505859375
1713758400,262.9541015625,133.80979919433594
1713844800,264.1944885253906,134.810546875
1713931200,264.07049560546875,136.4559783935547
1714017600,262.97320556640625,136.21539306640625
1714104000,260.5781555175781,136.41748046875
1714363200,261.0170593261719,137.78387451171875
1714449600,260.5304870605469,135.91712951660156
1714536000,261.85675048828125,130.2206268310547
1714622400,260.75946044921875,129.97044372558594
1714708800,257.93505859375,129.2680206298828
1714968000,256.96185302734375,131.0384979248047
1715054400,255.24424743652344,130.7787322998047
1715140800,256.1888732910156,131.78909301757812
1715227200,255.67367553710938,132.74171447753906
1715313600,262.4006042480469,132.42417907714844
1715572800,258.8892517089844,131.23097229003906
1715659200,258.25946044921875,132.299072265625
1715745600,261.3224182128906,133.11697387695312
1715832000,260.97894287109375,136.31161499023438
1715918400,259.90069580078125,136.31161499023438
1716177600,255.5972900390625,134.39675903320312
1716264000,253.68893432617188,134.04074096679688
1716350400,253.59349060058594,133.8771514892578
1716436800,246.1127166748047,131.83717346191406
1716523200,246.28445434570312,133.10391235351562
1716868800,241.92384338378906,131.37306213378906
1716955200,237.9449005126953,130.22235107421875
1717041600,240.52120971679688,130.38671875
1717128000,247.02877807617188,132.89117431640625
1717387200,249.45848083496094,134.72845458984375
1717473600,252.31077575683594,136.86544799804688
1717560000,249.68894958496094,135.88880920410156
1717646400,250.39002990722656,136.17889404296875
1717732800,246.05874633789062,135.34730529785156
1717992000,243.7538299560547,133.25865173339844
1718078400,244.20521545410156,132.48504638671875
1718164800,244.39727783203125,132.76548767089844
1718251200,243.648193359375,133.4520263671875
1718337600,243.53292846679688,132.27232360839844
1718596800,243.4656982421875,132.3980255126953
1718683200,240.85348510742188,130.9475860595703
1718856000,243.74424743652344,129.71951293945312
1718942400,249.11276245117188,129.85488891601562
1719201600,250.0635223388672,129.5648193359375
1719288000,247.182373046875,127.95962524414062
1719374400,247.6145477294922,127.60186767578125
1719460800,247.9411163330078,128.23036193847656
1719547200,244.74302673339844,128.08535766601562
1719806400,240.08517456054688,125.41647338867188
1719892800,237.9723358154297,125.7355728149414
1719979200,240.0948028564453,125.30045318603516
1720152000,241.1416015625,124.85564422607422
1720411200,238.02999877929688,123.71461486816406
1720497600,236.08041381835938,122.47688293457031
1720584000,240.5653839111328,124.90399169921875
1720670400,244.70462036132812,125.24242401123047
1720756800,243.8402557373047,126.97330474853516
1721016000,241.56417846679688,123.66626739501953
1721102400,247.07675170898438,124.66224670410156
1721188800,250.65899658203125,125.05870819091797
1721275200,249.23757934570312,124.07239532470703
1721361600,247.08633422851562,122.73796844482422
1721620800,249.25682067871094,124.36248779296875
1721707200,243.98431396484375,122.28349304199219
1721793600,243.33128356933594,121.79032897949219
1721880000,241.4969482421875,122.93136596679688
1721966400,242.0155487060547,123.82097625732422
1722225600,251.06234741210938,126.12237548828125
1722312000,255.88343811035156,127.80490112304688
1722398400,254.88461303710938,128.44313049316406
1722484800,258.1019287109375,130.05796813964844
1722571200,265.727294921875,130.7154998779297
1722830400,257.8138122558594,128.9169464111328
1722916800,259.3599853515625,132.33035278320312
1723003200,258.6972961425781,131.91455078125
1723089600,260.4452819824219,132.5720672607422
1723176000,257.2951965332031,132.27232360839844
1723435200,258.78375244140625,131.150634765625
1723521600,259.60009765625,133.04591369628906
1723608000,260.4068298339844,132.72679138183594
1723694400,263.9794616699219,133.25865173339844
1723780800,267.45599365234375,132.86216735839844
1724040000,276.1570129394531,132.17562866210938
1724126400,274.3130798339844,132.4270477294922
1724212800,278.2314453125,133.20062255859375
1724299200,277.75128173828125,132.24330139160156
1724385600,278.0489807128906,131.04428100585938
1724644800,277.24224853515625,130.49310302734375
1724731200,278.1642150878906,130.70689392089844
1724817600,275.6768798828125,131.82444763183594
1724904000,276.4547424316406,131.43576049804688
1724990400,277.2230529785156,131.11505126953125
1725336000,275.8030700683594,129.71568298339844
1725422400,278.2276611328125,131.00814819335938
1725508800,278.1697082519531,130.70689392089844
1725595200,279.6573181152344,130.0946502685547
1725854400,281.3767395019531,129.2880401611328
1725940800,281.3573913574219,129.1422882080078
1726027200,280.3528137207031,130.2501678466797
1726113600,282.400634765625,129.6476287841797
1726200000,286.4383850097656,129.880859375
1726459200,286.59295654296875,130.76519775390625
1726545600,283.75299072265625,128.61753845214844
1726632000,282.0915222167969,126.91688537597656
1726718400,283.8496398925781,127.39305877685547
1726804800,286.72821044921875,126.05198669433594
1727064000,288.88226318359375,126.693359375
1727150400,290.0510559082031,130.02664184570312
1727236800,290.2442321777344,129.33665466308594
1727323200,293.3160705566406,134.17623901367188
1727409600,293.354736328125,135.97406005859375
1727668800,294.1468200683594,135.76995849609375
1727755200,292.66888427734375,135.31321716308594
1727841600,293.4223327636719,135.60475158691406
1727928000,293.12286376953125,133.34046936035156
1728014400,293.4223327636719,132.71853637695312
1728273600,290.6113586425781,132.0479736328125
1728360000,291.6256408691406,130.92068481445312
1728446400,293.48992919921875,130.95956420898438
1728532800,293.6928405761719,129.5115966796875
1728619200,294.6587829589844,130.24046325683594
1728878400,299.2953796386719,130.85264587402344
1728964800,302.6763000488281,129.46299743652344
1729051200,302.2705993652344,129.58932495117188
1729137600,303.9900207519531,129.95860290527344
1729224000,305.7867126464844,130.48338317871094
1729483200,304.1735534667969,130.22100830078125
1729569600,303.9803466796875,129.5990447998047
1729656000,288.408935546875,130.24046325683594
1729742400,291.3165283203125,129.40469360351562
1729828800,282.65179443359375,129.2880401611328
1730088000,286.6895446777344,131.05674743652344
1730174400,284.96044921875,130.1918487548828
1730260800,281.598876953125,129.62820434570312
1730347200,282.1687927246094,127.4610824584961
1730433600,285.16326904296875,128.60781860351562
1730696400,282.8836364746094,129.01596069335938
1730782800,287.20147705078125,130.92068481445312
1730869200,283.9945068359375,130.58055114746094
1730955600,284.6320495605469,133.1947021484375
1731042000,288.7953186035156,133.34046936035156
1731301200,291.2682189941406,132.76708984375
1731387600,288.4862365722656,130.8137969970703
1731474000,287.23046875,131.4454803466797
1731560400,288.3992919921875,132.8837432861328
1731646800,282.6711120605469,129.82254028320312
1731906000,281.1932067871094,130.23072814941406
1731992400,280.83575439453125,128.4134521484375
1732078800,281.0096740722656,129.132568359375
1732165200,278.65264892578125,130.43478393554688
1732251600,280.40106201171875,131.45518493652344
1732510800,286.1099548339844,133.1849822998047
1732597200,286.2452087402344,134.72042846679688
1732683600,285.0377197265625,135.4006805419922
1732856400,285.93609619140625,135.02166748046875
1733115600,284.1868896484375,135.76380920410156
1733202000,286.18878173828125,134.48458862304688
1733288400,286.7621154785156,134.91427612304688
1733374800,291.0184631347656,134.88497924804688
1733461200,290.5423583984375,134.396728515625
1733720400,292.8648376464844,135.81265258789062
1733806800,292.2234802246094,134.97288513183594
1733893200,287.7436218261719,135.28533935546875
1733979600,288.2586975097656,135.3829803466797
1734066000,288.2294616699219,133.7815399169922
1734325200,289.3081359863281,131.87733459472656
1734411600,287.7241516113281,131.56483459472656
1734498000,282.6708679199219,128.37167358398438
1734584400,282.0392761230469,127.2975082397461
1734670800,284.4200744628906,129.25051879882812
1734930000,283.0693664550781,130.7152862548828
1735016400,285.693115234375,131.82850646972656
1735189200,286.4802551269531,132.8050079345703
1735275600,285.33355712890625,132.0531005859375
1735534800,281.42706298828125,130.38328552246094
1735621200,281.7088623046875,131.00823974609375
1735794000,284.2549133300781,130.42233276367188
1735880400,286.4608459472656,130.30514526367188
1736139600,283.9342041015625,127.11197662353516
1736226000,281.1743469238281,125.530029296875
1736312400,278.8032531738281,124.73905944824219
1736485200,274.3427734375,120.35453796386719
1736744400,275.62548828125,120.82328033447266
1736830800,273.63336181640625,121.78024291992188
1736917200,274.3330078125,122.81533813476562
1737003600,271.84527587890625,123.27429962158203
1737090000,273.0211486816406,122.37591552734375
1737435600,274.6343078613281,122.74698638916016
1737522000,273.40985107421875,123.2547607421875
1737608400,276.4029235839844,124.02621459960938
1737694800,277.40386962890625,125.24683380126953
1737954000,284.8185729980469,127.81505584716797
1738040400,282.93328857421875,126.20384216308594
1738126800,281.922607421875,126.13546752929688
1738213200,282.126708984375,127.6588134765625
1738299600,280.5524597167969,127.43421936035156
1738558800,281.86431884765625,128.41073608398438
1738645200,281.59222412109375,128.38143920898438
1738731600,280.67877197265625,128.16661071777344
1738818000,286.05267333984375,140.6268310546875
1738904400,285.9944152832031,140.18740844726562
1739163600,299.7159118652344,144.6695556640625
1739250000,301.4554138183594,143.20480346679688
1739336400,298.91900634765625,143.06809997558594
1739422800,301.270751953125,145.2554931640625
1739509200,299.84222412109375,144.4352264404297
1739854800,296.22723388671875,143.6735382080078
1739941200,293.41876220703125,144.8062744140625
1740027600,294.4974365234375,147.41355895996094
1740114000,296.2077941894531,145.94187927246094
1740373200,298.889892578125,147.39393615722656
1740459600,301.95098876953125,151.23992919921875
1740546000,295.6830139160156,148.6399688720703
1740632400,301.20269775390625,150.80825805664062
1740718800,299.62841796875,153.41802978515625
1740978000,297.4097900390625,153.96743774414062
1741064400,298.8562927246094,155.4195098876953
1741150800,300.4983215332031,156.3614044189453
1741237200,303.352294921875,156.2534637451172
1741323600,314.025390625,159.4617462158203
1741579200,310.0766906738281,155.10556030273438
1741665600,299.82391357421875,153.74180603027344
1741752000,292.63031005859375,151.48521423339844
1741838400,290.7732849121094,150.52371215820312
1741924800,293.05059814453125,152.12295532226562
1742184000,297.0970153808594,154.16368103027344
1742270400,296.7353820800781,154.33047485351562
1742356800,299.9803161621094,154.53648376464844
1742443200,300.0584411621094,154.90933227539062
1742529600,298.53375244140625,153.79086303710938
1742788800,298.758544921875,152.87841796875
1742875200,299.9803161621094,152.85879516601562
1742961600,306.48968505859375,155.6844024658203
1743048000,305.6198425292969,154.67385864257812
1743134400,300.1464538574219,152.8195343017578
1743393600,305.3070373535156,154.38934326171875
1743480000,306.53857421875,155.91989135742188
1743566400,304.5348815917969,155.242919921875
1743652800,311.0736389160156,158.40213012695312
1743739200,293.3242492675781,145.03924560546875
1743998400,293.1092834472656,142.1939697265625
1744084800,293.05059814453125,138.71102905273438
1744171200,297.0872497558594,142.7041778564453
1744257600,299.8434753417969,142.7532196044922
1744344000,302.89288330078125,142.26266479492188
1744603200,308.9234313964844,143.24380493164062
1744689600,305.4145812988281,141.95852661132812
1744776000,302.11102294921875,139.87855529785156
1744862400,304.2612609863281,140.6045684814453
1745208000,301.7395935058594,137.857421875
1745294400,311.8653564453125,142.31173706054688
1745380800,311.2789306640625,143.40077209472656
1745467200,309.07000732421875,144.79397583007812
1745553600,309.5782470703125,144.51927185058594
1745812800,309.6466979980469,144.96075439453125
1745899200,307.388916015625,144.90191650390625
1745985600,312.4224548339844,147.5999755859375
1746072000,306.54833984375,145.7947235107422
1746158400,304.90631103515625,146.32452392578125
1746417600,308.581298828125,143.81285095214844
1746504000,309.6271057128906,145.4807586669922
1746590400,310.9368591308594,146.6580810546875
1746676800,306.4017333984375,145.18641662597656
1746763200,306.58746337890625,144.3524627685547
1747022400,304.86724853515625,144.0286865234375
1747108800,301.7102966308594,142.96908569335938
1747195200,300.54718017578125,142.41966247558594
1747281600,307.369384765625,144.2739715576172
1747368000,311.4059753417969,145.27471923828125
1747627200,313.9667663574219,146.8248748779297
1747713600,312.56903076171875,146.2165985107422
1747800000,309.2850341796875,143.66566467285156
1747886400,307.20318603515625,142.7532196044922
1747972800,307.4573059082031,142.7041778564453
1748318400,307.8287353515625,142.06332397460938
1748404800,305.76641845703125,141.1365509033203
1748491200,304.8085632324219,142.01400756835938
1748577600,306.75360107421875,141.91543579101562
1748836800,307.3433532714844,142.59573364257812
1748923200,307.0583190917969,141.94500732421875
1749009600,306.2522888183594,141.98443603515625
1749096000,303.7065124511719,140.87034606933594
1749182400,302.1141357421875,142.79290771484375
1749441600,299.57818603515625,141.12669372558594
1749528000,295.30242919921875,141.8957061767578
1749614400,296.5704040527344,141.39288330078125
1749700800,297.98583984375,141.94500732421875
1749787200,296.7571716308594,141.97457885742188
1750046400,291.2331237792969,139.9435577392578
1750132800,287.3210144042969,138.02099609375
1750219200,284.686767578125,136.41390991210938
1750392000,282.55377197265625,137.1040496826172
1750651200,284.57861328125,139.40130615234375
1750737600,286.4953308105469,140.69287109375
1750824000,280.6763916015625,145.10986328125
1750910400,280.7550048828125,144.981689453125
1750996800,286.573974609375,146.3225555419922
1751256000,287.1834411621094,146.0957794189453
1751342400,292.4126281738281,148.25498962402344
1751428800,289.6014404296875,148.06765747070312
1751515200,289.060791015625,147.89019775390625
1751860800,288.5201721191406,148.24513244628906
1751947200,286.69195556640625,148.41275024414062
1752033600,288.0188903808594,148.7282257080078
1752120000,293.2972717285156,150.20713806152344
1752206400,294.79132080078125,147.68313598632812
1752465600,296.7276916503906,145.10000610351562
1752552000,294.5062561035156,142.96051025390625
1752638400,293.79852294921875,144.08448791503906
1752724800,295.2434387207031,145.9971923828125
1752811200,291.9997863769531,146.8648223876953
1753070400,290.69244384765625,143.4633331298828
1753156800,294.06396484375,146.4408721923828
1753243200,293.0318603515625,145.7112579345703
1753329600,289.4539794921875,143.7788543701172
1753416000,293.3758544921875,144.6365966796875
1753675200,294.11309814453125,142.260498046875
1753761600,297.50421142578125,143.1379852294922
1753848000,298.4281311035156,144.9225311279297
1753934400,294.9485778808594,142.12246704101562
1754020800,297.720458984375,143.31544494628906
1754280000,299.03759765625,144.93238830566406
1754366400,293.6707458496094,137.53787231445312
1754452800,302.4090270996094,139.35198974609375
1754539200,302.65478515625,140.55484008789062
1754625600,300.23675537109375,139.2928466796875
1754884800,299.16534423828125,139.28298950195312
1754971200,296.4917907714844,140.09144592285156
1755057600,299.8632507324219,142.75344848632812
1755144000,303.6770324707031,144.70562744140625
1755230400,303.6573486328125,146.0957794189453
1755489600,303.4313049316406,147.2394561767578
1755576000,305.6231994628906,149.87193298339844
1755662400,307.7365417480469,147.2394561767578
1755748800,307.8741455078125,145.92816162109375
1755835200,308.70965576171875,145.79013061523438
1756094400,308.09039306640625,144.82394409179688
1756180800,307.59893798828125,144.96197509765625
1756267200,306.1146545410156,143.28587341308594
1756353600,306.8912048339844,143.4239044189453
1756440000,308.188720703125,144.90280151367188
1756785600,312.1328430175781,144.09042358398438
1756872000,312.7556457519531,143.20867919921875
1756958400,313.34869384765625,142.3368377685547
1757044800,310.7686767578125,143.2384033203125
1757304000,309.2068176269531,146.61676025390625
1757390400,308.9300537109375,144.42726135253906
1757476800,302.4256591796875,144.6650390625
1757563200,304.8870544433594,147.75608825683594
1757649600,301.891845703125,148.1028289794922
1757908800,298.60009765625,147.518310546875
1757995200,299.80609130859375,146.6365509033203
1758081600,301.4667663574219,146.88424682617188
1758168000,297.6808166503906,143.91207885742188
1758254400,298.90655517578125,144.30838012695312
1758513600,299.509521484375,147.88487243652344
1758600000,299.70721435546875,148.0532989501953
1758686400,300.8341369628906,148.06320190429688
1758772800,298.8274230957031,149.01429748535156
1758859200,301.7336730957031,151.2830352783203
1759118400,299.509521484375,152.51153564453125
1759204800,300.3992004394531,150.5895538330078
1759291200,297.06787109375,151.7685089111328
1759377600,296.4352722167969,149.94557189941406
1759464000,297.52264404296875,149.2917022705078
1759723200,292.6393737792969,147.39942932128906
1759809600,292.9161682128906,145.35853576660156
1759896000,291.0181884765625,144.67494201660156
1759982400,290.43499755859375,141.36593627929688
1760068800,293.5982360839844,140.3058624267578
1760328000,296.66259765625,139.16653442382812
1760414400,301.0614929199219,142.6439666748047
1760500800,301.7435607910156,143.16905212402344
1760587200,301.8226318359375,142.04953002929688
1760673600,304.5509338378906,143.9021759033203
1760932800,304.234619140625,146.78517150878906
1761019200,303.9479675292969,147.15174865722656
1761105600,306.5477294921875,146.01242065429688
1761192000,303.4438171386719,145.01177978515625
1761278400,302.2773742675781,142.0297088623047
1761537600,306.43902587890625,141.6532440185547
1761624000,302.8803405761719,139.78077697753906
1761710400,298.87689208984375,137.89840698242188
1761796800,298.9559631347656,137.7696075439453
1761883200,295.0019226074219,136.92752075195312
1762146000,292.965576171875,138.08665466308594
1762232400,295.77294921875,148.1622772216797
1762318800,302.15875244140625,148.00375366210938
1762405200,294.9821472167969,146.2402801513672
1762491600,296.2178039550781,147.73626708984375
1762750800,295.6642150878906,146.88424682617188
1762837200,303.305419921875,149.35113525390625
1762923600,303.4141845703125,147.9839324951172
1763010000,304.0467834472656,148.34060668945312
1763096400,303.50311279296875,147.63720703125
1763355600,301.3975830078125,146.6563720703125
1763442000,301.0911560058594,147.43905639648438
1763528400,299.26239013671875,146.94369506835938
1763614800,300.6661071777344,147.82542419433594
1763701200,305.7964782714844,151.56044006347656
1763960400,301.3975830078125,149.67807006835938
1764046800,306.88385009765625,152.57098388671875
1764133200,308.8114318847656,152.37283325195312
1764306000,308.23809814453125,151.788330078125
1764565200,301.88360595703125,149.24217224121094
1764651600,299.0494384765625,146.94276428222656
1764738000,306.0006103515625,147.83863830566406
1764824400,306.82598876953125,145.1908416748047
1764910800,309.5010681152344,144.2949676513672
1765170000,308.0690612792969,141.87611389160156
1765256400,309.0635070800781,142.38377380371094
1765342800,308.804931640625,143.22987365722656
1765429200,307.9894714355469,147.44046020507812
1765515600,314.9605407714844,150.36697387695312
1765774800,316.95941162109375,153.11431884765625
1765861200,312.7528991699219,150.3371124267578
1765947600,316.91961669921875,152.43743896484375
1766034000,317.874267578125,153.9902801513672
1766120400,314.08544921875,153.04464721679688
1766379600,314.46331787109375,154.5576629638672
1766466000,309.11322021484375,153.82106018066406
1766552400,311.5893859863281,153.61203002929688
1766725200,308.9541015625,152.5369873046875
1766984400,306.8160400390625,151.57142639160156
1767070800,306.3188171386719,151.48184204101562
1767157200,303.9321594238281,150.58596801757812
1767330000,301.5753479003906,149.7996063232422
1767589200,298.1942138671875,149.6005096435547
1767675600,301.0880432128906,150.7153778076172
1767762000,302.4703369140625,149.7996063232422
1767848400,307.16412353515625,152.77587890625
1767934800,305.61279296875,154.8065185546875
1768194000,305.0459289550781,156.20008850097656
1768280400,307.72100830078125,155.64266967773438
1768366800,306.41827392578125,156.4091339111328
1768453200,306.9055480957031,160.3111572265625
1768539600,305.72216796875,159.52476501464844
1768885200,301.15765380859375,152.49716186523438
1768971600,303.9918212890625,153.7016143798828
1769058000,304.3299255371094,152.82565307617188
1769144400,307.53204345703125,152.26821899414062
1769403600,311.2115173339844,152.11891174316406
1769490000,312.38494873046875,153.30343627929688
1769576400,311.06231689453125,153.17404174804688
1769662800,313.7572937011719,154.76669311523438
1769749200,313.2501220703125,154.78660583496094
1770008400,316.760498046875,155.4535369873047
1770094800,317.7052307128906,158.01174926757812
1770181200,321.891845703125,158.83795166015625
1770267600,321.6830139160156,160.35096740722656
1770354000,325.3425598144531,162.18251037597656
1770613200,323.7912292480469,158.17100524902344
1770699600,324.1591796875,158.12124633789062
1770786000,321.41448974609375,158.3302764892578
1770872400,330.2351989746094,162.53091430664062
1770958800,325.7602233886719,159.83335876464844
1771304400,325.79998779296875,160.4505157470703
1771390800,326.0685119628906,162.16261291503906
1771477200,325.2928161621094,162.72999572753906
1771563600,327.40106201171875,163.3300018310547
1771822800,332.7014465332031,166.4499969482422
1771909200,331.1998291015625,165.9499969482422
1771995600,331.1600646972656,165.22999572753906
1772082000,332.6716003417969,165.7100067138672
1772168400,339.16534423828125,168.16000366210938
1772427600,332.96002197265625,162.9199981689453
1772514000,332.1700134277344,160.47999572753906
1772600400,331.739990234375,158.99000549316406
1772686800,327.45001220703125,158.6199951171875
1772773200,328.05999755859375,160.0
1773028800,330.79998779296875,159.85000610351562
1773115200,327.94000244140625,159.1999969482422
1773201600,325.2099914550781,156.60000610351562
1773288000,323.9100036621094,158.4600067138672
1773374400,326.4599914550781,160.39999389648438
1773633600,326.6499938964844,161.77999877929688
1773720000,326.29998779296875,163.69000244140625
1773806400,315.7300109863281,159.10000610351562
1773892800,309.5799865722656,156.25
1773979200,308.8500061035156,156.41000366210938
1774238400,308.4700012207031,158.5399932861328
1774324800,307.8399963378906,159.42999267578125
1774411200,311.70001220703125,159.16000366210938
1774497600,308.92999267578125,156.13999938964844
1774584000,305.8999938964844,153.9600067138672
1774843200,308.5299987792969,154.58999633789062
1774929600,310.7900085449219,155.47999572753906
1775016000,307.2900085449219,153.6999969482422
1775102400,307.1400146484375,156.08999633789062
1775448000,309.760009765625,157.36000061035156
1775534400,304.8500061035156,156.92999267578125
1775620800,307.010009765625,160.42999267578125
1775707200,309.54998779296875,160.7899932861328
1775793600,305.67999267578125,161.75999450683594
1776052800,304.510009765625,161.42999267578125
1776139200,303.2200012207031,161.57000732421875
1776225600,306.260009765625,161.94000244140625
1776312000,306.9599914550781,159.52000427246094
1776398400,311.3599853515625,162.7899932861328
1776657600,306.94000244140625,161.82000732421875
1776744000,301.8399963378906,160.33999633789062
1776830400,300.07000732421875,159.05999755859375
1776916800,302.5299987792969,160.72999572753906
1777003200,299.3599853515625,160.27999877929688
1777262400,290.2099914550781,155.1699981689453
1777348800,292.3900146484375,156.4600067138672
1777435200,290.0799865722656,159.83999633789062
1777521600,293.5899963378906,159.64999389648438
1777608000,286.6400146484375,158.36000061035156
1777867200,284.1000061035156,154.39999389648438
1777953600,285.1700134277344,153.88999938964844
1778040000,284.1000061035156,156.02000427246094
1778126400,283.70001220703125,157.25
1778212800,275.75,151.9499969482422
1778472000,274.6000061035156,150.2899932861328
1778558400,274.8399963378906,152.86000061035156
1778644800,275.70001220703125,149.77000427246094
1778731200,274.9700012207031,150.6300048828125
1778817600,276.3900146484375,149.97000122070312
