timestamp,ZC,ZW
1149480000,253.0,398.5
1149566400,247.75,385.0
1149652800,251.0,387.75
1149739200,245.5,383.5
1149825600,242.0,372.5
1150084800,247.5,373.75
1150171200,243.25,369.75
1150257600,237.0,361.25
1150344000,233.0,361.5
1150430400,235.5,359.0
1150689600,229.75,358.5
1150776000,229.75,367.0
1150862400,232.75,372.0
1150948800,230.5,365.5
1151035200,228.25,363.25
1151294400,223.0,368.5
1151380800,225.25,378.25
1151467200,226.0,372.0
1151553600,228.5,374.0
1151640000,235.5,371.5
1151899200,243.25,384.25
1152072000,239.5,386.5
1152158400,245.25,390.0
1152244800,241.0,381.5
1152504000,247.75,382.5
1152590400,253.75,398.0
1152676800,259.25,390.0
1152763200,252.5,376.0
1152849600,253.5,366.0
1153108800,251.75,393.0
1153195200,246.5,398.0
1153281600,244.75,393.0
1153368000,242.5,406.5
1153454400,237.25,407.25
1153713600,239.0,400.5
1153800000,239.5,393.25
1153886400,236.0,382.0
1153972800,237.75,387.75
1154059200,237.25,388.5
1154318400,239.0,397.5
1154404800,240.5,392.5
1154491200,247.25,401.5
1154577600,245.0,395.25
1154664000,245.0,396.0
1154923200,239.75,393.0
1155009600,235.75,384.0
1155096000,239.75,388.0
1155182400,238.75,386.5
1155268800,224.75,373.75
1155528000,222.0,374.0
1155614400,222.0,376.75
1155700800,221.5,371.5
1155787200,219.0,363.5
1155873600,219.75,364.5
1156132800,221.0,365.75
1156219200,219.5,359.75
1156305600,223.5,366.0
1156392000,227.5,375.5
1156478400,225.0,378.5
1156737600,224.5,384.75
1156824000,222.75,380.5
1156910400,228.5,397.5
1156996800,232.0,404.0
1157083200,230.0,401.25
1157428800,228.75,404.0
1157515200,226.25,399.0
1157601600,230.75,403.5
1157688000,231.75,400.0
1157947200,228.75,398.0
1158033600,223.5,388.75
1158120000,224.0,381.5
1158206400,223.0,377.0
1158292800,241.75,392.5
1158552000,247.75,395.5
1158638400,246.5,409.0
1158724800,249.0,407.75
1158811200,257.25,421.5
1158897600,255.25,419.0
1159156800,254.75,413.75
1159243200,259.0,423.0
1159329600,253.75,424.25
1159416000,264.25,445.5
1159502400,262.5,443.0
1159761600,267.75,446.0
1159848000,264.0,439.5
1159934400,274.25,465.0
1160020800,271.75,464.0
1160107200,271.0,464.0
1160366400,289.5,494.0
1160452800,275.5,501.0
1160539200,284.0,531.0
1160625600,298.25,515.5
1160712000,314.5,525.5
1160971200,316.75,542.5
1161057600,321.0,531.0
1161144000,315.5,512.5
1161230400,316.0,513.0
1161316800,312.75,505.0
1161576000,318.25,517.0
1161662400,324.25,522.5
1161748800,327.0,516.75
1161835200,327.0,507.5
1161921600,332.5,508.5
1162184400,329.5,501.0
1162270800,320.75,483.0
1162357200,333.5,487.5
1162443600,344.75,491.5
1162530000,342.25,492.5
1162789200,343.5,498.0
1162875600,351.0,497.0
1162962000,357.75,504.0
1163048400,350.0,488.0
1163134800,343.25,480.5
1163394000,342.5,477.0
1163480400,357.75,486.5
1163566800,358.25,481.5
1163653200,351.5,468.75
1163739600,355.25,474.0
1163998800,360.0,475.0
1164085200,361.25,479.75
1164171600,362.75,486.25
1164258000,362.75,486.25
1164344400,369.25,500.0
1164603600,371.5,490.25
1164690000,368.75,487.25
1164776400,370.25,490.5
1164862800,377.0,502.0
1164949200,374.0,500.0
1165208400,362.75,499.5
1165294800,366.25,498.0
1165381200,353.0,475.0
1165467600,358.5,477.5
1165554000,354.25,469.0
1165813200,355.5,475.0
1165899600,359.0,465.0
1165986000,354.5,472.5
1166072400,358.75,477.0
1166158800,369.0,494.25
1166418000,365.75,487.5
1166504400,373.0,492.0
1166590800,372.75,493.75
1166677200,377.75,503.25
1166763600,384.0,514.0
1167109200,388.0,516.75
1167195600,386.75,507.0
1167282000,388.5,504.25
1167368400,390.25,501.0
1167800400,370.5,476.5
1167886800,362.25,467.5
1167973200,368.25,470.25
1168232400,363.5,464.0
1168318800,354.5,453.0
1168405200,360.25,449.5
1168491600,376.5,456.5
1168578000,396.5,479.5
1168923600,403.0,464.0
1169010000,408.0,477.0
1169096400,412.25,471.0
1169182800,406.75,467.0
1169442000,404.25,465.0
1169528400,409.0,480.25
1169614800,400.75,466.0
1169701200,407.0,468.75
1169787600,405.5,463.5
1170046800,400.0,456.5
1170133200,404.75,459.5
1170219600,404.0,467.5
1170306000,398.0,460.25
1170392400,402.0,461.25
1170651600,402.0,458.5
1170738000,396.5,451.0
1170824400,392.25,452.0
1170910800,399.75,457.0
1170997200,406.25,460.25
1171256400,404.75,455.75
1171342800,411.0,459.0
1171429200,408.25,451.0
1171515600,407.5,453.25
1171602000,417.0,468.0
1171947600,415.25,464.5
1172034000,426.25,476.0
1172120400,434.5,489.5
1172206800,430.25,484.25
1172466000,425.5,483.0
1172552400,411.0,470.25
1172638800,425.25,474.5
1172725200,417.25,468.0
1172811600,411.0,459.5
1173070800,417.25,468.0
1173157200,412.5,459.5
1173243600,415.75,466.5
1173330000,412.0,464.0
1173416400,408.25,465.5
1173672000,399.75,460.0
1173758400,397.0,456.0
1173844800,389.5,446.0
1173931200,397.75,455.5
1174017600,399.5,460.75
1174276800,398.0,455.0
1174363200,405.25,462.75
1174449600,409.75,465.5
1174536000,409.5,467.0
1174622400,403.25,461.5
1174881600,391.0,458.0
1174968000,392.5,454.0
1175054400,388.5,456.5
1175140800,394.5,461.0
1175227200,374.5,438.0
1175486400,354.75,428.0
1175572800,346.25,419.0
1175659200,359.25,431.25
1175745600,366.0,445.0
1176091200,363.5,447.5
1176177600,369.0,457.75
1176264000,360.75,456.25
1176350400,358.75,458.0
1176436800,369.0,478.5
1176696000,364.25,475.25
1176782400,353.25,477.5
1176868800,363.5,474.5
1176955200,371.25,496.0
1177041600,360.5,502.0
1177300800,352.25,494.0
1177387200,360.5,483.5
1177473600,371.25,506.25
1177560000,364.75,507.0
1177646400,364.25,500.5
1177905600,358.0,485.5
1177992000,367.5,488.5
1178078400,372.0,479.5
1178164800,379.75,481.0
1178251200,381.25,482.0
1178510400,369.5,482.0
1178596800,353.75,469.0
1178683200,357.25,471.0
1178769600,345.75,473.0
1178856000,361.0,483.0
1179115200,358.0,489.0
1179201600,371.5,502.0
1179288000,376.0,496.75
1179374400,373.0,485.5
1179460800,371.25,471.25
1179720000,381.0,479.5
1179806400,369.5,471.0
1179892800,368.5,476.5
1179979200,376.5,491.0
1180065600,376.0,501.0
1180411200,364.75,491.0
1180497600,382.25,510.75
1180584000,390.25,517.0
1180670400,386.75,520.75
1180929600,383.75,520.25
1181016000,380.25,527.25
1181102400,374.75,519.75
1181188800,384.75,524.5
1181275200,382.0,527.5
1181534400,396.0,556.0
1181620800,393.5,565.0
1181707200,404.5,589.5
1181793600,409.5,606.5
1181880000,419.0,606.5
1182139200,416.0,601.0
1182225600,396.0,581.0
1182312000,394.25,605.0
1182398400,385.0,606.0
1182484800,367.5,592.25
1182744000,357.75,589.5
1182830400,356.5,608.5
1182916800,343.75,606.0
1183003200,339.5,609.0
1183089600,329.5,582.0
1183348800,330.5,569.5
1183435200,320.0,571.5
1183608000,324.0,591.0
1183694400,334.5,600.5
1183953600,332.5,588.5
1184040000,338.0,592.0
1184126400,336.0,611.0
1184212800,344.0,611.5
1184299200,341.5,614.0
1184558400,334.75,601.75
1184644800,322.5,601.25
1184731200,327.0,623.5
1184817600,321.25,620.0
1184904000,318.25,616.25
1185163200,310.0,620.25
1185249600,311.5,642.0
1185336000,311.5,634.0
1185422400,317.5,651.0
1185508800,321.0,653.25
1185768000,323.5,637.5
1185854400,325.75,630.0
1185940800,319.0,636.0
1186027200,324.0,641.75
1186113600,326.5,650.0
1186372800,325.75,664.0
1186459200,335.25,662.5
1186545600,341.0,679.0
1186632000,332.25,673.5
1186718400,333.0,667.0
1186977600,331.0,666.5
1187064000,327.5,692.5
1187150400,328.0,678.5
1187236800,321.5,673.0
1187323200,328.5,672.0
1187582400,331.75,675.0
1187668800,338.5,691.5
1187755200,347.5,718.5
1187841600,345.25,722.5
1187928000,341.5,725.75
1188187200,335.75,722.25
1188273600,327.25,720.5
1188360000,322.75,742.0
1188446400,322.75,770.0
1188532800,324.0,767.0
1188878400,336.75,807.0
1188964800,328.75,842.5
1189051200,323.25,816.0
1189137600,331.25,840.0
1189396800,329.75,849.0
1189483200,324.5,871.0
1189569600,339.75,840.0
1189656000,330.75,825.5
1189742400,336.5,838.0
1190001600,352.25,875.0
1190088000,352.25,869.0
1190174400,358.25,845.0
1190260800,369.25,850.0
1190347200,376.5,874.0
1190606400,373.5,877.75
1190692800,371.75,887.25
1190779200,375.0,917.25
1190865600,386.75,933.0
1190952000,373.0,939.0
1191211200,368.75,952.5
1191297600,348.75,922.5
1191384000,344.5,927.0
1191470400,342.25,906.0
1191556800,342.25,890.0
1191816000,339.75,860.0
1191902400,342.5,845.5
1191988800,347.25,853.0
1192075200,343.75,883.0
1192161600,351.0,857.5
1192420800,362.0,833.5
1192507200,360.5,828.5
1192593600,358.0,820.5
1192680000,367.25,825.5
1192766400,370.25,855.5
1193025600,364.5,871.0
1193112000,361.0,841.0
1193198400,356.5,811.0
1193284800,366.25,802.0
1193371200,372.0,800.0
1193630400,376.0,828.5
1193716800,370.25,814.0
1193803200,375.5,808.0
1193889600,368.75,778.25
1193976000,377.0,778.5
1194238800,375.25,785.0
1194325200,385.75,797.0
1194411600,384.25,787.75
1194498000,389.5,762.0
1194584400,386.75,762.0
1194843600,379.0,761.0
1194930000,374.75,748.0
1195016400,383.0,752.5
1195102800,374.75,765.5
1195189200,379.5,749.5
1195448400,377.5,756.25
1195534800,381.25,773.5
1195621200,382.0,803.5
1195794000,389.0,826.5
1196053200,385.75,814.0
1196139600,383.5,829.0
1196226000,387.25,859.0
1196312400,383.5,869.0
1196398800,384.5,867.0
1196658000,386.0,855.0
1196744400,394.0,875.0
1196830800,394.0,863.75
1196917200,394.75,871.0
1197003600,399.5,903.5
1197262800,400.5,909.0
1197349200,406.5,894.0
1197435600,416.75,934.0
1197522000,418.75,934.0
1197608400,420.0,939.0
1197867600,438.75,966.0
1197954000,432.0,952.0
1198040400,434.75,973.5
1198126800,437.5,954.0
1198213200,443.5,949.0
1198472400,444.0,935.25
1198645200,452.25,941.25
1198731600,454.75,915.0
1198818000,452.0,885.0
1199077200,455.5,885.0
1199250000,462.5,915.0
1199336400,466.0,945.0
1199422800,466.75,931.5
1199682000,466.25,903.0
1199768400,478.75,907.5
1199854800,477.25,889.5
1199941200,475.0,882.5
1200027600,495.0,909.25
1200286800,512.0,917.0
1200373200,509.0,932.0
1200459600,502.5,926.5
1200546000,502.0,940.5
1200632400,498.25,962.5
1200978000,489.0,934.0
1201064400,469.25,905.0
1201150800,489.25,909.0
1201237200,498.25,933.0
1201496400,502.25,963.0
1201582800,501.0,944.0
1201669200,498.5,922.5
1201755600,501.25,929.5
1201842000,500.5,943.0
1202101200,510.5,973.0
1202187600,509.25,1003.0
1202274000,501.5,1033.0
1202360400,499.5,1063.0
1202446800,508.0,1093.0
1202706000,503.5,1048.0
1202792400,497.75,1007.0
1202878800,497.0,991.5
1202965200,511.0,1032.0
1203051600,514.75,1027.5
1203397200,520.0,1036.0
1203483600,523.5,1020.0
1203570000,524.5,1029.5
1203656400,522.25,1049.5
1203915600,533.25,1109.5
1204002000,530.5,1199.5
1204088400,525.0,1280.0
1204174800,543.25,1169.0
1204261200,546.0,1073.0
1204520400,555.5,1093.0
1204606800,543.0,1077.5
1204693200,557.0,1096.0
1204779600,557.0,1114.0
1204866000,533.5,1092.5
1205121600,555.5,1140.0
1205208000,564.0,1240.0
1205294400,556.75,1270.0
1205380800,559.75,1234.0
1205467200,545.5,1160.0
1205726400,539.25,1131.5
1205812800,547.25,1164.0
1205899200,527.25,1074.0
1205985600,507.5,987.5
1206331200,524.75,1020.0
1206417600,544.75,1067.5
1206504000,552.25,1033.0
1206590400,555.5,1014.0
1206676800,560.5,989.0
1206936000,567.25,929.0
1207022400,584.0,895.0
1207108800,595.75,936.5
1207195200,600.0,937.0
1207281600,598.0,974.25
1207540800,590.0,921.25
1207627200,591.25,934.0
1207713600,605.0,934.0
1207800000,594.25,923.0
1207886400,584.25,896.5
1208145600,591.75,896.0
1208232000,606.0,895.75
1208318400,603.5,924.5
1208404800,603.5,913.0
1208491200,599.5,870.0
1208750400,580.25,845.75
1208836800,594.25,851.75
1208923200,587.75,817.75
1209009600,576.25,809.25
1209096000,577.25,800.5
1209355200,600.0,826.0
1209441600,591.25,794.0
1209528000,600.25,787.25
1209614400,605.5,776.5
1209700800,602.0,796.0
1209960000,582.0,792.5
1210046400,594.75,806.0
1210132800,601.5,795.0
1210219200,618.75,809.0
1210305600,618.5,791.5
1210564800,603.5,793.5
1210651200,597.5,785.5
1210737600,589.75,761.0
1210824000,599.0,771.5
1210910400,591.0,775.5
1211169600,586.75,791.0
1211256000,589.75,784.0
1211342400,607.25,778.0
1211428800,595.75,745.0
1211515200,599.75,752.5
1211860800,598.0,759.0
1211947200,592.5,759.0
1212033600,582.25,743.5
1212120000,599.25,761.5
1212379200,615.75,782.5
1212465600,608.0,750.5
1212552000,614.5,753.0
1212638400,643.25,785.5
1212724800,650.75,811.0
1212984000,657.25,788.5
1213070400,673.25,809.0
1213156800,703.25,869.0
1213243200,709.0,851.0
1213329600,731.75,882.0
1213588800,732.5,876.5
1213675200,742.25,898.25
1213761600,746.25,904.0
1213848000,727.75,881.0
1213934400,721.25,866.5
1214193600,724.25,866.25
1214280000,712.5,870.0
1214366400,730.0,901.75
1214452800,753.75,924.0
1214539200,754.75,895.5
1214798400,724.75,843.5
1214884800,719.5,849.75
1214971200,748.75,865.25
1215057600,746.0,872.75
1215403200,716.5,822.0
1215489600,692.75,823.25
1215576000,683.0,814.0
1215662400,675.25,806.5
1215748800,680.0,819.0
1216008000,657.0,810.0
1216094400,648.25,811.0
1216180800,658.5,834.0
1216267200,631.25,809.5
1216353600,609.5,804.0
1216612800,589.25,791.0
1216699200,573.5,796.75
1216785600,571.5,783.25
1216872000,573.0,787.75
1216958400,577.25,811.0
1217217600,582.0,797.75
1217304000,594.0,792.0
1217390400,601.5,787.75
1217476800,587.5,783.75
1217563200,565.0,794.0
1217822400,535.5,758.75
1217908800,525.25,780.0
1217995200,508.0,765.75
1218081600,522.25,822.25
1218168000,498.5,765.25
1218427200,497.25,793.75
1218513600,509.0,790.25
1218600000,539.0,850.25
1218686400,557.75,864.5
1218772800,529.75,824.25
1219032000,553.0,859.75
1219118400,564.75,845.25
1219204800,575.25,874.75
1219291200,597.75,897.25
1219377600,586.5,865.5
1219636800,580.25,840.25
1219723200,575.25,830.5
1219809600,577.5,802.75
1219896000,570.0,789.0
1219982400,568.25,779.25
1220328000,553.0,744.25
1220414400,546.5,752.25
1220500800,549.25,755.25
1220587200,531.5,729.75
1220846400,533.0,722.75
1220932800,529.5,711.5
1221019200,522.5,706.75
1221105600,522.25,707.25
1221192000,547.5,703.75
1221451200,562.0,727.0
1221537600,532.25,690.0
1221624000,554.0,725.75
1221710400,527.25,692.75
1221796800,542.25,718.0
1222056000,558.5,737.75
1222142400,560.25,750.5
1222228800,563.0,730.25
1222315200,558.25,736.25
1222401600,543.0,716.0
1222660800,513.0,668.0
1222747200,487.5,680.0
1222833600,484.0,669.75
1222920000,454.0,636.0
1223006400,454.0,640.25
1223265600,424.0,595.25
1223352000,417.0,603.25
1223438400,427.5,608.0
1223524800,438.25,604.75
1223611200,408.25,563.5
1223870400,411.5,588.5
1223956800,411.25,573.0
1224043200,388.0,555.75
1224129600,384.5,555.25
1224216000,403.0,566.25
1224475200,418.5,563.5
1224561600,411.0,549.0
1224648000,385.0,517.75
1224734400,390.25,523.0
1224820800,372.75,516.25
1225080000,385.25,529.5
1225166400,390.75,514.0
1225252800,420.75,561.25
1225339200,409.5,538.0
1225425600,401.5,536.25
1225688400,403.0,562.0
1225774800,413.0,572.5
1225861200,390.25,537.25
1225947600,378.0,522.5
1226034000,375.5,521.0
1226293200,383.5,520.0
1226379600,374.25,523.25
1226466000,369.5,533.0
1226552400,377.0,538.25
1226638800,380.25,554.25
1226898000,385.75,533.75
1226984400,380.0,529.75
1227070800,378.75,527.0
1227157200,363.75,511.75
1227243600,338.5,499.0
1227502800,354.5,537.5
1227589200,353.5,534.0
1227675600,354.0,535.5
1227848400,349.5,542.5
1228107600,332.75,509.75
1228194000,332.5,509.75
1228280400,332.0,500.75
1228366800,318.25,467.75
1228453200,293.5,457.75
1228712400,314.25,473.0
1228798800,312.25,472.25
1228885200,326.75,492.5
1228971600,338.0,491.25
1229058000,359.5,506.75
1229317200,375.25,520.0
1229403600,394.0,544.0
1229490000,389.5,557.5
1229576400,389.5,571.5
1229662800,380.75,563.25
1229922000,381.75,569.0
1230008400,394.75,575.25
1230094800,398.0,582.25
1230267600,412.25,599.25
1230526800,393.5,592.0
1230613200,396.25,604.75
1230699600,407.0,610.75
1230872400,412.25,611.0
1231131600,411.25,616.75
1231218000,427.5,643.5
1231304400,416.5,613.25
1231390800,406.75,612.5
1231477200,410.75,629.5
1231736400,380.75,569.75
1231822800,362.5,570.75
1231909200,366.5,574.25
1231995600,365.25,568.75
1232082000,391.0,578.25
1232427600,383.5,550.0
1232514000,390.25,571.75
1232600400,387.5,566.75
1232686800,390.5,582.75
1232946000,393.75,592.5
1233032400,377.5,584.75
1233118800,384.5,595.25
1233205200,381.75,578.0
1233291600,379.0,568.0
1233550800,370.5,563.75
1233637200,361.75,552.5
1233723600,358.25,542.25
1233810000,371.25,561.75
1233896400,377.25,557.0
1234155600,377.5,565.0
1234242000,376.75,556.0
1234328400,368.5,543.25
1234414800,366.25,538.75
1234501200,363.25,535.5
1234846800,349.25,515.5
1234933200,349.25,510.75
1235019600,353.25,519.5
1235106000,350.25,519.25
1235365200,351.75,510.5
1235451600,354.25,515.25
1235538000,363.75,524.75
1235624400,362.0,514.0
1235710800,350.75,510.5
1235970000,343.5,494.75
1236056400,343.5,490.25
1236142800,355.25,511.75
1236229200,349.25,504.0
1236315600,352.75,516.25
1236571200,357.25,513.0
1236657600,366.75,522.75
1236744000,356.0,498.75
1236830400,376.75,515.25
1236916800,375.0,506.5
1237176000,391.5,544.25
1237262400,390.5,552.5
1237348800,388.25,530.0
1237435200,396.5,555.25
1237521600,396.5,550.25
1237780800,395.5,549.25
1237867200,393.75,535.0
1237953600,385.75,508.0
1238040000,390.75,514.5
1238126400,387.0,507.25
1238385600,386.25,512.5
1238472000,404.75,532.75
1238558400,396.0,525.5
1238644800,402.5,550.5
1238731200,404.5,563.5
1238990400,405.5,557.0
1239076800,396.25,539.75
1239163200,397.0,532.0
1239249600,390.25,522.0
1239595200,387.5,523.25
1239681600,394.25,522.25
1239768000,384.5,515.25
1239854400,385.75,524.75
1239940800,376.25,523.0
1240200000,369.5,504.5
1240286400,374.0,509.5
1240372800,373.5,516.75
1240459200,381.0,529.25
1240545600,377.0,532.25
1240804800,372.25,508.0
1240891200,375.0,510.5
1240977600,393.0,520.75
1241064000,396.25,524.25
1241150400,406.25,557.25
1241409600,398.0,538.5
1241496000,398.5,541.5
1241582400,400.75,547.75
1241668800,404.75,559.0
1241755200,414.0,580.5
1242014400,413.5,580.5
1242100800,419.5,582.5
1242187200,419.5,578.75
1242273600,421.5,581.5
1242360000,417.25,577.5
1242619200,421.5,590.5
1242705600,425.75,588.75
1242792000,426.0,597.75
1242878400,424.0,593.5
1242964800,430.25,612.5
1243310400,427.5,612.0
1243396800,426.0,625.75
1243483200,428.75,630.5
1243569600,436.25,637.25
1243828800,445.75,674.5
1243915200,449.5,669.5
1244001600,432.5,617.5
1244088000,448.5,635.25
1244174400,444.0,623.0
1244433600,435.0,598.0
1244520000,444.0,613.75
1244606400,435.75,596.0
1244692800,441.0,594.75
1244779200,425.5,584.75
1245038400,406.0,575.25
1245124800,404.0,565.75
1245211200,407.75,566.0
1245297600,403.25,560.25
1245384000,399.25,555.25
1245643200,385.25,546.0
1245729600,389.0,546.75
1245816000,386.5,539.75
1245902400,382.5,533.0
1245988800,384.25,534.25
1246248000,377.0,528.5
1246334400,347.75,511.25
1246420800,351.75,506.25
1246507200,345.75,500.25
1246852800,343.25,490.5
1246939200,335.5,483.75
1247025600,339.25,488.5
1247112000,343.5,494.25
1247198400,345.5,491.75
1247457600,359.0,515.75
1247544000,350.0,501.75
1247630400,329.5,534.75
1247716800,316.75,533.25
1247803200,322.25,541.75
1248062400,323.25,542.25
1248148800,311.5,534.75
1248235200,308.0,522.0
1248321600,327.0,531.75
1248408000,316.25,516.25
1248667200,322.25,520.5
1248753600,320.5,516.25
1248840000,320.75,511.5
1248926400,332.25,516.25
1249012800,339.5,528.25
1249272000,358.0,549.25
1249358400,354.5,542.25
1249444800,347.0,528.75
1249531200,332.5,500.25
1249617600,322.0,489.5
1249876800,324.25,494.25
1249963200,326.5,485.25
1250049600,330.75,490.25
1250136000,324.5,481.5
1250222400,319.25,481.75
1250481600,314.25,471.75
1250568000,314.5,470.5
1250654400,320.0,466.0
1250740800,318.5,469.0
1250827200,321.75,460.25
1251086400,329.5,471.75
1251172800,321.5,471.0
1251259200,320.5,478.75
1251345600,323.0,475.0
1251432000,321.0,467.0
1251691200,326.25,471.0
1251777600,312.25,459.25
1251864000,313.25,457.0
1251950400,311.0,451.25
1252036800,300.5,444.0
1252382400,302.75,431.5
1252468800,305.5,429.0
1252555200,309.5,432.75
1252641600,314.5,441.75
1252900800,305.0,431.0
1252987200,346.5,470.5
1253073600,336.25,467.25
1253160000,329.0,461.75
1253246400,318.0,457.25
1253505600,316.0,456.0
1253592000,325.75,455.75
1253678400,330.25,460.0
1253764800,336.5,473.0
1253851200,334.0,449.75
1254110400,338.75,455.75
1254196800,341.0,447.5
1254283200,344.0,457.5
1254369600,340.5,452.75
1254456000,333.5,441.25
1254715200,341.5,442.75
1254801600,358.25,460.25
1254888000,359.75,463.25
1254974400,364.0,474.0
1255060800,362.25,468.0
1255320000,381.25,494.25
1255406400,381.75,511.25
1255492800,383.0,513.0
1255579200,373.0,505.0
1255665600,372.0,498.75
1255924800,386.25,517.75
1256011200,384.5,517.5
1256097600,398.25,542.5
1256184000,403.5,551.75
1256270400,397.75,547.75
1256529600,378.0,527.0
1256616000,370.75,503.25
1256702400,369.0,494.75
1256788800,379.5,503.75
1256875200,366.0,494.25
1257138000,382.25,516.75
1257224400,390.0,515.75
1257310800,384.0,521.0
1257397200,376.5,512.25
1257483600,367.0,497.25
1257742800,386.0,520.0
1257829200,394.5,523.0
1257915600,394.0,531.75
1258002000,390.5,531.75
1258088400,390.5,539.0
1258347600,402.25,562.25
1258434000,402.0,574.75
1258520400,398.0,566.25
1258606800,395.0,562.5
1258693200,391.0,559.75
1258952400,387.25,557.25
1259038800,376.0,533.0
1259125200,392.0,550.25
1259298000,397.25,548.75
1259557200,402.75,567.5
1259643600,399.75,562.5
1259730000,391.75,554.5
1259816400,385.25,549.75
1259902800,373.75,536.75
1260162000,368.75,526.5
1260248400,369.5,519.25
1260334800,368.0,515.0
1260421200,377.25,517.75
1260507600,389.25,519.25
1260766800,392.0,525.0
1260853200,407.5,536.75
1260939600,410.25,537.25
1261026000,397.0,518.5
1261112400,397.75,528.0
1261371600,400.0,519.5
1261458000,398.75,523.0
1261544400,404.75,529.0
1261630800,408.5,524.5
1261976400,416.0,550.75
1262062800,417.0,541.0
1262149200,413.75,544.75
1262235600,414.5,541.5
1262581200,418.5,557.75
1262667600,418.75,553.0
1262754000,421.75,567.25
1262840400,417.5,557.75
1262926800,423.0,568.5
1263186000,422.5,572.5
1263272400,392.5,535.75
1263358800,384.0,537.0
1263445200,381.0,527.75
1263531600,371.5,510.0
1263877200,369.25,500.5
1263963600,368.0,497.5
1264050000,372.0,499.5
1264136400,364.75,498.5
1264395600,367.75,498.25
1264482000,362.25,494.0
1264568400,358.25,483.75
1264654800,361.75,487.0
1264741200,356.5,474.0
1265000400,359.0,474.75
1265086800,365.0,487.25
1265173200,353.0,469.0
1265259600,354.0,475.75
1265346000,351.5,473.25
1265605200,356.0,484.0
1265691600,358.5,482.25
1265778000,361.75,496.75
1265864400,363.25,493.5
1265950800,361.5,486.5
1266296400,367.25,505.0
1266382800,360.0,494.75
1266469200,357.25,485.0
1266555600,360.0,489.75
1266814800,371.5,501.25
1266901200,367.75,491.75
1266987600,375.25,500.25
1267074000,372.25,489.75
1267160400,378.0,506.5
1267419600,370.75,492.75
1267506000,370.5,492.0
1267592400,375.75,503.5
1267678800,372.0,490.5
1267765200,364.75,482.25
1268024400,364.5,484.5
1268110800,358.75,478.5
1268197200,355.5,470.75
1268283600,355.5,468.5
1268370000,354.0,472.25
1268625600,363.25,479.25
1268712000,366.75,487.0
1268798400,374.0,496.0
1268884800,376.0,489.25
1268971200,374.5,483.75
1269230400,370.75,486.5
1269316800,362.75,476.75
1269403200,365.0,476.0
1269489600,355.0,466.5
1269576000,356.25,464.75
1269835200,357.0,464.75
1269921600,354.5,472.0
1270008000,345.0,450.5
1270094400,344.5,454.75
1270440000,345.75,453.5
1270526400,346.5,463.5
1270612800,356.5,475.25
1270699200,348.25,469.25
1270785600,345.75,465.75
1271044800,348.25,467.75
1271131200,352.5,476.0
1271217600,358.0,474.75
1271304000,363.25,480.25
1271390400,364.0,490.5
1271649600,347.75,467.75
1271736000,355.5,486.0
1271822400,359.25,487.25
1271908800,362.25,498.5
1271995200,353.0,493.25
1272254400,352.25,476.0
1272340800,347.5,478.25
1272427200,357.0,476.25
1272513600,360.5,484.5
1272600000,366.25,491.75
1272859200,362.75,490.0
1272945600,360.0,499.75
1273032000,364.75,501.0
1273118400,364.0,497.25
1273204800,364.75,500.25
1273464000,363.0,482.5
1273550400,369.75,483.75
1273636800,371.75,482.75
1273723200,366.5,471.0
1273809600,356.75,463.5
1274068800,356.0,469.0
1274155200,359.75,467.75
1274241600,359.25,469.25
1274328000,362.0,469.75
1274414400,369.0,472.0
1274673600,371.0,467.5
1274760000,364.25,460.5
1274846400,371.5,461.75
1274932800,373.25,467.75
1275019200,359.0,457.75
1275364800,354.0,450.75
1275451200,348.5,442.5
1275537600,349.5,441.75
1275624000,340.0,435.75
1275883200,335.75,432.25
1275969600,337.25,432.25
1276056000,338.25,428.0
1276142400,343.25,433.25
1276228800,349.5,440.75
1276488000,353.75,451.5
1276574400,353.75,451.75
1276660800,356.25,461.25
1276747200,357.5,462.75
1276833600,360.75,461.75
1277092800,355.0,462.0
1277179200,351.5,460.75
1277265600,346.5,462.25
1277352000,344.75,463.0
1277438400,340.5,456.25
1277697600,333.75,449.5
1277784000,325.0,442.0
1277870400,354.25,464.75
1277956800,365.5,484.0
1278043200,364.0,487.75
1278388800,360.0,492.75
1278475200,370.75,515.75
1278561600,377.5,534.0
1278648000,375.25,523.5
1278907200,371.25,521.25
1278993600,366.75,535.75
1279080000,375.25,548.25
1279166400,392.5,596.25
1279252800,394.75,587.25
1279512000,381.5,582.25
1279598400,374.0,577.0
1279684800,379.75,588.25
1279771200,376.5,596.5
1279857600,371.25,596.25
1280116800,364.0,589.5
1280203200,362.75,595.0
1280289600,376.25,615.5
1280376000,379.25,627.5
1280462400,392.75,661.5
1280721600,390.5,693.25
1280808000,389.5,680.0
1280894400,400.25,725.75
1280980800,403.5,785.75
1281067200,405.0,725.75
1281326400,403.0,712.5
1281412800,393.5,694.75
1281499200,395.5,694.75
1281585600,406.25,713.0
1281672000,411.75,702.5
1281931200,407.25,663.75
1282017600,414.75,651.0
1282104000,418.5,656.0
1282190400,414.25,681.25
1282276800,421.25,679.0
1282536000,417.25,692.25
1282622400,405.25,674.75
1282708800,404.75,647.75
1282795200,416.5,656.5
1282881600,421.0,662.5
1283140800,425.5,671.25
1283227200,424.5,652.5
1283313600,432.25,675.5
1283400000,433.0,680.75
1283486400,449.75,708.25
1283832000,451.5,702.5
1283918400,447.5,678.75
1284004800,456.25,706.75
1284091200,464.0,704.75
1284350400,469.25,713.75
1284436800,478.0,704.5
1284523200,495.25,726.75
1284609600,496.0,719.25
1284696000,513.25,739.25
1284955200,508.25,731.75
1285041600,505.25,718.0
1285128000,505.0,719.75
1285214400,499.25,697.25
1285300800,521.75,720.0
1285560000,512.75,706.5
1285646400,500.0,684.75
1285732800,505.0,683.5
1285819200,495.75,674.0
1285905600,465.75,655.0
1286164800,471.5,647.25
1286251200,491.0,663.5
1286337600,488.5,658.25
1286424000,498.25,659.25
1286510400,528.25,719.25
1286769600,555.75,709.25
1286856000,579.0,710.0
1286942400,569.25,702.75
1287028800,567.25,700.75
1287115200,563.0,704.5
1287374400,557.25,690.0
1287460800,546.0,671.5
1287547200,573.5,683.0
1287633600,564.25,668.75
1287720000,560.0,670.75
1287979200,568.75,674.0
1288065600,571.0,692.0
1288152000,577.25,702.75
1288238400,579.0,718.25
1288324800,582.0,717.25
1288584000,577.25,702.5
1288670400,575.75,694.25
1288756800,581.0,690.25
1288843200,590.0,713.75
1288929600,587.75,728.75
1289192400,585.25,736.25
1289278800,576.25,721.75
1289365200,566.75,710.0
1289451600,564.0,704.0
1289538000,534.0,669.25
1289797200,555.5,672.75
1289883600,526.5,626.25
1289970000,525.75,632.5
1290056400,541.75,645.25
1290142800,520.75,644.5
1290402000,515.25,645.5
1290488400,528.5,642.0
1290574800,538.75,647.5
1290747600,538.25,648.25
1291006800,538.25,650.25
1291093200,530.0,650.25
1291179600,551.75,697.5
1291266000,540.75,706.5
1291352400,559.0,738.0
1291611600,553.75,752.0
1291698000,547.25,743.0
1291784400,559.5,742.0
1291870800,560.25,748.25
1291957200,560.25,735.5
1292216400,575.25,740.25
1292302800,574.5,721.0
1292389200,584.25,764.75
1292475600,587.5,749.75
1292562000,596.5,756.75
1292821200,599.5,769.5
1292907600,602.25,765.0
1292994000,609.0,783.5
1293080400,614.0,783.0
1293426000,615.25,780.25
1293512400,623.25,798.25
1293598800,624.0,799.25
1293685200,616.0,784.75
1293771600,629.0,794.25
1294030800,620.5,805.5
1294117200,608.5,789.25
1294203600,619.25,808.25
1294290000,602.0,789.0
1294376400,595.0,774.0
1294635600,607.0,767.25
1294722000,607.0,759.5
1294808400,631.0,770.5
1294894800,642.5,783.5
1294981200,648.75,773.25
1295326800,659.5,793.25
1295413200,641.25,797.25
1295499600,654.0,803.5
1295586000,657.25,824.5
1295845200,655.25,835.25
1295931600,644.0,838.25
1296018000,657.75,856.5
1296104400,650.75,846.25
1296190800,644.0,825.75
1296450000,659.5,840.75
1296536400,666.0,835.75
1296622800,669.25,863.0
1296709200,662.5,859.0
1296795600,678.5,853.75
1297054800,674.75,858.75
1297141200,673.75,874.25
1297227600,698.0,886.0
1297314000,698.5,862.75
1297400400,706.5,867.0
1297659600,695.75,872.0
1297746000,690.5,840.25
1297832400,690.5,837.0
1297918800,712.75,850.75
1298005200,709.75,822.25
1298350800,679.75,762.25
1298437200,691.5,763.0
1298523600,685.75,747.25
1298610000,712.0,776.5
1298869200,722.5,782.5
1298955600,727.25,775.75
1299042000,714.0,776.75
1299128400,729.75,790.5
1299214800,721.25,800.5
1299474000,710.75,769.0
1299560400,698.75,751.25
1299646800,695.0,732.25
1299733200,676.25,714.0
1299819600,659.25,695.0
1300075200,664.0,700.5
1300161600,636.0,667.75
1300248000,616.5,662.0
1300334400,646.5,710.25
1300420800,683.5,723.0
1300680000,686.5,721.0
1300766400,686.75,722.25
1300852800,681.0,714.25
1300939200,702.5,739.5
1301025600,689.5,733.25
1301284800,671.0,725.25
1301371200,671.75,737.25
1301457600,663.25,727.25
1301544000,693.25,763.25
1301630400,736.0,759.5
1301889600,760.25,790.0
1301976000,766.75,786.25
1302062400,763.0,782.25
1302148800,759.0,773.25
1302235200,768.0,797.5
1302494400,776.0,798.25
1302580800,752.5,759.5
1302667200,755.5,752.75
1302753600,754.25,740.5
1302840000,742.0,744.25
1303099200,751.75,775.0
1303185600,749.0,785.75
1303272000,732.75,785.0
1303358400,737.25,799.5
1303704000,762.5,826.0
1303790400,766.25,811.25
1303876800,752.25,777.0
1303963200,723.0,743.0
1304049600,754.0,769.25
1304308800,730.75,759.75
1304395200,719.0,760.75
1304481600,726.5,741.0
1304568000,705.0,722.5
1304654400,682.75,724.5
1304913600,704.5,759.25
1305000000,706.0,769.0
1305086400,668.75,727.75
1305172800,681.25,700.5
1305259200,679.0,696.0
1305518400,697.5,736.5
1305604800,720.25,764.0
1305691200,749.75,817.0
1305777600,748.25,812.0
1305864000,759.5,806.5
1306123200,754.0,803.0
1306209600,733.25,779.75
1306296000,742.25,796.5
1306382400,745.5,814.5
1306468800,758.5,819.75
1306814400,747.5,782.25
1306900800,758.5,759.25
1306987200,766.5,769.75
1307073600,754.0,773.75
1307332800,732.0,744.0
1307419200,736.5,733.75
1307505600,764.0,748.0
1307592000,785.5,745.0
1307678400,787.0,759.25
1307937600,782.5,743.0
1308024000,755.5,731.25
1308110400,725.75,708.5
1308196800,701.5,673.25
1308283200,700.25,672.25
1308542400,700.5,659.25
1308628800,707.5,674.25
1308715200,677.5,638.25
1308801600,680.5,649.0
1308888000,670.0,635.75
1309147200,660.75,622.75
1309233600,683.0,640.25
1309320000,698.0,641.25
1309406400,629.0,584.75
1309492800,640.75,584.5
1309838400,680.5,613.75
1309924800,648.75,611.25
1310011200,650.0,624.5
1310097600,672.25,650.5
1310356800,681.5,636.0
1310443200,697.0,662.75
1310529600,726.75,702.0
1310616000,716.5,691.25
1310702400,701.25,694.75
1310961600,696.25,689.5
1311048000,698.0,693.5
1311134400,688.0,697.0
1311220800,679.25,677.25
1311307200,690.0,692.25
1311566400,678.75,688.5
1311652800,689.75,694.0
1311739200,691.5,704.75
1311825600,682.25,693.25
1311912000,665.5,672.5
1312171200,681.25,676.5
1312257600,711.25,718.0
1312344000,706.0,710.5
1312430400,693.75,681.75
1312516800,693.0,679.0
1312776000,675.25,656.5
1312862400,678.25,671.75
1312948800,678.0,685.0
1313035200,702.5,701.25
1313121600,701.75,702.5
1313380800,707.25,712.5
1313467200,714.0,724.75
1313553600,711.5,727.5
1313640000,699.0,707.75
1313726400,711.0,730.75
1313985600,720.5,735.5
1314072000,730.25,757.25
1314158400,731.75,749.25
1314244800,732.25,757.25
1314331200,752.5,762.25
1314590400,756.25,757.25
1314676800,763.5,750.25
1314763200,757.5,745.25
1314849600,728.75,715.5
1314936000,750.25,730.0
1315281600,746.75,716.25
1315368000,736.5,714.75
1315454400,723.25,709.25
1315540800,726.0,701.0
1315800000,734.25,699.75
1315886400,709.25,688.75
1315972800,713.0,701.75
1316059200,701.0,696.0
1316145600,692.0,688.25
1316404800,692.25,673.0
1316491200,690.25,674.75
1316577600,685.75,666.75
1316664000,650.0,633.75
1316750400,638.5,640.75
1317009600,648.0,648.25
1317096000,652.25,658.25
1317182400,630.75,638.75
1317268800,632.5,654.25
1317355200,592.5,609.25
1317614400,592.5,619.5
1317700800,587.75,604.0
1317787200,605.5,625.25
1317873600,605.5,616.0
1317960000,600.0,607.5
1318219200,605.0,611.5
1318305600,645.0,660.75
1318392000,640.75,626.75
1318478400,638.25,618.0
1318564800,640.0,622.75
1318824000,640.5,624.25
1318910400,644.0,625.25
1318996800,638.5,619.5
1319083200,649.5,630.75
1319169600,649.25,632.0
1319428800,651.0,642.5
1319515200,650.75,636.25
1319601600,637.25,619.5
1319688000,651.5,644.0
1319774400,655.0,644.5
1320033600,647.0,628.25
1320120000,654.25,630.0
1320206400,645.0,623.5
1320292800,653.5,636.0
1320379200,655.75,636.75
1320642000,653.25,638.75
1320728400,660.5,657.0
1320814800,656.0,643.0
1320901200,645.5,620.0
1320987600,638.5,616.75
1321246800,633.5,615.75
1321333200,645.5,632.75
1321419600,642.75,616.75
1321506000,614.5,592.5
1321592400,610.25,598.25
1321851600,597.75,591.5
1321938000,599.0,594.0
1322024400,588.75,579.25
1322197200,582.5,574.5
1322456400,591.75,574.75
1322542800,598.0,594.5
1322629200,601.25,595.75
1322715600,594.75,602.0
1322802000,586.5,612.25
1323061200,580.25,598.75
1323147600,585.25,598.75
1323234000,582.25,583.0
1323320400,590.0,576.75
1323406800,585.5,573.5
1323666000,585.5,575.5
1323752400,588.5,591.75
1323838800,580.0,588.0
1323925200,579.0,579.25
1324011600,583.0,583.75
1324270800,601.0,599.75
1324357200,607.0,607.75
1324443600,616.5,617.0
1324530000,617.5,621.75
1324616400,619.5,622.0
1324962000,633.25,644.75
1325048400,642.5,651.25
1325134800,638.0,645.25
1325221200,646.5,652.75
1325566800,658.5,657.0
1325653200,658.5,650.0
1325739600,643.5,629.25
1325826000,643.5,624.75
1326085200,652.0,641.75
1326171600,652.0,639.75
1326258000,651.5,641.0
1326344400,611.5,605.0
1326430800,599.5,602.25
1326776400,604.0,604.75
1326862800,593.5,592.25
1326949200,606.0,605.75
1327035600,611.5,610.5
1327294800,620.0,619.75
1327381200,630.25,633.5
1327467600,634.5,641.25
1327554000,634.5,653.5
1327640400,641.75,647.25
1327899600,631.75,644.75
1327986000,639.0,666.0
1328072400,642.0,674.25
1328158800,643.0,662.75
1328245200,644.5,660.75
1328504400,644.25,668.5
1328590800,642.25,662.25
1328677200,642.5,660.75
1328763600,637.0,646.0
1328850000,631.75,630.0
1329109200,639.5,641.25
1329195600,633.5,635.0
1329282000,627.0,626.0
1329368400,636.25,628.75
1329454800,641.75,644.0
1329800400,629.5,633.0
1329886800,638.25,644.5
1329973200,639.5,641.75
1330059600,640.75,641.0
1330318800,644.5,645.75
1330405200,653.5,662.25
1330491600,656.5,664.25
1330578000,653.75,659.25
1330664400,659.0,670.75
1330923600,666.25,667.75
1331010000,658.0,654.0
1331096400,643.75,633.0
1331182800,645.0,630.5
1331269200,654.0,638.75
1331524800,671.5,652.75
1331611200,674.0,651.5
1331697600,669.5,651.75
1331784000,669.0,664.75
1331870400,673.0,672.0
1332129600,663.5,652.25
1332216000,647.5,642.5
1332302400,642.0,636.25
1332388800,644.5,646.25
1332475200,646.5,654.25
1332734400,637.75,659.5
1332820800,630.75,639.75
1332907200,620.25,630.75
1332993600,604.0,612.5
1333080000,644.0,660.75
1333339200,655.0,657.0
1333425600,658.25,658.0
1333512000,656.75,639.25
1333598400,658.25,638.5
1333944000,649.0,643.0
1334030400,634.75,625.75
1334116800,636.0,628.0
1334203200,637.5,639.25
1334289600,629.25,623.5
1334548800,623.25,616.25
1334635200,616.75,615.5
1334721600,601.75,610.75
1334808000,621.0,624.75
1334894400,612.5,615.75
1335153600,622.5,625.0
1335240000,618.25,624.5
1335326400,611.0,616.5
1335412800,624.0,626.0
1335499200,653.0,642.25
1335758400,660.25,647.75
1335844800,659.75,633.75
1335931200,642.25,607.0
1336017600,650.75,608.25
1336104000,662.25,603.75
1336363200,665.0,606.25
1336449600,666.0,609.0
1336536000,641.25,591.25
1336622400,625.5,594.75
1336708800,608.0,592.75
1336968000,608.0,597.75
1337054400,597.25,608.5
1337140800,620.0,638.75
1337227200,625.0,657.75
1337313600,635.5,695.25
1337572800,633.0,704.0
1337659200,597.0,685.5
1337745600,603.5,665.5
1337832000,578.5,663.0
1337918400,578.5,680.0
1338264000,562.5,656.75
1338350400,559.5,653.75
1338436800,555.25,643.75
1338523200,551.5,612.25
1338782400,568.0,627.75
1338868800,567.5,613.25
1338955200,586.25,624.25
1339041600,594.0,641.75
1339128000,598.0,630.25
1339387200,592.0,630.5
1339473600,584.0,616.0
1339560000,592.5,616.0
1339646400,601.5,623.5
1339732800,579.5,609.5
1339992000,599.5,630.25
1340078400,612.5,649.5
1340164800,611.75,664.0
1340251200,586.5,661.75
1340337600,591.0,673.25
1340596800,631.0,724.25
1340683200,646.0,729.0
1340769600,649.5,732.0
1340856000,652.0,726.0
1340942400,672.5,739.0
1341201600,692.5,754.5
1341288000,718.75,782.25
1341460800,768.0,822.5
1341547200,743.25,791.25
1341806400,775.25,810.75
1341892800,761.0,804.75
1341979200,750.75,807.75
1342065600,771.25,832.75
1342152000,755.75,842.0
1342411200,776.75,884.5
1342497600,779.5,885.0
1342584000,795.0,903.25
1342670400,807.75,935.0
1342756800,824.5,943.25
1343016000,814.0,912.75
1343102400,790.0,878.75
1343188800,794.5,903.25
1343275200,781.25,884.0
1343361600,798.5,898.0
1343620800,820.0,914.5
1343707200,806.5,888.25
1343793600,800.5,879.5
1343880000,794.0,865.0
1343966400,810.0,891.25
1344225600,803.0,893.25
1344312000,796.0,889.0
1344398400,810.75,899.25
1344484800,818.25,913.0
1344571200,800.0,885.25
1344830400,782.75,856.75
1344916800,779.75,839.75
1345003200,794.0,846.75
1345089600,797.75,861.75
1345176000,798.5,874.5
1345435200,815.25,879.5
1345521600,831.25,900.5
1345608000,830.25,896.5
1345694400,808.75,874.5
1345780800,802.25,867.5
1346040000,794.5,862.0
1346126400,789.5,854.75
1346212800,810.25,885.5
1346299200,811.5,883.5
1346385600,802.75,870.0
1346731200,807.0,866.0
1346817600,789.75,845.75
1346904000,797.25,872.0
1346990400,795.0,884.75
1347249600,781.0,868.25
1347336000,782.25,860.0
1347422400,771.0,867.0
1347508800,776.75,879.0
1347595200,777.5,897.5
1347854400,748.0,878.0
1347940800,740.0,863.5
1348027200,756.5,881.5
1348113600,746.0,879.5
1348200000,748.25,897.25
1348459200,744.75,892.0
1348545600,743.75,886.5
1348632000,724.75,869.25
1348718400,716.25,855.5
1348804800,756.25,902.5
1349064000,756.75,884.25
1349150400,758.25,871.5
1349236800,756.75,873.0
1349323200,757.0,869.25
1349409600,748.0,857.5
1349668800,742.0,861.0
1349755200,742.0,864.25
1349841600,736.75,869.75
1349928000,773.25,886.0
1350014400,752.75,856.75
1350273600,737.25,848.25
1350360000,738.25,847.75
1350446400,745.5,856.25
1350532800,760.75,868.5
1350619200,761.5,872.5
1350878400,761.25,878.25
1350964800,756.0,868.75
1351051200,754.5,884.0
1351137600,742.0,872.75
1351224000,737.75,863.75
1351656000,755.75,864.5
1351742400,751.0,868.5
1351828800,739.5,864.5
1352091600,735.5,866.0
1352178000,741.0,877.0
1352264400,744.25,894.0
1352350800,741.25,902.5
1352437200,738.75,886.5
1352696400,718.0,857.75
1352782800,723.5,851.0
1352869200,725.75,848.75
1352955600,721.25,845.5
1353042000,727.0,838.0
1353301200,738.75,841.75
1353387600,743.25,845.0
1353474000,741.0,845.25
1353646800,745.5,847.75
1353906000,747.25,849.0
1353992400,760.0,873.0
1354078800,760.25,876.0
1354165200,751.5,869.25
1354251600,748.0,844.75
1354510800,749.0,842.0
1354597200,746.5,838.5
1354683600,753.25,842.25
1354770000,747.75,845.25
1354856400,732.75,844.25
1355115600,726.75,832.75
1355202000,724.25,805.75
1355288400,721.0,794.75
1355374800,712.25,793.0
1355461200,718.75,801.0
1355720400,724.0,808.0
1355806800,720.0,811.25
1355893200,703.0,805.75
1355979600,696.5,790.5
1356066000,702.0,792.0
1356325200,704.25,793.75
1356498000,693.25,774.5
1356584400,691.5,772.25
1356670800,694.0,778.75
1356930000,698.25,778.0
1357102800,690.75,755.25
1357189200,689.25,755.5
1357275600,680.25,747.25
1357534800,685.5,751.25
1357621200,688.75,750.5
1357707600,694.25,745.5
1357794000,698.75,744.5
1357880400,708.75,754.75
1358139600,724.0,767.0
1358226000,730.5,782.75
1358312400,731.25,785.0
1358398800,724.5,781.25
1358485200,727.5,791.25
1358830800,728.5,779.25
1358917200,720.75,774.75
1359003600,724.25,768.5
1359090000,720.75,776.5
1359349200,729.25,779.25
1359435600,729.5,777.0
1359522000,740.25,787.0
1359608400,740.5,779.5
1359694800,736.0,765.0
1359954000,734.25,763.0
1360040400,729.0,757.5
1360126800,722.5,761.5
1360213200,710.75,756.0
1360299600,709.0,756.25
1360558800,702.25,741.5
1360645200,696.25,732.0
1360731600,695.5,735.5
1360818000,694.75,732.0
1360904400,698.75,742.25
1361250000,695.25,732.25
1361336400,700.5,738.5
1361422800,690.75,721.25
1361509200,690.25,715.0
1361768400,693.5,699.25
1361854800,705.0,705.75
1361941200,709.5,704.25
1362027600,719.5,707.75
1362114000,724.25,713.25
1362373200,723.0,696.0
1362459600,732.0,696.25
1362546000,708.0,676.25
1362632400,711.5,686.75
1362718800,725.25,690.0
1362974400,734.5,694.0
1363060800,741.0,700.5
1363147200,741.25,707.25
1363233600,732.75,714.25
1363320000,717.0,723.0
1363579200,720.0,712.75
1363665600,728.5,722.0
1363752000,732.5,736.0
1363838400,733.0,728.75
1363924800,726.25,729.75
1364184000,733.25,727.25
1364270400,730.25,731.5
1364356800,735.25,736.75
1364443200,695.25,687.75
1364788800,642.25,664.0
1364875200,640.5,670.75
1364961600,641.5,696.5
1365048000,630.0,694.0
1365134400,629.0,699.0
1365393600,633.5,712.5
1365480000,644.25,708.75
1365566400,649.0,696.75
1365652800,651.25,697.75
1365739200,658.5,714.75
1365998400,646.75,693.75
1366084800,663.25,703.5
1366171200,660.5,703.75
1366257600,644.5,702.75
1366344000,652.0,709.0
1366603200,645.75,702.25
1366689600,638.5,697.5
1366776000,639.5,691.75
1366862400,645.25,701.25
1366948800,644.0,688.75
1367208000,684.0,709.75
1367294400,683.25,721.75
1367380800,681.75,710.5
1367467200,697.5,718.75
1367553600,699.5,711.25
1367812800,678.75,693.0
1367899200,676.5,699.5
1367985600,675.0,696.75
1368072000,694.5,716.25
1368158400,687.75,696.75
1368417600,718.0,701.5
1368504000,706.75,701.5
1368590400,650.75,693.75
1368676800,641.5,687.75
1368763200,652.75,683.25
1369022400,649.5,685.25
1369108800,640.0,680.5
1369195200,658.5,688.5
1369281600,662.0,703.25
1369368000,657.25,697.5
1369713600,666.5,693.75
1369800000,665.0,702.75
1369886400,654.25,698.75
1369972800,662.0,705.5
1370232000,655.75,708.75
1370318400,660.5,709.0
1370404800,660.75,701.5
1370491200,663.25,697.75
1370577600,666.25,696.25
1370836800,650.0,689.75
1370923200,659.5,696.75
1371009600,650.75,683.0
1371096000,643.5,685.5
1371182400,655.0,680.75
1371441600,668.5,680.5
1371528000,673.25,687.5
1371614400,682.25,707.0
1371700800,673.25,700.5
1371787200,661.75,698.0
1372046400,653.25,679.0
1372132800,656.75,675.75
1372219200,664.5,667.0
1372305600,667.25,663.5
1372392000,679.25,648.5
1372651200,655.5,645.75
1372737600,672.75,649.5
1372824000,678.25,657.75
1372996800,684.75,656.0
1373256000,691.75,660.0
1373342400,704.0,675.5
1373428800,709.75,672.0
1373515200,716.75,679.25
1373601600,701.5,675.5
1373860800,536.25,669.5
1373947200,545.25,669.5
1374033600,538.5,665.0
1374120000,541.0,660.5
1374206400,544.0,664.5
1374465600,540.75,659.75
1374552000,522.5,653.75
1374638400,508.25,653.25
1374724800,496.0,649.25
1374811200,492.0,650.25
1375070400,489.25,651.5
1375156800,495.5,655.25
1375243200,499.0,664.25
1375329600,487.5,658.0
1375416000,476.0,660.5
1375675200,469.25,645.25
1375761600,472.25,650.5
1375848000,468.25,643.5
1375934400,473.5,641.25
1376020800,465.75,633.5
1376280000,472.0,635.0
1376366400,455.25,628.25
1376452800,464.75,630.5
1376539200,481.5,637.5
1376625600,473.75,631.0
1376884800,493.25,641.5
1376971200,483.75,634.25
1377057600,498.0,638.75
1377144000,487.5,630.5
1377230400,495.5,634.5
1377489600,515.75,654.75
1377576000,499.75,650.75
1377662400,504.25,646.5
1377748800,497.25,641.25
1377835200,495.0,643.25
1378180800,498.0,636.5
1378267200,494.0,634.25
1378353600,489.5,627.25
1378440000,491.5,635.0
1378699200,477.25,628.75
1378785600,474.75,633.75
1378872000,479.75,635.0
1378958400,479.0,641.75
1379044800,450.0,627.75
1379304000,456.5,641.25
1379390400,454.0,643.0
1379476800,456.25,646.5
1379563200,459.5,657.0
1379649600,451.0,646.25
1379908800,453.25,653.5
1379995200,448.75,658.25
1380081600,454.75,670.5
1380168000,456.75,678.25
1380254400,454.0,683.0
1380513600,441.5,678.5
1380600000,439.0,681.25
1380686400,439.0,686.0
1380772800,439.25,689.25
1380859200,443.25,687.0
1381118400,449.25,694.75
1381204800,441.75,693.5
1381291200,443.5,690.5
1381377600,438.25,685.5
1381464000,433.25,692.25
1381723200,437.0,692.5
1381809600,443.5,685.75
1381896000,442.75,681.5
1381982400,443.0,686.0
1382068800,441.5,705.75
1382328000,444.0,699.75
1382414400,438.25,700.75
1382500800,442.75,701.75
1382587200,440.25,696.5
1382673600,440.0,690.75
1382932800,430.75,681.0
1383019200,432.0,681.25
1383105600,430.25,675.0
1383192000,428.25,667.5
1383278400,427.25,667.75
1383541200,426.25,662.75
1383627600,425.0,656.0
1383714000,421.25,653.25
1383800400,420.5,653.0
1383886800,426.75,649.75
1384146000,434.75,646.25
1384232400,432.25,645.25
1384318800,429.75,645.5
1384405200,426.5,644.75
1384491600,422.0,644.5
1384750800,412.0,642.25
1384837200,417.75,650.25
1384923600,417.0,647.25
1385010000,423.0,648.75
1385096400,422.25,649.5
1385355600,424.75,652.5
1385442000,418.5,646.5
1385528400,417.25,651.25
1385701200,415.25,655.0
1385960400,416.5,649.75
1386046800,422.0,653.75
1386133200,425.5,647.25
1386219600,422.75,638.0
1386306000,424.0,637.25
1386565200,428.5,639.0
1386651600,427.5,629.5
1386738000,431.25,630.25
1386824400,428.25,622.5
1386910800,420.5,618.25
1387170000,423.25,621.75
1387256400,426.75,619.75
1387342800,425.0,612.75
1387429200,430.5,610.75
1387515600,433.25,613.5
1387774800,434.25,609.5
1387861200,434.5,606.25
1388034000,426.25,606.0
1388120400,427.5,609.0
1388379600,423.5,600.5
1388466000,422.0,605.25
1388638800,420.5,597.0
1388725200,423.5,605.75
1388984400,427.75,605.75
1389070800,426.0,602.5
1389157200,417.0,588.75
1389243600,412.0,584.25
1389330000,432.75,569.0
1389589200,434.5,573.5
1389675600,431.5,579.25
1389762000,425.75,567.75
1389848400,428.0,572.75
1389934800,424.0,563.5
1390280400,425.0,562.25
1390366800,426.25,561.25
1390453200,429.0,570.0
1390539600,429.5,565.25
1390798800,431.75,563.5
1390885200,432.0,566.0
1390971600,427.5,551.5
1391058000,433.5,553.5
1391144400,434.0,555.75
1391403600,435.75,563.75
1391490000,441.75,584.5
1391576400,443.25,587.5
1391662800,443.0,580.75
1391749200,444.25,577.5
1392008400,443.0,584.75
1392094800,441.5,590.25
1392181200,440.0,587.0
1392267600,440.5,595.5
1392354000,445.25,598.5
1392699600,449.5,612.0
1392786000,453.75,620.25
1392872400,455.75,616.25
1392958800,453.0,609.75
1393218000,451.5,617.75
1393304400,455.75,615.0
1393390800,455.5,600.0
1393477200,448.0,582.25
1393563600,457.5,599.0
1393822800,464.0,626.75
1393909200,476.75,639.75
1393995600,475.25,637.25
1394082000,485.75,641.5
1394168400,481.0,646.25
1394424000,472.0,645.0
1394510400,478.0,663.25
1394596800,484.25,688.0
1394683200,484.25,679.0
1394769600,472.25,690.25
1395028800,479.0,674.5
1395115200,486.25,692.5
1395201600,487.75,715.75
1395288000,478.5,703.75
1395374400,479.0,693.25
1395633600,490.0,714.5
1395720000,486.5,708.25
1395806400,484.5,696.75
1395892800,492.0,710.5
1395979200,492.0,695.5
1396238400,502.0,697.25
1396324800,507.5,685.25
1396411200,495.75,669.25
1396497600,500.0,676.0
1396584000,501.75,669.75
1396843200,499.25,676.25
1396929600,507.0,681.0
1397016000,502.25,669.0
1397102400,501.25,662.25
1397188800,498.5,660.25
1397448000,503.0,678.75
1397534400,503.75,701.75
1397620800,497.5,688.0
1397707200,494.75,691.25
1398052800,488.5,668.25
1398139200,496.25,673.0
1398225600,503.5,676.5
1398312000,501.25,689.0
1398398400,507.0,700.25
1398657600,507.75,700.25
1398744000,515.75,708.0
1398830400,514.0,713.0
1398916800,503.25,698.75
1399003200,494.0,707.75
1399262400,503.25,721.25
1399348800,513.0,731.75
1399435200,510.25,729.75
1399521600,513.25,726.75
1399608000,505.0,714.0
1399867200,497.5,705.5
1399953600,503.25,700.0
1400040000,494.75,681.0
1400126400,484.25,678.25
1400212800,483.5,674.25
1400472000,477.25,674.5
1400558400,473.5,670.5
1400644800,474.5,664.25
1400731200,476.75,659.25
1400817600,478.0,652.5
1401163200,469.75,641.0
1401249600,472.5,638.75
1401336000,469.5,632.5
1401422400,465.75,627.25
1401681600,465.5,620.75
1401768000,458.25,612.5
1401854400,456.25,614.5
1401940800,449.0,605.75
1402027200,459.0,618.25
1402286400,451.0,612.5
1402372800,445.5,601.25
1402459200,441.0,589.25
1402545600,444.0,585.25
1402632000,447.0,586.0
1402891200,441.0,581.0
1402977600,438.75,581.75
1403064000,441.5,587.0
1403150400,450.5,593.5
1403236800,453.25,585.25
1403496000,444.5,579.75
1403582400,443.0,571.0
1403668800,441.0,575.5
1403755200,442.75,582.25
1403841600,443.0,585.25
1404100800,424.25,564.75
1404187200,422.75,559.75
1404273600,418.5,561.75
1404360000,417.0,568.0
1404705600,409.25,545.0
1404792000,408.25,545.25
1404878400,404.0,539.5
1404964800,400.5,536.75
1405051200,399.75,514.75
1405310400,390.25,549.75
1405396800,374.0,537.75
1405483200,378.25,538.0
1405569600,379.5,550.75
1405656000,371.25,532.25
1405915200,364.0,530.0
1406001600,360.25,524.5
1406088000,362.5,530.75
1406174400,361.5,528.75
1406260800,363.0,538.0
1406520000,367.75,534.75
1406606400,361.5,520.0
1406692800,361.75,527.25
1406779200,357.0,530.25
1406865600,352.5,534.25
1407124800,358.75,544.0
1407211200,356.25,552.5
1407297600,363.25,568.0
1407384000,359.5,561.5
1407470400,351.75,549.25
1407729600,356.75,546.5
1407816000,358.5,538.0
1407902400,358.0,528.0
1407988800,362.0,537.25
1408075200,365.75,551.25
1408334400,360.75,542.5
1408420800,362.5,546.0
1408507200,359.5,539.5
1408593600,362.25,546.25
1408680000,365.5,552.0
1408939200,360.0,542.5
1409025600,356.0,541.5
1409112000,356.0,547.25
1409198400,361.75,556.5
1409284800,359.0,550.25
1409630400,355.75,543.5
1409716800,341.25,523.5
1409803200,335.75,525.25
1409889600,346.5,531.5
1410148800,339.25,533.5
1410235200,336.25,527.5
1410321600,338.75,518.75
1410408000,331.75,503.0
1410494400,339.0,498.25
1410753600,343.0,500.75
1410840000,343.75,496.25
1410926400,341.75,499.25
1411012800,338.25,488.5
1411099200,331.5,474.5
1411358400,330.25,476.75
1411444800,325.5,476.0
1411531200,329.5,480.25
1411617600,326.0,474.0
1411704000,323.0,474.25
1411963200,325.75,481.25
1412049600,320.75,477.75
1412136000,321.25,479.0
1412222400,322.75,482.75
1412308800,323.25,485.75
1412568000,332.5,491.5
1412654400,340.5,506.25
1412740800,343.25,507.75
1412827200,344.75,493.25
1412913600,334.0,498.5
1413172800,346.0,505.25
1413259200,357.0,509.25
1413345600,347.5,506.0
1413432000,352.25,517.0
1413518400,348.0,516.0
1413777600,348.25,513.5
1413864000,356.0,519.25
1413950400,353.0,522.25
1414036800,359.75,526.75
1414123200,353.0,517.75
1414382400,363.0,522.75
1414468800,364.5,530.75
1414555200,375.25,538.25
1414641600,374.0,536.0
1414728000,376.75,532.5
1414990800,373.5,538.25
1415077200,364.5,530.5
1415163600,370.25,524.75
1415250000,371.25,520.25
1415336400,367.5,514.5
1415595600,369.25,517.25
1415682000,373.75,525.25
1415768400,377.75,542.75
1415854800,386.25,553.75
1415941200,381.75,560.5
1416200400,377.5,551.75
1416286800,372.0,549.0
1416373200,363.25,537.75
1416459600,373.25,547.25
1416546000,372.75,547.25
1416805200,367.5,542.25
1416891600,374.25,551.5
1416978000,378.25,562.0
1417150800,375.75,577.25
1417410000,375.5,606.75
1417496400,367.75,605.25
1417582800,368.75,597.0
1417669200,376.0,599.75
1417755600,381.5,609.0
1418014800,377.5,610.0
1418101200,383.0,600.5
1418187600,382.5,593.25
1418274000,390.0,610.25
1418360400,396.25,627.5
1418619600,408.5,619.0
1418706000,406.0,623.25
1418792400,408.25,648.5
1418878800,411.0,655.25
1418965200,410.5,632.25
1419224400,411.75,625.75
1419310800,414.0,635.5
1419397200,407.75,611.5
1419570000,414.75,610.75
1419829200,412.75,615.5
1419915600,406.5,602.0
1420002000,397.0,589.75
1420174800,395.75,581.25
1420434000,406.0,589.0
1420520400,405.0,591.75
1420606800,396.25,579.5
1420693200,394.25,567.0
1420779600,400.25,563.75
1421038800,402.0,555.5
1421125200,385.75,548.0
1421211600,381.0,537.75
1421298000,380.0,532.75
1421384400,387.0,532.75
1421730000,390.25,537.0
1421816400,388.0,536.75
1421902800,383.75,533.75
1421989200,386.75,530.0
1422248400,384.0,520.5
1422334800,381.25,519.0
1422421200,373.25,505.25
1422507600,371.5,507.75
1422594000,370.0,502.75
1422853200,369.75,492.75
1422939600,385.75,513.75
1423026000,383.5,511.0
1423112400,385.25,525.75
1423198800,385.75,527.0
1423458000,391.25,529.75
1423544400,388.0,521.75
1423630800,385.75,525.75
1423717200,383.0,521.25
1423803600,387.25,533.0
1424149200,389.5,534.75
1424235600,383.75,527.75
1424322000,389.75,527.75
1424408400,385.25,510.25
1424667600,378.75,505.75
1424754000,377.5,505.75
1424840400,375.75,497.75
1424926800,380.0,503.25
1425013200,384.5,517.5
1425272400,378.75,508.0
1425358800,382.0,508.75
1425445200,381.5,493.5
1425531600,382.75,481.25
1425618000,379.25,485.75
1425873600,383.25,494.25
1425960000,382.25,496.5
1426046400,384.0,503.0
1426132800,382.25,513.25
1426219200,374.0,508.75
1426478400,379.0,514.0
1426564800,371.0,503.5
1426651200,374.75,510.75
1426737600,373.5,512.0
1426824000,385.0,530.0
1427083200,390.25,534.0
1427169600,393.25,523.5
1427256000,395.0,519.0
1427342400,391.25,499.25
1427428800,391.0,507.75
1427688000,394.5,530.25
1427774400,376.25,511.75
1427860800,381.75,528.5
1427947200,386.5,536.25
1428292800,385.0,527.75
1428379200,383.0,526.0
1428465600,379.25,526.25
1428552000,378.0,518.75
1428638400,377.0,526.5
1428897600,370.5,502.25
1428984000,373.5,497.0
1429070400,376.0,490.75
1429156800,376.25,494.5
1429243200,379.75,494.5
1429502400,378.0,498.75
1429588800,373.0,500.75
1429675200,372.5,498.75
1429761600,370.75,497.75
1429848000,364.5,486.0
1430107200,360.75,470.25
1430193600,361.0,471.5
1430280000,363.75,477.25
1430366400,362.5,467.0
1430452800,359.75,470.0
1430712000,358.75,469.25
1430798400,361.25,464.0
1430884800,366.5,475.75
1430971200,357.75,465.75
1431057600,358.5,476.5
1431316800,358.25,476.25
1431403200,357.0,479.25
1431489600,356.0,481.0
1431576000,361.0,501.75
1431662400,365.5,511.0
1431921600,368.0,521.75
1432008000,362.0,510.25
1432094400,360.0,513.0
1432180800,365.0,522.0
1432267200,360.0,515.25
1432612800,355.0,493.5
1432699200,349.5,487.75
1432785600,353.5,488.75
1432872000,351.5,477.0
1433131200,352.25,493.75
1433217600,359.0,512.5
1433304000,359.0,510.75
1433390400,363.5,523.75
1433476800,360.5,517.0
1433736000,365.25,528.0
1433822400,365.0,532.25
1433908800,357.25,513.5
1433995200,356.5,504.25
1434081600,353.0,503.75
1434340800,348.25,489.25
1434427200,354.0,488.75
1434513600,359.25,491.25
1434600000,358.0,488.0
1434686400,353.25,488.5
1434945600,360.0,501.25
1435032000,367.5,521.5
1435118400,366.5,518.0
1435204800,376.5,532.0
1435291200,385.0,562.25
1435550400,383.25,580.5
1435636800,414.0,614.75
1435723200,413.75,587.5
1435809600,419.75,585.75
1436155200,418.5,588.5
1436241600,415.75,579.5
1436328000,416.25,572.25
1436414400,421.25,572.25
1436500800,427.25,581.5
1436760000,433.5,586.75
1436846400,424.0,583.5
1436932800,429.5,566.75
1437019200,430.0,562.25
1437105600,420.25,554.0
1437364800,405.0,532.75
1437451200,406.5,524.75
1437537600,402.75,516.75
1437624000,403.25,521.5
1437710400,392.5,511.75
1437969600,373.0,502.5
1438056000,375.0,510.75
1438142400,367.75,496.25
1438228800,373.25,496.5
1438315200,371.0,499.25
1438574400,366.5,499.0
1438660800,368.75,493.5
1438747200,372.75,502.0
1438833600,369.75,507.0
1438920000,372.75,510.5
1439179200,390.25,525.5
1439265600,376.5,507.25
1439352000,357.25,492.25
1439438400,363.75,503.25
1439524800,364.0,506.5
1439784000,363.25,500.5
1439870400,366.25,494.25
1439956800,367.25,496.25
1440043200,371.0,506.25
1440129600,365.25,499.5
1440388800,368.75,503.25
1440475200,365.5,495.0
1440561600,361.75,489.75
1440648000,363.75,484.25
1440734400,363.25,477.0
1440993600,363.75,482.5
1441080000,356.0,484.0
1441166400,354.0,473.0
1441252800,347.75,456.5
1441339200,349.5,457.75
1441684800,355.0,465.25
1441771200,356.5,462.0
1441857600,361.75,468.0
1441944000,374.5,475.5
1442203200,379.0,485.75
1442289600,390.5,494.75
1442376000,386.0,488.25
1442462400,379.75,481.5
1442548800,377.25,486.75
1442808000,384.5,496.75
1442894400,380.5,495.5
1442980800,383.25,507.5
1443067200,381.5,497.25
1443153600,389.0,507.75
1443412800,386.75,505.5
1443499200,389.0,503.75
1443585600,387.75,512.75
1443672000,388.75,518.25
1443758400,389.25,513.25
1444017600,393.5,515.5
1444104000,398.25,526.25
1444190400,395.75,516.75
1444276800,391.25,511.5
1444363200,382.75,509.25
1444622400,380.75,506.75
1444708800,384.5,519.0
1444795200,379.0,508.25
1444881600,375.5,502.5
1444968000,376.75,492.25
1445227200,373.0,485.75
1445313600,376.75,491.25
1445400000,380.75,494.75
1445486400,378.25,490.75
1445572800,379.75,490.5
1445832000,384.5,509.0
1445918400,380.0,509.25
1446004800,376.0,506.0
1446091200,380.0,515.0
1446177600,382.25,522.0
1446440400,376.5,508.0
1446526800,380.5,516.5
1446613200,380.5,526.25
1446699600,374.5,526.25
1446786000,373.0,523.25
1447045200,366.75,501.75
1447131600,359.0,490.75
1447218000,362.25,494.75
1447304400,362.0,498.0
1447390800,358.25,495.75
1447650000,360.0,494.0
1447736400,362.0,487.5
1447822800,361.75,483.25
1447909200,364.25,490.75
1447995600,363.25,488.5
1448254800,367.25,495.0
1448341200,364.25,484.25
1448427600,366.0,479.25
1448600400,359.25,465.75
1448859600,365.0,460.0
1448946000,367.0,456.5
1449032400,364.0,452.25
1449118800,370.25,464.75
1449205200,376.25,471.25
1449464400,368.5,470.25
1449550800,370.0,470.75
1449637200,371.75,478.0
1449723600,377.25,484.5
1449810000,373.0,482.75
1450069200,381.75,487.75
1450155600,377.25,494.25
1450242000,369.75,483.5
1450328400,374.25,484.0
1450414800,374.5,486.75
1450674000,372.0,479.0
1450760400,366.25,471.75
1450846800,365.5,469.5
1450933200,364.5,467.5
1451278800,361.0,466.5
1451365200,362.5,475.75
1451451600,359.0,469.75
1451538000,358.75,470.0
1451883600,351.5,458.25
1451970000,353.0,461.25
1452056400,353.25,462.75
1452142800,353.0,468.5
1452229200,357.0,478.5
1452488400,351.75,469.0
1452574800,356.75,481.25
1452661200,358.0,478.0
1452747600,358.0,468.75
1452834000,363.25,473.75
1453179600,367.75,474.5
1453266000,368.75,471.5
1453352400,367.0,475.0
1453438800,370.25,475.5
1453698000,369.75,481.5
1453784400,369.25,484.75
1453870800,369.25,476.5
1453957200,365.5,472.25
1454043600,372.0,479.25
1454302800,371.25,475.25
1454389200,372.5,475.25
1454475600,371.0,480.0
1454562000,368.5,472.75
1454648400,365.75,466.75
1454907600,362.25,458.5
1454994000,361.0,457.5
1455080400,360.25,461.25
1455166800,360.25,458.25
1455253200,358.75,457.5
1455598800,363.0,464.25
1455685200,367.25,468.5
1455771600,365.5,462.25
1455858000,365.5,461.75
1456117200,367.5,458.5
1456203600,362.0,448.0
1456290000,359.75,442.75
1456376400,355.5,445.25
1456462800,354.5,443.25
1456722000,353.5,445.0
1456808400,353.75,438.5
1456894800,354.5,442.75
1456981200,353.75,453.25
1457067600,354.5,454.75
1457326800,355.0,457.75
1457413200,358.75,461.25
1457499600,359.0,463.75
1457586000,362.5,471.5
1457672400,366.0,469.75
1457928000,366.75,471.5
1458014400,368.5,477.25
1458100800,368.25,470.75
1458187200,368.5,462.5
1458273600,367.0,463.0
1458532800,369.5,466.5
1458619200,370.0,466.75
1458705600,368.5,463.0
1458792000,370.0,463.0
1459137600,370.5,471.0
1459224000,373.0,476.75
1459310400,367.0,464.0
1459396800,351.5,473.5
1459483200,354.0,475.75
1459742400,354.5,474.75
1459828800,356.75,474.0
1459915200,358.0,463.0
1460001600,361.5,457.0
1460088000,362.25,460.25
1460347200,356.75,447.25
1460433600,362.75,452.5
1460520000,373.5,461.5
1460606400,374.0,459.75
1460692800,378.5,459.75
1460952000,381.0,472.75
1461038400,384.5,486.25
1461124800,394.75,504.25
1461211200,384.5,495.75
1461297600,371.75,467.0
1461556800,377.0,471.25
1461643200,382.25,479.75
1461729600,380.75,474.25
1461816000,387.0,475.5
1461902400,390.25,478.0
1462161600,390.25,477.0
1462248000,378.25,459.75
1462334400,373.25,460.5
1462420800,371.75,453.0
1462507200,376.0,453.25
1462766400,367.75,447.0
1462852800,378.5,451.5
1462939200,374.0,449.5
1463025600,385.25,458.5
1463112000,382.0,465.0
1463371200,394.0,474.75
1463457600,397.0,481.75
1463544000,399.5,480.0
1463630400,390.0,468.75
1463716800,394.5,467.75
1463976000,397.75,462.0
1464062400,397.5,464.0
1464148800,404.75,466.0
1464235200,408.25,481.25
1464321600,412.75,481.5
1464667200,404.75,464.5
1464753600,413.75,473.75
1464840000,415.25,485.5
1464926400,418.25,497.25
1465185600,427.25,507.5
1465272000,427.75,509.0
1465358400,431.25,519.5
1465444800,426.5,510.25
1465531200,423.0,495.0
1465790400,430.0,491.25
1465876800,436.5,485.0
1465963200,429.0,477.5
1466049600,425.25,472.5
1466136000,437.75,481.25
1466395200,421.25,473.0
1466481600,396.25,458.5
1466568000,393.0,458.75
1466654400,387.25,454.25
1466740800,384.5,454.75
1467000000,385.25,446.75
1467086400,385.25,443.75
1467172800,372.75,429.5
1467259200,358.75,431.25
1467345600,353.0,416.25
1467691200,344.0,419.5
1467777600,335.75,415.75
1467864000,335.5,412.0
1467950400,349.75,420.75
1468209600,343.75,416.25
1468296000,349.75,424.0
1468382400,365.75,426.25
1468468800,362.25,421.75
1468555200,352.25,424.75
1468814400,357.0,429.5
1468900800,341.75,418.0
1468987200,337.5,413.0
1469073600,334.25,417.75
1469160000,335.0,425.25
1469419200,334.75,429.0
1469505600,332.5,415.0
1469592000,335.75,414.75
1469678400,331.25,410.25
1469764800,334.5,407.75
1470024000,325.75,406.0
1470110400,324.25,401.25
1470196800,325.0,410.25
1470283200,320.75,403.25
1470369600,324.25,416.0
1470628800,325.25,417.0
1470715200,322.25,417.0
1470801600,322.5,421.75
1470888000,321.0,416.25
1470974400,322.25,422.5
1471233600,326.5,422.0
1471320000,327.5,423.5
1471406400,330.25,426.0
1471492800,332.0,427.0
1471579200,334.25,427.0
1471838400,333.25,415.25
1471924800,328.5,407.75
1472011200,327.5,404.0
1472097600,323.5,401.25
1472184000,316.25,383.5
1472443200,311.75,370.5
1472529600,304.0,363.25
1472616000,301.5,361.0
1472702400,311.0,368.25
1472788800,316.5,373.25
1473134400,316.75,371.0
1473220800,321.0,375.25
1473307200,327.0,377.0
1473393600,330.0,376.0
1473652800,329.25,383.25
1473739200,319.25,374.75
1473825600,322.25,376.75
1473912000,330.0,399.5
1473998400,337.0,403.25
1474257600,337.25,404.0
1474344000,340.5,406.0
1474430400,340.0,407.75
1474516800,336.75,405.5
1474603200,336.5,404.75
1474862400,329.0,396.0
1474948800,331.75,404.0
1475035200,329.25,403.25
1475121600,329.25,399.0
1475208000,336.75,402.0
1475467200,346.0,395.5
1475553600,348.25,395.5
1475640000,347.75,405.0
1475726400,340.5,395.75
1475812800,339.75,394.75
1476158400,345.5,407.25
1476244800,337.0,396.75
1476331200,349.5,416.0
1476417600,354.25,421.0
1476676800,354.0,423.75
1476763200,353.75,420.0
1476849600,357.5,420.25
1476936000,351.0,417.0
1477022400,352.5,414.5
1477281600,348.25,402.5
1477368000,349.25,404.25
1477454400,354.0,411.5
1477540800,357.5,414.5
1477627200,355.0,408.5
1477886400,354.75,416.25
1477972800,349.0,414.25
1478059200,346.25,417.75
1478145600,348.0,412.0
1478232000,348.75,414.25
1478494800,346.25,410.0
1478581200,354.25,415.25
1478667600,340.75,406.75
1478754000,343.5,404.75
1479099600,337.25,394.0
1479186000,341.5,399.0
1479272400,338.5,397.0
1479358800,342.0,403.0
1479445200,345.5,408.0
1479704400,349.75,410.25
1479790800,351.0,407.25
1479877200,350.75,401.5
1480050000,349.25,395.75
1480309200,348.5,389.5
1480395600,336.75,384.0
1480482000,336.75,380.5
1480568400,331.75,371.5
1480654800,337.5,387.5
1480914000,349.5,389.25
1481000400,351.0,389.5
1481086800,350.5,386.25
1481173200,346.5,390.75
1481259600,352.5,400.25
1481518800,354.5,401.25
1481605200,356.25,398.0
1481691600,351.75,391.5
1481778000,356.5,409.25
1481864400,356.25,409.25
1482123600,353.25,405.0
1482210000,350.25,403.25
1482296400,347.25,399.5
1482382800,347.25,397.0
1482469200,345.75,393.5
1482814800,355.0,409.5
1482901200,348.25,401.5
1482987600,349.75,404.75
1483074000,352.0,408.0
1483419600,355.75,406.5
1483506000,359.75,418.5
1483592400,361.25,426.25
1483678800,358.0,423.25
1483938000,360.0,427.25
1484024400,358.25,426.75
1484110800,357.25,418.75
1484197200,358.25,426.25
1484283600,358.5,426.0
1484629200,365.5,433.5
1484715600,365.0,431.0
1484802000,366.25,423.5
1484888400,369.75,428.25
1485147600,369.5,433.25
1485234000,363.25,426.75
1485320400,366.25,424.5
1485406800,363.75,427.0
1485493200,362.5,420.5
1485752400,357.75,414.0
1485838800,359.75,420.75
1485925200,368.25,433.75
1486011600,367.5,434.5
1486098000,365.25,430.25
1486357200,363.75,422.5
1486443600,368.5,430.75
1486530000,370.75,432.5
1486616400,369.5,443.5
1486702800,374.5,449.0
1486962000,375.5,452.25
1487048400,374.25,449.5
1487134800,378.75,454.75
1487221200,373.5,447.75
1487307600,368.25,441.0
1487653200,369.25,436.0
1487739600,371.0,441.25
1487826000,365.5,438.0
1487912400,364.0,431.25
1488171600,360.25,418.75
1488258000,366.75,424.75
1488344400,375.75,435.5
1488430800,372.75,432.0
1488517200,374.75,433.75
1488776400,372.75,438.25
1488862800,369.5,436.0
1488949200,365.25,427.5
1489035600,359.75,426.0
1489122000,358.0,422.75
1489377600,354.5,412.25
1489464000,353.75,412.0
1489550400,363.5,436.0
1489636800,366.0,436.0
1489723200,367.5,436.25
1489982400,363.5,430.25
1490068800,361.25,426.5
1490155200,358.75,422.25
1490241600,356.75,421.0
1490328000,356.25,424.75
1490587200,355.75,420.75
1490673600,357.75,424.5
1490760000,358.5,425.5
1490846400,357.5,421.0
1490932800,364.25,426.5
1491192000,367.75,427.75
1491278400,363.0,427.0
1491364800,364.75,429.75
1491451200,360.75,423.25
1491537600,359.5,424.0
1491796800,367.0,428.75
1491883200,366.5,433.25
1491969600,369.0,433.25
1492056000,371.0,429.75
1492401600,366.5,421.0
1492488000,361.75,422.5
1492574400,361.75,419.0
1492660800,357.75,406.25
1492747200,357.0,405.0
1493006400,359.25,402.5
1493092800,365.0,408.75
1493179200,359.0,407.75
1493265600,362.0,413.5
1493352000,358.0,418.5
1493611200,369.25,442.75
1493697600,364.0,441.5
1493784000,366.25,443.0
1493870400,358.0,426.0
1493956800,361.75,427.5
1494216000,356.75,418.0
1494302400,358.25,421.75
1494388800,365.25,424.0
1494475200,360.5,426.0
1494561600,361.75,425.0
1494820800,367.75,423.25
1494907200,367.75,424.25
1494993600,371.5,427.0
1495080000,366.0,425.75
1495166400,372.5,435.25
1495425600,375.0,434.25
1495512000,369.5,429.5
1495598400,371.25,432.5
1495684800,369.25,430.75
1495771200,374.25,438.25
1496116800,367.0,429.5
1496203200,372.0,429.25
1496289600,370.5,429.0
1496376000,372.75,429.5
1496635200,373.0,429.5
1496721600,377.25,435.75
1496808000,384.75,444.75
1496894400,385.75,449.25
1496980800,387.75,445.75
1497240000,377.25,434.0
1497326400,381.0,445.0
1497412800,377.0,443.0
1497499200,379.5,453.75
1497585600,384.0,465.25
1497844800,375.25,467.0
1497931200,370.0,472.5
1498017600,368.75,464.5
1498104000,362.75,461.25
1498190400,357.75,459.75
1498449600,359.0,450.0
1498536000,359.25,453.25
1498622400,356.75,457.25
1498708800,359.75,480.25
1498795200,370.5,511.0
1499054400,378.0,536.75
1499227200,381.75,539.25
1499313600,380.25,519.0
1499400000,382.25,515.25
1499659200,391.75,530.5
1499745600,392.25,535.5
1499832000,376.25,522.5
1499918400,361.0,495.5
1500004800,365.25,494.75
1500264000,375.0,506.0
1500350400,377.0,503.75
1500436800,382.5,503.0
1500523200,391.0,505.75
1500609600,379.75,499.25
1500868800,377.25,488.75
1500955200,368.75,474.0
1501041600,372.75,477.75
1501128000,374.25,479.75
1501214400,374.25,481.0
1501473600,370.75,474.5
1501560000,362.5,461.25
1501646400,365.0,460.75
1501732800,363.5,457.75
1501819200,366.5,454.75
1502078400,372.25,463.5
1502164800,369.75,457.0
1502251200,372.25,459.5
1502337600,357.25,440.5
1502424000,360.75,439.25
1502683200,362.75,441.0
1502769600,355.25,429.5
1502856000,352.5,419.25
1502942400,350.5,414.0
1503028800,352.0,416.0
1503288000,349.0,409.5
1503374400,346.0,402.25
1503460800,342.0,403.25
1503547200,342.0,409.0
1503633600,338.75,409.5
1503892800,336.0,400.0
1503979200,333.5,402.75
1504065600,329.5,403.5
1504152000,342.25,410.25
1504238400,340.0,420.5
1504584000,344.25,430.5
1504670400,347.0,421.75
1504756800,341.75,413.5
1504843200,344.25,413.75
1505102400,345.5,412.25
1505188800,340.0,419.5
1505275200,338.5,420.75
1505361600,341.75,428.25
1505448000,354.75,449.0
1505707200,351.5,443.5
1505793600,348.25,443.0
1505880000,350.0,449.75
1505966400,350.25,452.5
1506052800,353.5,449.5
1506312000,353.75,454.0
1506398400,352.25,453.75
1506484800,354.0,461.5
1506571200,352.5,455.0
1506657600,355.25,448.25
1506916800,351.5,444.75
1507003200,349.5,448.0
1507089600,348.25,442.0
1507176000,349.5,440.75
1507262400,350.0,443.5
1507521600,349.5,436.0
1507608000,349.25,435.25
1507694400,346.0,433.25
1507780800,349.0,430.5
1507867200,352.75,439.5
1508126400,350.5,436.5
1508212800,350.0,434.75
1508299200,348.5,430.0
1508385600,349.0,432.75
1508472000,344.5,426.0
1508731200,351.25,436.75
1508817600,352.75,438.0
1508904000,351.0,435.5
1508990400,350.5,431.75
1509076800,348.75,427.25
1509336000,348.75,424.75
1509422400,345.75,418.5
1509508800,348.25,418.0
1509595200,350.5,426.0
1509681600,348.25,425.75
1509944400,348.0,430.75
1510030800,347.75,427.25
1510117200,348.25,426.75
1510203600,341.5,429.0
1510290000,343.5,431.5
1510549200,342.25,424.25
1510635600,337.5,428.0
1510722000,338.25,420.0
1510808400,336.5,421.5
1510894800,343.0,427.25
1511154000,345.0,422.0
1511240400,345.0,424.75
1511326800,345.25,422.75
1511499600,342.25,415.75
1511758800,338.75,409.5
1511845200,336.25,410.75
1511931600,339.0,416.5
1512018000,341.75,409.25
1512104400,344.75,414.5
1512363600,339.5,410.25
1512450000,339.75,406.0
1512536400,339.25,398.5
1512622800,338.75,394.25
1512709200,340.0,392.0
1512968400,336.5,387.75
1513054800,335.75,387.25
1513141200,336.75,392.25
1513227600,336.25,395.0
1513314000,347.5,418.25
1513573200,347.0,420.5
1513659600,347.5,419.5
1513746000,349.25,423.5
1513832400,351.25,427.0
1513918800,352.0,424.75
1514264400,352.75,422.25
1514350800,353.75,428.0
1514437200,352.0,427.75
1514523600,350.75,427.0
1514869200,353.25,433.5
1514955600,353.0,436.0
1515042000,351.0,434.0
1515128400,351.25,430.75
1515387600,347.25,427.75
1515474000,349.0,432.25
1515560400,349.0,434.25
1515646800,348.75,433.25
1515733200,346.25,420.5
1516078800,348.25,416.5
1516165200,353.0,421.5
1516251600,351.5,425.25
1516338000,352.5,422.75
1516597200,352.0,425.75
1516683600,351.25,421.5
1516770000,356.5,433.0
1516856400,355.25,434.5
1516942800,356.5,441.0
1517202000,358.75,449.25
1517288400,361.5,457.25
1517374800,361.5,451.75
1517461200,361.75,451.0
1517547600,361.5,446.75
1517806800,358.75,440.25
1517893200,363.5,446.25
1517979600,365.25,460.5
1518066000,365.75,456.25
1518152400,362.0,449.0
1518411600,367.0,464.0
1518498000,366.75,460.75
1518584400,367.25,455.75
1518670800,367.75,461.75
1518757200,367.5,457.75
1519102800,365.5,449.25
1519189200,365.75,447.25
1519275600,366.75,451.25
1519362000,366.25,452.25
1519621200,368.5,459.5
1519707600,370.5,463.25
1519794000,374.5,484.5
1519880400,378.75,505.5
1519966800,377.25,492.0
1520226000,378.25,502.25
1520312400,379.75,502.0
1520398800,379.25,493.0
1520485200,385.75,494.75
1520571600,383.0,489.0
1520827200,384.25,489.75
1520913600,385.5,485.5
1521000000,383.5,495.75
1521086400,386.75,478.75
1521172800,382.75,467.75
1521432000,375.0,450.75
1521518400,374.5,453.0
1521604800,375.0,453.5
1521691200,376.0,455.75
1521777600,377.25,460.25
1522036800,374.0,454.25
1522123200,374.0,449.0
1522209600,373.5,445.5
1522296000,387.75,451.0
1522641600,387.25,446.25
1522728000,388.5,457.5
1522814400,381.0,455.75
1522900800,389.5,464.75
1522987200,388.5,472.25
1523246400,390.75,490.75
1523332800,389.25,492.0
1523419200,387.0,487.25
1523505600,388.75,481.0
1523592000,386.25,472.5
1523851200,382.5,462.25
1523937600,380.25,466.25
1524024000,383.0,475.25
1524110400,382.0,476.75
1524196800,376.5,463.25
1524456000,378.5,461.5
1524542400,381.25,472.5
1524628800,386.5,486.25
1524715200,386.0,480.75
1524801600,389.5,495.5
1525060800,392.5,512.5
1525147200,396.75,529.75
1525233600,396.0,525.75
1525320000,399.5,540.5
1525406400,398.75,527.5
1525665600,393.25,514.0
1525752000,395.5,517.75
1525838400,394.75,514.5
1525924800,394.75,507.75
1526011200,389.75,489.5
1526270400,389.0,480.5
1526356800,402.25,493.5
1526443200,399.25,494.25
1526529600,395.25,497.5
1526616000,402.5,518.25
1526875200,402.75,507.25
1526961600,404.75,521.5
1527048000,408.5,531.0
1527134400,404.25,530.25
1527220800,406.0,543.0
1527566400,400.0,536.5
1527652800,393.5,522.0
1527739200,394.0,526.25
1527825600,391.5,523.25
1528084800,380.75,505.25
1528171200,383.75,510.0
1528257600,378.25,519.75
1528344000,376.25,526.75
1528430400,377.75,520.0
1528689600,367.25,514.5
1528776000,377.5,534.5
1528862400,376.0,516.5
1528948800,363.0,501.5
1529035200,361.25,499.5
1529294400,356.0,490.0
1529380800,353.75,477.75
1529467200,354.25,488.25
1529553600,357.0,495.25
1529640000,357.25,491.25
1529899200,350.5,476.75
1529985600,352.5,469.5
1530072000,352.5,479.5
1530158400,345.0,479.5
1530244800,350.25,497.5
1530504000,337.5,480.25
1530590400,342.75,491.5
1530763200,343.5,504.0
1530849600,351.75,512.75
1531108800,345.75,507.75
1531195200,339.75,489.5
1531281600,331.25,469.75
1531368000,336.5,482.5
1531454400,330.25,481.5
1531713600,341.75,488.5
1531800000,346.25,497.75
1531886400,347.25,494.5
1531972800,351.25,504.25
1532059200,355.25,516.0
1532318400,357.25,513.75
1532404800,352.0,510.25
1532491200,359.25,542.75
1532577600,361.5,536.5
1532664000,362.0,530.5
1532923200,367.25,546.5
1533009600,372.25,553.75
1533096000,365.0,558.25
1533182400,366.75,560.5
1533268800,369.75,556.25
1533528000,371.0,574.5
1533614400,370.75,568.25
1533700800,371.25,570.0
1533787200,369.25,564.5
1533873600,357.75,546.75
1534132800,356.5,533.5
1534219200,362.25,541.75
1534305600,361.5,532.25
1534392000,365.25,542.25
1534478400,364.25,560.5
1534737600,362.0,542.25
1534824000,359.75,527.25
1534910400,352.5,526.0
1534996800,346.75,522.0
1535083200,348.5,514.75
1535342400,346.75,499.25
1535428800,341.0,498.25
1535515200,341.25,515.75
1535601600,341.0,508.0
1535688000,351.0,518.5
1536033600,354.5,502.75
1536120000,351.75,493.75
1536206400,353.5,486.0
1536292800,354.25,486.25
1536552000,355.5,504.0
1536638400,355.25,493.75
1536724800,341.5,481.75
1536811200,336.25,471.75
1536897600,337.0,480.0
1537156800,348.0,506.25
1537243200,343.25,510.5
1537329600,345.75,522.5
1537416000,352.5,524.0
1537502400,357.25,521.75
1537761600,360.5,527.0
1537848000,363.75,520.75
1537934400,363.0,517.5
1538020800,364.75,513.0
1538107200,356.25,509.0
1538366400,365.75,509.5
1538452800,367.5,519.25
1538539200,364.75,515.25
1538625600,367.5,518.0
1538712000,368.25,521.0
1538971200,366.5,514.0
1539057600,364.5,515.0
1539144000,362.75,510.5
1539230400,369.25,508.0
1539316800,373.75,517.25
1539576000,378.25,525.0
1539662400,375.25,523.5
1539748800,374.25,517.5
1539835200,370.75,513.0
1539921600,367.0,514.75
1540180800,369.5,508.0
1540267200,370.25,509.0
1540353600,368.25,499.5
1540440000,361.0,487.25
1540526400,367.75,505.25
1540785600,366.75,507.25
1540872000,364.75,499.75
1540958400,363.25,500.5
1541044800,366.75,508.0
1541131200,371.25,508.75
1541394000,374.0,507.25
1541480400,373.25,512.0
1541566800,372.25,510.25
1541653200,373.5,507.75
1541739600,369.75,502.0
1541998800,371.25,519.75
1542085200,366.5,507.75
1542171600,367.0,503.0
1542258000,367.5,505.5
1542344400,364.75,506.75
1542603600,362.25,498.5
1542690000,361.25,500.75
1542776400,361.75,498.75
1542949200,359.0,499.75
1543208400,356.0,507.5
1543294800,356.5,498.0
1543381200,360.5,497.5
1543467600,360.25,496.5
1543554000,366.5,515.75
1543813200,371.25,515.75
1543899600,374.25,519.25
1544072400,372.0,505.25
1544158800,374.0,519.5
1544418000,374.25,514.75
1544504400,375.0,509.75
1544590800,376.25,515.25
1544677200,375.5,527.75
1544763600,376.75,527.75
1545195600,381.75,522.5
1545282000,375.25,523.5
1545368400,378.5,514.0
1545627600,377.75,516.5
1545800400,373.25,510.0
1545886800,374.5,510.5
1545973200,375.5,511.5
1546232400,375.0,503.25
1546405200,375.75,506.75
1546491600,379.75,513.75
1546578000,383.0,517.0
1546837200,382.25,516.75
1546923600,380.0,517.75
1547010000,382.0,520.0
1547096400,376.25,513.75
1547182800,378.25,519.5
1547442000,378.5,514.25
1547528400,371.25,511.0
1547614800,374.0,512.5
1547701200,380.0,517.75
1547787600,381.75,517.75
1548133200,379.0,521.25
1548219600,378.75,526.0
1548306000,377.0,521.5
1548392400,380.25,520.0
1548651600,379.75,518.75
1548738000,377.25,513.25
1548824400,381.25,516.75
1548910800,376.5,516.5
1548997200,378.25,524.25
1549256400,379.25,525.75
1549342800,380.75,527.25
1549429200,380.0,526.0
1549515600,376.5,513.25
1549602000,374.25,517.25
1549861200,372.75,518.25
1549947600,378.25,520.0
1550034000,378.75,522.25
1550120400,374.75,507.0
1550206800,374.75,504.25
1550552400,369.75,489.75
1550638800,370.75,480.75
1550725200,375.5,486.5
1550811600,375.25,486.75
1551070800,370.5,466.75
1551157200,366.25,460.25
1551243600,363.75,461.0
1551330000,362.0,452.5
1551416400,364.0,454.0
1551675600,365.0,446.75
1551762000,366.0,454.25
1551848400,362.5,440.5
1551934800,356.0,431.5
1552021200,354.75,432.75
1552276800,352.5,422.25
1552363200,356.5,446.25
1552449600,357.25,440.25
1552536000,361.5,448.25
1552622400,373.25,462.25
1552881600,371.5,456.75
1552968000,371.25,456.5
1553054400,371.5,464.75
1553140800,376.25,466.5
1553227200,378.25,466.0
1553486400,379.75,469.5
1553572800,377.25,469.25
1553659200,373.75,469.5
1553745600,374.0,464.5
1553832000,356.5,457.75
1554091200,361.75,462.75
1554177600,361.5,464.0
1554264000,362.75,471.0
1554350400,365.25,470.75
1554436800,362.5,467.75
1554696000,360.0,465.25
1554782400,360.0,459.5
1554868800,361.75,458.0
1554955200,360.0,460.5
1555041600,361.0,464.5
1555300800,362.75,459.5
1555387200,359.0,445.0
1555473600,358.25,447.0
1555560000,358.5,444.25
1555905600,354.75,435.75
1555992000,351.25,438.75
1556078400,346.75,432.25
1556164800,347.5,434.75
1556251200,351.25,435.0
1556510400,352.0,426.75
1556596800,353.25,418.5
1556683200,360.0,425.0
1556769600,362.0,433.25
1556856000,363.0,428.0
1557115200,355.75,428.0
1557201600,358.0,430.5
1557288000,355.25,431.25
1557374400,344.5,421.75
1557460800,342.5,419.0
1557720000,347.5,431.25
1557806400,360.5,439.25
1557892800,369.5,448.75
1557979200,379.0,467.0
1558065600,383.25,465.0
1558324800,389.0,478.25
1558411200,394.25,478.75
1558497600,394.5,472.75
1558584000,389.75,470.25
1558670400,404.25,489.5
1559016000,420.25,504.75
1559102400,418.75,490.5
1559188800,436.25,514.5
1559275200,427.0,503.0
1559534400,424.25,519.75
1559620800,425.25,507.25
1559707200,414.75,490.75
1559793600,420.5,510.0
1559880000,415.75,504.5
1560139200,415.75,507.5
1560225600,427.75,518.0
1560312000,430.0,526.25
1560398400,442.0,535.5
1560484800,453.0,538.5
1560744000,454.75,539.5
1560830400,449.75,531.5
1560916800,441.0,522.25
1561003200,450.0,526.5
1561089600,442.25,526.0
1561348800,446.75,538.0
1561435200,447.5,535.75
1561521600,443.25,543.75
1561608000,440.0,547.5
1561694400,420.25,528.0
1561953600,412.0,514.0
1562040000,413.5,503.5
1562126400,433.0,518.0
1562299200,434.0,519.25
1562558400,438.5,516.75
1562644800,431.75,509.75
1562731200,434.25,511.75
1562817600,447.75,536.25
1562904000,449.5,536.25
1563163200,441.0,507.75
1563249600,435.25,507.5
1563336000,436.0,505.5
1563422400,424.5,493.5
1563508800,430.75,502.5
1563768000,422.25,487.25
1563854400,425.5,487.25
1563940800,424.0,497.75
1564027200,418.5,499.5
1564113600,414.5,496.0
1564372800,417.0,503.5
1564459200,411.25,497.25
1564545600,400.25,487.25
1564632000,392.75,475.75
1564718400,399.5,490.75
1564977600,405.25,494.5
1565064000,404.0,484.0
1565150400,406.5,488.25
1565236800,411.0,498.5
1565323200,410.25,499.5
1565582400,385.25,471.75
1565668800,366.0,472.0
1565755200,359.0,473.75
1565841600,360.75,469.0
1565928000,371.0,470.75
1566187200,365.0,465.5
1566273600,359.5,460.0
1566360000,362.5,462.5
1566446400,363.25,467.25
1566532800,359.75,475.25
1566792000,358.5,473.0
1566878400,357.0,473.75
1566964800,362.75,472.25
1567051200,359.75,469.75
1567137600,358.0,451.25
1567483200,349.75,447.25
1567569600,346.0,456.25
1567656000,346.5,464.0
1567742400,342.5,460.25
1568001600,340.75,474.5
1568088000,348.5,484.5
1568174400,348.25,477.5
1568260800,354.5,485.75
1568347200,355.5,485.75
1568606400,374.0,488.75
1568692800,368.0,484.25
1568779200,371.25,489.5
1568865600,372.75,488.0
1568952000,370.75,484.25
1569211200,373.25,483.0
1569297600,374.75,481.75
1569384000,374.25,477.25
1569470400,372.5,484.25
1569556800,371.5,487.25
1569816000,388.0,495.75
1569902400,392.5,498.75
1569988800,387.75,489.0
1570075200,388.75,488.75
1570161600,384.75,490.5
1570420800,387.0,489.25
1570507200,395.75,500.25
1570593600,394.25,500.25
1570680000,380.25,493.0
1570766400,397.75,508.0
1571025600,397.75,511.0
1571112000,393.25,507.0
1571198400,391.75,513.25
1571284800,394.75,525.5
1571371200,391.0,532.25
1571630400,387.25,523.5
1571716800,388.0,518.0
1571803200,387.75,520.75
1571889600,386.75,516.0
1571976000,386.75,517.75
1572235200,384.0,511.75
1572321600,386.25,511.5
1572408000,390.75,509.25
1572494400,390.0,508.75
1572580800,389.25,516.0
1572843600,383.25,509.75
1572930000,381.75,515.25
1573016400,378.75,516.75
1573102800,375.25,512.5
1573189200,377.25,510.25
1573448400,373.25,505.75
1573534800,377.75,517.0
1573621200,375.25,509.0
1573707600,375.75,507.75
1573794000,371.25,502.75
1574053200,367.75,507.25
1574139600,370.0,512.0
1574226000,366.75,515.5
1574312400,368.5,509.0
1574398800,368.75,515.25
1574658000,370.5,531.0
1574744400,367.5,530.25
1574830800,362.75,528.5
1575003600,371.25,547.5
1575262800,373.5,543.25
1575349200,372.0,530.5
1575435600,368.75,535.0
1575522000,365.5,532.0
1575608400,366.5,532.5
1575867600,365.75,532.0
1575954000,363.25,534.75
1576040400,357.75,530.75
1576126800,367.0,539.25
1576213200,366.25,539.25
1576472400,388.0,549.75
1576558800,390.0,556.25
1576645200,387.0,548.25
1576731600,386.5,545.25
1576818000,387.75,542.25
1577077200,388.75,539.5
1577163600,387.5,541.0
1577336400,388.5,549.0
1577422800,390.0,556.25
1577682000,388.25,556.0
1577768400,387.75,558.75
1577941200,391.5,560.25
1578027600,386.5,554.5
1578286800,384.75,550.0
1578373200,384.5,550.25
1578459600,384.25,552.75
1578546000,383.25,562.25
1578632400,385.75,564.5
1578891600,389.5,562.25
1578978000,389.0,568.5
1579064400,387.5,573.25
1579150800,375.5,565.25
1579237200,389.25,570.5
1579582800,387.5,581.5
1579669200,388.75,577.75
1579755600,393.75,580.5
1579842000,387.25,573.5
1580101200,380.5,572.25
1580187600,386.5,569.75
1580274000,384.25,562.25
1580360400,379.5,560.5
1580446800,381.25,553.75
1580706000,378.75,555.5
1580792400,382.25,557.25
1580878800,380.75,562.0
1580965200,379.25,556.25
1581051600,383.5,558.75
1581310800,381.75,552.0
1581397200,379.75,542.0
1581483600,383.0,547.5
1581570000,379.5,544.25
1581656400,377.75,542.75
1582002000,383.0,566.75
1582088400,380.5,565.25
1582174800,378.5,560.0
1582261200,377.0,551.0
1582520400,372.25,536.25
1582606800,372.5,539.0
1582693200,370.5,540.25
1582779600,364.5,529.25
1582866000,366.5,529.0
1583125200,374.75,526.25
1583211600,381.75,528.75
1583298000,387.0,521.5
1583384400,384.5,524.25
1583470800,377.25,521.25
1583726400,374.25,522.25
1583812800,380.0,526.75
1583899200,379.25,517.25
1583985600,369.75,508.25
1584072000,370.75,514.75
1584331200,354.75,498.0
1584417600,344.0,499.25
1584504000,335.25,508.25
1584590400,345.5,535.0
1584676800,343.75,539.25
1584936000,343.5,562.5
1585022400,347.25,561.5
1585108800,348.5,580.0
1585195200,348.75,569.0
1585281600,346.0,571.25
1585540800,341.25,569.5
1585627200,340.75,568.75
1585713600,334.75,550.25
1585800000,333.5,541.75
1585886400,330.75,549.25
1586145600,327.75,555.75
1586232000,331.5,549.25
1586318400,330.0,548.25
1586404800,331.75,556.5
1586750400,331.5,555.0
1586836800,326.0,548.75
1586923200,319.25,540.25
1587009600,319.75,529.75
1587096000,322.25,533.5
1587355200,314.25,548.75
1587441600,309.25,546.75
1587528000,317.5,543.0
1587614400,319.25,547.0
1587700800,315.75,526.75
1587960000,305.5,521.0
1588046400,302.75,526.75
1588132800,304.5,519.5
1588219200,311.5,529.75
1588305600,311.5,521.5
1588564800,310.75,524.25
1588651200,313.0,525.5
1588737600,311.75,524.75
1588824000,316.0,529.0
1588910400,319.0,529.5
1589169600,318.5,524.75
1589256000,323.75,521.75
1589342400,320.25,510.5
1589428800,320.25,510.5
1589515200,319.25,500.25
1589774400,320.75,497.0
1589860800,321.25,498.75
1589947200,319.5,513.75
1590033600,317.75,516.0
1590120000,318.0,508.75
1590465600,319.0,506.75
1590552000,320.5,504.5
1590638400,327.5,514.5
1590724800,325.75,520.75
1590984000,323.25,515.25
1591070400,324.25,508.0
1591156800,324.0,512.0
1591243200,329.0,523.75
1591329600,331.25,515.25
1591588800,333.75,511.5
1591675200,327.5,504.5
1591761600,326.25,506.25
1591848000,329.75,499.25
1591934400,330.0,502.0
1592193600,329.25,504.75
1592280000,329.0,496.0
1592366400,330.25,488.75
1592452800,331.0,483.5
1592539200,332.5,481.25
1592798400,328.25,485.0
1592884800,325.0,486.0
1592971200,324.25,481.25
1593057600,317.25,486.75
1593144000,317.0,474.0
1593403200,326.25,485.5
1593489600,338.5,490.0
1593576000,348.25,498.75
1593662400,342.5,490.0
1594008000,346.5,489.5
1594094400,345.0,492.25
1594180800,348.25,517.5
1594267200,351.25,526.25
1594353600,340.5,535.75
1594612800,334.0,524.75
1594699200,334.75,524.75
1594785600,326.25,550.75
1594872000,330.25,535.25
1594958400,333.0,534.75
1595217600,328.25,522.0
1595304000,322.75,527.75
1595390400,327.5,534.5
1595476800,328.0,529.5
1595563200,326.25,539.5
1595822400,325.0,527.75
1595908800,320.0,523.5
1595995200,315.5,532.75
1596081600,315.75,529.5
1596168000,316.0,531.25
1596427200,317.5,521.0
1596513600,308.25,508.25
1596600000,311.0,510.75
1596686400,311.25,501.25
1596772800,307.75,495.5
1597032000,310.5,491.0
1597118400,311.5,495.0
1597204800,314.5,491.25
1597291200,325.25,496.75
1597377600,324.5,500.0
1597636800,331.0,516.5
1597723200,327.0,507.5
1597809600,325.0,512.0
1597896000,324.5,519.5
1597982400,327.0,527.25
1598241600,331.75,520.75
1598328000,340.75,527.25
1598414400,340.5,532.0
1598500800,344.25,542.5
1598587200,346.0,539.25
1598846400,348.5,544.25
1598932800,349.5,555.75
1599019200,349.75,547.75
1599105600,344.5,543.25
1599192000,347.25,539.75
1599537600,351.0,533.25
1599624000,350.0,534.0
1599710400,357.25,540.0
1599796800,365.0,533.75
1600056000,357.5,548.5
1600142400,366.0,538.25
1600228800,371.75,542.0
1600315200,375.25,556.25
1600401600,378.5,575.0
1600660800,369.75,554.75
1600747200,369.25,558.0
1600833600,368.5,549.0
1600920000,363.5,549.75
1601006400,365.25,544.25
1601265600,366.75,550.25
1601352000,364.75,549.5
1601438400,379.0,578.0
1601524800,382.75,570.25
1601611200,379.75,573.25
1601870400,379.5,584.25
1601956800,385.0,592.75
1602043200,388.75,607.5
1602129600,387.0,595.25
1602216000,395.0,593.75
1602475200,389.0,594.25
1602561600,391.25,594.0
1602648000,396.5,596.75
1602734400,403.75,618.25
1602820800,402.0,625.25
1603080000,405.25,627.0
1603166400,408.75,632.0
1603252800,413.75,629.75
1603339200,416.25,622.75
1603425600,419.25,632.75
1603684800,417.75,620.0
1603771200,416.0,615.75
1603857600,401.5,608.75
1603944000,398.5,603.75
1604030400,398.5,598.5
1604293200,397.5,607.5
1604379600,401.0,608.0
1604466000,405.25,606.0
1604552400,409.25,609.25
1604638800,406.75,602.0
1604898000,407.5,597.5
1604984400,423.0,608.5
1605070800,417.25,598.0
1605157200,408.25,588.25
1605243600,410.5,593.5
1605502800,416.25,598.0
1605589200,420.25,595.25
1605675600,425.75,597.75
1605762000,422.5,591.75
1605848400,423.25,593.25
1606107600,426.5,598.75
1606194000,425.75,611.25
1606280400,420.0,588.25
1606453200,425.5,596.5
1606712400,419.75,580.25
1606798800,414.75,565.5
1606885200,419.0,578.0
1606971600,422.5,571.75
1607058000,417.0,566.5
1607317200,419.5,571.25
1607403600,417.0,563.75
1607490000,422.0,577.0
1607576400,420.25,590.25
1607662800,424.25,608.25
1607922000,419.25,593.5
1608008400,424.75,599.75
1608094800,427.25,598.5
1608181200,432.5,608.75
1608267600,437.5,608.25
1608526800,440.0,611.25
1608613200,443.5,617.0
1608699600,447.25,629.75
1608786000,451.0,627.0
1609131600,456.5,614.25
1609218000,466.0,618.5
1609304400,474.5,640.75
1609390800,484.0,640.5
1609736400,483.75,642.0
1609822800,491.75,654.0
1609909200,495.0,647.5
1609995600,494.0,642.25
1610082000,496.25,638.75
1610341200,492.25,634.75
1610427600,517.25,665.0
1610514000,524.5,660.5
1610600400,534.25,670.0
1610686800,531.5,675.5
1611032400,526.0,672.25
1611118800,522.0,667.75
1611205200,524.25,660.75
1611291600,500.5,634.5
1611550800,511.5,648.5
1611637200,532.25,665.25
1611723600,534.0,658.25
1611810000,534.5,647.0
1611896400,547.0,663.0
1612155600,549.25,651.0
1612242000,543.0,644.75
1612328400,552.0,648.25
1612414800,550.0,637.5
1612501200,548.5,641.25
1612760400,563.75,655.75
1612846800,556.25,649.5
1612933200,534.5,635.5
1613019600,541.0,633.5
1613106000,538.75,636.75
1613451600,552.25,657.5
1613538000,553.0,644.0
1613624400,550.25,662.5
1613710800,542.75,650.75
1613970000,551.0,664.0
1614056400,553.75,665.75
1614142800,559.25,680.25
1614229200,554.75,671.75
1614315600,555.5,655.0
1614574800,547.5,643.75
1614661200,560.75,663.25
1614747600,550.25,652.0
1614834000,546.25,649.75
1614920400,562.0,654.0
1615179600,565.0,646.5
1615266000,562.0,656.5
1615352400,547.75,650.75
1615438800,555.0,636.25
1615525200,549.25,631.75
1615780800,549.5,645.0
1615867200,554.25,647.0
1615953600,558.0,640.0
1616040000,546.5,630.5
1616126400,557.75,627.0
1616385600,549.0,627.25
1616472000,551.25,634.75
1616558400,553.25,624.75
1616644800,546.5,612.5
1616731200,552.5,613.25
1616990400,546.75,616.75
1617076800,539.25,601.75
1617163200,564.25,618.0
1617249600,559.75,611.0
1617595200,553.25,618.0
1617681600,554.25,615.5
1617768000,560.5,616.25
1617854400,579.75,628.75
1617940800,577.25,638.75
1618200000,569.0,628.0
1618286400,580.0,629.75
1618372800,594.0,648.0
1618459200,590.0,653.75
1618545600,585.5,652.5
1618804800,592.0,652.25
1618891200,606.5,659.75
1618977600,625.5,673.25
1619064000,650.5,710.25
1619150400,655.5,710.25
1619409600,680.5,739.5
1619496000,695.5,733.75
1619582400,686.25,725.25
1619668800,702.0,737.5
1619755200,740.0,742.5
1620014400,732.25,725.5
1620100800,744.75,737.0
1620187200,753.25,755.75
1620273600,759.5,764.25
1620360000,772.75,773.5
1620619200,748.0,742.5
1620705600,759.5,759.75
1620792000,757.5,754.75
1620878400,719.0,726.5
1620964800,685.0,727.25
1621224000,652.5,699.75
1621310400,658.25,698.0
1621396800,658.25,679.25
1621483200,664.5,675.25
1621569600,659.5,674.25
1621828800,657.25,662.25
1621915200,620.25,656.5
1622001600,624.5,648.5
1622088000,664.5,676.25
1622174400,656.75,663.5
1622520000,688.75,693.5
1622606400,675.0,687.5
1622692800,662.0,676.25
1622779200,682.75,687.75
1623038400,679.25,680.0
1623124800,680.0,685.0
1623211200,690.75,682.25
1623297600,699.0,683.75
1623384000,684.5,680.75
1623643200,659.25,674.5
1623729600,667.5,661.5
1623816000,673.0,662.75
1623902400,633.0,639.0
1623988800,655.25,662.75
1624248000,659.25,661.5
1624334400,659.75,651.0
1624420800,664.25,661.25
1624507200,653.25,651.25
1624593600,636.5,637.0
1624852800,675.5,646.0
1624939200,694.5,639.75
1625025600,720.0,671.5
1625112000,719.75,658.5
1625198400,697.25,645.75
1625544000,656.0,620.0
1625630400,652.5,614.75
1625716800,638.0,612.25
1625803200,629.75,608.5
1626062400,669.25,635.0
1626148800,677.0,628.75
1626235200,683.0,645.0
1626321600,564.25,672.0
1626408000,556.0,692.5
1626667200,556.0,697.75
1626753600,571.75,700.5
1626840000,571.75,710.75
1626926400,564.5,692.25
1627012800,547.25,684.0
1627272000,549.75,677.0
1627358400,548.75,674.5
1627444800,549.25,688.75
1627531200,558.0,705.25
1627617600,547.0,703.75
1627876800,558.75,729.5
1627963200,550.5,724.5
1628049600,545.75,717.25
1628136000,555.75,712.75
1628222400,555.0,719.0
1628481600,550.25,711.25
1628568000,549.25,727.0
1628654400,556.25,727.0
1628740800,567.0,753.5
1628827200,568.25,762.25
1629086400,564.75,760.5
1629172800,558.25,734.5
1629259200,561.75,737.25
1629345600,550.0,727.5
1629432000,538.75,714.25
1629691200,538.0,719.75
1629777600,544.5,718.0
1629864000,551.25,711.25
1629950400,552.75,725.25
1630036800,558.0,718.5
1630296000,540.25,708.75
1630382400,534.0,706.75
1630468800,515.5,701.0
1630555200,516.25,704.0
1630641600,508.0,714.5
1630987200,495.75,708.75
1631073600,498.25,698.25
1631160000,496.0,681.5
1631246400,502.75,675.0
1631505600,496.75,674.5
1631592000,503.0,685.0
1631678400,533.5,712.25
1631764800,529.5,713.0
1631851200,527.25,708.75
1632110400,521.75,700.75
1632196800,517.0,690.25
1632283200,525.5,705.75
1632369600,529.25,717.75
1632456000,526.75,723.75
1632715200,539.5,722.25
1632801600,532.5,706.5
1632888000,539.0,710.25
1632974400,536.75,725.5
1633060800,541.5,755.25
1633320000,540.75,756.5
1633406400,537.5,744.75
1633492800,532.25,746.0
1633579200,534.0,741.25
1633665600,530.5,734.0
1633924800,533.0,731.75
1634011200,522.5,734.0
1634097600,512.25,718.75
1634184000,516.75,724.75
1634270400,525.75,734.0
1634529600,532.75,736.25
1634616000,530.25,736.0
1634702400,539.25,749.25
1634788800,532.25,741.25
1634875200,538.0,756.0
1635134400,538.0,759.5
1635220800,543.5,752.25
1635307200,557.25,759.75
1635393600,562.75,772.5
1635480000,568.25,772.75
1635739200,579.0,797.25
1635825600,573.0,791.5
1635912000,564.0,781.0
1635998400,559.25,773.75
1636084800,553.0,766.5
1636347600,551.5,768.0
1636434000,554.75,778.5
1636520400,569.25,803.0
1636606800,569.5,812.5
1636693200,577.25,817.0
1636952400,576.5,826.25
1637038800,571.0,810.25
1637125200,575.25,822.25
1637211600,573.0,820.0
1637298000,570.75,823.0
1637557200,576.75,845.75
1637643600,580.5,856.0
1637730000,579.75,836.75
1637902800,586.75,825.5
1638162000,581.0,807.5
1638248400,567.0,773.75
1638334800,572.0,778.5
1638421200,577.0,806.5
1638507600,586.0,794.5
1638766800,583.5,797.0
1638853200,586.25,799.25
1638939600,584.75,791.25
1639026000,588.5,773.5
1639112400,588.5,782.0
1639371600,584.25,785.5
1639458000,588.75,785.5
1639544400,585.75,756.0
1639630800,591.25,770.5
1639717200,593.25,775.0
1639976400,591.0,777.75
1640062800,598.25,799.0
1640149200,602.5,814.0
1640235600,605.75,814.75
1640581200,614.75,804.0
1640667600,604.75,783.5
1640754000,605.5,787.75
1640840400,596.0,779.75
1640926800,593.25,770.75
1641186000,589.25,758.0
1641272400,609.5,770.0
1641358800,602.25,760.75
1641445200,603.75,746.0
1641531600,606.75,758.5
1641790800,599.75,762.0
1641877200,601.0,770.25
1641963600,599.0,757.75
1642050000,587.5,746.75
1642136400,596.25,741.5
1642482000,599.5,769.0
1642568400,610.5,796.5
1642654800,611.0,790.25
1642741200,616.25,780.0
1643000400,621.0,800.5
1643086800,620.0,818.0
1643173200,627.0,795.0
1643259600,625.25,777.0
1643346000,636.0,786.25
1643605200,626.0,761.25
1643691600,634.75,769.0
1643778000,622.5,755.0
1643864400,616.75,751.75
1643950800,620.5,763.25
1644210000,635.25,768.75
1644296400,632.25,778.75
1644382800,646.75,785.0
1644469200,641.75,771.5
1644555600,651.0,797.75
1644814800,655.75,799.25
1644901200,638.0,779.75
1644987600,647.0,780.5
1645074000,650.0,798.0
1645160400,654.25,797.0
1645506000,674.75,844.25
1645592400,683.75,876.0
1645678800,695.0,926.0
1645765200,659.5,843.0
1646024400,697.5,928.0
1646110800,739.75,1001.75
1646197200,739.0,1058.5
1646283600,751.25,1289.0
1646370000,756.5,1348.0
1646629200,749.25,1425.25
1646715600,754.5,1273.0
1646802000,735.0,1199.5
1646888400,757.75,1073.75
1646974800,764.5,1090.0
1647230400,728.25,1090.0
1647316800,758.0,1154.25
1647403200,730.0,1069.25
1647489600,754.5,1098.0
1647576000,741.75,1063.75
1647835200,756.25,1119.25
1647921600,753.0,1118.25
1648008000,757.75,1105.75
1648094400,748.25,1085.75
1648180800,754.0,1102.25
1648440000,748.5,1057.0
1648526400,726.25,1014.25
1648612800,738.0,1027.25
1648699200,748.75,1006.0
1648785600,735.0,984.5
1649044800,750.5,1010.25
1649131200,759.75,1045.25
1649217600,756.5,1038.25
1649304000,757.75,1020.0
1649390400,768.75,1051.5
1649649600,764.5,1081.25
1649736000,776.25,1103.75
1649822400,783.5,1113.5
1649908800,790.25,1096.5
1650254400,813.25,1120.5
1650340800,804.0,1099.0
1650427200,815.75,1088.0
1650513600,799.25,1068.0
1650600000,793.0,1065.5
1650859200,800.25,1062.0
1650945600,803.25,1083.25
1651032000,815.5,1080.0
1651118400,816.0,1074.0
1651204800,818.25,1043.75
1651464000,813.0,1043.5
1651550400,800.75,1033.75
1651636800,798.5,1066.0
1651723200,803.75,1096.0
1651809600,792.25,1097.0
1652068800,784.5,1083.25
1652155200,786.5,1083.25
1652241600,802.25,1108.75
1652328000,813.5,1174.5
1652414400,794.5,1167.25
1652673600,809.5,1247.5
1652760000,800.75,1277.5
1652846400,781.5,1230.75
1652932800,783.25,1200.5
1653019200,778.75,1168.75
1653278400,786.25,1190.0
1653364800,771.75,1154.75
1653451200,772.25,1148.25
1653537600,765.0,1143.25
1653624000,777.25,1157.5
1653969600,753.5,1087.5
1654056000,731.25,1041.25
1654142400,730.25,1058.25
1654228800,727.0,1040.0
1654488000,742.5,1093.0
1654574400,757.0,1071.75
1654660800,764.5,1074.75
1654747200,773.0,1071.25
1654833600,773.25,1070.75
1655092800,769.25,1071.0
1655179200,768.25,1050.25
1655265600,774.0,1050.0
1655352000,788.25,1078.25
1655438400,784.5,1034.25
1655784000,760.75,975.25
1655870400,768.0,976.5
1655956800,746.75,937.25
1656043200,750.25,923.75
1656302400,744.25,904.0
1656388800,759.5,921.25
1656475200,770.25,915.5
1656561600,743.75,868.75
1656648000,754.5,831.25
1656993600,736.0,793.75
1657080000,744.25,792.25
1657166400,747.0,824.5
1657252800,778.25,879.25
1657512000,781.25,843.75
1657598400,732.75,801.5
1657684800,740.0,798.25
1657771200,695.0,794.25
1657857600,604.25,776.75
1658116800,612.25,812.75
1658203200,596.75,812.25
1658289600,592.25,819.5
1658376000,575.75,806.25
1658462400,564.25,759.0
1658721600,580.0,770.0
1658808000,597.0,803.75
1658894400,600.25,790.25
1658980800,615.0,817.0
1659067200,616.25,807.75
1659326400,607.0,800.25
1659412800,591.25,774.75
1659499200,591.5,763.75
1659585600,602.25,782.5
1659672000,610.25,775.75
1659931200,608.5,779.75
1660017600,615.5,781.5
1660104000,621.25,799.75
1660190400,629.25,810.75
1660276800,639.75,806.0
1660536000,626.75,800.75
1660622400,611.0,786.0
1660708800,615.0,763.25
1660795200,619.75,731.5
1660881600,626.0,753.25
1661140800,633.5,770.5
1661227200,660.0,782.75
1661313600,665.75,795.0
1661400000,657.5,769.75
1661486400,668.75,784.75
1661745600,683.75,820.0
1661832000,679.75,798.25
1661918400,673.75,809.0
1662004800,658.25,775.5
1662091200,669.0,793.0
1662436800,680.75,800.0
1662523200,676.75,826.5
1662609600,674.5,810.5
1662696000,698.5,853.25
1662955200,712.25,841.25
1663041600,709.0,842.75
1663128000,709.0,853.75
1663214400,677.5,845.0
1663300800,677.25,859.75
1663560000,678.25,830.5
1663646400,692.0,893.75
1663732800,685.5,903.75
1663819200,688.25,910.75
1663905600,676.75,880.5
1664164800,666.25,858.0
1664251200,667.5,871.5
1664337600,670.5,903.25
1664424000,669.5,896.25
1664510400,677.5,921.5
1664769600,680.75,912.0
1664856000,683.0,903.0
1664942400,684.0,902.0
1665028800,675.5,879.0
1665115200,683.25,880.25
1665374400,698.25,938.0
1665460800,693.0,901.0
1665547200,693.0,882.25
1665633600,697.75,892.25
1665720000,689.75,859.75
1665979200,683.5,861.0
1666065600,681.0,849.5
1666152000,678.25,841.25
1666238400,684.0,849.25
1666324800,684.25,850.75
1666584000,681.5,838.75
1666670400,686.25,834.75
1666756800,685.0,840.5
1666843200,682.25,838.5
1666929600,680.75,829.25
1667188800,691.5,882.25
1667275200,697.75,902.5
1667361600,687.5,846.0
1667448000,679.25,840.5
1667534400,681.0,847.75
1667797200,675.75,845.75
1667883600,667.5,827.75
1667970000,664.5,806.5
1668056400,653.25,803.5
1668142800,658.0,813.75
1668402000,657.25,818.5
1668488400,666.75,828.25
1668574800,665.25,817.5
1668661200,667.5,806.75
1668747600,667.75,803.25
1669006800,659.5,799.25
1669093200,656.75,791.5
1669179600,663.25,793.5
1669352400,668.0,775.5
1669611600,668.75,756.75
1669698000,665.75,757.75
1669784400,662.0,771.5
1669870800,650.0,758.75
1669957200,635.0,737.25
1670216400,628.75,715.5
1670302800,625.5,705.5
1670389200,627.75,727.0
1670475600,632.0,724.25
1670562000,634.75,712.75
1670821200,641.25,733.0
1670907600,643.75,728.75
1670994000,639.0,728.25
1671080400,653.5,757.25
1671166800,653.0,753.5
1671426000,647.25,748.5
1671512400,652.0,750.5
1671598800,662.25,767.75
1671685200,660.5,762.25
1671771600,666.25,776.0
1672117200,674.75,774.5
1672203600,682.75,785.5
1672290000,679.5,774.0
1672376400,678.5,792.0
1672722000,670.5,775.5
1672808400,653.75,745.5
1672894800,652.75,746.75
1672981200,654.0,743.5
1673240400,652.75,741.5
1673326800,655.0,731.0
1673413200,656.0,740.0
1673499600,671.0,742.75
1673586000,675.0,743.75
1673931600,685.25,751.75
1674018000,681.25,742.5
1674104400,677.25,734.5
1674190800,676.25,741.5
1674450000,666.25,720.0
1674536400,677.0,734.5
1674622800,674.75,741.25
1674709200,682.5,752.5
1674795600,683.0,750.0
1675054800,683.75,752.5
1675141200,679.75,761.25
1675227600,681.0,759.75
1675314000,675.25,761.0
1675400400,677.5,756.75
1675659600,679.0,750.25
1675746000,674.0,749.75
1675832400,678.5,764.75
1675918800,670.75,757.25
1676005200,680.5,786.0
1676264400,685.0,792.0
1676350800,682.25,786.0
1676437200,676.25,769.25
1676523600,676.0,765.0
1676610000,677.75,765.5
1676955600,680.5,750.5
1677042000,674.0,736.5
1677128400,660.25,738.25
1677214800,650.0,708.25
1677474000,642.75,696.0
1677560400,629.5,691.5
1677646800,640.5,697.0
1677733200,637.75,701.25
1677819600,645.25,695.75
1678078800,644.5,682.5
1678165200,642.0,684.75
1678251600,634.5,674.5
1678338000,618.5,653.5
1678424400,624.25,666.75
1678680000,624.5,672.25
1678766400,627.5,686.5
1678852800,626.5,702.75
1678939200,632.75,699.0
1679025600,634.25,710.5
1679284800,633.0,700.75
1679371200,630.0,683.25
1679457600,633.5,663.5
1679544000,631.75,662.0
1679630400,643.0,688.5
1679889600,648.25,698.0
1679976000,647.25,699.75
1680062400,650.5,704.75
1680148800,649.5,692.25
1680235200,660.5,692.25
1680494400,657.75,693.5
1680580800,653.75,691.5
1680667200,652.75,682.0
1680753600,643.5,675.5
1681099200,654.0,678.5
1681185600,651.0,674.0
1681272000,656.0,679.5
1681358400,652.25,667.0
1681444800,666.25,682.5
1681704000,676.5,696.5
1681790400,677.5,698.0
1681876800,672.25,681.75
1681963200,663.75,667.75
1682049600,663.25,661.75
1682308800,651.25,643.5
1682395200,646.5,638.75
1682481600,641.5,627.25
1682568000,627.0,614.75
1682654400,636.0,619.75
1682913600,639.5,603.75
1683000000,638.0,595.5
1683086400,645.25,626.25
1683172800,646.5,631.5
1683259200,653.25,647.0
1683518400,656.5,641.0
1683604800,642.25,630.5
1683691200,645.5,628.25
1683777600,632.5,614.25
1683864000,633.25,624.5
1684123200,592.5,660.75
1684209600,581.25,647.5
1684296000,561.5,625.5
1684382400,555.25,611.75
1684468800,554.5,605.0
1684728000,571.0,606.25
1684814400,577.5,622.25
1684900800,587.25,606.25
1684987200,590.75,604.25
1685073600,604.0,616.0
1685419200,594.0,591.0
1685505600,594.0,594.25
1685592000,592.5,610.75
1685678400,609.0,619.0
1685937600,597.5,624.0
1686024000,608.0,627.75
1686110400,604.25,616.75
1686196800,610.25,626.25
1686283200,604.25,630.25
1686542400,617.25,633.75
1686628800,612.5,636.25
1686715200,607.75,630.25
1686801600,623.25,661.5
1686888000,640.25,688.0
1687233600,643.75,695.75
1687320000,671.0,734.5
1687406400,660.5,739.0
1687492800,630.75,733.25
1687752000,637.25,724.25
1687838400,623.0,685.0
1687924800,590.0,655.75
1688011200,581.0,653.0
1688097600,554.5,636.25
1688356800,557.25,628.5
1688529600,548.25,662.0
1688616000,566.75,647.0
1688702400,560.5,639.5
1688961600,570.75,636.25
1689048000,571.75,649.5
1689134400,549.75,621.25
1689220800,593.5,627.5
1689307200,599.75,641.5
1689566400,499.25,653.75
1689652800,528.75,670.75
1689739200,545.5,727.75
1689825600,537.25,727.0
1689912000,527.0,697.5
1690171200,560.5,757.5
1690257600,557.5,760.25
1690344000,540.25,720.0
1690430400,533.25,712.75
1690516800,521.0,704.25
1690776000,504.0,665.75
1690862400,497.0,652.25
1690948800,488.25,640.0
1691035200,480.75,627.0
1691121600,484.25,633.0
1691380800,482.25,657.5
1691467200,485.75,656.25
1691553600,481.0,635.0
1691640000,483.25,637.75
1691726400,474.5,626.75
1691985600,475.75,616.0
1692072000,464.0,598.5
1692158400,469.5,597.75
1692244800,473.0,589.5
1692331200,479.5,613.25
1692590400,469.25,599.25
1692676800,466.5,601.75
1692763200,476.25,612.5
1692849600,472.25,604.0
1692936000,470.75,593.25
1693195200,478.5,588.0
1693281600,469.5,569.75
1693368000,461.75,576.75
1693454400,461.0,573.0
1693540800,464.75,567.5
1693886400,471.0,572.5
1693972800,471.5,581.0
1694059200,470.75,571.5
1694145600,468.5,567.25
1694404800,471.25,556.0
1694491200,463.25,560.25
1694577600,464.0,569.0
1694664000,462.5,567.5
1694750400,476.25,604.25
1695009600,471.5,591.25
1695096000,476.25,584.0
1695182400,482.25,588.75
1695268800,475.25,575.75
1695355200,477.25,579.5
1695614400,481.25,589.0
1695700800,479.75,589.0
1695787200,483.25,579.5
1695873600,488.5,578.75
1695960000,476.75,541.5
1696219200,488.75,564.75
1696305600,487.5,568.5
1696392000,486.0,560.0
1696478400,497.5,578.25
1696564800,492.0,568.25
1696824000,488.25,572.75
1696910400,485.5,558.5
1696996800,488.0,556.0
1697083200,496.0,571.5
1697169600,493.25,579.75
1697428800,490.0,577.25
1697515200,489.0,570.5
1697601600,492.0,580.25
1697688000,505.0,594.0
1697774400,495.5,586.0
1698033600,490.25,587.25
1698120000,484.0,580.5
1698206400,480.0,568.5
1698292800,479.25,579.5
1698379200,480.75,575.5
1698638400,478.25,566.0
1698724800,478.75,556.25
1698811200,475.0,561.75
1698897600,470.0,565.5
1698984000,477.25,572.5
1699246800,477.25,575.75
1699333200,468.5,570.25
1699419600,476.0,592.25
1699506000,468.0,580.75
1699592400,464.0,575.25
1699851600,477.25,579.0
1699938000,478.25,572.0
1700024400,470.75,560.5
1700110800,474.75,553.5
1700197200,467.0,550.75
1700456400,469.5,543.5
1700542800,470.0,555.0
1700629200,468.75,555.75
1700802000,463.25,548.75
1701061200,455.5,534.25
1701147600,451.5,543.75
1701234000,449.75,556.0
1701320400,461.75,570.25
1701406800,464.5,577.0
1701666000,460.25,595.75
1701752400,468.5,620.75
1701838800,464.75,615.75
1701925200,468.25,626.0
1702011600,465.75,615.0
1702270800,460.5,591.25
1702357200,462.5,607.0
1702443600,456.75,585.25
1702530000,456.75,594.0
1702616400,483.0,629.25
1702875600,477.0,617.0
1702962000,472.75,622.75
1703048400,469.75,610.0
1703134800,472.5,612.5
1703221200,473.0,616.25
1703566800,480.25,636.25
1703653200,476.5,623.0
1703739600,474.25,631.5
1703826000,471.25,628.0
1704171600,463.75,606.75
1704258000,465.25,600.25
1704344400,466.5,613.5
1704430800,460.75,616.0
1704690000,455.0,596.25
1704776400,459.25,610.0
1704862800,459.5,610.75
1704949200,457.75,603.75
1705035600,447.0,596.0
1705381200,443.5,582.0
1705467600,442.25,582.5
1705554000,444.0,585.5
1705640400,445.5,593.25
1705899600,445.75,596.5
1705986000,446.5,596.5
1706072400,452.25,610.75
1706158800,451.75,612.25
1706245200,446.25,600.25
1706504400,440.25,593.5
1706590800,447.75,605.5
1706677200,448.25,595.25
1706763600,447.25,601.5
1706850000,442.75,599.75
1707109200,442.75,590.25
1707195600,438.75,595.0
1707282000,434.25,602.0
1707368400,433.25,588.5
1707454800,429.0,596.75
1707714000,430.5,597.5
1707800400,430.75,597.5
1707886800,424.25,585.5
1707973200,417.75,567.0
1708059600,416.5,560.5
1708405200,418.75,582.75
1708491600,411.0,583.25
1708578000,406.0,583.25
1708664400,399.75,573.5
1708923600,407.0,577.25
1709010000,408.25,586.0
1709096400,413.25,571.0
1709182800,415.75,577.5
1709269200,412.25,560.0
1709528400,417.5,563.5
1709614800,413.5,545.75
1709701200,418.0,521.25
1709787600,426.0,520.75
1709874000,426.25,526.75
1710129600,428.25,537.5
1710216000,429.0,535.5
1710302400,426.5,532.25
1710388800,422.5,519.5
1710475200,436.75,528.5
1710734400,436.0,542.75
1710820800,439.5,552.5
1710907200,439.0,545.0
1710993600,440.75,546.75
1711080000,439.25,554.75
1711339200,437.75,555.0
1711425600,432.5,543.5
1711512000,426.75,547.5
1711598400,442.0,560.25
1711944000,435.5,557.0
1712030400,426.5,545.25
1712116800,431.75,556.0
1712203200,435.25,556.25
1712289600,434.25,567.25
1712548800,435.5,565.75
1712635200,431.25,557.75
1712721600,434.25,558.5
1712808000,428.75,551.75
1712894400,435.5,556.0
1713153600,431.5,551.75
1713240000,431.0,549.75
1713326400,430.25,537.0
1713412800,426.75,536.75
1713499200,433.5,550.25
1713758400,439.75,570.25
1713844800,443.0,585.0
1713931200,437.75,594.5
1714017600,441.0,602.25
1714104000,440.0,603.25
1714363200,439.25,590.25
1714449600,439.5,585.0
1714536000,443.25,581.5
1714622400,452.0,586.5
1714708800,447.0,606.0
1714968000,457.0,632.25
1715054400,453.75,624.75
1715140800,445.5,616.0
1715227200,442.75,619.75
1715313600,455.75,645.75
1715572800,458.5,670.25
1715659200,453.75,657.0
1715745600,462.5,665.75
1715832000,457.0,663.25
1715918400,452.5,651.25
1716177600,460.5,688.75
1716264000,458.0,697.5
1716350400,461.25,693.0
1716436800,464.0,698.0
1716523200,464.75,697.25
1716868800,462.5,700.25
1716955200,455.25,692.75
1717041600,448.75,681.0
1717128000,446.25,678.5
1717387200,443.5,672.75
1717473600,442.5,658.25
1717560000,439.25,646.75
1717646400,452.0,639.5
1717732800,448.75,627.5
1717992000,451.75,607.5
1718078400,449.5,626.5
1718164800,454.25,617.0
1718251200,458.5,620.0
1718337600,450.0,612.75
1718596800,443.75,591.5
1718683200,450.0,582.0
1718856000,439.75,572.75
1718942400,435.0,561.5
1719201600,433.5,552.5
1719288000,425.5,541.75
1719374400,420.0,541.25
1719460800,413.75,559.75
1719547200,397.25,553.5
1719806400,398.25,569.25
1719892800,402.0,561.5
1719979200,403.5,554.5
1720152000,411.25,572.25
1720411200,395.75,553.0
1720497600,400.25,554.25
1720584000,403.25,543.5
1720670400,406.75,554.25
1720756800,400.0,538.0
1721016000,390.5,532.5
1721102400,395.75,530.75
1721188800,398.0,539.25
1721275200,391.25,535.25
1721361600,390.5,542.75
1721620800,400.25,548.0
1721707200,402.5,542.75
1721793600,403.75,547.0
1721880000,406.0,537.75
1721966400,394.5,523.5
1722225600,396.25,531.0
1722312000,388.75,524.0
1722398400,382.75,527.25
1722484800,382.0,532.0
1722571200,386.5,539.0
1722830400,390.75,539.5
1722916800,388.75,543.25
1723003200,383.25,538.25
1723089600,379.25,537.5
1723176000,376.75,542.5
1723435200,383.25,536.75
1723521600,377.75,528.75
1723608000,381.0,534.75
1723694400,375.0,528.25
1723780800,370.5,530.0
1724040000,378.0,528.25
1724126400,375.0,533.0
1724212800,375.5,519.75
1724299200,371.5,511.0
1724385600,367.75,502.25
1724644800,362.0,498.0
1724731200,367.25,508.25
1724817600,365.25,514.25
1724904000,371.75,525.0
1724990400,378.0,532.75
1725336000,386.5,552.0
1725422400,390.5,565.25
1725508800,390.0,561.0
1725595200,383.75,553.25
1725854400,384.25,555.5
1725940800,379.5,558.75
1726027200,380.5,563.75
1726113600,386.25,563.0
1726200000,390.75,571.25
1726459200,410.75,578.5
1726545600,412.5,575.75
1726632000,412.75,575.75
1726718400,405.75,565.5
1726804800,401.75,568.5
1727064000,413.5,582.5
1727150400,411.75,578.0
1727236800,415.25,589.25
1727323200,413.25,584.25
1727409600,418.0,580.0
1727668800,424.75,584.0
1727755200,429.0,599.0
1727841600,432.5,615.25
1727928000,428.25,603.5
1728014400,424.75,589.75
1728273600,426.0,592.5
1728360000,420.75,594.75
1728446400,421.0,599.0
1728532800,418.5,603.75
1728619200,415.75,599.0
1728878400,408.25,585.25
1728964800,401.25,579.5
1729051200,404.75,585.0
1729137600,406.75,589.5
1729224000,404.75,572.75
1729483200,409.5,572.25
1729569600,416.5,576.0
1729656000,419.0,578.5
1729742400,421.5,581.5
1729828800,415.25,569.0
1730088000,410.75,558.75
1730174400,413.75,570.5
1730260800,411.5,573.25
1730347200,410.75,570.5
1730433600,414.5,568.0
1730696400,416.5,568.75
1730782800,418.5,572.5
1730869200,426.25,573.25
1730955600,427.5,571.5
1731042000,431.0,572.5
1731301200,430.0,565.5
1731387600,428.5,552.25
1731474000,426.5,541.0
1731560400,419.0,530.25
1731646800,424.0,536.5
1731906000,429.25,547.25
1731992400,427.25,549.75
1732078800,430.25,552.5
1732165200,426.75,548.75
1732251600,425.5,544.25
1732510800,424.75,535.75
1732597200,420.0,539.5
1732683600,415.75,537.75
1732856400,423.0,532.25
1733115600,424.5,537.5
1733202000,423.25,536.75
1733288400,422.0,538.0
1733374800,426.5,546.75
1733461200,430.75,542.5
1733720400,434.0,541.25
1733806800,440.5,542.0
1733893200,438.0,543.5
1733979600,431.75,538.75
1734066000,430.0,526.5
1734325200,445.0,550.0
1734411600,443.5,545.0
1734498000,437.25,541.25
1734584400,440.75,533.0
1734670800,446.25,533.0
1734930000,447.75,540.5
1735016400,448.5,534.75
1735189200,453.75,541.0
1735275600,454.0,546.5
1735534800,452.25,548.25
1735621200,458.5,551.5
1735794000,459.5,545.75
1735880400,450.75,529.25
1736139600,457.75,540.5
1736226000,458.0,542.5
1736312400,454.0,536.25
1736398800,456.0,534.0
1736485200,470.5,530.75
1736744400,476.5,545.0
1736830800,474.5,546.25
1736917200,478.75,547.0
1737003600,474.5,537.5
1737090000,484.25,538.75
1737435600,490.0,558.75
1737522000,484.25,554.0
1737608400,489.75,554.0
1737694800,486.5,544.0
1737954000,482.0,535.5
1738040400,485.25,545.25
1738126800,497.0,562.5
1738213200,490.25,566.5
1738299600,482.0,559.5
1738558800,488.75,566.75
1738645200,494.5,577.0
1738731600,493.25,572.25
1738818000,495.25,587.75
1738904400,487.5,582.75
1739163600,491.5,579.5
1739250000,484.0,577.0
1739336400,490.25,574.25
1739422800,493.5,577.75
1739509200,496.25,600.0
1739854800,502.0,604.75
1739941200,497.5,592.0
1740027600,498.0,585.5
1740114000,491.25,590.0
1740373200,482.5,579.0
1740459600,479.75,572.75
1740546000,478.25,566.0
1740632400,464.75,546.75
1740718800,453.5,537.0
1740978000,440.25,532.0
1741064400,436.0,518.5
1741150800,440.25,530.75
1741237200,449.5,537.0
1741323600,455.25,533.75
1741579200,458.75,545.25
1741665600,456.5,541.0
1741752000,448.75,538.75
1741838400,453.5,547.25
1741924800,445.5,545.75
1742184000,461.0,568.5
1742270400,458.75,565.0
1742356800,462.0,563.5
1742443200,469.0,557.25
1742529600,464.25,558.25
1742788800,464.5,548.25
1742875200,457.75,543.25
1742961600,451.25,535.25
1743048000,450.0,532.0
1743134400,453.25,528.25
1743393600,457.25,537.0
1743480000,461.75,540.5
1743566400,457.75,539.25
1743652800,457.5,536.0
1743739200,460.25,529.0
1743998400,464.5,536.5
1744084800,469.0,540.0
1744171200,474.0,542.25
1744257600,483.0,538.0
1744344000,490.25,555.75
1744603200,485.0,547.5
1744689600,481.25,542.0
1744776000,484.25,547.75
1744862400,482.25,548.75
1745208000,481.75,538.5
1745294400,475.75,535.5
1745380800,472.0,528.25
1745467200,477.25,529.25
1745553600,478.75,530.0
1745812800,475.5,515.5
1745899200,460.5,505.75
1745985600,467.25,513.0
1746072000,464.25,515.25
1746158400,461.25,526.5
1746417600,446.5,514.25
1746504000,447.5,519.0
1746590400,441.0,518.0
1746676800,439.0,513.0
1746763200,441.5,505.5
1747022400,440.25,499.0
1747108800,436.0,501.5
1747195200,438.5,508.75
1747281600,448.5,532.75
1747368000,443.5,525.0
1747627200,447.5,529.0
1747713600,454.5,546.0
1747800000,461.0,549.25
1747886400,463.0,544.5
1747972800,459.5,542.5
1748318400,459.5,528.5
1748404800,451.0,530.25
1748491200,447.0,534.0
1748577600,444.0,534.0
1748836800,438.25,539.0
1748923200,438.5,536.0
1749009600,438.75,543.25
1749096000,439.5,545.5
1749182400,442.5,554.75
1749441600,433.5,542.0
1749528000,438.75,534.5
1749614400,437.0,534.25
1749700800,438.5,526.5
1749787200,444.5,543.75
1750046400,434.75,536.5
1750132800,431.5,549.0
1750219200,433.5,574.25
1750392000,428.75,567.75
1750651200,419.25,552.75
1750737600,416.25,535.75
1750824000,410.25,528.25
1750910400,409.5,521.0
1750996800,417.5,524.75
1751256000,420.5,528.75
1751342400,420.0,537.25
1751428800,429.25,556.0
1751515200,431.5,547.75
1751860800,418.0,539.75
1751947200,411.0,543.0
1752033600,412.5,542.75
1752120000,407.25,550.25
1752206400,403.0,540.75
1752465600,412.75,534.0
1752552000,401.25,538.0
1752638400,405.25,541.25
1752724800,402.0,533.5
1752811200,408.5,546.25
1753070400,403.75,542.25
1753156800,399.25,549.5
1753243200,398.5,540.5
1753329600,401.75,541.5
1753416000,399.5,538.25
1753675200,393.75,538.5
1753761600,389.25,529.75
1753848000,391.75,523.75
1753934400,394.0,523.25
1754020800,389.5,516.75
1754280000,387.0,516.75
1754366400,381.5,508.25
1754452800,379.75,508.5
1754539200,384.5,518.25
1754625600,382.75,514.5
1754884800,385.0,515.0
1754971200,371.5,505.0
1755057600,374.0,507.25
1755144000,375.0,503.5
1755230400,383.75,506.5
1755489600,383.0,502.75
1755576000,379.5,498.5
1755662400,380.0,505.5
1755748800,387.25,507.0
1755835200,388.25,504.75
1756094400,389.25,506.75
1756180800,387.5,509.5
1756267200,382.5,502.25
1756353600,385.5,510.25
1756440000,398.0,518.0
1756785600,403.0,513.0
1756872000,397.75,504.0
1756958400,399.75,502.25
1757044800,399.0,501.0
1757304000,403.0,505.5
1757390400,401.25,500.75
1757476800,397.25,495.0
1757563200,399.0,503.0
1757649600,399.0,503.0
1757908800,423.25,525.0
1757995200,429.5,534.0
1758081600,426.75,528.25
1758168000,423.75,524.25
1758254400,424.0,522.5
1758513600,421.75,510.75
1758600000,426.25,520.5
1758686400,424.25,519.5
1758772800,425.75,527.0
1758859200,422.0,519.75
1759118400,421.5,519.5
1759204800,415.5,508.0
1759291200,416.5,509.25
1759377600,421.75,514.75
1759464000,419.0,515.25
1759723200,421.75,512.75
1759809600,419.75,506.75
1759896000,422.0,507.25
1759982400,418.25,506.5
1760068800,413.0,498.5
1760328000,410.75,496.75
1760414400,413.0,500.25
1760500800,416.75,498.75
1760587200,421.75,502.5
1760673600,422.5,503.75
1760932800,423.25,504.75
1761019200,419.75,500.25
1761105600,423.0,503.75
1761192000,428.0,513.0
1761278400,423.25,512.5
1761537600,428.75,526.0
1761624000,432.0,529.0
1761710400,434.0,532.25
1761796800,430.25,524.25
1761883200,431.5,534.0
1762146000,434.25,543.5
1762232400,431.5,550.25
1762318800,435.25,554.75
1762405200,428.75,535.5
1762491600,427.25,527.75
1762750800,429.75,535.75
1762837200,432.0,536.0
1762923600,435.25,536.0
1763010000,441.5,535.75
1763096400,430.25,527.25
1763355600,434.75,544.25
1763442000,436.75,546.5
1763528400,429.75,536.75
1763614800,426.5,527.0
1763701200,425.5,527.0
1763960400,423.75,522.25
1764046800,423.5,527.25
1764133200,431.75,529.0
1764306000,435.5,531.0
1764565200,432.75,530.25
1764651600,438.0,537.75
1764738000,431.5,537.75
1764824400,437.75,541.0
1764910800,436.75,537.5
1765170000,436.25,536.0
1765256400,440.75,536.25
1765342800,434.75,531.25
1765429200,435.25,534.5
1765515600,431.5,534.5
1765774800,439.75,520.75
1765861200,436.5,509.5
1765947600,440.5,506.25
1766034000,444.5,507.75
1766120400,443.75,509.75
1766379600,447.0,515.5
1766466000,447.5,517.0
1766552400,451.0,521.75
1766725200,450.0,519.0
1766984400,442.25,513.0
1767070800,440.5,510.75
1767157200,440.25,507.0
1767330000,437.5,506.5
1767589200,444.5,512.5
1767675600,444.0,510.5
1767762000,446.75,518.0
1767848400,446.0,518.0
1767934800,445.75,517.25
1768194000,421.5,511.25
1768280400,419.75,510.5
1768366800,422.0,512.5
1768453200,420.25,510.5
1768539600,424.75,518.0
1768885200,423.75,510.25
1768971600,421.75,507.75
1769058000,424.0,515.5
1769144400,430.5,529.5
1769403600,428.25,522.5
1769490000,426.5,523.25
1769576400,430.0,536.0
1769662800,430.75,541.5
1769749200,428.25,538.0
1770008400,425.75,527.75
1770094800,428.5,528.75
1770181200,429.5,526.75
1770267600,435.0,535.25
1770354000,430.25,529.75
1770613200,428.75,528.75
1770699600,428.75,528.25
1770786000,427.5,537.25
1770872400,431.25,552.5
1770958800,431.75,548.75
1771304400,426.25,537.75
1771390800,427.0,547.0
1771477200,425.75,559.5
1771563600,427.5,573.5
1771822800,427.5,569.5
1771909200,427.75,567.5
1771995600,430.5,565.75
1772082000,433.25,571.75
1772168400,438.75,591.25
1772427600,433.25,574.5
1772514000,434.25,572.25
1772600400,431.75,566.75
1772686800,441.5,582.75
1772773200,447.0,611.25
1773028800,437.5,598.0
1773115200,436.25,584.75
1773201600,444.25,588.5
1773288000,448.25,592.25
1773374400,452.5,618.5
1773633600,454.0,597.25
1773720000,454.0,589.75
1773806400,463.25,604.25
1773892800,469.75,608.0
1773979200,465.5,595.25
1774238400,459.5,587.75
1774324800,462.5,590.0
1774411200,467.25,597.75
1774497600,467.0,605.0
1774584000,462.0,605.0
1774843200,455.75,607.0
1774929600,457.75,616.25
1775016000,454.25,597.5
1775102400,452.25,598.25
1775448000,454.0,595.25
1775534400,449.0,598.0
1775620800,447.25,580.25
1775707200,444.0,574.5
1775793600,441.0,571.0
1776052800,440.25,582.25
1776139200,443.0,592.0
1776225600,451.25,593.75
1776312000,448.5,598.5
1776398400,448.75,591.25
1776657600,452.0,597.0
1776744000,453.75,605.0
1776830400,454.25,599.25
1776916800,455.5,610.75
1777003200,455.0,608.25
1777262400,460.75,621.5
1777348800,465.25,649.0
1777435200,466.5,642.25
1777521600,464.75,623.75
1777608000,468.25,624.5
1777867200,473.75,629.5
1777953600,465.5,616.5
1778040000,452.75,606.0
1778126400,452.75,601.75
1778212800,456.25,607.5
1778472000,460.75,622.25
1778558400,467.25,665.0
1778644800,466.5,665.0
1778731200,451.5,647.0
1778817600,455.75,635.75
1779076800,477.0,664.5
1779163200,475.25,667.25
1779249600,465.75,660.5
1779336000,462.25,647.5
1779422400,463.25,646.25
1779768000,457.5,635.5
1779854400,452.5,622.5
1779940800,455.75,624.0
1780027200,446.75,610.5
1780286400,444.0,608.75
1780372800,440.5,603.0
1780459200,439.75,599.5
