timestamp,MPC,PSX
1334203200,13.955485343933105,21.310678482055664
1334289600,13.908700942993164,23.1910343170166
1334548800,13.370662689208984,22.908985137939453
1334635200,13.363984107971191,22.564250946044922
1334721600,13.320534706115723,22.564250946044922
1334808000,13.280437469482422,22.564250946044922
1334894400,13.333907127380371,22.76482391357422
1335153600,13.367321968078613,22.363679885864258
1335240000,13.454208374023438,21.7807674407959
1335326400,13.404083251953125,21.7807674407959
1335412800,13.584543228149414,21.906131744384766
1335499200,13.798422813415527,21.379629135131836
1335758400,13.905360221862793,21.342023849487305
1335844800,13.771686553955078,20.533466339111328
1335931200,13.865251541137695,20.057111740112305
1336017600,13.487630844116211,19.674768447875977
1336104000,13.280437469482422,18.903827667236328
1336363200,13.253702163696289,18.39613914489746
1336449600,12.872734069824219,18.866228103637695
1336536000,12.76913833618164,20.364233016967773
1336622400,12.765790939331055,20.357967376708984
1336708800,12.434952735900879,19.950565338134766
1336968000,12.051407814025879,19.63089942932129
1337054400,11.87645435333252,19.85027503967285
1337140800,11.866360664367676,20.119794845581055
1337227200,11.73178482055664,19.593294143676758
1337313600,11.748605728149414,19.668506622314453
1337572800,12.09850788116455,20.17620277404785
1337659200,11.906734466552734,19.82520294189453
1337745600,11.916829109191895,19.68730926513672
1337832000,12.044679641723633,19.51181411743164
1337918400,12.408035278320312,19.618364334106445
1338264000,12.525796890258789,19.436599731445312
1338350400,12.307104110717773,19.07933235168457
1338436800,12.135519027709961,18.822351455688477
1338523200,11.856268882751465,18.753398895263672
1338782400,11.533286094665527,18.508956909179688
1338868800,11.84281063079834,18.74086570739746
1338955200,12.219626426696777,19.762529373168945
1339041600,12.529156684875488,19.950565338134766
1339128000,12.56952953338623,20.132328033447266
1339387200,12.744485855102539,20.433185577392578
1339473600,13.144848823547363,20.991018295288086
1339560000,13.040543556213379,20.539735794067383
1339646400,13.255875587463379,21.01608657836914
1339732800,13.508207321166992,21.874792098999023
1339992000,13.403909683227539,21.222930908203125
1340078400,13.750447273254395,21.222930908203125
1340164800,14.39978313446045,21.724363327026367
1340251200,13.905206680297852,20.984756469726562
1340337600,14.059980392456055,21.410968780517578
1340596800,13.908575057983398,20.602413177490234
1340683200,14.315670013427734,20.420650482177734
1340769600,14.30557918548584,19.988161087036133
1340856000,14.867436408996582,20.251415252685547
1340942400,15.113040924072266,20.83432960510254
1341201600,15.49995231628418,21.310678482055664
1341288000,15.261075973510742,21.46111488342285
1341460800,14.870805740356445,21.185325622558594
1341547200,14.975103378295898,20.91580581665039
1341806400,14.934727668762207,20.840595245361328
1341892800,14.800142288208008,20.48333168029785
1341979200,14.93136215209961,20.984756469726562
1342065600,14.611740112304688,20.690166473388672
1342152000,15.123141288757324,21.899860382080078
1342411200,15.089492797851562,22.626934051513672
1342497600,15.291360855102539,22.996734619140625
1342584000,15.755648612976074,23.253713607788086
1342670400,15.311546325683594,22.43448257446289
1342756800,15.32836627960205,22.258024215698242
1343016000,15.429298400878906,22.068971633911133
1343102400,14.951545715332031,22.201309204101562
1343188800,14.975103378295898,22.308446884155273
1343275200,15.415842056274414,22.66134262084961
1343361600,15.826312065124512,23.014245986938477
1343620800,15.970974922180176,23.726360321044922
1343707200,15.913773536682129,23.69484519958496
1343793600,15.74555492401123,24.117063522338867
1343880000,16.149280548095703,24.135974884033203
1343966400,16.616945266723633,24.999313354492188
1344225600,16.603485107421875,25.25139617919922
1344312000,16.97021484375,25.06233024597168
1344398400,16.643863677978516,25.30181121826172
1344484800,16.41507339477539,25.408939361572266
1344571200,16.674135208129883,25.20728302001953
1344830400,16.674135208129883,25.30181121826172
1344916800,16.647035598754883,25.163164138793945
1345003200,16.846948623657227,25.434139251708984
1345089600,16.84355926513672,25.950891494750977
1345176000,16.687692642211914,26.9528865814209
1345435200,16.78934097290039,27.14194107055664
1345521600,16.575876235961914,26.18406867980957
1345608000,16.687692642211914,26.13996124267578
1345694400,16.61654281616211,26.045427322387695
1345780800,16.51827621459961,26.064327239990234
1346040000,16.806289672851562,25.881574630737305
1346126400,16.884218215942383,26.442432403564453
1346212800,16.846948623657227,26.455045700073242
1346299200,17.216276168823242,26.770122528076172
1346385600,17.534788131713867,26.467649459838867
1346731200,17.20950698852539,26.726011276245117
1346817600,17.05024528503418,26.303791046142578
1346904000,17.2535457611084,27.362506866455078
1346990400,17.58222198486328,27.891857147216797
1347249600,17.74147605895996,28.068302154541016
1347336000,18.076921463012695,28.729999542236328
1347422400,18.120967864990234,29.16480827331543
1347508800,18.524187088012695,29.391681671142578
1347595200,18.84269142150879,29.448392868041992
1347854400,18.175188064575195,29.076589584350586
1347940800,17.64321517944336,28.685888290405273
1348027200,18.02948760986328,28.717391967773438
1348113600,18.083702087402344,28.849733352661133
1348200000,18.202299118041992,29.505126953125
1348459200,18.110809326171875,29.4547061920166
1348545600,18.178573608398438,28.97576332092285
1348632000,17.958328247070312,28.69218635559082
1348718400,18.476749420166016,29.32236099243164
1348804800,18.497074127197266,29.221546173095703
1349064000,18.751201629638672,29.341279983520508
1349150400,18.76815414428711,29.253040313720703
1349236800,18.473369598388672,28.459020614624023
1349323200,18.835922241210938,28.603954315185547
1349409600,18.59195327758789,29.000967025756836
1349668800,19.62540626525879,28.944257736206055
1349755200,19.35772705078125,29.04507827758789
1349841600,18.737655639648438,28.452709197998047
1349928000,18.520803451538086,28.262603759765625
1350014400,18.398818969726562,27.831695556640625
1350273600,18.42592430114746,28.123201370239258
1350360000,18.6529483795166,29.460285186767578
1350446400,18.89012908935547,29.561681747436523
1350532800,18.564847946166992,28.870948791503906
1350619200,18.615671157836914,28.2879638671875
1350878400,18.473369598388672,28.88363265991211
1350964800,18.043045043945312,28.465394973754883
1351051200,18.19552230834961,28.376670837402344
1351137600,18.283611297607422,28.53509521484375
1351224000,18.84269142150879,30.100318908691406
1351656000,18.612289428710938,29.88485336303711
1351742400,18.307327270507812,30.02427101135254
1351828800,17.975271224975586,29.2828426361084
1352091600,18.554677963256836,30.265077590942383
1352178000,19.306900024414062,31.70988655090332
1352264400,18.7918701171875,31.34234619140625
1352350800,18.40220832824707,31.05084228515625
1352437200,17.99899673461914,30.043275833129883
1352696400,18.25650405883789,30.005268096923828
1352782800,18.263282775878906,29.694753646850586
1352869200,18.00238037109375,28.997692108154297
1352955600,18.317495346069336,28.731550216674805
1353042000,18.412376403808594,29.0040340423584
1353301200,19.292236328125,30.49321174621582
1353387600,19.438875198364258,31.08887481689453
1353474000,19.721940994262695,31.297992706298828
1353646800,20.1141300201416,31.570478439331055
1353906000,20.14141273498535,31.405710220336914
1353992400,19.981122970581055,31.722551345825195
1354078800,20.206207275390625,32.31822204589844
1354165200,20.2744140625,32.673099517822266
1354251600,20.30510711669922,33.1863899230957
1354510800,20.30851173400879,32.673099517822266
1354597200,20.175519943237305,32.673099517822266
1354683600,19.81743049621582,32.121795654296875
1354770000,20.257368087768555,32.29921340942383
1354856400,20.70070457458496,33.16737747192383
1355115600,21.1474609375,33.953155517578125
1355202000,20.946250915527344,33.610958099365234
1355288400,20.98035430908203,33.617305755615234
1355374800,21.06560707092285,33.084991455078125
1355461200,21.42710304260254,33.883453369140625
1355720400,21.471437454223633,33.915138244628906
1355806800,21.485084533691406,33.69334030151367
1355893200,21.219074249267578,33.26878356933594
1355979600,21.232715606689453,33.21806335449219
1356066000,21.191789627075195,33.05331039428711
1356325200,21.27022933959961,32.93291091918945
1356498000,21.028099060058594,32.54635238647461
1356584400,21.15086555480957,32.673099517822266
1356670800,20.840526580810547,32.04574966430664
1356930000,21.485084533691406,33.64897918701172
1357102800,21.829519271850586,35.017757415771484
1357189200,21.219074249267578,33.706016540527344
1357275600,21.33161735534668,33.6743278503418
1357534800,20.5472354888916,32.54635238647461
1357621200,20.990577697753906,32.69210433959961
1357707600,21.28727912902832,32.52100372314453
1357794000,21.41346549987793,32.641422271728516
1357880400,21.140640258789062,32.05207824707031
1358139600,21.355491638183594,32.54003143310547
1358226000,21.914779663085938,33.10400390625
1358312400,22.078474044799805,34.5488166809082
1358398800,22.296741485595703,34.948055267333984
1358485200,22.2353515625,34.89735412597656
1358830800,22.88671875,34.605857849121094
1358917200,23.047008514404297,35.18251419067383
1359003600,23.411916732788086,35.56272888183594
1359090000,23.418739318847656,35.99998474121094
1359349200,23.411916732788086,36.17741012573242
1359435600,24.544151306152344,37.94541549682617
1359522000,24.857891082763672,38.50304412841797
1359608400,25.308059692382812,38.38265609741211
1359694800,25.990129470825195,39.76409912109375
1359954000,26.19133186340332,38.7945442199707
1360040400,26.150405883789062,38.661476135253906
1360126800,26.528953552246094,39.11140060424805
1360213200,26.948421478271484,40.0872688293457
1360299600,27.770320892333984,40.568878173828125
1360558800,27.85898208618164,40.6702766418457
1360645200,27.586151123046875,40.828704833984375
1360731600,27.85216522216797,40.62590789794922
1360818000,28.360300064086914,41.08216857910156
1360904400,28.27467918395996,40.6639518737793
1361250000,28.83976936340332,41.23897171020508
1361336400,27.476720809936523,39.88896179199219
1361422800,27.60002326965332,39.66607666015625
1361509200,27.921934127807617,40.82504653930664
1361768400,27.15137481689453,39.061119079589844
1361854800,27.5863094329834,38.9910774230957
1361941200,28.33633041381836,40.11184310913086
1362027600,28.38428497314453,40.09272766113281
1362114000,29.113754272460938,40.69133758544922
1362373200,30.750776290893555,41.82482147216797
1362459600,30.394601821899414,41.88212966918945
1362546000,30.322683334350586,42.06044006347656
1362632400,30.233646392822266,41.94581985473633
1362718800,30.487070083618164,42.04769515991211
1362974400,30.100061416625977,41.83119583129883
1363060800,30.476791381835938,42.1686897277832
1363147200,29.737056732177734,41.10524368286133
1363233600,30.035001754760742,41.359954833984375
1363320000,30.113771438598633,40.85051727294922
1363579200,30.391176223754883,41.4109001159668
1363665600,30.243906021118164,41.65288543701172
1363752000,31.209688186645508,43.00926208496094
1363838400,30.50077247619629,42.5507698059082
1363924800,31.13434410095215,43.015628814697266
1364184000,30.88776206970215,42.57624435424805
1364270400,31.14120101928711,42.81822967529297
1364356800,30.709684371948242,43.4741325378418
1364443200,30.68571662902832,44.55668258666992
1364788800,30.76447296142578,44.168235778808594
1364875200,29.274709701538086,42.56350326538086
1364961600,27.873998641967773,39.774349212646484
1365048000,28.29524040222168,39.72975158691406
1365134400,28.209619522094727,39.67880630493164
1365393600,28.548664093017578,40.513023376464844
1365480000,29.041828155517578,41.175289154052734
1365566400,28.884275436401367,40.66584014892578
1365652800,28.106870651245117,39.487770080566406
1365739200,27.497262954711914,38.63446807861328
1365998400,26.548601150512695,36.62855911254883
1366084800,27.010961532592773,37.749324798583984
1366171200,26.236963272094727,36.927852630615234
1366257600,26.367095947265625,36.44388961791992
1366344000,26.96986198425293,36.832340240478516
1366603200,27.394527435302734,37.8448371887207
1366689600,27.928794860839844,38.940128326416016
1366776000,28.29524040222168,39.36677932739258
1366862400,27.95277214050293,39.417728424072266
1366948800,27.860294342041016,39.226688385009766
1367208000,28.223310470581055,39.35404968261719
1367294400,26.836292266845703,38.81276321411133
1367380800,25.161592483520508,37.99766159057617
1367467200,25.959562301635742,38.39885711669922
1367553600,26.747249603271484,39.596031188964844
1367812800,27.514387130737305,40.67221450805664
1367899200,27.891111373901367,41.060665130615234
1367985600,26.921913146972656,40.3792839050293
1368072000,26.87395668029785,39.564186096191406
1368158400,26.500667572021484,39.086612701416016
1368417600,26.18216323852539,39.462310791015625
1368504000,26.78425407409668,40.80596160888672
1368590400,27.310649871826172,41.359954833984375
1368676800,27.014768600463867,40.84998321533203
1368763200,28.446012496948242,41.886573791503906
1369022400,29.106586456298828,42.206512451171875
1369108800,28.514833450317383,41.86098861694336
1369195200,28.36688232421875,41.84177780151367
1369281600,28.33591651916504,41.7522087097168
1369368000,28.232707977294922,41.89297866821289
1369713600,28.814136505126953,42.564857482910156
1369800000,28.800382614135742,42.76961135864258
1369886400,28.741907119750977,42.724822998046875
1369972800,28.384090423583984,42.596839904785156
1370232000,28.21894645690918,42.2833137512207
1370318400,27.740711212158203,41.70740509033203
1370404800,27.4998722076416,40.702789306640625
1370491200,28.4700927734375,41.592227935791016
1370577600,28.772851943969727,42.148921966552734
1370836800,28.353113174438477,41.66262435913086
1370923200,27.475788116455078,40.92675018310547
1371009600,27.2762508392334,40.51082992553711
1371096000,27.79575538635254,41.2786979675293
1371182400,27.3897762298584,40.830772399902344
1371441600,27.179912567138672,41.11872482299805
1371528000,27.152395248413086,41.20191192626953
1371614400,26.94251251220703,40.71559524536133
1371700800,25.38741111755371,38.64237976074219
1371787200,25.050241470336914,37.91292190551758
1372046400,24.214202880859375,36.59476852416992
1372132800,24.799087524414062,38.01530456542969
1372219200,24.919506072998047,38.21367645263672
1372305600,24.444719314575195,37.89372253417969
1372392000,24.448163986206055,37.69536590576172
1372651200,24.214202880859375,37.68895721435547
1372737600,23.839191436767578,36.524383544921875
1372824000,24.33462905883789,36.9083137512207
1372996800,23.735977172851562,36.62677764892578
1373256000,23.890798568725586,37.59297561645508
1373342400,24.124755859375,37.43941879272461
1373428800,23.498580932617188,35.890892028808594
1373515200,24.60298728942871,36.959495544433594
1373601600,25.19818687438965,37.810543060302734
1373860800,25.150022506713867,37.90012741088867
1373947200,24.059377670288086,36.882713317871094
1374033600,23.997451782226562,37.138675689697266
1374120000,23.49514389038086,36.4220085144043
1374206400,23.945850372314453,36.786739349365234
1374465600,24.02841567993164,37.08747100830078
1374552000,24.692434310913086,38.066490173339844
1374638400,24.217639923095703,37.650569915771484
1374724800,24.78876495361328,38.021697998046875
1374811200,24.740598678588867,37.75296401977539
1375070400,24.8507022857666,37.727359771728516
1375156800,25.119054794311523,37.413818359375
1375243200,25.229145050048828,39.352657318115234
1375329600,25.834686279296875,38.7255744934082
1375416000,24.74747657775879,37.375423431396484
1375675200,24.66490936279297,36.98508834838867
1375761600,24.468799591064453,37.311424255371094
1375848000,24.67523765563965,37.08747100830078
1375934400,24.940149307250977,37.75296401977539
1376020800,25.19818687438965,37.7017707824707
1376280000,25.13282012939453,37.22185134887695
1376366400,25.78307342529297,37.810543060302734
1376452800,25.353010177612305,37.818904876708984
1376539200,24.313980102539062,36.7639045715332
1376625600,24.083465576171875,36.21711349487305
1376884800,23.9000186920166,35.59955596923828
1376971200,24.571500778198242,36.673851013183594
1377057600,24.869171142578125,37.278541564941406
1377144000,25.911008834838867,37.381473541259766
1377230400,25.980243682861328,37.381473541259766
1377489600,25.89370346069336,37.39434051513672
1377576000,25.301830291748047,36.731746673583984
1377662400,25.62718963623047,37.32999801635742
1377748800,25.485273361206055,37.13058090209961
1377835200,25.09761619567871,36.731746673583984
1378180800,25.41950798034668,37.381473541259766
1378267200,25.49566078186035,37.97329330444336
1378353600,24.95570945739746,37.182044982910156
1378440000,24.523040771484375,36.93759536743164
1378699200,24.09384536743164,36.96977233886719
1378785600,23.571195602416992,36.532325744628906
1378872000,23.436203002929688,36.62238693237305
1378958400,23.166234970092773,36.31361770629883
1379044800,23.498502731323242,36.75104904174805
1379304000,23.173152923583984,36.55805587768555
1379390400,22.917015075683594,36.05628967285156
1379476800,22.934326171875,36.828243255615234
1379563200,22.640121459960938,37.407188415527344
1379649600,22.328603744506836,37.265682220458984
1379908800,21.8024959564209,36.9311637878418
1379995200,22.25937843322754,37.16274642944336
1380081600,22.314754486083984,37.34286880493164
1380168000,22.200532913208008,37.61947250366211
1380254400,22.477439880371094,37.65163803100586
1380513600,22.26283836364746,37.194915771484375
1380600000,22.25245475769043,37.24637985229492
1380686400,22.61588478088379,38.06978988647461
1380772800,22.57781410217285,38.31425094604492
1380859200,22.57781410217285,38.0633544921875
1381118400,22.1243896484375,37.24637985229492
1381204800,21.632896423339844,36.59667205810547
1381291200,21.494441986083984,36.60309600830078
1381377600,22.60550880432129,37.67738342285156
1381464000,23.27699089050293,38.5522575378418
1381723200,23.2562255859375,38.90606689453125
1381809600,23.688875198364258,38.27564239501953
1381896000,23.86540412902832,39.066890716552734
1381982400,24.291147232055664,40.025386810302734
1382068800,24.484973907470703,40.83591842651367
1382328000,24.550737380981445,41.11253356933594
1382414400,25.094146728515625,41.73652267456055
1382500800,24.952239990234375,41.59502029418945
1382587200,23.955402374267578,40.67510986328125
1382673600,24.19076156616211,40.78446578979492
1382932800,24.644193649291992,40.707271575927734
1383019200,24.51266098022461,41.26049041748047
1383105600,25.09761619567871,41.96168518066406
1383192000,24.80341339111328,41.44704055786133
1383278400,24.526504516601562,41.254051208496094
1383541200,24.813793182373047,41.453487396240234
1383627600,24.478055953979492,41.344120025634766
1383714000,24.367286682128906,41.40203094482422
1383800400,24.377668380737305,41.06751251220703
1383886800,24.799943923950195,42.045310974121094
1384146000,24.99031639099121,42.128929138183594
1384232400,25.616806030273438,42.32954406738281
1384318800,25.994081497192383,42.74371337890625
1384405200,27.295516967773438,43.72089385986328
1384491600,27.28859519958496,43.42322540283203
1384750800,26.944095611572266,43.49440002441406
1384837200,27.431270599365234,43.8568000793457
1384923600,26.933650970458984,43.37793731689453
1385010000,27.413862228393555,43.682071685791016
1385096400,27.925397872924805,44.3162727355957
1385355600,28.45780372619629,44.4198112487793
1385442000,28.377775192260742,44.491004943847656
1385528400,29.3486270904541,45.3775749206543
1385701200,28.79186248779297,45.047542572021484
1385960400,30.41693878173828,46.180049896240234
1386046800,30.270788192749023,45.68821334838867
1386133200,28.972816467285156,45.03460693359375
1386219600,29.178129196166992,45.125205993652344
1386306000,30.34385871887207,46.10238265991211
1386565200,29.769681930541992,46.48419189453125
1386651600,30.451730728149414,46.34181594848633
1386738000,29.91933250427246,45.85000228881836
1386824400,29.821884155273438,46.08945083618164
1386910800,29.651376724243164,46.33535385131836
1387170000,30.048076629638672,46.98896026611328
1387256400,29.957597732543945,46.982486724853516
1387342800,30.420408248901367,47.87556838989258
1387429200,29.825376510620117,47.18956756591797
1387515600,30.364736557006836,47.90791702270508
1387774800,30.890186309814453,48.15381622314453
1387861200,31.092016220092773,48.367374420166016
1388034000,31.158132553100586,48.61328887939453
1388120400,31.015457153320312,48.37385177612305
1388379600,30.796234130859375,48.35441970825195
1388466000,31.920215606689453,49.9140510559082
1388638800,31.137258529663086,49.473995208740234
1388725200,30.71271514892578,49.37043380737305
1388984400,30.869308471679688,49.836387634277344
1389070800,30.9702205657959,49.842864990234375
1389157200,30.85886573791504,49.74580001831055
1389243600,31.680095672607422,50.56119155883789
1389330000,31.65574836730957,50.4770622253418
1389589200,30.677921295166016,49.0598258972168
1389675600,31.005022048950195,49.49988555908203
1389762000,30.152463912963867,48.88509750366211
1389848400,29.821884155273438,48.78802490234375
1389934800,29.675731658935547,49.19572067260742
1390280400,30.041107177734375,49.76520538330078
1390366800,29.780128479003906,49.89463806152344
1390453200,29.731403350830078,49.95934295654297
1390539600,28.875381469726562,48.173240661621094
1390798800,29.056337356567383,48.47092819213867
1390885200,28.941499710083008,48.5874137878418
1390971600,30.107240676879883,48.00499725341797
1391058000,30.4482479095459,47.60374069213867
1391144400,30.29166030883789,47.299583435058594
1391403600,29.3486270904541,46.180049896240234
1391490000,28.96933937072754,46.03766632080078
1391576400,28.642242431640625,45.73351287841797
1391662800,28.997175216674805,47.43549728393555
1391749200,29.39386749267578,48.06969451904297
1392008400,28.715320587158203,46.768943786621094
1392094800,29.390405654907227,47.94672393798828
1392181200,29.299917221069336,47.65552520751953
1392267600,29.780128479003906,48.56636428833008
1392354000,30.67185401916504,49.39911651611328
1392699600,30.668365478515625,49.041263580322266
1392786000,30.43056297302246,48.9697151184082
1392872400,30.755783081054688,48.98273849487305
1392958800,30.5319766998291,48.76150894165039
1393218000,30.815237045288086,49.60729217529297
1393304400,31.434188842773438,50.440032958984375
1393390800,30.787260055541992,49.9390754699707
1393477200,29.426931381225586,48.62488555908203
1393563600,29.374475479125977,48.702964782714844
1393822800,29.154178619384766,48.702964782714844
1393909200,29.61577606201172,49.496681213378906
1393995600,30.136829376220703,49.97161102294922
1394082000,31.29081153869629,50.836891174316406
1394168400,31.47266387939453,50.797847747802734
1394424000,31.85032844543457,51.175209045410156
1394510400,31.923763275146484,51.44843292236328
1394596800,33.04629898071289,52.0469970703125
1394683200,32.364383697509766,50.836891174316406
1394769600,32.86444854736328,51.19472885131836
1395028800,32.721073150634766,51.62411117553711
1395115200,32.92040252685547,52.274696350097656
1395201600,32.04966354370117,51.02556610107422
1395288000,32.14057159423828,51.07109832763672
1395374400,31.71394920349121,50.71329116821289
1395633600,31.33628273010254,50.368473052978516
1395720000,31.69645881652832,50.87593460083008
1395806400,31.15793228149414,50.23185348510742
1395892800,30.524980545043945,50.00415802001953
1395979200,30.65786361694336,49.86752700805664
1396238400,30.43755531311035,50.134254455566406
1396324800,31.311792373657227,51.77375411987305
1396411200,30.479515075683594,51.552528381347656
1396497600,30.483013153076172,52.43733596801758
1396584000,30.45853614807129,51.76723861694336
1396843200,29.752168655395508,50.71329116821289
1396929600,29.339509963989258,50.45956039428711
1397016000,29.766149520874023,50.96051788330078
1397102400,29.559814453125,49.8935432434082
1397188800,29.126209259033203,49.932586669921875
1397448000,29.573808670043945,50.752315521240234
1397534400,30.276700973510742,51.18821716308594
1397620800,31.046018600463867,52.769168853759766
1397707200,31.441186904907227,52.229164123535156
1398052800,31.521610260009766,53.231082916259766
1398139200,31.609041213989258,53.33517837524414
1398225600,31.766414642333984,53.543357849121094
1398312000,31.731426239013672,53.718990325927734
1398398400,31.727947235107422,53.73200225830078
1398657600,32.4937744140625,54.6818733215332
1398744000,32.654624938964844,54.48670196533203
1398830400,32.50426483154297,54.14188003540039
1398916800,33.3750114440918,54.6818733215332
1399003200,33.48341751098633,54.34357452392578
1399262400,33.504398345947266,54.60377502441406
1399348800,33.812129974365234,54.81849670410156
1399435200,33.291080474853516,55.3194580078125
1399521600,32.44831466674805,53.94672393798828
1399608000,31.923763275146484,53.289615631103516
1399867200,32.179054260253906,54.350067138671875
1399953600,32.08812713623047,54.81849670410156
1400040000,32.10911560058594,54.36308288574219
1400126400,31.437685012817383,53.67586135864258
1400212800,31.140443801879883,53.577674865722656
1400472000,31.228288650512695,54.1470832824707
1400558400,31.140443801879883,53.649662017822266
1400644800,30.81017303466797,53.400970458984375
1400731200,30.536121368408203,53.91802215576172
1400817600,30.61693572998047,53.68894958496094
1401163200,30.55017852783203,53.787113189697266
1401249600,30.6977481842041,54.317256927490234
1401336000,31.555038452148438,55.187767028808594
1401422400,31.407472610473633,55.49537658691406
1401681600,31.5234317779541,55.78989791870117
1401768000,30.950714111328125,55.33173751831055
1401854400,30.86287498474121,54.78196334838867
1401940800,30.883953094482422,54.664146423339844
1402027200,30.81017303466797,55.21393966674805
1402286400,30.7434139251709,54.80160140991211
1402372800,30.10746192932129,54.2125358581543
1402459200,30.10746192932129,54.2518310546875
1402545600,30.44475555419922,54.192909240722656
1402632000,30.36396026611328,54.6445426940918
1402891200,30.170703887939453,54.61180877685547
1402977600,30.42017936706543,55.024131774902344
1403064000,31.143962860107422,55.30555725097656
1403150400,31.488277435302734,55.80299377441406
1403236800,31.48477554321289,56.24807357788086
1403496000,31.263412475585938,56.5033073425293
1403582400,30.374492645263672,55.59353256225586
1403668800,28.449077606201172,53.25040817260742
1403755200,28.43502426147461,53.73476791381836
1403841600,27.897451400756836,53.33549880981445
1404100800,27.43015480041504,52.64173126220703
1404187200,27.619884490966797,52.75299072265625
1404273600,28.066104888916016,53.01480484008789
1404360000,28.424488067626953,53.342071533203125
1404705600,27.92205047607422,52.68754959106445
1404792000,27.345834732055664,51.88905715942383
1404878400,27.43718147277832,52.23593521118164
1404964800,27.198274612426758,52.183589935302734
1405051200,27.707740783691406,52.55010986328125
1405310400,27.43367576599121,52.32756805419922
1405396800,27.763940811157227,53.093353271484375
1405483200,27.556640625,52.910072326660156
1405569600,26.96636962890625,52.05923080444336
1405656000,27.022586822509766,52.923179626464844
1405915200,26.678255081176758,52.46501922607422
1406001600,26.629064559936523,52.68754959106445
1406088000,26.91718292236328,53.19150924682617
1406174400,27.205286026000977,53.73476791381836
1406260800,27.60934829711914,54.09474182128906
1406520000,27.331771850585938,54.068572998046875
1406606400,27.978269577026367,53.9769172668457
1406692800,27.74989128112793,53.48605728149414
1406779200,29.330978393554688,53.0868034362793
1406865600,29.36259651184082,52.7137336730957
1407124800,29.678821563720703,53.59077453613281
1407211200,29.87556266784668,53.0213508605957
1407297600,30.479902267456055,53.85257339477539
1407384000,30.39206886291504,53.35514450073242
1407470400,30.7434139251709,54.356529235839844
1407729600,30.599349975585938,53.924560546875
1407816000,30.416658401489258,54.035823822021484
1407902400,30.71881866455078,54.50993347167969
1407988800,31.23883628845215,55.109169006347656
1408075200,31.298555374145508,55.17502975463867
1408334400,31.83208465576172,56.37346649169922
1408420800,32.365638732910156,56.68954086303711
1408507200,32.25962829589844,57.02537536621094
1408593600,31.82149887084961,56.788291931152344
1408680000,31.952226638793945,56.68954086303711
1408939200,32.008766174316406,57.22291946411133
1409025600,31.952226638793945,57.07147216796875
1409112000,31.867435455322266,56.92002487182617
1409198400,32.07589340209961,57.031982421875
1409284800,32.157169342041016,57.30193328857422
1409630400,31.627168655395508,57.25585174560547
1409716800,31.948701858520508,57.446807861328125
1409803200,32.14303207397461,57.209739685058594
1409889600,32.376220703125,57.624610900878906
1410148800,32.6447639465332,57.32829284667969
1410235200,32.40802764892578,56.93978500366211
1410321600,31.952226638793945,56.0639762878418
1410408000,31.41162109375,55.31990432739258
1410494400,30.69082260131836,54.6679801940918
1410753600,31.280879974365234,55.24747085571289
1410840000,31.157228469848633,56.485416412353516
1410926400,31.160749435424805,56.426151275634766
1411012800,30.85688018798828,56.55784606933594
1411099200,31.31975555419922,56.46567153930664
1411358400,30.41522216796875,55.207942962646484
1411444800,29.9276180267334,54.826019287109375
1411531200,29.853408813476562,54.450687408447266
1411617600,29.779205322265625,53.825111389160156
1411704000,30.037145614624023,54.14777755737305
1411963200,29.818078994750977,53.8448486328125
1412049600,29.917016983032227,53.54193878173828
1412136000,29.129066467285156,52.43569564819336
1412222400,28.602602005004883,51.20433044433594
1412308800,28.55666160583496,51.125301361083984
1412568000,28.577865600585938,50.934326171875
1412654400,28.55666160583496,50.934326171875
1412740800,29.772132873535156,52.126197814941406
1412827200,28.902929306030273,50.447052001953125
1412913600,28.8287296295166,50.256099700927734
1413172800,28.203323364257812,48.10283279418945
1413259200,27.712196350097656,46.4829216003418
1413345600,26.9489803314209,44.70499801635742
1413432000,27.719253540039062,45.9034538269043
1413518400,28.001930236816406,47.549678802490234
1413777600,28.49306297302246,47.641876220703125
1413864000,30.015933990478516,50.578739166259766
1413950400,29.528337478637695,49.64366912841797
1414036800,29.86753273010254,50.1244010925293
1414123200,30.312747955322266,50.36802673339844
1414382400,30.535354614257812,49.70295715332031
1414468800,31.48935890197754,51.05284881591797
1414555200,30.88515281677246,50.302188873291016
1414641600,32.02996063232422,50.967254638671875
1414728000,32.1182975769043,51.69160079956055
1414990800,32.372703552246094,50.4931526184082
1415077200,32.02289962768555,49.05105209350586
1415163600,32.05116653442383,49.21565246582031
1415250000,32.906227111816406,49.66343307495117
1415336400,33.241920471191406,49.18932342529297
1415595600,33.24898147583008,49.057621002197266
1415682000,33.43624496459961,48.491310119628906
1415768400,33.57051086425781,48.42502212524414
1415854800,33.05463790893555,46.95981216430664
1415941200,32.6412353515625,47.58966064453125
1416200400,32.86505126953125,48.252647399902344
1416286800,33.35176086425781,49.03498077392578
1416373200,33.323326110839844,50.23497772216797
1416459600,33.806480407714844,51.60078048706055
1416546000,34.431739807128906,52.654930114746094
1416805200,34.14753341674805,52.654930114746094
1416891600,33.83489227294922,52.7344856262207
1416978000,33.9876594543457,52.562103271484375
1417150800,32.005306243896484,48.41175842285156
1417410000,32.25399398803711,47.6426887512207
1417496400,33.44412612915039,48.90237045288086
1417582800,34.11201477050781,49.611793518066406
1417669200,34.342926025390625,49.704612731933594
1417755600,32.737152099609375,48.41175842285156
1418014800,31.518617630004883,45.70012283325195
1418101200,31.532825469970703,45.62055969238281
1418187600,30.218353271484375,44.49348068237305
1418274000,29.799156188964844,44.30120849609375
1418360400,29.55756950378418,43.5453987121582
1418619600,28.907455444335938,43.154232025146484
1418706000,29.202322006225586,44.447059631347656
1418792400,30.101137161254883,45.32221984863281
1418878800,29.85244369506836,45.76642608642578
1418965200,30.97862434387207,47.60954284667969
1419224400,31.010581970214844,47.22500228881836
1419310800,31.397823333740234,48.106781005859375
1419397200,31.48309898376465,47.80181121826172
1419570000,31.87386703491211,48.166481018066406
1419829200,32.34992599487305,48.27916717529297
1419915600,32.20071792602539,48.3454704284668
1420002000,32.06572723388672,47.536617279052734
1420174800,32.555973052978516,47.92779541015625
1420434000,31.650060653686523,45.03049850463867
1420520400,31.337427139282227,43.770816802978516
1420606800,31.596776962280273,43.96308517456055
1420693200,32.33926010131836,45.6735954284668
1420779600,31.436906814575195,44.62608337402344
1421038800,30.346250534057617,42.59069061279297
1421125200,28.726285934448242,40.77408981323242
1421211600,27.57879638671875,39.39505386352539
1421298000,27.301677703857422,39.176273345947266
1421384400,27.553924560546875,40.32988739013672
1421730000,28.569957733154297,42.17963409423828
1421816400,28.758243560791016,43.92329788208008
1421902800,29.831132888793945,44.62608337402344
1421989200,30.96441650390625,45.42829132080078
1422248400,31.3303165435791,45.34874725341797
1422334800,31.504409790039062,46.14433670043945
1422421200,31.72110939025879,45.328853607177734
1422507600,31.976905822753906,46.72776412963867
1422594000,32.893463134765625,46.62167739868164
1422853200,33.37307357788086,48.26591110229492
1422939600,34.04096221923828,49.64494705200195
1423026000,34.17240905761719,49.33995819091797
1423112400,34.566734313964844,49.86371612548828
1423198800,35.1280403137207,50.45379638671875
1423458000,35.58633804321289,50.34108352661133
1423544400,36.300411224365234,50.1686897277832
1423630800,35.852783203125,49.187477111816406
1423717200,36.023311614990234,50.13531494140625
1423803600,36.94441604614258,51.143226623535156
1424149200,37.06581115722656,51.33012771606445
1424235600,37.3549919128418,50.69598388671875
1424322000,37.719154357910156,51.683895111083984
1424408400,37.69057846069336,51.623809814453125
1424667600,37.969058990478516,52.95213317871094
1424754000,37.55134582519531,53.39934539794922
1424840400,37.365699768066406,52.79192352294922
1424926800,38.21540451049805,53.43937301635742
1425013200,37.48707962036133,52.371402740478516
1425272400,36.33748245239258,51.39686965942383
1425358800,36.69093322753906,52.12442398071289
1425445200,36.419586181640625,52.037654876708984
1425531600,36.32677459716797,51.316776275634766
1425618000,35.16288757324219,50.30219268798828
1425873600,35.6198616027832,50.92293930053711
1425960000,34.31674575805664,49.414424896240234
1426046400,34.58451843261719,49.76150894165039
1426132800,34.15608596801758,49.501197814941406
1426219200,34.34531784057617,49.82158279418945
1426478400,35.009376525878906,50.92293930053711
1426564800,34.8951301574707,50.69598388671875
1426651200,36.062583923339844,52.144474029541016
1426737600,35.723419189453125,51.7372932434082
1426824000,36.508853912353516,52.63839340209961
1427083200,36.565975189208984,52.418128967285156
1427169600,36.30892562866211,51.817386627197266
1427256000,36.80160903930664,52.73183822631836
1427342400,36.01615905761719,52.358062744140625
1427428800,35.5770263671875,51.804046630859375
1427688000,36.73734664916992,53.10565948486328
1427774400,36.555259704589844,52.4648551940918
1427860800,36.33034133911133,53.359291076660156
1427947200,34.65948486328125,52.17782211303711
1428292800,35.18073654174805,52.431480407714844
1428379200,35.07364273071289,51.910850524902344
1428465600,35.216434478759766,51.67053985595703
1428552000,35.652008056640625,51.93754196166992
1428638400,35.851932525634766,52.29132080078125
1428897600,34.70589828491211,51.35015106201172
1428984000,35.002235412597656,51.950897216796875
1429070400,34.998653411865234,52.69181823730469
1429156800,35.70198440551758,52.89204788208008
1429243200,35.244998931884766,52.0710563659668
1429502400,35.46278381347656,52.932106018066406
1429588800,35.70556640625,53.06560134887695
1429675200,36.46243667602539,54.0134391784668
1429761600,36.30536651611328,54.220359802246094
1429848000,36.82660675048828,54.460662841796875
1430107200,36.75163650512695,54.11356735229492
1430193600,36.59810256958008,54.4739990234375
1430280000,36.60524368286133,54.06684112548828
1430366400,35.191444396972656,52.93877029418945
1430452800,36.65166473388672,54.4739990234375
1430712000,36.14826202392578,53.96004104614258
1430798400,36.3553352355957,53.69304275512695
1430884800,36.06613540649414,53.27920150756836
1430971200,36.66237258911133,53.359291076660156
1431057600,37.44424057006836,54.48735046386719
1431316800,36.5159797668457,53.75978469848633
1431403200,36.17683410644531,53.73308563232422
1431489600,36.5159797668457,53.91331100463867
1431576000,37.38355255126953,54.867774963378906
1431662400,36.93369674682617,54.4779167175293
1431921600,37.40726852416992,54.66613006591797
1432008000,37.4036750793457,54.24267578125
1432094400,37.42878723144531,54.12168884277344
1432180800,37.18842315673828,54.44430923461914
1432267200,36.980342864990234,54.42415237426758
1432612800,36.033233642578125,53.34197998046875
1432699200,36.219791412353516,53.227718353271484
1432785600,36.8691291809082,53.476417541503906
1432872000,37.116668701171875,53.180667877197266
1433131200,37.148963928222656,53.335269927978516
1433217600,36.9624137878418,53.16722869873047
1433304000,36.66464614868164,52.6295051574707
1433390400,35.993770599365234,52.0111198425293
1433476800,36.20543670654297,52.46146774291992
1433736000,36.040409088134766,51.87670135498047
1433822400,35.6350212097168,51.61457061767578
1433908800,36.51754379272461,52.29343795776367
1433995200,37.3319206237793,52.878204345703125
1434081600,36.614418029785156,52.19260787963867
1434340800,36.635948181152344,52.48162841796875
1434427200,36.72921371459961,52.68999099731445
1434513600,36.80813217163086,52.992435455322266
1434600000,37.267356872558594,53.79232406616211
1434686400,37.238651275634766,53.55034255981445
1434945600,37.23147201538086,53.50330352783203
1435032000,37.44671630859375,53.98052978515625
1435118400,37.08079528808594,53.227718353271484
1435204800,36.90858840942383,53.02607727050781
1435291200,37.28887939453125,53.51674270629883
1435550400,36.48526382446289,52.7572021484375
1435636800,37.53282165527344,54.1485595703125
1435723200,38.580387115478516,54.64596939086914
1435809600,38.75259780883789,54.74678039550781
1436155200,39.290714263916016,54.80727767944336
1436241600,39.850372314453125,55.351707458496094
1436328000,38.723899841308594,52.76393127441406
1436414400,38.300559997558594,53.40247344970703
1436500800,39.09699249267578,54.77367401123047
1436760000,42.17509841918945,56.07091522216797
1436846400,42.18226623535156,56.13813018798828
1436932800,41.26387023925781,54.96187210083008
1437019200,41.9598503112793,55.92975616455078
1437105600,42.03158950805664,55.94993591308594
1437364800,41.27821350097656,55.3382682800293
1437451200,41.00556564331055,55.10303497314453
1437537600,40.94817352294922,55.00220489501953
1437624000,40.41721725463867,54.706451416015625
1437710400,40.4100341796875,53.12017822265625
1437969600,39.075462341308594,51.567508697509766
1438056000,39.11134719848633,52.8647575378418
1438142400,40.044097900390625,53.79232406616211
1438228800,38.702354431152344,53.180667877197266
1438315200,39.22614288330078,53.43608093261719
1438574400,38.17140579223633,52.884925842285156
1438660800,37.44671630859375,52.60261154174805
1438747200,37.08079528808594,52.61604690551758
1438833600,37.418025970458984,53.530174255371094
1438920000,36.71487045288086,53.51674270629883
1439179200,38.21446228027344,55.465980529785156
1439265600,40.07998275756836,56.259117126464844
1439352000,41.471946716308594,56.67584991455078
1439438400,40.89076614379883,56.21572494506836
1439524800,39.93647766113281,55.68795394897461
1439784000,40.3189582824707,56.202213287353516
1439870400,40.03750228881836,56.330772399902344
1439956800,39.33027648925781,54.67298889160156
1440043200,38.45708084106445,53.81365203857422
1440129600,34.913753509521484,51.2491569519043
1440388800,33.06631088256836,48.488441467285156
1440475200,31.586910247802734,47.73737335205078
1440561600,32.84980010986328,49.59815216064453
1440648000,33.67972183227539,50.76198959350586
1440734400,34.07663345336914,52.25736618041992
1440993600,34.14157485961914,53.502403259277344
1441080000,33.239501953125,52.50095748901367
1441166400,33.78074264526367,53.157291412353516
1441252800,33.9034309387207,53.08962631225586
1441339200,33.44156265258789,52.237064361572266
1441684800,34.437461853027344,54.05046463012695
1441771200,34.242591857910156,54.57149887084961
1441857600,34.7549934387207,54.82182693481445
1441944000,34.54570388793945,54.53764343261719
1442203200,33.571468353271484,52.92047882080078
1442289600,34.098270416259766,53.59710693359375
1442376000,33.67972183227539,53.58359146118164
1442462400,33.795166015625,53.6647834777832
1442548800,33.261146545410156,53.17760467529297
1442808000,33.31888198852539,53.63094711303711
1442894400,33.15290069580078,52.89339828491211
1442980800,33.38381576538086,52.676883697509766
1443067200,33.67972183227539,52.54155349731445
1443153600,34.156009674072266,52.73776626586914
1443412800,32.496192932128906,50.14623260498047
1443499200,32.86424255371094,50.41688537597656
1443585600,33.43435287475586,51.993465423583984
1443672000,34.588993072509766,52.731021881103516
1443758400,34.920955657958984,53.779815673828125
1444017600,36.50138854980469,55.363182067871094
1444104000,36.11168670654297,55.877418518066406
1444190400,36.29210662841797,56.32400131225586
1444276800,36.862220764160156,57.230712890625
1444363200,35.82303237915039,56.51347351074219
1444622400,35.91684341430664,56.75028610229492
1444708800,35.20240783691406,55.59322738647461
1444795200,35.06528854370117,55.802982330322266
1444881600,36.154991149902344,56.49317932128906
1444968000,36.89830017089844,56.91944122314453
1445227200,35.404476165771484,55.22782897949219
1445313600,34.1632194519043,55.21430206298828
1445400000,33.75909423828125,54.469993591308594
1445486400,34.38692855834961,55.8977165222168
1445572800,35.06528854370117,56.398441314697266
1445832000,35.15911102294922,56.16160583496094
1445918400,35.34674072265625,56.540523529052734
1446004800,35.967376708984375,57.44044494628906
1446091200,36.97768020629883,58.482513427734375
1446177600,37.381813049316406,60.25529098510742
1446440400,38.1900634765625,61.30411911010742
1446526800,39.424102783203125,62.70478439331055
1446613200,39.54677963256836,63.15135192871094
1446699600,40.16020202636719,63.38819122314453
1446786000,40.39112091064453,62.7588996887207
1447045200,39.200382232666016,62.25819396972656
1447131600,39.52512741088867,62.700687408447266
1447218000,39.58285903930664,61.672706604003906
1447304400,39.481842041015625,60.753631591796875
1447390800,38.738521575927734,60.64470291137695
1447650000,39.03617858886719,61.999473571777344
1447736400,39.39190673828125,62.033538818359375
1447822800,40.42280578613281,63.000240325927734
1447909200,40.51719665527344,62.89132308959961
1447995600,40.60430908203125,62.407955169677734
1448254800,40.95277786254883,62.74836730957031
1448341200,41.51904296875,63.40192794799805
1448427600,42.14339065551758,63.156822204589844
1448600400,42.520904541015625,63.150020599365234
1448859600,42.404747009277344,62.312660217285156
1448946000,43.07990646362305,63.0887336730957
1449032400,42.114341735839844,61.570587158203125
1449118800,39.522579193115234,60.29751968383789
1449205200,40.386512756347656,61.40719223022461
1449464400,38.97809600830078,59.017662048339844
1449550800,38.28116226196289,58.854225158691406
1449637200,37.73665237426758,58.609134674072266
1449723600,38.00528335571289,59.05846405029297
1449810000,36.023345947265625,56.355743408203125
1450069200,34.83998489379883,55.4162483215332
1450155600,35.68939208984375,55.67498779296875
1450242000,36.081417083740234,56.54636001586914
1450328400,37.25751495361328,55.67498779296875
1450414800,36.553314208984375,54.8443717956543
1450674000,37.31559753417969,54.885257720947266
1450760400,37.460784912109375,55.6204948425293
1450846800,38.26663589477539,57.73094940185547
1450933200,38.21580505371094,57.43137741088867
1451278800,37.460784912109375,56.13788604736328
1451365200,37.867340087890625,56.348934173583984
1451451600,37.96898651123047,55.83152770996094
1451538000,37.63502883911133,55.688575744628906
1451883600,37.199432373046875,54.51760482788086
1451970000,36.73480987548828,55.143924713134766
1452056400,35.36996078491211,53.12199783325195
1452142800,34.83998489379883,52.04635238647461
1452229200,33.53322219848633,51.20216751098633
1452488400,33.19200134277344,51.862525939941406
1452574800,33.678409576416016,52.97903823852539
1452661200,30.69461441040039,51.22941207885742
1452747600,31.69647979736328,53.972965240478516
1452834000,30.070270538330078,53.421566009521484
1453179600,29.910551071166992,53.557708740234375
1453266000,29.402366638183594,52.373130798339844
1453352400,28.756242752075195,51.767215728759766
1453438800,31.09389877319336,54.48357391357422
1453698000,29.598386764526367,51.89658737182617
1453784400,30.171907424926758,52.93818664550781
1453870800,28.937726974487305,52.917747497558594
1453957200,29.19908905029297,53.578125
1454043600,30.33888816833496,54.56529235839844
1454302800,30.324363708496094,54.1091423034668
1454389200,29.23538589477539,53.441978454589844
1454475600,27.006620407104492,53.85041809082031
1454562000,25.365890502929688,54.381446838378906
1454648400,23.449298858642578,53.326229095458984
1454907600,22.309494018554688,51.930606842041016
1454994000,22.79590606689453,51.358760833740234
1455080400,22.991924285888672,51.25663757324219
1455166800,22.382099151611328,50.0014533996582
1455253200,23.277088165283203,51.57900619506836
1455598800,23.871301651000977,53.670963287353516
1455685200,24.17940330505371,55.27595520019531
1455771600,23.01299476623535,54.48717498779297
1455858000,23.17438316345215,54.933013916015625
1456117200,24.487524032592773,55.46800231933594
1456203600,23.189058303833008,53.883583068847656
1456290000,24.920352935791016,54.24708938598633
1456376400,25.1037540435791,54.0207633972168
1456462800,25.1037540435791,54.25397872924805
1456722000,25.12575912475586,54.45289993286133
1456808400,25.404529571533203,57.210166931152344
1456894800,25.463212966918945,58.00579071044922
1456981200,27.37790298461914,59.04834747314453
1457067600,27.18716812133789,58.835731506347656
1457326800,27.04045295715332,59.95372009277344
1457413200,25.80066680908203,58.16355514526367
1457499600,27.18716812133789,59.04834747314453
1457586000,26.658979415893555,58.59568405151367
1457672400,27.671354293823242,59.28157043457031
1457928000,27.172502517700195,59.11008834838867
1458014400,26.871719360351562,59.39814758300781
1458100800,28.162853240966797,60.06348419189453
1458187200,27.524620056152344,60.6190299987793
1458273600,28.045482635498047,61.325523376464844
1458532800,28.184860229492188,61.51756286621094
1458619200,28.294902801513672,61.839927673339844
1458705600,27.3192195892334,60.44071578979492
1458792000,27.047788619995117,60.39954376220703
1459137600,27.12847900390625,60.00857925415039
1459224000,26.893722534179688,59.96745681762695
1459310400,26.835041046142578,60.09775924682617
1459396800,27.27520179748535,59.39128494262695
1459483200,26.695653915405273,58.760292053222656
1459742400,26.88639259338379,58.801422119140625
1459828800,26.614959716796875,58.17039489746094
1459915200,26.754344940185547,58.31444549560547
1460001600,27.480602264404297,57.964630126953125
1460088000,28.390274047851562,59.02777099609375
1460347200,27.869417190551758,58.01264953613281
1460433600,28.60301971435547,58.97291564941406
1460520000,29.09453582763672,59.67936325073242
1460606400,28.91845703125,59.61763000488281
1460692800,27.80339241027832,58.197845458984375
1460952000,28.184860229492188,58.74656295776367
1461038400,28.118844985961914,59.27470397949219
1461124800,28.94046401977539,59.45989227294922
1461211200,29.87213897705078,59.946861267089844
1461297600,30.415000915527344,60.344688415527344
1461556800,30.209592819213867,60.31040573120117
1461643200,30.415000915527344,60.63275146484375
1461729600,30.348976135253906,61.00999450683594
1461816000,30.062875747680664,60.2143669128418
1461902400,28.669038772583008,56.318511962890625
1462161600,28.3022403717041,56.3802375793457
1462248000,27.869417190551758,54.87813186645508
1462334400,26.57094383239746,54.404869079589844
1462420800,26.475574493408203,54.24026107788086
1462507200,26.321516036987305,53.856136322021484
1462766400,25.639278411865234,53.718990325927734
1462852800,26.006074905395508,54.35687255859375
1462939200,26.336198806762695,54.45289993286133
1463025600,25.668621063232422,53.670963287353516
1463112000,26.035415649414062,53.73270034790039
1463371200,26.37593650817871,54.40340805053711
1463457600,26.70167350769043,54.1475715637207
1463544000,27.197647094726562,54.0230827331543
1463630400,26.723873138427734,53.69121551513672
1463716800,27.11621856689453,53.86406707763672
1463976000,26.33152961730957,53.80875015258789
1464062400,26.509199142456055,55.10868453979492
1464148800,26.41295051574707,55.40602493286133
1464235200,25.576446533203125,55.343780517578125
1464321600,25.99100685119629,55.75175094604492
1464667200,25.783727645874023,55.56504821777344
1464753600,26.975570678710938,55.90385437011719
1464840000,27.153228759765625,55.890010833740234
1464926400,26.250097274780273,55.40602493286133
1465185600,26.12424659729004,55.84161376953125
1465272000,27.13102149963379,56.22885513305664
1465358400,27.30128288269043,56.954856872558594
1465444800,27.353111267089844,56.097450256347656
1465531200,26.94595718383789,55.36450958251953
1465790400,25.139684677124023,54.486366271972656
1465876800,24.288373947143555,54.555545806884766
1465963200,24.57708168029785,54.72145462036133
1466049600,24.717729568481445,54.922000885009766
1466136000,24.799161911010742,54.27894592285156
1466395200,25.606060028076172,54.66615676879883
1466481600,26.05762481689453,54.86668395996094
1466568000,26.1020450592041,54.99806213378906
1466654400,27.10881233215332,55.91768264770508
1466740800,26.15386390686035,54.361934661865234
1467000000,24.377206802368164,53.172630310058594
1467086400,26.427766799926758,54.451812744140625
1467172800,27.58258628845215,55.10868453979492
1467259200,28.10076904296875,54.85976028442383
1467345600,29.070545196533203,55.16399002075195
1467691200,28.707815170288086,53.88482666015625
1467777600,27.019983291625977,52.806148529052734
1467864000,26.26490592956543,51.3541145324707
1467950400,26.94595718383789,51.75514602661133
1468209600,26.975570678710938,52.00405502319336
1468296000,27.78985595703125,52.826908111572266
1468382400,27.375316619873047,52.72319030761719
1468468800,27.678829193115234,52.97207260131836
1468555200,27.056991577148438,52.315216064453125
1468814400,27.419736862182617,52.30830383300781
1468900800,27.782461166381836,52.37052917480469
1468987200,27.98233413696289,52.093963623046875
1469073600,27.48635482788086,51.94183349609375
1469160000,27.997142791748047,52.12853240966797
1469419200,27.316099166870117,51.492408752441406
1469505600,28.581968307495117,52.70935821533203
1469592000,28.004545211791992,52.13543701171875
1469678400,28.256240844726562,52.72319030761719
1469764800,29.159374237060547,52.591800689697266
1470024000,28.722614288330078,51.347190856933594
1470110400,28.715208053588867,52.65403366088867
1470196800,30.514076232910156,54.38957214355469
1470283200,30.077312469482422,53.615142822265625
1470369600,31.02486801147461,54.12682342529297
1470628800,31.039663314819336,54.33425521850586
1470715200,30.373428344726562,53.04815673828125
1470801600,30.34381675720215,53.20719909667969
1470888000,31.01746940612793,54.04384231567383
1470974400,30.876811981201172,54.49329376220703
1471233600,30.77227020263672,54.3411750793457
1471320000,31.45925521850586,54.35511779785156
1471406400,31.518980026245117,54.16691589355469
1471492800,31.728063583374023,54.33420944213867
1471579200,31.369640350341797,54.40391540527344
1471838400,30.690128326416016,53.65110397338867
1471924800,31.30990219116211,54.24357986450195
1472011200,31.339763641357422,54.14600372314453
1472097600,31.287513732910156,55.114891052246094
1472184000,31.250164031982422,54.80122756958008
1472443200,31.57872772216797,54.982444763183594
1472529600,31.86994743347168,55.29613494873047
1472616000,31.74299430847168,54.68270492553711
1472702400,31.294971466064453,54.571189880371094
1472788800,31.601123809814453,54.9754638671875
1473134400,32.08649444580078,55.14278030395508
1473220800,32.17610168457031,55.47732925415039
1473307200,32.444915771484375,55.818912506103516
1473393600,31.541391372680664,54.271461486816406
1473652800,32.36277389526367,54.954566955566406
1473739200,31.73554039001465,53.84629821777344
1473825600,31.265106201171875,53.65110397338867
1473912000,32.66147232055664,55.13581466674805
1473998400,32.571868896484375,55.12881851196289
1474257600,32.65400314331055,56.007102966308594
1474344000,31.772865295410156,55.47037887573242
1474430400,32.26570510864258,55.81193542480469
1474516800,31.87741470336914,55.78404998779297
1474603200,31.57125473022461,55.47037887573242
1474862400,30.97388458251953,55.39370346069336
1474948800,31.250164031982422,55.351890563964844
1475035200,31.84007453918457,56.59260177612305
1475121600,29.674592971801758,55.26126480102539
1475208000,30.309307098388672,56.146507263183594
1475467200,30.585586547851562,56.04890823364258
1475553600,30.89920425415039,55.637664794921875
1475640000,31.56378936767578,56.522911071777344
1475726400,31.631000518798828,56.299869537353516
1475812800,31.190433502197266,56.034969329833984
1476072000,31.7131404876709,56.66929626464844
1476158400,31.332313537597656,56.15347671508789
1476244800,31.10828971862793,55.63069152832031
1476331200,31.033615112304688,55.17063522338867
1476417600,31.1008358001709,55.28218078613281
1476676800,31.250164031982422,55.163673400878906
1476763200,31.907276153564453,55.47732925415039
1476849600,31.847553253173828,55.53310775756836
1476936000,32.14623260498047,55.581905364990234
1477022400,32.92281723022461,56.007102966308594
1477281600,32.69133377075195,56.174400329589844
1477368000,32.62413787841797,56.29287338256836
1477454400,33.04975891113281,56.50196838378906
1477540800,31.96702003479004,55.756160736083984
1477627200,31.974475860595703,55.85375213623047
1477886400,32.54945373535156,56.56471633911133
1477972800,31.61606216430664,55.93741226196289
1478059200,30.615455627441406,54.606048583984375
1478145600,30.749866485595703,55.12186813354492
1478232000,30.787200927734375,54.787288665771484
1478494800,31.810199737548828,55.714332580566406
1478581200,31.22776222229004,55.68644714355469
1478667600,32.53451919555664,57.47087097167969
1478754000,32.72119903564453,57.91698455810547
1478840400,32.825740814208984,57.310550689697266
1479099600,32.818214416503906,58.10517883300781
1479186000,32.9989128112793,58.786441802978516
1479272400,32.7429313659668,58.2948112487793
1479358800,32.645050048828125,58.877769470214844
1479445200,32.60740280151367,58.74432373046875
1479704400,35.51354217529297,59.601192474365234
1479790800,36.040557861328125,59.615238189697266
1479877200,35.92009353637695,59.74165725708008
1480050000,36.28901672363281,59.62226867675781
1480309200,35.42319107055664,59.06037902832031
1480395600,34.61760711669922,57.866371154785156
1480482000,35.400604248046875,58.351009368896484
1480568400,35.94267654418945,59.68547058105469
1480654800,35.987857818603516,59.615238189697266
1480914000,36.14594650268555,60.0085563659668
1481000400,35.5587158203125,59.63631057739258
1481086800,37.380706787109375,61.11122131347656
1481173200,37.68938446044922,61.54668426513672
1481259600,37.22258377075195,61.21659469604492
1481518800,36.95907974243164,61.314918518066406
1481605200,37.0720100402832,61.925960540771484
1481691600,36.45465087890625,60.69684600830078
1481778000,36.800968170166016,60.80217742919922
1481864400,37.72702407836914,61.42730712890625
1482123600,37.22258377075195,61.22361373901367
1482210000,37.177406311035156,61.06205749511719
1482296400,36.883792877197266,60.94969940185547
1482382800,37.90019607543945,61.497520446777344
1482469200,38.231449127197266,61.609893798828125
1482814800,38.4874267578125,61.62392044067383
1482901200,37.89265823364258,61.18849182128906
1482987600,37.982994079589844,60.8583869934082
1483074000,37.907711029052734,60.689823150634766
1483419600,39.850154876708984,60.95671463012695
1483506000,38.57777786254883,61.28681945800781
1483592400,38.43472671508789,60.92158508300781
1483678800,37.92277526855469,59.98046112060547
1483938000,37.237640380859375,59.01122283935547
1484024400,36.86873245239258,58.82859420776367
1484110800,37.38823318481445,59.62226867675781
1484197200,37.079532623291016,59.23596954345703
1484283600,36.42454528808594,58.49849319458008
1484629200,36.68803405761719,58.688140869140625
1484715600,36.81602478027344,59.088478088378906
1484802000,36.4170036315918,58.287776947021484
1484888400,36.71061325073242,58.322898864746094
1485147600,36.68051528930664,57.732933044433594
1485234000,37.71195983886719,59.13062286376953
1485320400,37.395751953125,59.699501037597656
1485406800,37.22258377075195,59.165740966796875
1485493200,36.95154571533203,58.13327407836914
1485752400,36.40947341918945,57.82424545288086
1485838800,36.17607116699219,57.32558822631836
1485925200,35.92009353637695,56.714542388916016
1486011600,36.063140869140625,56.92523193359375
1486098000,36.2589111328125,56.152652740478516
1486357200,36.4170036315918,55.58375549316406
1486443600,36.08572006225586,55.169368743896484
1486530000,36.98166275024414,55.38709259033203
1486616400,37.59149932861328,55.66101837158203
1486702800,37.74959945678711,56.089447021484375
1486962000,37.855003356933594,56.1175537109375
1487048400,38.64365768432617,56.17372512817383
1487134800,38.4009895324707,56.24397659301758
1487221200,37.885345458984375,55.57143783569336
1487307600,37.93083953857422,55.68471908569336
1487653200,38.20383071899414,55.9466552734375
1487739600,37.7715950012207,55.48649978637695
1487826000,38.18107604980469,55.64930725097656
1487912400,37.93842697143555,55.23871994018555
1488171600,38.49198913574219,55.82627868652344
1488258000,37.61234664916992,55.35198974609375
1488344400,38.666404724121094,56.187347412109375
1488430800,38.70432662963867,55.45109176635742
1488517200,38.87872314453125,55.458194732666016
1488776400,38.78772735595703,55.72718811035156
1488862800,38.02943420410156,54.849361419677734
1488949200,38.08250427246094,54.686553955078125
1489035600,37.36968231201172,54.396297454833984
1489122000,37.81709671020508,55.82627868652344
1489377600,38.666404724121094,55.93246841430664
1489464000,37.92326736450195,55.57851791381836
1489550400,39.09864044189453,56.739498138427734
1489636800,38.81047821044922,56.41386413574219
1489723200,38.51475143432617,56.590858459472656
1489982400,38.294830322265625,56.21564483642578
1490068800,37.35451889038086,55.642242431640625
1490155200,37.589595794677734,55.8050651550293
1490241600,37.38485336303711,55.557289123535156
1490328000,37.05878448486328,54.70070266723633
1490587200,37.028438568115234,54.686553955078125
1490673600,37.18010711669922,55.16086196899414
1490760000,38.3327522277832,55.44401168823242
1490846400,38.021846771240234,55.63515853881836
1490932800,38.325157165527344,56.08115005493164
1491192000,37.87018585205078,55.422786712646484
1491278400,38.14316940307617,55.52189254760742
1491364800,37.49101257324219,54.91307830810547
1491451200,37.794342041015625,54.424617767333984
1491537600,37.93083953857422,54.61575698852539
1491796800,38.021846771240234,55.25288391113281
1491883200,38.24174880981445,55.132537841796875
1491969600,37.87018585205078,54.7785758972168
1492056000,37.33936309814453,54.27595901489258
1492401600,37.83985137939453,54.51665496826172
1492488000,37.11185073852539,53.752098083496094
1492574400,36.543121337890625,53.327354431152344
1492660800,36.808528900146484,53.624671936035156
1492747200,36.82371139526367,54.0494384765625
1493006400,38.05975341796875,54.87060546875
1493092800,37.93842697143555,55.27412033081055
1493179200,37.61234664916992,55.295352935791016
1493265600,38.68916320800781,55.25288391113281
1493352000,38.62848663330078,56.32183837890625
1493611200,38.56782913208008,56.32183837890625
1493697600,38.99247360229492,56.10945129394531
1493784000,38.855987548828125,56.34307098388672
1493870400,37.582027435302734,55.387386322021484
1493956800,38.416160583496094,56.17316818237305
1494216000,38.93182373046875,56.37845993041992
1494302400,39.022804260253906,56.35017395019531
1494388800,39.690120697021484,56.45635223388672
1494475200,39.819053649902344,56.29351043701172
1494561600,39.940372467041016,56.484649658203125
1494820800,40.45957565307617,56.71826934814453
1494907200,40.0701789855957,56.08980941772461
1494993600,39.741851806640625,55.46847915649414
1495080000,39.65786361694336,55.382816314697266
1495166400,40.29923629760742,55.88271713256836
1495425600,40.451934814453125,56.096954345703125
1495512000,40.528289794921875,55.80414962768555
1495598400,40.566471099853516,55.904136657714844
1495684800,40.047264099121094,55.28996276855469
1495771200,40.32977294921875,55.304256439208984
1496116800,40.02436828613281,54.99001693725586
1496203200,39.734222412109375,54.35441589355469
1496289600,40.566471099853516,54.7186393737793
1496376000,40.2381477355957,54.540096282958984
1496635200,40.31450271606445,54.890037536621094
1496721600,40.535926818847656,55.018577575683594
1496808000,40.44430923461914,54.96143341064453
1496894400,40.79553985595703,55.275672912597656
1496980800,41.77284622192383,56.82538986206055
1497240000,41.589599609375,57.282447814941406
1497326400,42.01717758178711,57.582393646240234
1497412800,40.734439849853516,56.26121139526367
1497499200,40.45957565307617,56.47544860839844
1497585600,41.05512237548828,57.80379104614258
1497844800,41.45216369628906,58.018028259277344
1497931200,40.35266876220703,56.811119079589844
1498017600,39.49751663208008,56.33976364135742
1498104000,39.0699462890625,56.35405349731445
1498190400,39.3219108581543,57.325321197509766
1498449600,39.19212341308594,57.30386734008789
1498536000,39.589141845703125,57.518131256103516
1498622400,40.177059173583984,58.41081237792969
1498708800,39.5586051940918,58.467952728271484
1498795200,39.955650329589844,59.05356216430664
1499054400,40.543556213378906,59.51774978637695
1499227200,40.39084243774414,58.79646301269531
1499313600,40.35266876220703,58.48222732543945
1499400000,41.2841796875,58.989288330078125
1499659200,41.29182052612305,58.88930130004883
1499745600,41.383445739746094,58.8178825378418
1499832000,41.04749298095703,58.73219299316406
1499918400,41.108577728271484,58.36082458496094
1500004800,41.085662841796875,58.70361328125
1500264000,41.467430114746094,58.425106048583984
1500350400,41.864471435546875,58.532230377197266
1500436800,42.41421890258789,59.217811584472656
1500523200,42.299678802490234,58.8178825378418
1500609600,42.253875732421875,59.1678352355957
1500868800,42.421852111816406,59.024986267089844
1500955200,42.77307891845703,60.310455322265625
1501041600,42.498199462890625,59.774845123291016
1501128000,42.87232971191406,60.35331344604492
1501214400,41.97900390625,59.73915100097656
1501473600,42.750179290771484,59.810569763183594
1501560000,43.1624755859375,61.15316390991211
1501646400,42.91051483154297,61.895896911621094
1501732800,42.67381286621094,61.1674690246582
1501819200,42.59747314453125,61.131736755371094
1502078400,41.91791915893555,60.75324249267578
1502164800,41.566680908203125,60.7175407409668
1502251200,40.45957565307617,60.33903121948242
1502337600,39.864013671875,59.73200225830078
1502424000,39.82583236694336,59.58916473388672
1502683200,40.2490348815918,59.903411865234375
1502769600,39.925865173339844,59.76057052612305
1502856000,39.287235260009766,59.79660415649414
1502942400,38.24081802368164,58.255401611328125
1503028800,38.55628204345703,58.73792266845703
1503288000,38.04845428466797,58.982784271240234
1503374400,38.21772384643555,59.220436096191406
1503460800,38.602439880371094,59.31406784057617
1503547200,39.341102600097656,60.401554107666016
1503633600,39.79505920410156,60.07746887207031
1503892800,40.41061019897461,60.24310302734375
1503979200,39.571929931640625,60.13508605957031
1504065600,40.26442337036133,60.207096099853516
1504152000,40.35674285888672,60.35832595825195
1504238400,41.764801025390625,60.804832458496094
1504584000,39.84892654418945,59.94784164428711
1504670400,40.295196533203125,60.03422927856445
1504756800,40.4952507019043,60.52397155761719
1504843200,41.10309600830078,60.999267578125
1505102400,41.35700988769531,61.3521614074707
1505188800,41.372398376464844,61.74107360839844
1505275200,40.941524505615234,62.187583923339844
1505361600,40.2721061706543,62.10834884643555
1505448000,40.74916458129883,63.13823318481445
1505707200,41.2261962890625,63.59913635253906
1505793600,41.70326232910156,64.16087341308594
1505880000,41.880226135253906,64.146484375
1505966400,41.834068298339844,64.19688415527344
1506052800,42.11105728149414,64.73705291748047
1506312000,42.72659683227539,65.54363250732422
1506398400,42.61119079589844,65.78849029541016
1506484800,42.50347137451172,66.11257934570312
1506571200,42.6804313659668,66.1053695678711
1506657600,43.1497917175293,65.9757308959961
1506916800,43.003597259521484,66.5302734375
1507003200,43.195945739746094,67.43051147460938
1507089600,43.32676315307617,67.28643798828125
1507176000,43.28059005737305,67.2144546508789
1507262400,43.1036262512207,66.8471450805664
1507521600,43.195945739746094,67.20722961425781
1507608000,43.28059005737305,67.31526184082031
1507694400,43.25751876831055,67.46649932861328
1507780800,43.511417388916016,67.94181823730469
1507867200,43.3729248046875,68.00665283203125
1508126400,42.87278747558594,65.44281005859375
1508212800,43.480648040771484,65.26995849609375
1508299200,43.665306091308594,64.98908233642578
1508385600,43.934608459472656,65.09709930419922
1508472000,44.23469543457031,65.39240264892578
1508731200,43.349849700927734,65.70926666259766
1508817600,43.8499755859375,66.13418579101562
1508904000,43.42678451538086,66.04774475097656
1508990400,44.0654182434082,65.66605377197266
1509076800,44.98873519897461,66.24940490722656
1509336000,45.44269561767578,65.55083465576172
1509422400,45.965919494628906,65.59403228759766
1509508800,46.85076141357422,66.47265625
1509595200,47.83563232421875,67.30805206298828
1509681600,47.85871887207031,67.3945083618164
1509944400,47.97412872314453,68.00665283203125
1510030800,48.558902740478516,68.10746765136719
1510117200,48.64353561401367,68.09307861328125
1510203600,47.44321823120117,67.99945068359375
1510290000,47.48939514160156,67.45211029052734
1510549200,47.85871887207031,67.20722961425781
1510635600,48.374237060546875,66.85436248779297
1510722000,47.62310791015625,66.6671142578125
1510808400,48.01803970336914,67.09524536132812
1510894800,48.21936798095703,67.23312377929688
1511154000,47.96382522583008,67.21134185791016
1511240400,48.234859466552734,67.93704223632812
1511326800,48.01803970336914,67.69755554199219
1511499600,48.033512115478516,67.95153045654297
1511758800,47.91736602783203,67.34923553466797
1511845200,48.18064880371094,68.24907684326172
1511931600,47.54568099975586,68.8731460571289
1512018000,48.49813461303711,70.7961654663086
1512104400,48.66075897216797,70.80341339111328
1512363600,49.0169563293457,70.77438354492188
1512450000,49.97716522216797,71.31138610839844
1512536400,49.140865325927734,70.81790924072266
1512622800,49.55901336669922,71.01384735107422
1512709200,50.139766693115234,72.24024963378906
1512968400,49.91521072387695,72.36360168457031
1513054800,49.93843460083008,71.89189910888672
1513141200,49.67516326904297,72.55951690673828
1513227600,50.07008361816406,72.24024963378906
1513314000,50.91413879394531,72.50872039794922
1513573200,51.115474700927734,72.55229187011719
1513659600,50.139766693115234,71.94273376464844
1513746000,50.84444046020508,73.08926391601562
1513832400,51.36326217651367,72.62484741210938
1513918800,51.386497497558594,73.2126235961914
1514264400,51.758182525634766,73.75688934326172
1514350800,51.432945251464844,74.06166076660156
1514437200,51.41748046875,73.9891128540039
1514523600,51.092254638671875,73.40129852294922
1514869200,52.02146911621094,73.83671569824219
1514955600,53.12879943847656,74.33018493652344
1515042000,53.18301773071289,74.126953125
1515128400,53.69408416748047,74.13423156738281
1515387600,53.73279571533203,74.06166076660156
1515474000,53.430809020996094,73.81493377685547
1515560400,53.825721740722656,74.07617950439453
1515646800,54.39875411987305,74.28662872314453
1515733200,55.30473327636719,76.1733627319336
1516078800,54.80915451049805,75.10664367675781
1516165200,55.738399505615234,77.03689575195312
1516251600,55.35895538330078,76.40555572509766
1516338000,55.66869354248047,76.65225982666016
1516597200,56.65214538574219,77.39972686767578
1516683600,56.62117385864258,77.57388305664062
1516770000,55.436397552490234,75.92659759521484
1516856400,55.04146957397461,75.59281921386719
1516942800,55.552547454833984,77.34892272949219
1517202000,54.32131576538086,75.65086364746094
1517288400,53.53147506713867,74.22132110595703
1517374800,53.63987350463867,74.30839538574219
1517461200,53.19075393676758,73.19085693359375
1517547600,52.199562072753906,70.39704132080078
1517806800,50.008140563964844,69.0908203125
1517893200,50.86768341064453,70.30270385742188
1517979600,50.4030647277832,69.3811264038086
1518066000,48.62202835083008,67.08072662353516
1518152400,49.43510437011719,67.19685363769531
1518411600,50.1552619934082,67.91525268554688
1518498000,51.169677734375,68.03861236572266
1518584400,52.780357360839844,67.72659301757812
1518670800,52.50156784057617,67.32019805908203
1518757200,52.60224151611328,67.26171875
1519102800,51.65107727050781,66.53052520751953
1519189200,51.666683197021484,65.49954223632812
1519275600,51.814815521240234,65.90168762207031
1519362000,52.087684631347656,67.14472961425781
1519621200,51.68226623535156,67.64924621582031
1519707600,51.144317626953125,67.35677337646484
1519794000,49.943660736083984,66.07720184326172
1519880400,50.51280975341797,66.44278717041016
1519966800,50.82467269897461,66.8083724975586
1520226000,51.5809211730957,68.04407501220703
1520312400,52.539859771728516,68.68022155761719
1520398800,52.76595687866211,68.89227294921875
1520485200,53.81846618652344,69.60150146484375
1520571600,54.74625778198242,70.1279525756836
1520827200,54.005584716796875,69.45523834228516
1520913600,53.982208251953125,69.13353729248047
1521000000,54.07575607299805,68.88492584228516
1521086400,53.506629943847656,69.0677490234375
1521172800,54.32523727416992,70.04020690917969
1521432000,53.95880126953125,69.02386474609375
1521518400,55.71300506591797,69.53570556640625
1521604800,57.077369689941406,70.30345153808594
1521691200,56.890254974365234,69.24324035644531
1521777600,55.57267761230469,68.28536987304688
1522036800,57.44379425048828,70.19376373291016
1522123200,56.82009506225586,69.98173522949219
1522209600,55.99367141723633,68.97268676757812
1522296000,56.99940872192383,70.13526916503906
1522641600,55.97808837890625,69.426025390625
1522728000,56.601783752441406,70.32537078857422
1522814400,56.57841110229492,70.18643188476562
1522900800,57.233306884765625,71.48796081542969
1522987200,56.48482894897461,70.90301513671875
1523246400,55.8767204284668,71.46600341796875
1523332800,57.459373474121094,73.30130004882812
1523419200,57.708866119384766,74.9830322265625
1523505600,57.88819122314453,75.04151916503906
1523592000,58.15326690673828,75.85314178466797
1523851200,60.43760299682617,78.10517120361328
1523937600,61.24065399169922,78.86561584472656
1524024000,61.419960021972656,79.61873626708984
1524110400,61.90333938598633,80.89830780029297
1524196800,62.18401336669922,81.15422058105469
1524456000,62.2541618347168,81.4905776977539
1524542400,62.19959259033203,79.86734771728516
1524628800,62.55043029785156,80.27680969238281
1524715200,64.65544891357422,82.27294921875
1524801600,63.48600387573242,81.41015625
1525060800,58.402767181396484,81.38819885253906
1525147200,56.83568572998047,81.7830581665039
1525233600,59.127811431884766,83.73529052734375
1525320000,60.390838623046875,84.51769256591797
1525406400,59.985416412353516,84.53230285644531
1525665600,59.64239501953125,84.38607025146484
1525752000,58.71461486816406,85.00027465820312
1525838400,60.117942810058594,85.91424560546875
1525924800,60.45320510864258,86.2505874633789
1526011200,60.28948974609375,86.10436248779297
1526270400,61.076942443847656,86.49188232421875
1526356800,60.614234924316406,86.5138168334961
1526443200,60.175025939941406,86.3968505859375
1526529600,63.29633331298828,89.10952758789062
1526616000,62.370914459228516,88.56487274169922
1526875200,61.83762741088867,89.38185119628906
1526961600,61.55529022216797,87.4019546508789
1527048000,61.85332489013672,87.5491714477539
1527134400,62.04154586791992,87.4534912109375
1527220800,60.38678741455078,85.0835189819336
1527566400,60.865177154541016,85.97406768798828
1527652800,62.386592864990234,87.71843719482422
1527739200,61.97880172729492,85.73855590820312
1527825600,64.24525451660156,87.58599090576172
1528084800,64.25311279296875,87.7331771850586
1528171200,62.99831771850586,87.46084594726562
1528257600,61.76704025268555,85.8563232421875
1528344000,62.07289505004883,86.43778228759766
1528430400,61.94744110107422,85.99618530273438
1528689600,60.99065399169922,86.12864685058594
1528776000,59.179046630859375,85.04669952392578
1528862400,58.72417068481445,85.19390869140625
1528948800,58.96731185913086,85.04669952392578
1529035200,57.688995361328125,84.12669372558594
1529294400,58.653594970703125,84.59774017333984
1529380800,58.44185256958008,84.3327865600586
1529467200,57.892887115478516,84.34014892578125
1529553600,56.84198760986328,82.02903747558594
1529640000,56.95180130004883,82.44857788085938
1529899200,54.87355041503906,81.29302978515625
1529985600,55.32057189941406,81.55799102783203
1530072000,54.269676208496094,81.4843978881836
1530158400,54.497108459472656,82.24250030517578
1530244800,55.02256774902344,82.66201782226562
1530504000,55.10881042480469,81.41080474853516
1530590400,55.540157318115234,81.33718872070312
1530763200,54.583370208740234,81.07222747802734
1530849600,55.05392074584961,81.830322265625
1531108800,56.32438659667969,82.86810302734375
1531195200,56.363590240478516,83.3097152709961
1531281600,54.8657112121582,81.44757080078125
1531368000,55.297019958496094,81.80084991455078
1531454400,56.261661529541016,82.29400634765625
1531713600,56.01068878173828,81.9333724975586
1531800000,56.230289459228516,81.74198150634766
1531886400,56.904720306396484,81.62421417236328
1531972800,57.14002227783203,81.62421417236328
1532059200,56.873355865478516,81.22677612304688
1532318400,57.24979782104492,81.2856674194336
1532404800,57.83015060424805,81.85975646972656
1532491200,58.598697662353516,82.69148254394531
1532577600,62.86501693725586,85.3779067993164
1532664000,63.515899658203125,87.43141174316406
1532923200,63.91588592529297,89.9044189453125
1533009600,63.39043426513672,90.78028106689453
1533096000,63.33555221557617,90.5373764038086
1533182400,62.52777862548828,89.83082580566406
1533268800,62.025856018066406,89.54377746582031
1533528000,62.61404037475586,90.19148254394531
1533614400,63.735496520996094,90.32394409179688
1533700800,64.06490325927734,90.51532745361328
1533787200,63.32770538330078,89.926513671875
1533873600,63.4688606262207,90.2282485961914
1534132800,62.810096740722656,89.47752380371094
1534219200,62.825775146484375,89.01384735107422
1534305600,60.87750244140625,84.92159271240234
1534392000,60.49101638793945,84.59774017333984
1534478400,60.82230758666992,84.96577453613281
1534737600,62.123775482177734,86.03301239013672
1534824000,62.320960998535156,86.35171508789062
1534910400,63.26750946044922,86.72969055175781
1534996800,64.37966918945312,87.73025512695312
1535083200,66.1149673461914,88.3824691772461
1535342400,66.00455474853516,88.96056365966797
1535428800,66.18595886230469,88.75303649902344
1535515200,66.03608703613281,89.26444244384766
1535601600,65.56282806396484,88.60481262207031
1535688000,64.90813446044922,87.83402252197266
1536033600,66.4778060913086,88.16749572753906
1536120000,66.2096176147461,87.4486083984375
1536206400,65.3104248046875,86.4925308227539
1536292800,65.08169555664062,84.71375274658203
1536552000,65.0185775756836,84.454345703125
1536638400,65.87834167480469,83.416748046875
1536724800,66.41468811035156,83.12770080566406
1536811200,66.32792663574219,83.76510620117188
1536897600,66.52510833740234,84.1949462890625
1537156800,66.1149673461914,83.60945129394531
1537243200,66.23329162597656,83.97260284423828
1537329600,63.52777862548828,81.05247497558594
1537416000,64.62417602539062,81.77136993408203
1537502400,65.76004028320312,82.75711059570312
1537761600,67.66886138916016,84.0911865234375
1537848000,67.08516693115234,85.14361572265625
1537934400,66.67499542236328,84.4098892211914
1538020800,65.49971771240234,83.66132354736328
1538107200,63.07817077636719,83.54273223876953
1538366400,65.0185775756836,84.84716796875
1538452800,65.68901824951172,85.0028076171875
1538539200,68.14210510253906,87.80437469482422
1538625600,67.25867462158203,87.2336654663086
1538712000,66.65921783447266,87.73025512695312
1538971200,66.1465072631836,87.5597915649414
1539057600,66.06763458251953,87.2188491821289
1539144000,63.614566802978516,83.7873306274414
1539230400,62.100120544433594,81.12657165527344
1539316800,63.164955139160156,81.12657165527344
1539576000,61.35865020751953,79.45897674560547
1539662400,63.15706253051758,81.42304992675781
1539748800,62.43141174316406,80.62260437011719
1539835200,62.17109298706055,80.87459564208984
1539921600,58.30611038208008,76.16827392578125
1540180800,58.471736907958984,76.44989013671875
1540267200,56.86265182495117,73.96703338623047
1540353600,53.68391036987305,70.63185119628906
1540440000,55.18256759643555,72.99612426757812
1540526400,54.314918518066406,73.70763397216797
1540785600,53.029212951660156,73.01837158203125
1540872000,54.26759719848633,75.64205169677734
1540958400,55.56907272338867,76.20532989501953
1541044800,56.06599807739258,75.96815490722656
1541131200,54.81184005737305,73.38153839111328
1541394000,55.02481460571289,74.50067138671875
1541480400,53.92842483520508,74.76748657226562
1541566800,55.072147369384766,76.42767333984375
1541653200,53.39992904663086,73.12955474853516
1541739600,52.989776611328125,73.92257690429688
1541998800,51.98015213012695,72.38839721679688
1542085200,50.615577697753906,70.26126861572266
1542171600,50.355281829833984,70.85420227050781
1542258000,51.55421447753906,71.32113647460938
1542344400,51.61731719970703,72.20303344726562
1542603600,50.016109466552734,70.92503356933594
1542690000,49.17390060424805,69.16124725341797
1542776400,50.63584518432617,69.99082946777344
1542949200,49.04676818847656,66.51555633544922
1543208400,50.99338150024414,68.80998992919922
1543294800,50.643798828125,68.2046127319336
1543381200,51.86738204956055,69.22850799560547
1543467600,51.56544876098633,69.26587677001953
1543554000,51.772037506103516,69.89366912841797
1543813200,51.3747673034668,68.82493591308594
1543899600,50.325965881347656,68.30924987792969
1544072400,50.492835998535156,69.2060775756836
1544158800,48.91169738769531,67.52452087402344
1544418000,48.45086669921875,66.39598083496094
1544504400,48.73689651489258,66.08209991455078
1544590800,49.29307174682617,66.70240783691406
1544677200,49.356632232666016,66.38851165771484
1544763600,47.56892776489258,64.89376831054688
1545022800,46.75054931640625,64.16883087158203
1545109200,46.84590530395508,63.32429885864258
1545195600,46.583702087402344,63.645687103271484
1545282000,45.62230682373047,61.86695098876953
1545368400,45.08203125,61.56800842285156
1545627600,43.15925216674805,58.66823196411133
1545800400,46.361236572265625,62.92821502685547
1545886800,46.9571418762207,64.13894653320312
1545973200,46.27383804321289,63.496212005615234
1546232400,46.88563537597656,64.38558197021484
1546405200,47.38618850708008,65.85786437988281
1546491600,46.69493103027344,64.94610595703125
1546578000,48.98320770263672,67.89073181152344
1546837200,49.46786880493164,68.36156463623047
1546923600,49.952537536621094,68.30176544189453
1547010000,51.025169372558594,68.75020599365234
1547096400,50.556400299072266,69.46019744873047
1547182800,51.54161071777344,69.27335357666016
1547442000,51.54956817626953,69.37798309326172
1547528400,51.11256790161133,69.0939712524414
1547614800,51.12050247192383,69.49755859375
1547701200,52.272586822509766,69.81892395019531
1547787600,52.51095199584961,71.22396087646484
1548133200,51.501888275146484,69.50504302978516
1548219600,51.52572250366211,69.22850799560547
1548306000,50.14323425292969,68.25691986083984
1548392400,50.9139404296875,69.51998138427734
1548651600,50.62789535522461,69.13136291503906
1548738000,50.96160125732422,69.76660919189453
1548824400,51.9071044921875,70.64850616455078
1548910800,52.64602279663086,71.30618286132812
1548997200,52.01834487915039,70.40934753417969
1549256400,52.36793899536133,70.82039642333984
1549342800,53.37699508666992,71.12680053710938
1549429200,53.13069534301758,70.56629180908203
1549515600,50.61201095581055,68.56334686279297
1549602000,49.83334732055664,69.89366912841797
1549861200,49.03883361816406,70.42430114746094
1549947600,49.15800476074219,70.25238800048828
1550034000,50.57227325439453,71.83679962158203
1550120400,50.88214874267578,71.48554229736328
1550206800,51.764095306396484,72.3447265625
1550552400,52.07650375366211,72.91751861572266
1550638800,52.15660095214844,73.44508361816406
1550725200,51.7961311340332,72.96273803710938
1550811600,52.084503173828125,73.37726593017578
1551070800,51.86821746826172,73.32450103759766
1551157200,51.74005126953125,73.739013671875
1551243600,50.78680419921875,73.5882797241211
1551330000,49.67333221435547,72.62358856201172
1551416400,50.21003723144531,73.46769714355469
1551675600,49.67333221435547,73.31697845458984
1551762000,48.71208190917969,73.45262908935547
1551848400,48.007144927978516,73.55813598632812
1551934800,47.13399887084961,72.69142150878906
1552021200,46.060585021972656,71.07858276367188
1552276800,47.42237091064453,72.85723876953125
1552363200,47.150020599365234,73.3998794555664
1552449600,47.71876525878906,73.9198989868164
1552536000,47.814884185791016,74.2138442993164
1552622400,48.42369079589844,74.25151824951172
1552881600,49.72940444946289,74.40225982666016
1552968000,49.68935012817383,74.5303726196289
1553054400,49.81751251220703,73.99529266357422
1553140800,50.298152923583984,74.27413940429688
1553227200,49.104591369628906,72.33719635009766
1553486400,49.00045394897461,72.24676513671875
1553572800,49.633277893066406,73.87466430664062
1553659200,49.81751251220703,73.30943298339844
1553745600,48.824214935302734,72.10356140136719
1553832000,47.943058013916016,71.72672271728516
1554091200,48.90433883666992,71.65135955810547
1554177600,47.999122619628906,71.2368392944336
1554264000,48.36761474609375,71.62875366210938
1554350400,49.1446418762207,73.00041961669922
1554436800,50.8428840637207,73.70133209228516
1554696000,50.7547607421875,74.08572387695312
1554782400,49.793487548828125,73.38480377197266
1554868800,50.947017669677734,74.3193588256836
1554955200,50.55449676513672,74.24398040771484
1555041600,49.3369026184082,73.23404693603516
1555300800,48.49578857421875,72.53315734863281
1555387200,48.07924270629883,72.33719635009766
1555473600,48.25546646118164,72.69895935058594
1555560000,47.9110107421875,71.91512298583984
1555905600,48.96841049194336,73.21145629882812
1555992000,48.91233825683594,73.40741729736328
1556078400,47.66270065307617,71.05594635009766
1556164800,48.583900451660156,71.76441955566406
1556251200,48.37562942504883,71.5383071899414
1556510400,48.856266021728516,71.86991119384766
1556596800,48.7601432800293,71.04840850830078
1556683200,48.023162841796875,69.21699523925781
1556769600,47.01383590698242,67.1519546508789
1556856000,48.03117752075195,67.49861907958984
1557115200,47.654693603515625,65.59185791015625
1557201600,47.606624603271484,65.2300796508789
1557288000,44.24219512939453,64.74019622802734
1557374400,42.423797607421875,64.62715911865234
1557460800,42.57600021362305,65.30545043945312
1557720000,40.62944030761719,64.65729522705078
1557806400,41.10205841064453,65.50894165039062
1557892800,41.43392562866211,65.79534912109375
1557979200,42.78564453125,66.54901123046875
1558065600,42.0490837097168,64.57691955566406
1558324800,42.18667984008789,64.3561019897461
1558411200,43.1255989074707,65.6048355102539
1558497600,42.0247917175293,65.17842864990234
1558584000,40.584041595458984,62.64286804199219
1558670400,40.705448150634766,63.15303039550781
1559016000,39.66131591796875,62.83321762084961
1559102400,39.65321350097656,63.00835418701172
1559188800,38.131507873535156,62.48297119140625
1559275200,37.224979400634766,61.523582458496094
1559534400,38.147701263427734,62.589576721191406
1559620800,39.248512268066406,64.051513671875
1559707200,38.60097122192383,64.59212493896484
1559793600,38.932830810546875,64.64544677734375
1559880000,38.034385681152344,65.11751556396484
1560139200,38.59288787841797,65.4068603515625
1560225600,38.66572570800781,64.50076293945312
1560312000,38.01820373535156,63.38908386230469
1560398400,38.77095413208008,64.9043197631836
1560484800,38.819515228271484,65.17082214355469
1560744000,39.426578521728516,65.41448974609375
1560830400,40.179325103759766,66.09215545654297
1560916800,40.195518493652344,66.70130157470703
1561003200,42.0490837097168,69.16072082519531
1561089600,42.62376403808594,68.97038269042969
1561348800,41.765777587890625,68.34599304199219
1561435200,41.59580993652344,68.3993148803711
1561521600,43.87834548950195,70.63027954101562
1561608000,44.00785827636719,69.86123657226562
1561694400,45.230079650878906,71.22417449951172
1561953600,44.614925384521484,71.6201400756836
1562040000,44.10498809814453,72.88411712646484
1562126400,43.96739196777344,73.87396240234375
1562299200,44.412567138671875,73.70646667480469
1562558400,43.98358917236328,73.82828521728516
1562644800,44.226402282714844,74.40697479248047
1562731200,44.5015983581543,74.70392608642578
1562817600,44.87393569946289,75.83084869384766
1562904000,44.90630340576172,76.39430236816406
1563163200,44.380184173583984,76.91207122802734
1563249600,45.06818771362305,77.19380950927734
1563336000,43.95929718017578,76.74458312988281
1563422400,44.809181213378906,77.60496520996094
1563508800,44.712059020996094,77.63543701171875
1563768000,44.69586181640625,78.0846939086914
1563854400,45.092472076416016,77.90957641601562
1563940800,46.638465881347656,77.98570251464844
1564027200,45.73191452026367,77.33848571777344
1564113600,46.007118225097656,77.90957641601562
1564372800,45.45671844482422,78.28263854980469
1564459200,46.17709732055664,78.89180755615234
1564545600,45.642887115478516,78.0923080444336
1564632000,44.809181213378906,77.65828704833984
1564718400,43.400794982910156,75.77755737304688
1564977600,41.01301956176758,72.82321166992188
1565064000,40.13886642456055,74.17094421386719
1565150400,38.957115173339844,74.11002349853516
1565236800,40.08220291137695,76.68364715576172
1565323200,39.167564392089844,76.47805786132812
1565582400,37.516357421875,74.8562240600586
1565668800,38.163883209228516,75.94507598876953
1565755200,36.124168395996094,74.2623291015625
1565841600,36.74742126464844,74.21662902832031
1565928000,37.41114044189453,75.25215911865234
1566187200,38.69810485839844,75.88994598388672
1566273600,38.239749908447266,75.82848358154297
1566360000,38.65718078613281,76.30491638183594
1566446400,38.37889862060547,75.65941619873047
1566532800,37.454010009765625,73.13897705078125
1566792000,37.68318557739258,74.00730895996094
1566878400,37.102054595947266,72.63182830810547
1566964800,37.9205436706543,73.89972686767578
1567051200,39.745765686035156,75.39816284179688
1567137600,40.27778625488281,75.79004669189453
1567483200,40.629730224609375,76.43553161621094
1567569600,41.46458435058594,76.6045913696289
1567656000,42.95423889160156,76.68911743164062
1567742400,42.94605255126953,77.54208374023438
1568001600,43.85456466674805,78.51028442382812
1568088000,44.59121322631836,79.11737060546875
1568174400,44.28837585449219,78.74080657958984
1568260800,43.53536605834961,78.52566528320312
1568347200,43.61721420288086,78.9713363647461
1568606400,42.896949768066406,79.9395751953125
1568692800,43.71542739868164,78.53334045410156
1568779200,44.00190734863281,79.14041900634766
1568865600,44.13286209106445,79.2095718383789
1568952000,45.09867477416992,79.3555679321289
1569211200,45.65525817871094,80.11632537841797
1569297600,45.40970993041992,79.62451934814453
1569384000,49.232032775878906,80.73104095458984
1569470400,49.79680252075195,80.3468246459961
1569556800,51.09000778198242,79.6552505493164
1569816000,49.72312927246094,78.68702697753906
1569902400,49.42029571533203,77.63427734375
1569988800,48.45448684692383,75.49036407470703
1570075200,49.1092643737793,75.97450256347656
1570161600,49.7149543762207,77.5036392211914
1570420800,49.43666458129883,77.88787078857422
1570507200,48.96193313598633,77.4729232788086
1570593600,49.567623138427734,78.92524719238281
1570680000,50.68894958496094,81.9144287109375
1570766400,51.90849304199219,81.86062622070312
1571025600,51.679325103759766,81.95286560058594
1571112000,52.42415237426758,82.45233917236328
1571198400,51.310997009277344,81.65316772460938
1571284800,52.46507263183594,82.38317108154297
1571371200,53.3162841796875,82.37549591064453
1571630400,52.93159103393555,83.1439208984375
1571716800,53.34902572631836,83.58191680908203
1571803200,53.91379165649414,83.7586669921875
1571889600,54.30665969848633,85.01119995117188
1571976000,55.665367126464844,87.92352294921875
1572235200,55.31342697143555,90.09819793701172
1572321600,55.67353439331055,91.41219329833984
1572408000,54.17571258544922,89.48344421386719
1572494400,52.34229278564453,89.76776885986328
1572580800,54.404884338378906,90.98187255859375
1572843600,55.608062744140625,91.0894546508789
1572930000,54.380332946777344,91.3814697265625
1573016400,52.61238479614258,90.99725341796875
1573102800,54.224815368652344,91.88095092773438
1573189200,54.208457946777344,91.98081970214844
1573448400,53.782840728759766,90.98957061767578
1573534800,53.1198616027832,90.7513427734375
1573621200,52.58783721923828,91.00494384765625
1573707600,52.75154113769531,91.78104400634766
1573794000,52.94797134399414,91.64167785644531
1574053200,52.8252067565918,91.86621856689453
1574139600,51.04262924194336,90.91386413574219
1574226000,51.00136947631836,89.86087036132812
1574312400,52.18974685668945,91.64942932128906
1574398800,51.46352005004883,90.30220031738281
1574658000,51.52128219604492,89.3653564453125
1574744400,50.89408874511719,88.52140045166016
1574830800,50.72902297973633,88.8001480102539
1575003600,50.04405975341797,88.82337188720703
1575262800,50.23386764526367,88.52140045166016
1575349200,49.5406494140625,87.2980728149414
1575435600,49.5406494140625,87.15867614746094
1575522000,49.392086029052734,87.13549041748047
1575608400,49.680946350097656,87.92523193359375
1575867600,48.22022247314453,86.68641662597656
1575954000,48.41829299926758,86.66315460205078
1576040400,47.13087463378906,86.87995147705078
1576126800,48.69062042236328,88.05684661865234
1576213200,48.368770599365234,87.48387908935547
1576472400,50.13484191894531,88.3742904663086
1576558800,50.51445770263672,87.51485443115234
1576645200,50.26689147949219,87.5226058959961
1576731600,50.44844055175781,87.34451293945312
1576818000,50.84455871582031,87.76261138916016
1577077200,50.06056213378906,87.23612976074219
1577163600,50.316402435302734,87.646484375
1577336400,49.90376663208008,86.7638168334961
1577422800,49.829498291015625,85.63340759277344
1577682000,49.24354934692383,85.45535278320312
1577768400,49.722206115722656,86.26055908203125
1577941200,51.092140197753906,86.87222290039062
1578027600,48.05516815185547,83.99971771240234
1578286800,48.04692459106445,83.47321319580078
1578373200,48.80615997314453,83.72872924804688
1578459600,48.294490814208984,80.60069274902344
1578546000,49.01247787475586,81.777587890625
1578632400,49.69744110107422,81.1968765258789
1578891600,49.2022819519043,81.52980041503906
1578978000,49.38385009765625,82.36601257324219
1579064400,47.97264862060547,81.21236419677734
1579150800,47.477481842041016,80.3606948852539
1579237200,46.94932556152344,79.98902893066406
1579582800,46.363372802734375,79.23799896240234
1579669200,46.190086364746094,78.8663558959961
1579755600,45.661903381347656,79.03669738769531
1579842000,44.96868133544922,77.67400360107422
1580101200,43.491458892822266,75.04148864746094
1580187600,43.68126678466797,74.86341857910156
1580274000,44.2259407043457,74.17433166503906
1580360400,44.85314178466797,74.64664459228516
1580446800,44.976932525634766,70.74434661865234
1580706000,42.96329116821289,68.8861083984375
1580792400,44.06088638305664,68.69255065917969
1580878800,45.83521270751953,71.72765350341797
1580965200,45.769187927246094,69.85393524169922
1581051600,45.133731842041016,69.93911743164062
1581310800,45.44733428955078,69.88493347167969
1581397200,46.84202575683594,69.89266204833984
1581483600,48.63285446166992,70.5662841796875
1581570000,49.10326385498047,69.94685363769531
1581656400,48.1376953125,69.97030639648438
1582002000,47.070743560791016,68.82069396972656
1582088400,48.08768081665039,69.10222625732422
1582174800,50.22991943359375,70.53339385986328
1582261200,49.28800582885742,69.79826354980469
1582520400,46.57061004638672,67.69454193115234
1582606800,44.278350830078125,64.76184844970703
1582693200,43.56983947753906,62.822349548339844
1582779600,39.952205657958984,58.07527542114258
1582866000,39.527099609375,58.54450988769531
1583125200,39.785491943359375,58.740028381347656
1583211600,37.65159606933594,56.98041534423828
1583298000,38.24342346191406,58.36463928222656
1583384400,34.35072326660156,56.29219436645508
1583470800,32.63360595703125,54.19629669189453
1583726400,28.190765380859375,48.55768966674805
1583812800,28.77425193786621,49.550899505615234
1583899200,26.140230178833008,43.1302490234375
1583985600,19.080028533935547,36.28727340698242
1584072000,20.77214813232422,42.51241683959961
1584331200,16.912797927856445,37.749725341796875
1584417600,16.92112922668457,36.498435974121094
1584504000,13.962017059326172,33.60483932495117
1584590400,13.937009811401367,35.72420883178711
1584676800,15.79583740234375,37.812278747558594
1584936000,13.853653907775879,32.916622161865234
1585022400,14.587182998657227,35.645992279052734
1585108800,17.5963077545166,39.49369812011719
1585195200,19.288421630859375,42.53588104248047
1585281600,19.2967586517334,40.91703414916992
1585540800,20.280353546142578,42.356014251708984
1585627200,19.68853187561035,41.95716094970703
1585713600,17.396257400512695,38.71946334838867
1585800000,17.687997817993164,40.44780349731445
1585886400,16.72107696533203,40.369590759277344
1586145600,19.24674415588379,44.90549850463867
1586232000,18.76327896118164,45.85178756713867
1586318400,20.263681411743164,49.81680679321289
1586404800,21.363962173461914,48.11192321777344
1586750400,21.113903045654297,48.14320755004883
1586836800,21.922449111938477,47.7599983215332
1586923200,19.98860740661621,44.162559509277344
1587009600,18.296491622924805,41.86332321166992
1587096000,21.21392822265625,46.555641174316406
1587355200,20.71380043029785,45.452938079833984
1587441600,19.771883010864258,44.42062759399414
1587528000,20.580427169799805,45.49986267089844
1587614400,21.622373580932617,46.89974594116211
1587700800,21.472328186035156,47.337684631347656
1587960000,22.047483444213867,49.65256881713867
1588046400,23.697921752929688,52.66347122192383
1588132800,27.54060173034668,57.48093032836914
1588219200,26.740386962890625,57.222835540771484
1588305600,24.37309455871582,51.897064208984375
1588564800,26.28193473815918,57.465293884277344
1588651200,25.956846237182617,58.81041717529297
1588737600,24.614831924438477,56.23746109008789
1588824000,25.656770706176758,57.332332611083984
1588910400,27.532258987426758,60.2650260925293
1589169600,27.25719451904297,59.96003723144531
1589256000,26.8487491607666,57.50438690185547
1589342400,25.881826400756836,55.54924774169922
1589428800,25.748456954956055,56.11231994628906
1589515200,25.25665855407715,56.17570114135742
1589774400,29.13267707824707,60.41281509399414
1589860800,29.24287986755371,59.573326110839844
1589947200,31.209352493286133,61.97303771972656
1590033600,30.251535415649414,61.05432891845703
1590120000,30.149826049804688,60.555389404296875
1590465600,31.217824935913086,62.54326248168945
1590552000,31.005924224853516,64.72916412353516
1590638400,29.819252014160156,62.21855163574219
1590724800,29.785348892211914,61.980960845947266
1590984000,30.93811798095703,62.432395935058594
1591070400,31.972209930419922,64.60244750976562
1591156800,32.709632873535156,66.3131332397461
1591243200,32.24345016479492,65.83792877197266
1591329600,35.22706604003906,69.21971893310547
1591588800,35.778018951416016,71.06505584716797
1591675200,34.25230026245117,67.84960174560547
1591761600,33.21820831298828,66.78832244873047
1591848000,29.946395874023438,59.399078369140625
1591934400,31.03982162475586,61.18898010253906
1592193600,32.07392120361328,59.87428283691406
1592280000,32.75202178955078,61.01473617553711
1592366400,31.472118377685547,57.720069885253906
1592452800,32.60792541503906,60.381141662597656
1592539200,32.370601654052734,59.16147994995117
1592798400,32.726593017578125,58.923885345458984
1592884800,32.88763427734375,59.16147994995117
1592971200,30.709247589111328,55.43122482299805
1593057600,31.099153518676758,55.49457550048828
1593144000,29.98029899597168,53.910614013671875
1593403200,30.0057315826416,54.37788009643555
1593489600,31.68402099609375,56.94391632080078
1593576000,30.243059158325195,54.73427963256836
1593662400,30.573646545410156,54.187808990478516
1594008000,30.819448471069336,53.926429748535156
1594094400,29.40392303466797,51.17034149169922
1594180800,28.946208953857422,50.67137908935547
1594267200,28.26811981201172,46.71143341064453
1594353600,30.68381690979004,48.358768463134766
1594612800,29.929452896118164,47.73310089111328
1594699200,30.68381690979004,49.071556091308594
1594785600,31.845064163208008,51.8435173034668
1594872000,31.69249153137207,51.376243591308594
1594958400,32.150211334228516,50.56050491333008
1595217600,31.1500186920166,49.36459732055664
1595304000,32.667259216308594,52.60382843017578
1595390400,32.828311920166016,51.67719268798828
1595476800,32.9554557800293,51.621761322021484
1595563200,32.80287551879883,51.5267219543457
1595822400,32.65031051635742,51.15447998046875
1595908800,32.31126022338867,50.354576110839844
1595995200,33.82849884033203,51.93855285644531
1596081600,32.2773551940918,49.96651077270508
1596168000,32.379066467285156,49.11908721923828
1596427200,32.69267654418945,48.40629196166992
1596513600,31.94678497314453,48.984439849853516
1596600000,30.878787994384766,49.071556091308594
1596686400,30.285442352294922,48.2874870300293
1596772800,31.08220100402832,49.79226303100586
1597032000,31.472118377685547,51.376243591308594
1597118400,31.319543838500977,50.77433395385742
1597204800,32.31973648071289,51.01192092895508
1597291200,31.582304000854492,49.60219192504883
1597377600,32.50620651245117,50.41793441772461
1597636800,32.760494232177734,50.09659957885742
1597723200,32.04625701904297,49.25308609008789
1597809600,31.994617462158203,49.34145736694336
1597896000,30.652193069458008,48.979949951171875
1597982400,30.462873458862305,48.979949951171875
1598241600,31.676233291625977,51.1329231262207
1598328000,31.36643409729004,49.510162353515625
1598414400,30.402629852294922,48.224815368652344
1598500800,30.101449966430664,48.40958023071289
1598587200,31.917177200317383,49.63869094848633
1598846400,30.514503479003906,46.971588134765625
1598932800,30.092851638793945,47.22865676879883
1599019200,30.12726593017578,48.24087905883789
1599105600,29.481868743896484,47.951663970947266
1599192000,28.948335647583008,47.38128662109375
1599537600,27.821041107177734,46.561885833740234
1599624000,27.33913803100586,46.48957061767578
1599710400,26.048343658447266,44.47319412231445
1599796800,26.891664505004883,45.84690475463867
1600056000,27.55427360534668,46.89125442504883
1600142400,26.75397491455078,46.63418197631836
1600228800,27.846851348876953,48.61041259765625
1600315200,27.640323638916016,48.48187255859375
1600401600,27.77800941467285,48.05610275268555
1600660800,26.891664505004883,44.923065185546875
1600747200,26.71094512939453,44.47319412231445
1600833600,24.72311782836914,42.280059814453125
1600920000,24.628459930419922,42.456787109375
1601006400,24.63706398010254,42.48088836669922
1601265600,25.77296257019043,43.364566802978516
1601352000,25.32549285888672,41.926578521728516
1601438400,25.24803924560547,41.645408630371094
1601524800,23.845373153686523,40.39219665527344
1601611200,24.327274322509766,41.018802642822266
1601870400,25.161985397338867,42.21578598022461
1601956800,24.80916976928711,41.018802642822266
1602043200,25.136173248291016,41.71771240234375
1602129600,26.7797908782959,43.091426849365234
1602216000,25.91925811767578,42.609413146972656
1602475200,26.237655639648438,42.94683074951172
1602561600,25.2824649810791,41.18750762939453
1602648000,25.738542556762695,41.83821105957031
1602734400,26.280683517456055,42.18365478515625
1602820800,25.273862838745117,40.63319778442383
1603080000,24.310060501098633,39.3237419128418
1603166400,25.161985397338867,39.8378791809082
1603252800,24.800567626953125,39.13897705078125
1603339200,25.394329071044922,40.175289154052734
1603425600,25.721332550048828,40.55286407470703
1603684800,24.61124610900879,38.673030853271484
1603771200,24.2584285736084,37.81344985961914
1603857600,23.66465950012207,35.523921966552734
1603944000,24.80916976928711,36.93780517578125
1604030400,25.38572883605957,37.48408508300781
1604293200,26.93468475341797,38.52843475341797
1604379600,27.45961570739746,38.17496109008789
1604466000,27.278898239135742,38.49629211425781
1604552400,27.39076805114746,38.713199615478516
1604638800,27.175636291503906,37.50014877319336
1604898000,31.38364601135254,45.81477737426758
1604984400,32.39046096801758,46.70648956298828
1605070800,32.00323486328125,47.38128662109375
1605157200,29.86049461364746,44.063480377197266
1605243600,32.32162857055664,47.204551696777344
1605502800,35.04951858520508,51.08795928955078
1605589200,35.45108413696289,52.491207122802734
1605675600,33.64404296875,49.56233596801758
1605762000,34.11545181274414,50.1334228515625
1605848400,33.39961242675781,50.247642517089844
1606107600,35.98358917236328,53.71495819091797
1606194000,37.057334899902344,55.24873733520508
1606280400,36.21055603027344,54.0576286315918
1606453200,36.15818786621094,53.21730041503906
1606712400,33.940853118896484,49.423648834228516
1606798800,34.43843460083008,50.48424530029297
1606885200,35.424896240234375,52.564640045166016
1606971600,35.78281021118164,53.04596710205078
1607058000,37.45890426635742,56.5540885925293
1607317200,36.847816467285156,54.70213317871094
1607403600,37.057334899902344,54.979522705078125
1607490000,37.22319793701172,56.105377197265625
1607576400,38.26202392578125,57.81049346923828
1607662800,37.45890426635742,56.709110260009766
1607922000,35.5820198059082,54.81636428833008
1608008400,36.88274383544922,55.681148529052734
1608094800,36.35895919799805,54.89793395996094
1608181200,35.424896240234375,54.80004119873047
1608267600,35.22410583496094,54.53895950317383
1608526800,34.70033645629883,54.24525833129883
1608613200,34.630496978759766,55.07741928100586
1608699600,36.06216049194336,56.586734771728516
1608786000,35.974853515625,56.072757720947266
1609131600,35.59947967529297,56.56226348876953
1609218000,35.55583572387695,55.78720474243164
1609304400,36.289119720458984,57.59836196899414
1609390800,36.10580825805664,57.05992126464844
1609736400,35.57329559326172,57.01096725463867
1609822800,36.74306869506836,58.536590576171875
1609909200,37.49380874633789,58.10418701171875
1609995600,38.558834075927734,58.626338958740234
1610082000,37.694602966308594,57.68812561035156
1610341200,38.05251693725586,58.96083068847656
1610427600,39.78971481323242,60.160118103027344
1610514000,38.68977737426758,58.55288314819336
1610600400,39.73733901977539,60.48645782470703
1610686800,38.392967224121094,58.52842330932617
1611032400,40.23492431640625,61.00859069824219
1611118800,40.30475616455078,61.50623321533203
1611205200,39.62384796142578,59.68693161010742
1611291600,39.93812942504883,59.189273834228516
1611550800,40.357139587402344,58.805809020996094
1611637200,39.42306900024414,58.17761993408203
1611723600,38.35805130004883,58.087860107421875
1611810000,39.08261489868164,58.29182434082031
1611896400,37.67713165283203,55.31401824951172
1612155600,37.9303092956543,54.97136306762695
1612242000,39.41433334350586,56.01564407348633
1612328400,41.29121398925781,58.16130065917969
1612414800,41.317413330078125,58.683448791503906
1612501200,41.59674072265625,58.773189544677734
1612760400,43.19426727294922,61.83258819580078
1612846800,42.66175842285156,60.804630279541016
1612933200,43.48235321044922,62.59130859375
1613019600,43.438697814941406,63.01556396484375
1613106000,44.04977035522461,63.007381439208984
1613451600,45.445091247558594,64.76960754394531
1613538000,45.82484436035156,65.7894287109375
1613624400,45.233158111572266,65.3080825805664
1613710800,46.80509567260742,67.91544342041016
1613970000,48.43885803222656,69.27688598632812
1614056400,49.25132369995117,70.57231903076172
1614142800,50.02846908569336,71.99152374267578
1614229200,48.63314437866211,69.83796691894531
1614315600,48.235740661621094,68.52601623535156
1614574800,49.54275131225586,69.88745880126953
1614661200,49.4809455871582,67.88243865966797
1614747600,49.516273498535156,69.17787170410156
1614834000,49.90483474731445,69.648193359375
1614920400,50.620155334472656,72.07404327392578
1615179600,50.47885513305664,72.9981689453125
1615266000,49.33963394165039,70.46504211425781
1615352400,51.37963104248047,72.97341918945312
1615438800,51.220672607421875,72.3875732421875
1615525200,50.99990463256836,73.15493774414062
1615780800,51.09703826904297,72.47834777832031
1615867200,49.639892578125,70.07723236083984
1615953600,49.639892578125,70.51457214355469
1616040000,46.672630310058594,67.13983917236328
1616126400,47.476261138916016,67.87417602539062
1616385600,47.11418151855469,66.48799133300781
1616472000,46.310550689697266,65.16781616210938
1616558400,46.95521926879883,67.68441009521484
1616644800,47.582237243652344,68.022705078125
1616731200,48.588985443115234,69.565673828125
1616990400,47.27314758300781,68.09696960449219
1617076800,47.3349723815918,67.91544342041016
1617163200,47.237831115722656,67.28009033203125
1617249600,49.2778205871582,68.61679077148438
1617595200,47.65288543701172,67.70915985107422
1617681600,47.405616760253906,66.71078491210938
1617768000,47.67938232421875,66.0094223022461
1617854400,47.123016357421875,64.70573425292969
1617940800,46.65496826171875,65.20906829833984
1618200000,46.10743713378906,64.04563903808594
1618286400,46.42535400390625,64.04563903808594
1618372800,47.57340621948242,65.50608825683594
1618459200,47.57340621948242,65.20079040527344
1618545600,47.917823791503906,64.92852783203125
1618804800,47.184837341308594,64.3096923828125
1618891200,45.96613311767578,62.23038864135742
1618977600,47.07886505126953,63.550559997558594
1619064000,45.97496795654297,61.84256362915039
1619150400,46.80509567260742,63.11327362060547
1619409600,47.043540954589844,63.12152099609375
1619496000,47.591068267822266,64.44168853759766
1619582400,48.95989990234375,66.0919418334961
1619668800,49.48977279663086,66.93354797363281
1619755200,49.14535903930664,66.7602767944336
1620014400,50.47885513305664,69.26039123535156
1620100800,50.60248565673828,68.50953674316406
1620187200,52.4305419921875,70.12675476074219
1620273600,52.5100212097168,70.63833618164062
1620360000,52.98690414428711,70.9931411743164
1620619200,52.81911087036133,70.621826171875
1620705600,51.785865783691406,69.00460052490234
1620792000,52.077301025390625,70.4155502319336
1620878400,51.90950012207031,69.59868621826172
1620964800,53.057552337646484,72.36280822753906
1621224000,54.32923889160156,73.18795013427734
1621310400,53.7854118347168,71.58721160888672
1621396800,53.090023040771484,70.7373275756836
1621483200,53.19701385498047,70.21752166748047
1621569600,53.12569046020508,70.29256439208984
1621828800,54.14201736450195,71.30998992919922
1621915200,53.500125885009766,69.40861511230469
1622001600,54.20442581176758,69.52533721923828
1622088000,54.739341735839844,70.39263916015625
1622174400,55.095947265625,70.23419952392578
1622520000,55.72001266479492,72.42745971679688
1622606400,56.14793395996094,74.73748016357422
1622692800,56.3975715637207,74.39553833007812
1622779200,56.763092041015625,76.28857421875
1623038400,56.4688835144043,77.06415557861328
1623124800,57.13752365112305,77.18925476074219
1623211200,56.709598541259766,77.09748077392578
1623297600,56.558040618896484,76.4220199584961
1623384000,56.32624435424805,75.86327362060547
1623643200,56.15685272216797,76.2552261352539
1623729600,56.763092041015625,76.80562591552734
1623816000,56.41539764404297,75.67146301269531
1623902400,54.34707260131836,72.2690200805664
1623988800,52.48379135131836,70.1925048828125
1624248000,54.42730712890625,72.84442138671875
1624334400,54.685848236083984,73.36145782470703
1624420800,54.87306594848633,73.60330963134766
1624507200,55.57736587524414,74.79582977294922
1624593600,55.76458740234375,75.08770751953125
1624852800,53.93696975708008,71.23492431640625
1624939200,53.562530517578125,70.97642517089844
1625025600,53.86565017700195,71.56849670410156
1625112000,54.62343978881836,72.62760162353516
1625198400,54.44513702392578,73.30308532714844
1625544000,52.57294845581055,70.42599487304688
1625630400,51.66360092163086,68.83319854736328
1625716800,51.217830657958984,67.37379455566406
1625803200,52.314395904541016,68.96661376953125
1626062400,52.00237274169922,68.71644592285156
1626148800,51.17326736450195,68.09098815917969
1626235200,49.14059829711914,65.49742889404297
1626321600,48.36496353149414,64.35494232177734
1626408000,47.48236083984375,62.11164855957031
1626667200,45.36054611206055,58.83428192138672
1626753600,46.46602249145508,59.317962646484375
1626840000,48.213409423828125,61.51121520996094
1626926400,47.59825134277344,60.3020133972168
1627012800,47.63392639160156,60.18525695800781
1627272000,48.73049545288086,61.97822189331055
1627358400,48.4452018737793,62.161685943603516
1627444800,49.28323745727539,62.72877502441406
1627531200,49.86272430419922,62.36182403564453
1627617600,49.229736328125,61.23601150512695
1627876800,48.55218505859375,61.277706146240234
1627963200,49.871639251708984,63.43760299682617
1628049600,48.48086929321289,59.743255615234375
1628136000,50.36198043823242,61.18596267700195
1628222400,51.18217086791992,61.67799758911133
1628481600,51.01277542114258,60.88575744628906
1628568000,52.13610076904297,61.90317153930664
1628654400,52.72449493408203,62.05327606201172
1628740800,53.081111907958984,62.07828140258789
1628827200,52.73342514038086,61.61962890625
1629086400,52.04694747924805,59.91838073730469
1629172800,51.41661834716797,59.09076690673828
1629259200,50.67824172973633,57.55375671386719
1629345600,48.8322868347168,55.966064453125
1629432000,49.318538665771484,55.69580841064453
1629691200,51.16449737548828,58.10268020629883
1629777600,52.19102096557617,59.901512145996094
1629864000,52.794334411621094,60.9571418762207
1629950400,52.308074951171875,59.69038391113281
1630036800,54.04598617553711,61.32029724121094
1630296000,53.06447982788086,60.44199752807617
1630382400,53.37063217163086,60.036624908447266
1630468800,51.551692962646484,58.44894027709961
1630555200,52.136985778808594,59.048553466796875
1630641600,52.44315719604492,58.79519271850586
1630987200,52.74030685424805,58.05201721191406
1631073600,51.425621032714844,56.57411575317383
1631160000,51.551692962646484,56.362972259521484
1631246400,51.209510803222656,56.05895233154297
1631505600,52.77632522583008,56.8021354675293
1631592000,51.830841064453125,55.096214294433594
1631678400,53.64076614379883,55.76337432861328
1631764800,53.217552185058594,55.535362243652344
1631851200,53.001441955566406,55.754920959472656
1632110400,51.44363784790039,54.27701187133789
1632196800,52.082969665527344,54.33613586425781
1632283200,53.94693374633789,56.59099197387695
1632369600,55.64881134033203,57.94221878051758
1632456000,55.72985076904297,57.460845947265625
1632715200,56.81041717529297,60.070404052734375
1632801600,56.28813934326172,59.884620666503906
1632888000,55.76587677001953,59.082313537597656
1632974400,55.65781021118164,59.14143371582031
1633060800,57.233638763427734,61.28651809692383
1633320000,56.747379302978516,63.93827819824219
1633406400,56.95448303222656,65.32329559326172
1633492800,56.603302001953125,66.20159149169922
1633579200,57.179603576660156,66.97010803222656
1633665600,58.674381256103516,69.36009216308594
1633924800,58.13409423828125,69.28407287597656
1634011200,58.296180725097656,69.7823257446289
1634097600,58.76441192626953,69.14051055908203
1634184000,60.043087005615234,69.38541412353516
1634270400,60.15114212036133,68.5915756225586
1634529600,59.79096603393555,68.2959976196289
1634616000,60.178157806396484,69.90901184082031
1634702400,60.52032470703125,70.36505889892578
1634788800,60.358245849609375,69.86680603027344
1634875200,60.799476623535156,70.00190734863281
1635134400,61.411800384521484,70.7113037109375
1635220800,61.65492630004883,69.43608856201172
1635307200,59.56584548950195,65.32329559326172
1635393600,60.03408432006836,64.81660461425781
1635480000,59.367740631103516,63.15289306640625
1635739200,60.56536865234375,65.9904556274414
1635825600,58.206138610839844,65.4921875
1635912000,57.341697692871094,66.66608428955078
1635998400,57.24263000488281,64.92637634277344
1636084800,59.25968551635742,65.67799377441406
1636347600,59.13361358642578,65.86378479003906
1636434000,60.448299407958984,66.86030578613281
1636520400,58.998538970947266,65.4753189086914
1636606800,59.43077087402344,65.76243591308594
1636693200,59.25067901611328,65.42464447021484
1636952400,59.538822174072266,66.64073181152344
1637038800,58.90292739868164,65.7862548828125
1637125200,57.75829315185547,63.812416076660156
1637211600,56.9588737487793,62.98356628417969
1637298000,54.760459899902344,59.505859375
1637557200,56.04134750366211,61.684776306152344
1637643600,58.003570556640625,63.08612823486328
1637730000,58.63948059082031,63.120296478271484
1637902800,55.732486724853516,59.17259979248047
1638162000,56.12310791015625,59.69382858276367
1638248400,55.278263092041016,59.10424041748047
1638334800,55.33278274536133,58.677005767822266
1638421200,57.53118896484375,60.99264907836914
1638507600,56.023189544677734,59.81344985961914
1638766800,57.104217529296875,60.72774124145508
1638853200,58.34878158569336,61.93256378173828
1638939600,58.194332122802734,61.39424133300781
1639026000,57.54026794433594,61.77876663208008
1639112400,57.858219146728516,61.96675109863281
1639371600,56.150360107421875,59.505859375
1639458000,56.73176193237305,60.437232971191406
1639544400,56.75901412963867,60.25778579711914
1639630800,57.0224609375,60.63375473022461
1639717200,56.73176193237305,61.35151672363281
1639976400,55.33278274536133,59.3264045715332
1640062800,57.61294937133789,61.64204025268555
1640149200,57.322242736816406,61.197715759277344
1640235600,57.26773452758789,61.43695831298828
1640581200,58.2125129699707,62.19744873046875
1640667600,58.47596740722656,63.171573638916016
1640754000,58.09442138671875,62.24870681762695
1640840400,57.62202072143555,61.90693283081055
1640926800,58.13075637817383,61.915489196777344
1641186000,59.647850036621094,64.7181625366211
1641272400,61.600975036621094,67.13633728027344
1641358800,61.99159622192383,66.9227294921875
1641445200,63.726707458496094,68.76837921142578
1641531600,64.43529510498047,70.03302001953125
1641790800,63.999237060546875,71.65652465820312
1641877200,66.03414154052734,73.61326599121094
1641963600,66.388427734375,73.74143981933594
1642050000,66.42477416992188,74.15158081054688
1642136400,67.89640808105469,75.68965911865234
1642482000,67.72381591796875,75.7580337524414
1642568400,66.63370513916016,74.54466247558594
1642654800,65.39822387695312,73.05786895751953
1642741200,64.2263412475586,71.29763793945312
1643000400,63.944732666015625,70.77641296386719
1643086800,64.95308685302734,73.45093536376953
1643173200,64.480712890625,72.67335510253906
1643259600,65.31647491455078,73.33130645751953
1643346000,65.22563171386719,71.98976135253906
1643605200,65.18021392822266,72.4511947631836
1643691600,67.24234771728516,74.90354919433594
1643778000,71.31214141845703,74.93772888183594
1643864400,69.9222412109375,74.5275650024414
1643950800,71.030517578125,75.91181945800781
1644210000,72.52037048339844,77.15081787109375
1644296400,72.02981567382812,75.89473724365234
1644382800,72.48401641845703,76.43304443359375
1644469200,72.43859100341797,76.44160461425781
1644555600,73.75584411621094,79.63734436035156
1644814800,71.9117202758789,77.34734344482422
1644901200,71.75614166259766,75.55294036865234
1644987600,71.43585205078125,75.45042419433594
1645074000,70.4291763305664,74.373779296875
1645160400,70.48408508300781,73.46695709228516
1645506000,69.21204376220703,72.6292953491211
1645592400,69.29442596435547,72.5256576538086
1645678800,68.14132690429688,72.09384155273438
1645765200,70.04483795166016,73.13880157470703
1646024400,71.26197052001953,72.75018310546875
1646110800,68.64466094970703,70.9625244140625
1646197200,70.4566421508789,72.81063079833984
1646283600,70.80438995361328,71.67930603027344
1646370000,71.13382720947266,72.80200958251953
1646629200,68.21454620361328,71.3338623046875
1646715600,69.75198364257812,72.81063079833984
1646802000,69.02902221679688,68.52715301513672
1646888400,71.31687927246094,70.13347625732422
1646974800,71.84764862060547,69.75347137451172
1647230400,70.15464782714844,67.5944595336914
1647316800,68.08642578125,65.06409454345703
1647403200,68.50740051269531,66.06587982177734
1647489600,70.60307312011719,66.97266387939453
1647576000,71.67378234863281,68.01763153076172
1647835200,73.19290924072266,69.63257598876953
1647921600,72.52484893798828,68.90714263916016
1648008000,73.63217163085938,69.3216552734375
1648094400,74.48324584960938,70.05574035644531
1648180800,75.25196838378906,72.41339111328125
1648440000,75.01403045654297,71.066162109375
1648526400,76.08474731445312,72.08522033691406
1648612800,78.10722351074219,75.51372528076172
1648699200,78.24447631835938,74.60694885253906
1648785600,77.61304473876953,74.235595703125
1649044800,77.85096740722656,74.84874725341797
1649131200,77.52152252197266,74.19241333007812
1649217600,78.30854034423828,73.99376678466797
1649304000,78.56478881835938,71.74839782714844
1649390400,79.52568817138672,72.7588119506836
1649649600,77.6771011352539,71.2388687133789
1649736000,78.5190200805664,70.78980255126953
1649822400,80.15711212158203,71.80020904541016
1649908800,79.80022430419922,71.54977416992188
1650254400,82.4632797241211,75.27191925048828
1650340800,82.76526641845703,77.3359375
1650427200,83.25946807861328,76.74869537353516
1650513600,81.20954132080078,74.2269515991211
1650600000,79.69039916992188,72.21476745605469
1650859200,77.1097183227539,69.9693832397461
1650945600,78.21702575683594,70.71207427978516
1651032000,79.8459701538086,71.68795013427734
1651118400,82.07892608642578,75.31510162353516
1651204800,79.85514068603516,74.92647552490234
1651464000,81.55728912353516,77.01638793945312
1651550400,84.78773498535156,78.40679931640625
1651636800,88.17374420166016,83.0530014038086
1651723200,86.11468505859375,81.6280517578125
1651809600,87.7802505493164,83.21708679199219
1652068800,83.14964294433594,77.2754898071289
1652155200,83.93666076660156,77.35321044921875
1652241600,84.15628051757812,78.7608871459961
1652328000,84.87010192871094,78.75225830078125
1652414400,87.74362182617188,81.69715118408203
1652673600,88.28356170654297,83.83887481689453
1652760000,89.81189727783203,84.39159393310547
1652846400,88.57818603515625,82.49165344238281
1652932800,88.16389465332031,82.32758331298828
1653019200,88.90042114257812,81.83026885986328
1653278400,89.22267150878906,82.95577239990234
1653364800,89.58172607421875,84.43025970458984
1653451200,91.16529083251953,86.4457015991211
1653537600,91.58879852294922,86.09671783447266
1653624000,94.00096893310547,88.75780487060547
1653969600,93.71556091308594,87.9551010131836
1654056000,95.66738891601562,90.02288055419922
1654142400,95.99883270263672,89.8658447265625
1654228800,97.24176025390625,91.13965606689453
1654488000,100.71269989013672,92.50071716308594
1654574400,104.634765625,95.90342712402344
1654660800,103.91665649414062,96.19134521484375
1654747200,102.52642059326172,94.46382904052734
1654833600,99.74597930908203,92.75374603271484
1655092800,94.0654067993164,88.5047607421875
1655179200,94.52574157714844,90.85174560546875
1655265600,91.05480194091797,89.32489013671875
1655352000,84.68374633789062,84.1947021484375
1655438400,80.36575317382812,78.96851348876953
1655784000,84.11290740966797,83.74099731445312
1655870400,81.99534606933594,78.96851348876953
1655956800,77.9167709350586,73.62890625
1656043200,78.88349151611328,73.463134765625
1656302400,80.9642105102539,76.08059692382812
1656388800,81.65471649169922,77.52017974853516
1656475200,77.77867126464844,73.7947006225586
1656561600,75.6887435913086,71.53495788574219
1656648000,77.77867126464844,73.6114730834961
1656993600,75.25601196289062,70.13897705078125
1657080000,73.01876831054688,69.3886489868164
1657166400,76.81195068359375,72.01482391357422
1657252800,76.66464233398438,71.55240631103516
1657512000,76.99608612060547,71.33428955078125
1657598400,76.18589782714844,70.2436752319336
1657684800,75.44014739990234,69.49333190917969
1657771200,74.28010559082031,68.53360748291016
1657857600,77.72342681884766,71.2295913696289
1658116800,78.46917724609375,72.19803619384766
1658203200,80.88134002685547,74.51883697509766
1658289600,81.74678039550781,75.77523803710938
1658376000,79.59239196777344,74.34434509277344
1658462400,78.85586547851562,73.75106048583984
1658721600,81.7559814453125,76.115478515625
1658808000,80.98262023925781,74.989990234375
1658894400,82.8423843383789,77.07522583007812
1658980800,82.48330688476562,76.78730773925781
1659067200,84.38912963867188,77.65106201171875
1659326400,83.1554183959961,76.33362579345703
1659412800,86.19364166259766,76.37725067138672
1659499200,85.32821655273438,74.60610961914062
1659585600,83.01730346679688,72.11078643798828
1659672000,83.0633544921875,73.07925415039062
1659931200,83.21985626220703,73.1141586303711
1660017600,85.9450454711914,74.62354278564453
1660104000,87.6299057006836,74.7107925415039
1660190400,89.03852844238281,77.0665054321289
1660276800,89.73824310302734,78.52355194091797
1660536000,88.19151306152344,77.79066467285156
1660622400,89.52536010742188,77.96514892578125
1660708800,91.35014343261719,79.27062225341797
1660795200,93.36015319824219,78.22978973388672
1660881600,93.04523468017578,78.00926208496094
1661140800,93.0174331665039,77.82402801513672
1661227200,95.86112976074219,80.62897491455078
1661313600,97.05604553222656,81.47574615478516
1661400000,98.15833282470703,82.74590301513672
1661486400,96.64848327636719,81.30815887451172
1661745600,97.25982666015625,82.20784759521484
1661832000,94.01782989501953,79.517578125
1661918400,93.32312774658203,78.9089584350586
1662004800,89.62725830078125,76.14810943603516
1662091200,91.82254028320312,78.02689361572266
1662436800,91.20195007324219,76.52740478515625
1662523200,91.09078216552734,76.13929748535156
1662609600,91.19266510009766,75.7952880859375
1662696000,92.63768005371094,77.6476058959961
1662955200,92.57283020019531,78.9971694946289
1663041600,90.45164489746094,75.9981689453125
1663128000,91.07225036621094,75.8570327758789
1663214400,89.0529556274414,72.2141342163086
1663300800,88.59907531738281,71.20860290527344
1663560000,89.20116424560547,72.2670669555664
1663646400,90.03480529785156,73.40492248535156
1663732800,87.69131469726562,71.68490600585938
1663819200,88.90474700927734,72.56696319580078
1663905600,84.70866394042969,67.02762603759766
1664164800,82.93949127197266,65.41346740722656
1664251200,86.00545501708984,67.23051452636719
1664337600,92.7117691040039,71.79957580566406
1664424000,91.42424011230469,71.12037658691406
1664510400,92.00782775878906,71.19977569580078
1664769600,95.21273040771484,74.60453033447266
1664856000,99.77933502197266,79.70281219482422
1664942400,99.64962768554688,81.68743896484375
1665028800,99.90901184082031,82.3489990234375
1665115200,98.96417236328125,81.59041595458984
1665374400,98.24169158935547,80.3643569946289
1665460800,95.80557250976562,79.6851806640625
1665547200,97.22278594970703,81.97853088378906
1665633600,101.02981567382812,85.47148132324219
1665720000,96.42617797851562,83.00172424316406
1665979200,97.60254669189453,84.20130157470703
1666065600,100.1868896484375,84.77465057373047
1666152000,100.84455108642578,86.39762115478516
1666238400,101.27989196777344,86.21240997314453
1666324800,103.16951751708984,88.59396362304688
1666584000,103.24362182617188,88.55867767333984
1666670400,103.22509002685547,88.39990234375
1666756800,104.78125762939453,90.1993179321289
1666843200,105.27217864990234,91.34599304199219
1666929600,105.19808197021484,91.91049194335938
1667188800,105.24440002441406,91.98988342285156
1667275200,110.41307830810547,94.7154312133789
1667361600,106.27257537841797,91.06372833251953
1667448000,109.48677825927734,90.9578857421875
1667534400,108.97733306884766,91.2754135131836
1667797200,110.69095611572266,92.99544525146484
1667883600,110.3204345703125,92.71318817138672
1667970000,107.31927490234375,91.8134765625
1668056400,110.39453125,93.70990753173828
1668142800,112.29341888427734,98.17312622070312
1668402000,111.64502716064453,97.25577545166016
1668488400,111.85009765625,98.00553131103516
1668574800,111.71957397460938,95.81656646728516
1668661200,112.22293090820312,97.64070892333984
1668747600,112.949951171875,96.98223876953125
1669006800,112.13902282714844,97.017822265625
1669093200,118.00184631347656,99.91865539550781
1669179600,117.06974792480469,98.51273345947266
1669352400,116.69690704345703,98.57499694824219
1669611600,113.63968658447266,95.94113159179688
1669698000,115.08441162109375,96.96443176269531
1669784400,113.53713989257812,96.49282836914062
1669870800,112.064453125,96.13688659667969
1669957200,110.2002944946289,94.90892791748047
1670216400,104.8128433227539,92.67546081542969
1670302800,101.86746215820312,91.72335052490234
1670389200,101.59716796875,91.66107177734375
1670475600,101.45734405517578,89.78353118896484
1670562000,99.57455444335938,87.20303344726562
1670821200,103.65705871582031,90.82463073730469
1670907600,103.57316589355469,90.87801361083984
1670994000,103.40540313720703,90.12166595458984
1671080400,103.34017181396484,90.29073333740234
1671166800,102.29623413085938,89.55216217041016
1671426000,103.52656555175781,89.52547454833984
1671512400,105.3348159790039,91.33184051513672
1671598800,106.77021789550781,91.96360778808594
1671685200,104.06719207763672,89.45429229736328
1671771600,107.301513671875,92.48860931396484
1672117200,108.88606262207031,93.05809020996094
1672203600,106.74225616455078,90.89581298828125
1672290000,108.2895278930664,92.63987731933594
1672376400,108.48526763916016,92.61317443847656
1672722000,103.3867416381836,89.89920806884766
1672808400,103.0698471069336,89.58776092529297
1672894800,107.8700942993164,91.66996765136719
1672981200,108.88606262207031,94.05470275878906
1673240400,107.89804077148438,90.771240234375
1673326800,108.5877914428711,90.37970733642578
1673413200,109.61307525634766,90.24623107910156
1673499600,112.79149627685547,91.5276107788086
1673586000,113.64899444580078,91.6788558959961
1673931600,113.49986267089844,91.21614837646484
1674018000,113.07110595703125,91.39412689208984
1674104400,114.8607177734375,92.88013458251953
1674190800,117.18159484863281,95.17588806152344
1674450000,118.2628173828125,95.15808868408203
1674536400,121.36666870117188,95.22038269042969
1674622800,120.99382781982422,96.85765075683594
1674709200,126.15756225585938,99.20679473876953
1674795600,123.82737731933594,96.75088500976562
1675054800,120.36932373046875,94.69538116455078
1675141200,119.79142761230469,89.22293853759766
1675227600,114.61839294433594,87.19413757324219
1675314000,111.75688934326172,88.07506561279297
1675400400,110.17233276367188,87.9238052368164
1675659600,108.50390625,87.27423095703125
1675746000,113.92862701416016,91.01148223876953
1675832400,113.30413818359375,91.42082977294922
1675918800,112.53982543945312,90.86022186279297
1676005200,118.17892456054688,95.54959106445312
1676264400,119.12966918945312,96.33265686035156
1676350800,119.90328979492188,96.05681610107422
1676437200,119.1719970703125,94.90003204345703
1676523600,118.60948944091797,93.36063385009766
1676610000,114.84989929199219,89.4687271118164
1676955600,115.3843002319336,89.56761169433594
1677042000,115.11239624023438,89.40583038330078
1677128400,117.6812973022461,90.19679260253906
1677214800,117.11876678466797,91.67984008789062
1677474000,118.67510986328125,93.16289520263672
1677560400,115.88121032714844,92.18318176269531
1677646800,121.12211608886719,96.38967895507812
1677733200,121.53461456298828,95.1043472290039
1677819600,125.1629409790039,95.29308319091797
1678078800,123.68161010742188,93.45951080322266
1678165200,122.07841491699219,91.49109649658203
1678251600,119.88452911376953,89.26199340820312
1678338000,120.36270141601562,90.9068603515625
1678424400,120.52207946777344,90.978759765625
1678680000,116.0499496459961,85.85545349121094
1678766400,119.80015563964844,88.03960418701172
1678852800,115.02803039550781,84.1746826171875
1678939200,117.3437728881836,85.43302154541016
1679025600,115.93746185302734,85.13642120361328
1679284800,118.3656997680664,85.88243865966797
1679371200,120.27828979492188,85.88243865966797
1679457600,119.05012512207031,85.10944366455078
1679544000,118.27195739746094,84.07581329345703
1679630400,116.91250610351562,84.24658203125
1679889600,120.8595962524414,86.49363708496094
1679976000,123.35345458984375,88.78562927246094
1680062400,125.70671081542969,90.13385009765625
1680148800,125.57546997070312,89.87319946289062
1680235200,126.4098892211914,91.12256622314453
1680494400,127.16928100585938,92.49777221679688
1680580800,117.9625473022461,88.33621978759766
1680667200,124.42230224609375,93.86397552490234
1680753600,120.64395141601562,92.43485260009766
1681099200,123.0440902709961,94.34036254882812
1681185600,123.93476104736328,95.68858337402344
1681272000,122.0877914428711,95.30208587646484
1681358400,122.33153533935547,95.51780700683594
1681444800,122.61279296875,95.50880432128906
1681704000,121.22523498535156,93.40557861328125
1681790400,121.00021362304688,93.756103515625
1681876800,118.49697875976562,92.63258361816406
1681963200,117.84066772460938,91.00572204589844
1682049600,115.81555938720703,90.01701354980469
1682308800,118.60948944091797,90.50237274169922
1682395200,115.45931243896484,89.27099609375
1682481600,114.8780288696289,89.22605895996094
1682568000,113.84671783447266,87.85086822509766
1682654400,114.3811264038086,88.98336791992188
1682913600,114.81239318847656,88.44407653808594
1683000000,109.66525268554688,85.1454086303711
1683086400,103.19613647460938,86.2419662475586
1683172800,98.49901580810547,82.97024536132812
1683259200,100.22410583496094,83.98591613769531
1683518400,101.92108154296875,84.45331573486328
1683604800,104.0118179321289,84.47129821777344
1683691200,104.74310302734375,84.69599914550781
1683777600,103.22428131103516,83.949951171875
1683864000,103.01801300048828,83.7881851196289
1684123200,103.7211685180664,84.68700408935547
1684209600,100.7666244506836,82.59274291992188
1684296000,104.42913055419922,85.1993408203125
1684382400,104.759521484375,86.53858184814453
1684468800,104.1270751953125,86.2750473022461
1684728000,104.42913055419922,86.83845520019531
1684814400,103.7589111328125,86.91116333007812
1684900800,104.34417724609375,87.7471923828125
1684987200,103.38135528564453,86.456787109375
1685073600,102.71115112304688,86.24779510498047
1685419200,101.7483139038086,85.04824829101562
1685505600,99.02975463867188,83.24895477294922
1685592000,99.93594360351562,84.55753326416016
1685678400,102.80555725097656,88.17430114746094
1685937600,102.59788513183594,87.25646209716797
1686024000,102.9188003540039,87.98346710205078
1686110400,107.72351837158203,91.82740783691406
1686196800,106.12825775146484,90.09172058105469
1686283200,106.67573547363281,89.74639129638672
1686542400,106.07160949707031,87.94711303710938
1686628800,106.19432067871094,88.0379867553711
1686715200,105.38253021240234,86.96568298339844
1686801600,107.44977569580078,88.16520690917969
1686888000,106.94004821777344,88.26517486572266
1687233600,104.72177124023438,84.94828796386719
1687320000,105.72234344482422,84.76654815673828
1687406400,105.17485809326172,82.52198028564453
1687492800,105.38253021240234,82.56741333007812
1687752000,106.70405578613281,83.16717529296875
1687838400,107.59136962890625,84.12135314941406
1687924800,108.64859008789062,84.87559509277344
1688011200,109.819091796875,85.90245819091797
1688097600,110.06452941894531,86.67488861083984
1688356800,110.95182037353516,86.9293441772461
1688529600,109.69638061523438,87.35643768310547
1688616000,106.98723602294922,86.69306182861328
1688702400,111.40492248535156,90.36433410644531
1688961600,111.2350082397461,91.1731185913086
1689048000,113.28337097167969,92.25450897216797
1689134400,113.2361831665039,92.65433502197266
1689220800,113.19842529296875,93.21775817871094
1689307200,111.77306365966797,91.29124450683594
1689566400,111.50875854492188,90.0008316040039
1689652800,112.73589324951172,91.92736053466797
1689739200,115.26567840576172,93.10870361328125
1689825600,117.28573608398438,94.55359649658203
1689912000,118.76771545410156,96.08026123046875
1690171200,121.19368743896484,97.0980453491211
1690257600,121.40135955810547,97.87954711914062
1690344000,123.04381561279297,99.58796691894531
1690430400,122.3169937133789,98.95185089111328
1690516800,124.44086456298828,100.27861022949219
1690776000,125.56414794921875,101.36908721923828
1690862400,127.37657165527344,101.87798309326172
1690948800,128.25445556640625,99.04273223876953
1691035200,128.58477783203125,100.3331298828125
1691121600,130.21783447265625,100.39673614501953
1691380800,132.15293884277344,101.26912689208984
1691467200,133.83314514160156,102.39595794677734
1691553600,135.97592163085938,103.9771499633789
1691640000,137.13697814941406,104.20433044433594
1691726400,141.35643005371094,105.99454498291016
1691985600,140.21426391601562,104.20433044433594
1692072000,135.3092803955078,103.07749938964844
1692158400,134.1518096923828,102.93209838867188
1692244800,135.1859588623047,104.18872833251953
1692331200,137.20677185058594,104.78492736816406
1692590400,135.52752685546875,103.95022583007812
1692676800,135.62237548828125,103.59251403808594
1692763200,135.90696716308594,102.96879577636719
1692849600,136.23907470703125,103.0880355834961
1692936000,136.59954833984375,104.46389770507812
1693195200,135.69827270507812,103.76678466796875
1693281600,135.9259796142578,103.36320495605469
1693368000,135.80264282226562,104.2437515258789
1693454400,135.45159912109375,104.7115478515625
1693540800,138.47808837890625,107.472412109375
1693886400,139.4837646484375,107.07801055908203
1693972800,140.30914306640625,106.98627471923828
1694059200,143.1553497314453,108.9216537475586
1694145600,147.34878540039062,112.1136245727539
1694404800,146.17237854003906,112.21452331542969
1694491200,147.84214782714844,113.99394989013672
1694577600,147.51007080078125,112.97581481933594
1694664000,148.1836700439453,112.7923812866211
1694750400,145.92567443847656,111.012939453125
1695009600,148.32598876953125,112.31541442871094
1695096000,144.35073852539062,110.26998901367188
1695182400,144.84413146972656,110.13240051269531
1695268800,146.83648681640625,110.01315307617188
1695355200,145.59364318847656,108.7657241821289
1695614400,146.29568481445312,110.30669403076172
1695700800,143.2786865234375,109.53619384765625
1695787200,144.6164093017578,110.80199432373047
1695873600,146.513916015625,113.16845703125
1695960000,143.58229064941406,110.2057876586914
1696219200,142.32997131347656,109.16929626464844
1696305600,139.72093200683594,106.05986785888672
1696392000,134.61669921875,101.34528350830078
1696478400,134.9867401123047,100.41888427734375
1696564800,135.840576171875,100.15288543701172
1696824000,139.05682373046875,102.00570678710938
1696910400,141.27688598632812,103.0880355834961
1696996800,140.90684509277344,102.84956359863281
1697083200,140.02452087402344,101.58377075195312
1697169600,140.603271484375,101.44619750976562
1697428800,143.02255249023438,102.52852630615234
1697515200,143.58229064941406,104.48223876953125
1697601600,146.09646606445312,106.62857055664062
1697688000,145.00540161132812,105.65630340576172
1697774400,143.12689208984375,104.14286041259766
1698033600,141.7891845703125,103.69342803955078
1698120000,141.01121520996094,102.6661148071289
1698206400,139.79684448242188,101.57460021972656
1698292800,140.4704132080078,100.98755645751953
1698379200,138.51605224609375,101.7488784790039
1698638400,139.33193969726562,103.13389587402344
1698724800,143.4969024658203,104.62898254394531
1698811200,147.25392150878906,106.48179626464844
1698897600,147.78518676757812,108.34379577636719
1698984000,143.05099487304688,107.1238784790039
1699246800,142.2350616455078,107.17890930175781
1699333200,138.66781616210938,104.43637084960938
1699419600,136.14414978027344,102.55603790283203
1699506000,134.5313262939453,101.47367858886719
1699592400,137.69061279296875,104.05113983154297
1699851600,139.23707580566406,104.7023696899414
1699938000,142.9466552734375,105.50035858154297
1700024400,143.40931701660156,105.93145751953125
1700110800,138.42010498046875,105.089111328125
1700197200,141.09117126464844,107.71796417236328
1700456400,142.13099670410156,109.32860565185547
1700542800,140.83358764648438,108.68064880371094
1700629200,142.3408966064453,109.23605346679688
1700802000,142.61753845214844,109.80992889404297
1701061200,143.6191864013672,109.5322494506836
1701147600,143.08497619628906,109.2267837524414
1701234000,140.63327026367188,113.1330337524414
1701320400,142.32180786132812,119.30711364746094
1701406800,144.4491424560547,120.05689239501953
1701666000,144.42050170898438,118.89057922363281
1701752400,142.06422424316406,118.20558166503906
1701838800,136.58847045898438,115.70633697509766
1701925200,135.06211853027344,115.3545913696289
1702011600,136.43585205078125,116.0025405883789
1702270800,137.22763061523438,117.01148986816406
1702357200,136.76971435546875,115.90997314453125
1702443600,139.9082794189453,117.70574188232422
1702530000,143.94349670410156,120.4364013671875
1702616400,141.549072265625,120.21424102783203
1702875600,144.82118225097656,121.53793334960938
1702962000,146.69097900390625,123.85206604003906
1703048400,146.557373046875,124.10199737548828
1703134800,145.63204956054688,124.30561828613281
1703221200,143.92446899414062,124.09272003173828
1703566800,145.07876586914062,125.62931060791016
1703653200,142.9800262451172,124.68515014648438
1703739600,140.1181182861328,122.96343994140625
1703826000,141.5299835205078,123.24115753173828
1704171600,145.34585571289062,124.30561828613281
1704258000,150.6212615966797,125.6570816040039
1704344400,146.33795166015625,125.2220230102539
1704430800,145.47943115234375,125.18501281738281
1704690000,149.06631469726562,123.8983383178711
1704776400,147.20608520507812,123.3059310913086
1704862800,145.80377197265625,119.78845977783203
1704949200,148.23638916015625,120.59376525878906
1705035600,150.21107482910156,122.99119567871094
1705381200,147.0248260498047,119.84400939941406
1705467600,145.00242614746094,118.73321533203125
1705554000,144.81163024902344,118.17781829833984
1705640400,145.9373321533203,119.49224090576172
1705899600,147.33009338378906,120.01985931396484
1705986000,146.88172912597656,121.362060546875
1706072400,147.959716796875,123.73174285888672
1706158800,150.02978515625,127.41578674316406
1706245200,153.13018798828125,129.79473876953125
1706504400,152.76768493652344,128.74876403808594
1706590800,162.06883239746094,131.8218994140625
1706677200,157.97633361816406,133.58062744140625
1706763600,159.81747436523438,134.7284393310547
1706850000,158.67269897460938,134.65440368652344
1707109200,163.24220275878906,136.2928466796875
1707195600,158.9684295654297,135.06170654296875
1707282000,161.78262329101562,135.63560485839844
1707368400,161.8684844970703,135.90403747558594
1707454800,162.14515686035156,134.8302764892578
1707714000,161.11485290527344,133.7102508544922
1707800400,162.05929565429688,134.36744689941406
1707886800,162.05929565429688,134.41372680664062
1707973200,163.42347717285156,135.4874725341797
1708059600,162.18331909179688,134.0796661376953
1708405200,157.49085998535156,131.59033203125
1708491600,159.17803955078125,133.83724975585938
1708578000,160.80767822265625,136.6995086669922
1708664400,162.52359008789062,137.15638732910156
1708923600,165.3035888671875,138.27516174316406
1709010000,164.0478057861328,135.50613403320312
1709096400,160.2421112060547,131.68356323242188
1709182800,162.22645568847656,132.8675994873047
1709269200,166.041748046875,134.44326782226562
1709528400,166.55938720703125,134.4991912841797
1709614800,167.9206085205078,136.2147216796875
1709701200,167.9302215576172,136.83938598632812
1709787600,171.5633544921875,139.11428833007812
1709874000,172.11935424804688,139.23550415039062
1710129600,173.9023895263672,139.3753662109375
1710216000,173.70108032226562,140.19580078125
1710302400,181.0728302001953,144.01840209960938
1710388800,181.15908813476562,143.9344940185547
1710475200,185.8179473876953,148.2698516845703
1710734400,185.4728546142578,146.15345764160156
1710820800,188.4349822998047,146.36790466308594
1710907200,189.56614685058594,148.01809692382812
1710993600,190.9657440185547,148.31646728515625
1711080000,191.885986328125,148.6614227294922
1711339200,191.56007385253906,145.8737335205078
1711425600,189.2114715576172,146.0042724609375
1711512000,188.83761596679688,148.20458984375
1711598400,193.16094970703125,152.28822326660156
1711944000,195.9505157470703,152.28822326660156
1712030400,202.63206481933594,158.02210998535156
1712116800,206.06393432617188,161.0242462158203
1712203200,207.30052185058594,159.13160705566406
1712289600,210.0613555908203,159.19686889648438
1712548800,208.0003204345703,157.1457061767578
1712635200,203.34144592285156,154.2181854248047
1712721600,202.4786834716797,153.98509216308594
1712808000,203.48524475097656,154.2181854248047
1712894400,200.1300811767578,151.49574279785156
1713153600,198.4525146484375,149.93875122070312
1713240000,195.4232940673828,147.1976776123047
1713326400,194.08123779296875,146.61029052734375
1713412800,186.94912719726562,142.93687438964844
1713499200,188.25286865234375,144.24215698242188
1713758400,190.04547119140625,146.423828125
1713844800,191.3874969482422,148.0927276611328
1713931200,190.8986358642578,147.11378479003906
1714017600,191.25332641601562,146.60098266601562
1714104000,190.17965698242188,141.1654510498047
1714363200,192.2119140625,141.28665161132812
1714449600,174.19956970214844,133.520263671875
1714536000,171.5633544921875,130.72325134277344
1714622400,175.37864685058594,134.13558959960938
1714708800,174.99520874023438,133.89317321777344
1714968000,175.21566772460938,135.301025390625
1715054400,173.43264770507812,135.38491821289062
1715140800,173.44224548339844,136.9978790283203
1715227200,175.3594512939453,137.72509765625
1715313600,172.12892150878906,135.74853515625
1715572800,170.49928283691406,135.26373291015625
1715659200,167.28790283203125,135.04928588867188
1715745600,166.2910614013672,136.31727600097656
1715832000,168.33297729492188,135.98162841796875
1715918400,173.05247497558594,138.21823120117188
1716177600,169.59474182128906,135.718505859375
1716264000,170.07630920410156,135.45538330078125
1716350400,169.5369415283203,134.29005432128906
1716436800,170.0570526123047,133.62286376953125
1716523200,171.2513885498047,134.08334350585938
1716868800,172.56129455566406,134.15850830078125
1716955200,166.1080780029297,129.86387634277344
1717041600,165.67465209960938,130.0518341064453
1717128000,170.10520935058594,133.5476837158203
1717387200,168.31370544433594,130.55926513671875
1717473600,168.804931640625,128.7361602783203
1717560000,167.5142822265625,129.112060546875
1717646400,169.2576141357422,130.03302001953125
1717732800,168.65081787109375,129.75112915039062
1717992000,167.91879272460938,129.79808044433594
1718078400,168.03439331054688,129.95782470703125
1718164800,162.5443115234375,127.8152084350586
1718251200,164.22987365722656,129.37521362304688
1718337600,163.8060760498047,128.52001953125
1718596800,165.40492248535156,129.01809692382812
1718683200,166.09841918945312,127.66487121582031
1718856000,167.26385498046875,129.64772033691406
1718942400,166.31031799316406,129.76988220214844
1719201600,167.58169555664062,130.2021484375
1719288000,168.7375030517578,131.79037475585938
1719374400,167.88026428222656,131.3580780029297
1719460800,166.54148864746094,131.00094604492188
1719547200,167.0904541015625,132.664306640625
1719806400,168.3522186279297,132.43875122070312
1719892800,167.72616577148438,132.0065155029297
1719979200,168.5448760986328,131.91250610351562
1720152000,164.45140075683594,130.0612030029297
1720411200,161.3018341064453,127.75883483886719
1720497600,156.91943359375,124.80802154541016
1720584000,156.2066650390625,125.89813232421875
1720670400,158.23895263671875,128.67037963867188
1720756800,159.36585998535156,130.28675842285156
1721016000,160.56985473632812,131.63059997558594
1721102400,161.4944610595703,131.3580780029297
1721188800,159.46217346191406,132.26023864746094
1721275200,158.4604949951172,129.40338134765625
1721361600,159.07693481445312,130.1269989013672
1721620800,159.7896728515625,131.66819763183594
1721707200,157.93075561523438,128.8113555908203
1721793600,161.37890625,129.84506225585938
1721880000,165.18341064453125,133.92355346679688
1721966400,166.2910614013672,133.64166259765625
1722225600,165.62648010253906,131.95010375976562
1722312000,171.7233123779297,138.3028106689453
1722398400,170.50009155273438,136.71463012695312
1722484800,166.80152893066406,132.4575653076172
1722571200,158.57608032226562,125.70076751708984
1722830400,156.08148193359375,123.70851135253906
1722916800,164.5958709716797,125.06175231933594
1723003200,163.1125946044922,124.89257049560547
1723089600,167.73580932617188,127.26075744628906
1723176000,169.35394287109375,127.25135803222656
1723435200,169.8836669921875,127.69304656982422
1723521600,169.27688598632812,126.54656219482422
1723608000,172.45535278320312,129.40338134765625
1723694400,174.09274291992188,130.32432556152344
1723780800,173.3992462158203,130.5498809814453
1724040000,172.3108673095703,130.94456481933594
1724126400,165.28936767578125,125.44869232177734
1724212800,166.4362335205078,126.8605728149414
1724299200,166.25233459472656,126.17829895019531
1724385600,169.6687469482422,128.27243041992188
1724644800,167.62664794921875,128.13978576660156
1724731200,164.42315673828125,127.33434295654297
1724817600,164.46188354492188,127.89340209960938
1724904000,165.46839904785156,129.34317016601562
1724990400,171.4204864501953,132.95343017578125
1725336000,168.22671508789062,127.92182159423828
1725422400,166.2233123779297,125.35391998291016
1725508800,163.0391845703125,122.13218688964844
1725595200,160.65834045410156,121.42150115966797
1725854400,157.996826171875,121.26042938232422
1725940800,158.2775115966797,120.22756958007812
1726027200,153.50613403320312,118.4461441040039
1726113600,156.29345703125,119.12840270996094
1726200000,158.3162078857422,120.0570068359375
1726459200,155.82891845703125,120.6634521484375
1726545600,158.5968780517578,121.5731201171875
1726632000,159.37112426757812,123.47773742675781
1726718400,160.9970703125,125.60028839111328
1726804800,159.10012817382812,123.15556335449219
1727064000,158.93560791015625,124.23579406738281
1727150400,157.22254943847656,122.6817855834961
1727236800,156.45799255371094,123.04186248779297
1727323200,158.18072509765625,123.82832336425781
1727409600,158.3839569091797,124.1789321899414
1727668800,157.6677703857422,124.5579605102539
1727755200,160.48414611816406,126.01721954345703
1727841600,160.05828857421875,127.41963958740234
1727928000,169.2138671875,131.64576721191406
1728014400,166.44590759277344,131.35202026367188
1728273600,167.6944122314453,131.23831176757812
1728360000,154.84173583984375,125.3918228149414
1728446400,157.37744140625,127.65650939941406
1728532800,159.5453338623047,129.26739501953125
1728619200,158.97430419921875,129.20106506347656
1728878400,157.2709503173828,128.31980895996094
1728964800,151.96731567382812,124.51058197021484
1729051200,152.81900024414062,125.37286376953125
1729137600,153.21578979492188,126.35834503173828
1729224000,153.2061004638672,125.64766693115234
1729483200,151.86083984375,124.4347915649414
1729569600,153.14805603027344,124.53899383544922
1729656000,148.81219482421875,122.35012817382812
1729742400,147.9605255126953,121.75315856933594
1729828800,147.45724487304688,121.44993591308594
1730088000,146.20877075195312,122.13218688964844
1730174400,140.60507202148438,116.80683898925781
1730260800,140.10179138183594,115.66976165771484
1730347200,140.78897094726562,115.43286895751953
1730433600,138.52426147460938,113.7177734375
1730696400,140.2760467529297,114.68428039550781
1730782800,144.74734497070312,115.45182800292969
1730869200,150.25425720214844,121.19409942626953
1730955600,149.0444793701172,120.03805541992188
1731042000,148.80252075195312,119.82012176513672
1731301200,151.0382080078125,121.23200225830078
1731387600,150.21556091308594,121.00457000732422
1731474000,153.99005126953125,123.09870147705078
1731560400,153.05123901367188,122.9565658569336
1731646800,152.4512176513672,124.0462875366211
1731906000,154.77398681640625,125.53758239746094
1731992400,153.6900177001953,125.17431640625
1732078800,155.14039611816406,125.66184997558594
1732165200,155.0527801513672,125.62362670898438
1732251600,154.26434326171875,127.4017333984375
1732510800,152.33700561523438,127.41126251220703
1732597200,152.9599609375,128.33856201171875
1732683600,151.22732543945312,127.47821807861328
1732856400,151.99630737304688,128.0804443359375
1733115600,153.22279357910156,130.4225616455078
1733202000,151.35386657714844,128.55844116210938
1733288400,146.39926147460938,124.84928894042969
1733374800,146.1072540283203,124.1131820678711
1733461200,146.9248809814453,123.01382446289062
1733720400,148.91062927246094,124.35218048095703
1733806800,147.0417022705078,120.08856964111328
1733893200,147.927490234375,119.81133270263672
1733979600,142.38885498046875,118.53034210205078
1734066000,141.68801879882812,117.31627655029297
1734325200,134.51405334472656,111.16940307617188
1734411600,134.3193817138672,110.72966003417969
1734498000,131.46731567382812,106.93446350097656
1734584400,128.14801025390625,105.49095153808594
1734670800,129.8319854736328,105.51007843017578
1734930000,130.416015625,105.61524200439453
1735016400,131.74960327148438,106.66679382324219
1735189200,131.78854370117188,107.2594985961914
1735275600,132.06109619140625,107.63232421875
1735534800,131.9929656982422,107.0587387084961
1735621200,135.78919982910156,108.91331481933594
1735794000,137.7262725830078,109.37218475341797
1735880400,138.94300842285156,110.97820281982422
1736139600,136.79180908203125,110.09870910644531
1736226000,137.89173889160156,110.11783599853516
1736312400,138.54393005371094,111.13115692138672
1736485200,138.4855194091797,108.91331481933594
1736744400,142.8463592529297,110.873046875
1736830800,145.44532775878906,112.10623931884766
1736917200,147.9080352783203,113.76007080078125
1737003600,147.6646728515625,114.3623275756836
1737090000,148.6380615234375,115.22270202636719
1737435600,146.80809020996094,115.18445587158203
1737522000,143.68348693847656,113.32988739013672
1737608400,150.20526123046875,117.22067260742188
1737694800,147.5770721435547,116.49413299560547
1737954000,148.54075622558594,117.6604232788086
1738040400,146.63287353515625,115.84407806396484
1738126800,147.36293029785156,116.78092956542969
1738213200,145.97096252441406,115.51905059814453
1738299600,141.83401489257812,112.6798324584961
1738558800,143.08969116210938,112.67025756835938
1738645200,152.73609924316406,118.16708374023438
1738731600,153.1254425048828,117.88984680175781
1738818000,147.8885498046875,115.49992370605469
1738904400,146.12669372558594,115.0028305053711
1739163600,149.68934631347656,118.26268005371094
1739250000,151.16893005371094,123.84551239013672
1739336400,145.24093627929688,119.53411102294922
1739422800,149.99110412597656,120.01209259033203
1739509200,151.90869140625,122.4020004272461
1739854800,154.79969787597656,124.54337310791016
1739941200,153.35076904296875,124.23747253417969
1740027600,154.94654846191406,125.75746154785156
1740114000,150.5116729736328,123.10942077636719
1740373200,149.4934844970703,122.57891082763672
1740459600,147.4278106689453,121.7879638671875
1740546000,143.2279052734375,120.99699401855469
1740632400,144.87261962890625,122.897216796875
1740718800,147.0264129638672,125.09646606445312
1740978000,142.75796508789062,120.56293487548828
1741064400,139.6251678466797,117.95856475830078
1741150800,132.2826385498047,115.49888610839844
1741237200,134.67141723632812,118.44086456298828
1741323600,134.66163635253906,121.71078491210938
1741579200,133.39871215820312,121.66255187988281
1741665600,131.89105224609375,119.17394256591797
1741752000,134.24066162109375,119.58870697021484
1741838400,134.1427764892578,118.16111755371094
1741924800,138.18603515625,122.24130249023438
1742184000,143.09085083007812,124.61417388916016
1742270400,142.93418884277344,123.86180114746094
1742356800,146.42922973632812,124.430908203125
1742443200,148.75924682617188,124.25728607177734
1742529600,146.81105041503906,121.04522705078125
1742788800,145.5579071044922,121.99051666259766
1742875200,145.9593048095703,121.04522705078125
1742961600,146.6641845703125,122.08696746826172
1743048000,144.255859375,120.302490234375
1743134400,141.0740966796875,117.44733428955078
1743393600,142.63070678710938,119.1064224243164
1743480000,143.55096435546875,119.94559478759766
1743566400,144.79429626464844,119.66587829589844
1743652800,125.88977813720703,103.38375091552734
1743739200,118.52769470214844,95.31021118164062
1743998400,119.10530090332031,93.16883850097656
1744084800,116.06061553955078,89.58060455322266
1744171200,128.66036987304688,99.4771957397461
1744257600,118.97802734375,93.55467987060547
1744344000,120.838134765625,93.93085479736328
1744603200,122.22830963134766,94.35527801513672
1744689600,119.66333770751953,92.80229949951172
1744776000,121.46469116210938,93.14955139160156
1744862400,125.03804779052734,95.58993530273438
1745208000,124.05904388427734,93.573974609375
1745294400,128.6309814453125,97.3261947631836
1745380800,131.47988891601562,99.13959503173828
1745467200,134.65185546875,100.98194122314453
1745553600,134.55393981933594,100.2874526977539
1745812800,134.69100952148438,102.03333282470703
1745899200,135.40567016601562,102.24555206298828
1745985600,134.5245819091797,100.374267578125
1746072000,134.82806396484375,99.7955093383789
1746158400,138.57765197753906,103.35482025146484
1746417600,140.3202667236328,103.1136703491211
1746504000,141.51463317871094,101.65715789794922
1746590400,141.65170288085938,101.81149291992188
1746676800,146.82083129882812,105.32256317138672
1746763200,147.72152709960938,106.99127960205078
1747022400,154.8192596435547,114.47643280029297
1747108800,159.42056274414062,121.12239074707031
1747195200,160.0863037109375,120.28319549560547
1747281600,161.81910705566406,120.3507308959961
1747368000,160.67369079589844,121.2767333984375
1747627200,158.86253356933594,118.98811340332031
1747713600,158.13807678222656,117.74156188964844
1747800000,154.2786407470703,108.85980987548828
1747886400,156.434814453125,110.02845764160156
1747972800,156.65142822265625,110.1745376586914
1748318400,159.82167053222656,111.34318542480469
1748404800,156.1591339111328,109.8239517211914
1748491200,157.4488983154297,111.68405151367188
1748577600,158.25624084472656,110.5154037475586
1748836800,156.29698181152344,111.29449462890625
1748923200,159.46722412109375,112.94034576416016
1749009600,154.52479553222656,109.5415267944336
1749096000,155.76531982421875,109.29805755615234
1749182400,157.6457977294922,111.30424499511719
1749441600,157.7935028076172,113.06694793701172
1749528000,160.1268768310547,115.5990219116211
1749614400,162.11566162109375,117.79024505615234
1749700800,162.5193328857422,118.34535217285156
1749787200,163.5826416015625,118.95890045166016
1750046400,164.20291137695312,120.3905029296875
1750132800,167.451904296875,121.28646087646484
1750219200,164.83302307128906,121.55914306640625
1750392000,166.50672912597656,121.52019500732422
1750651200,164.03553771972656,117.86815643310547
1750737600,162.7359161376953,116.33917236328125
1750824000,163.12974548339844,116.50473022460938
1750910400,164.9314727783203,117.0306167602539
1750996800,164.8231658935547,116.13465881347656
1751256000,163.5432586669922,116.18335723876953
1751342400,167.32391357421875,119.93276977539062
1751428800,171.7642364501953,123.15630340576172
1751515200,173.3296661376953,123.9646224975586
1751860800,173.72348022460938,123.09786987304688
1751947200,177.14968872070312,126.60382080078125
1752033600,176.4999237060547,127.1004867553711
1752120000,179.44369506835938,130.87913513183594
1752206400,177.08079528808594,128.26914978027344
1752465600,172.91615295410156,125.63967895507812
1752552000,172.9062957763672,124.91902160644531
1752638400,169.70651245117188,120.4391860961914
1752724800,171.47869873046875,121.90974426269531
1752811200,171.51809692382812,122.61093139648438
1753070400,172.177734375,122.75701904296875
1753156800,172.54202270507812,122.8641357421875
1753243200,174.796630859375,124.5099868774414
1753329600,168.66290283203125,121.07220458984375
1753416000,168.91888427734375,121.70523834228516
1753675200,172.09898376464844,124.35417175292969
1753761600,172.71923828125,125.05536651611328
1753848000,168.14108276367188,121.1501235961914
1753934400,167.56021118164062,120.35154724121094
1754020800,162.9722137451172,116.47550964355469
1754280000,165.3646697998047,118.28692626953125
1754366400,166.30982971191406,118.88098907470703
1754452800,159.9299774169922,116.70924377441406
1754539200,159.0143280029297,116.18335723876953
1754625600,158.35467529296875,116.0177993774414
1754884800,156.13946533203125,115.27765655517578
1754971200,156.65142822265625,116.90402221679688
1755057600,159.23094177246094,119.3776626586914
1755144000,159.81182861328125,119.52374267578125
1755230400,159.83151245117188,120.3807601928711
1755489600,160.15640258789062,119.63087463378906
1755576000,161.83999633789062,120.15211486816406
1755662400,164.16656494140625,121.52899169921875
1755748800,163.2953338623047,122.39445495605469
1755835200,169.17611694335938,127.79378509521484
1756094400,170.463134765625,127.38072204589844
1756180800,171.77987670898438,127.74461364746094
1756267200,176.11619567871094,130.42950439453125
1756353600,177.51214599609375,130.63604736328125
1756440000,177.91807556152344,131.3736572265625
1756785600,178.35365295410156,131.62936401367188
1756872000,177.2151336669922,128.37403869628906
1756958400,177.19532775878906,129.4066925048828
1757044800,178.48236083984375,129.37718200683594
1757304000,179.38330078125,128.059326171875
1757390400,181.3534393310547,130.10494995117188
1757476800,179.87831115722656,129.24932861328125
1757563200,180.49212646484375,130.33116149902344
1757649600,178.48236083984375,128.61990356445312
1757908800,178.14576721191406,129.01329040527344
1757995200,181.1653594970703,130.8425750732422
1758081600,182.8385009765625,130.94093322753906
1758168000,183.1850128173828,129.1804962158203
1758254400,183.61073303222656,127.57742309570312
1758513600,185.38287353515625,127.42989349365234
1758600000,188.96678161621094,130.09512329101562
1758686400,191.17454528808594,134.3339385986328
1758772800,194.4812469482422,136.78280639648438
1758859200,196.70880126953125,137.1565399169922
1759118400,194.5109405517578,135.29776000976562
1759204800,190.81814575195312,133.7733612060547
1759291200,190.39242553710938,132.36697387695312
1759377600,190.3231201171875,132.71119689941406
1759464000,191.21414184570312,130.81307983398438
1759723200,191.59034729003906,130.72454833984375
1759809600,189.63009643554688,130.1836395263672
1759896000,186.8283233642578,129.13131713867188
1759982400,185.6897735595703,128.92478942871094
1760068800,179.08628845214844,124.66630554199219
1760328000,181.57125854492188,127.64625549316406
1760414400,181.29405212402344,128.6789093017578
1760500800,181.99697875976562,127.42989349365234
1760587200,179.34368896484375,126.23987579345703
1760673600,182.63059997558594,127.13484954833984
1760932800,184.41265869140625,128.18716430664062
1761019200,181.04653930664062,126.47592163085938
1761105600,186.6599884033203,129.2296600341797
1761192000,194.0060272216797,133.5668182373047
1761278400,194.263427734375,132.7505340576172
1761537600,194.27333068847656,133.1832733154297
1761624000,190.29342651367188,131.45233154296875
1761710400,193.79811096191406,135.72064208984375
1761796800,193.6793212890625,134.80601501464844
1761883200,192.96649169921875,133.89137268066406
1762146000,193.83770751953125,135.6419677734375
1762232400,181.9474639892578,133.50782775878906
1762318800,184.3235321044922,133.68482971191406
1762405200,190.79832458496094,135.91734313964844
1762491600,191.8279571533203,135.67147827148438
1762750800,194.40203857421875,136.3599090576172
1762837200,198.1344451904297,138.52357482910156
1762923600,194.9366455078125,135.74032592773438
1763010000,192.6397705078125,137.1958770751953
1763096400,197.98594665527344,139.96929931640625
1763355600,194.0159149169922,135.53573608398438
1763442000,197.61962890625,137.28140258789062
1763528400,194.5450439453125,133.3933563232422
1763614800,186.9331817626953,130.9137420654297
1763701200,189.66946411132812,132.629638671875
1763960400,189.23165893554688,132.11387634277344
1764046800,189.0525665283203,133.0363006591797
1764133200,190.7838897705078,133.85952758789062
1764306000,192.7639617919922,135.8432159423828
1764565200,195.1619415283203,138.62037658691406
1764651600,191.7390899658203,136.4482421875
1764738000,188.4853973388672,138.70965576171875
1764824400,189.20181274414062,138.2831573486328
1764910800,189.5799102783203,138.22364807128906
1765170000,188.71426391601562,137.92608642578125
1765256400,189.77891540527344,138.73941040039062
1765342800,190.34608459472656,142.63735961914062
1765429200,186.17697143554688,142.2604522705078
1765515600,184.84365844726562,140.28668212890625
1765774800,184.58494567871094,140.35610961914062
1765861200,175.90843200683594,130.70545959472656
1765947600,173.62985229492188,130.9137420654297
1766034000,167.27171325683594,128.0770721435547
1766120400,167.48068237304688,127.83901977539062
1766379600,163.94837951660156,127.9382095336914
1766466000,165.5702362060547,128.067138671875
1766552400,164.90357971191406,127.3629379272461
1766725200,162.87376403808594,126.70831298828125
1766984400,162.78421020507812,127.54145812988281
1767070800,163.00311279296875,128.50355529785156
1767157200,161.8190460205078,127.98778533935547
1767330000,164.3165283203125,129.5053253173828
1767589200,174.06765747070312,138.83859252929688
1767675600,169.5701904296875,135.53573608398438
1767762000,171.64976501464844,136.75572204589844
1767848400,176.18704223632812,143.0440216064453
1767934800,175.29151916503906,141.00082397460938
1768194000,174.66465759277344,137.71780395507812
1768280400,174.97312927246094,136.57717895507812
1768366800,180.18698120117188,140.23709106445312
1768453200,176.70443725585938,138.86834716796875
1768539600,174.7542266845703,137.15245056152344
1768885200,174.00796508789062,137.3408966064453
1768971600,176.59498596191406,140.48504638671875
1769058000,174.88356018066406,140.77267456054688
1769144400,174.50546264648438,140.3858642578125
1769403600,171.6796112060547,139.2452392578125
1769490000,170.93336486816406,138.86834716796875
1769576400,171.1522674560547,140.9214630126953
1769662800,174.86367797851562,142.90516662597656
1769749200,175.31143188476562,142.38938903808594
1770008400,176.02783203125,141.08016967773438
1770094800,186.64462280273438,146.88246154785156
1770181200,194.9430389404297,153.42864990234375
1770267600,194.85348510742188,153.17076110839844
1770354000,201.98773193359375,156.51329040527344
1770613200,203.24143981933594,156.21572875976562
1770699600,203.13198852539062,156.02728271484375
1770786000,207.599609375,160.18312072753906
1770872400,197.03257751464844,154.98583984375
1770958800,202.24642944335938,158.46722412109375
1771304400,199.5399932861328,156.87034606933594
1771390800,199.57000732421875,156.11654663085938
1771477200,196.47000122070312,154.1427764892578
1771563600,196.75999450683594,154.47999572753906
1771822800,192.82000732421875,154.85000610351562
1771909200,195.2899932861328,154.36000061035156
1771995600,195.77000427246094,151.91000366210938
1772082000,201.07000732421875,152.4600067138672
1772168400,198.2100067138672,154.3300018310547
1772427600,209.82000732421875,160.17999267578125
1772514000,211.97999572753906,159.77999877929688
1772600400,220.77000427246094,164.72000122070312
1772686800,217.36000061035156,166.44000244140625
1772773200,221.27999877929688,165.9600067138672
1773028800,215.6999969482422,163.0
1773115200,215.22999572753906,162.5
1773201600,226.74000549316406,169.5
1773288000,230.07000732421875,174.08999633789062
1773374400,226.17999267578125,172.74000549316406
1773633600,228.94000244140625,173.47999572753906
1773720000,233.25999450683594,172.7100067138672
1773806400,236.24000549316406,172.74000549316406
1773892800,235.77999877929688,178.33999633789062
1773979200,232.52999877929688,175.47000122070312
1774238400,232.52999877929688,176.75999450683594
1774324800,243.91000366210938,184.1199951171875
1774411200,241.25,181.2899932861328
1774497600,248.30999755859375,184.00999450683594
1774584000,251.91000366210938,188.27999877929688
1774843200,245.16000366210938,184.80999755859375
1774929600,244.17999267578125,182.17999267578125
1775016000,238.16000366210938,175.63999938964844
1775102400,241.72999572753906,176.2100067138672
1775448000,241.39999389648438,177.3300018310547
1775534400,245.4199981689453,174.6999969482422
1775620800,231.97999572753906,168.0
1775707200,223.52000427246094,161.07000732421875
1775793600,222.6199951171875,159.25
1776052800,225.2899932861328,160.39999389648438
1776139200,223.92999267578125,158.75999450683594
1776225600,223.02999877929688,161.44000244140625
1776312000,226.24000549316406,163.3300018310547
1776398400,213.69000244140625,156.3699951171875
1776657600,214.1199951171875,155.75
1776744000,220.35000610351562,159.3800048828125
1776830400,222.07000732421875,160.64999389648438
1776916800,221.10000610351562,159.52999877929688
1777003200,224.13999938964844,162.85000610351562
1777262400,227.2100067138672,164.10000610351562
1777348800,232.58999633789062,165.1300048828125
1777435200,241.80999755859375,173.49000549316406
1777521600,248.2899932861328,179.14999389648438
1777608000,246.14999389648438,176.19000244140625
1777867200,252.5399932861328,178.47000122070312
1777953600,260.510009765625,180.25999450683594
1778040000,245.77999877929688,171.72000122070312
1778126400,242.25999450683594,168.30999755859375
1778212800,244.8699951171875,171.55999755859375
1778472000,252.47999572753906,175.36000061035156
1778558400,251.99000549316406,175.42999267578125
1778644800,249.08999633789062,171.82000732421875
1778731200,248.82000732421875,171.50999450683594
1778817600,255.02999877929688,176.1999969482422
