timestamp,XOM,CVX,COP
1149480000,30.32940101623535,27.47494125366211,24.336795806884766
1149566400,30.506195068359375,27.280500411987305,24.08774757385254
1149652800,29.708168029785156,26.465744018554688,23.55073356628418
1149739200,30.08696746826172,26.785165786743164,23.772550582885742
1149825600,29.69806480407715,26.632400512695312,23.5701904296875
1150084800,29.415233612060547,26.66019058227539,23.20440101623535
1150171200,28.61217498779297,26.285202026367188,22.535078048706055
1150257600,29.193004608154297,26.77128791809082,23.138240814208984
1150344000,29.859691619873047,27.511966705322266,24.02937889099121
1150430400,29.69806480407715,27.178667068481445,23.803674697875977
1150689600,28.985918045043945,26.623144149780273,23.037065505981445
1150776000,28.985918045043945,26.623144149780273,22.881423950195312
1150862400,29.324316024780273,26.979602813720703,23.29001235961914
1150948800,29.27885627746582,27.155517578125,23.64412498474121
1151035200,29.344518661499023,27.178667068481445,23.838685989379883
1151294400,29.708168029785156,27.627708435058594,24.165571212768555
1151380800,30.12738609313965,27.822132110595703,24.418521881103516
1151467200,30.869840621948242,28.40542221069336,24.959421157836914
1151553600,31.50116729736328,28.910011291503906,25.67153549194336
1151640000,30.985992431640625,28.72947883605957,25.500314712524414
1151899200,31.390050888061523,29.04890251159668,26.002323150634766
1152072000,31.592069625854492,29.572002410888672,26.294170379638672
1152158400,32.056739807128906,29.618310928344727,26.294170379638672
1152244800,31.738554000854492,29.479421615600586,26.14629554748535
1152504000,31.839569091796875,29.752544403076172,26.20467185974121
1152590400,32.3143196105957,30.2293758392334,26.426475524902344
1152676800,32.30927658081055,30.030311584472656,26.44204330444336
1152763200,32.35979080200195,30.06272315979004,26.103490829467773
1152849600,32.77897644042969,30.729333877563477,26.247465133666992
1153108800,32.32442855834961,30.030311584472656,25.35245132446289
1153195200,32.63252258300781,30.345104217529297,25.457521438598633
1153281600,32.65777587890625,30.548789978027344,25.64042091369629
1153368000,32.450687408447266,30.238645553588867,25.072269439697266
1153454400,32.289066314697266,29.835880279541016,24.760957717895508
1153713600,33.011329650878906,30.678422927856445,25.59761619567871
1153800000,33.203243255615234,30.99320411682129,26.247465133666992
1153886400,33.63761520385742,31.24781608581543,26.694982528686523
1153972800,33.57193374633789,31.354297637939453,26.605009078979492
1154059200,33.83964157104492,30.576568603515625,26.581546783447266
1154318400,34.21338653564453,30.451583862304688,26.851455688476562
1154404800,34.43560791015625,30.669158935546875,26.863189697265625
1154491200,34.58714294433594,30.53953742980957,27.004032135009766
1154577600,34.53157424926758,30.32196807861328,26.906219482421875
1154664000,34.693214416503906,30.39602279663086,26.80453109741211
1154923200,34.9659309387207,30.93764305114746,26.448528289794922
1155009600,34.98614501953125,31.10894775390625,26.45635414123535
1155096000,34.99624252319336,31.23857307434082,26.953163146972656
1155182400,35.183990478515625,31.178363800048828,26.64022445678711
1155268800,35.38188171386719,31.409841537475586,26.74974822998047
1155528000,35.1383171081543,31.039493560791016,26.139497756958008
1155614400,34.854183197021484,30.951534271240234,26.19816017150879
1155700800,34.28586196899414,30.51764488220215,26.09255599975586
1155787200,34.544654846191406,30.86290740966797,25.928239822387695
1155873600,35.06220626831055,31.380781173706055,25.975189208984375
1156132800,35.432640075683594,31.208154678344727,26.159048080444336
1156219200,35.62543487548828,31.049518585205078,26.245105743408203
1156305600,35.331146240234375,30.643606185913086,25.81481170654297
1156392000,35.884212493896484,31.133502960205078,25.77959632873535
1156478400,35.73706817626953,31.15215301513672,25.936073303222656
1156737600,35.56963348388672,30.86756706237793,25.701358795166016
1156824000,35.21950149536133,30.671611785888672,25.306243896484375
1156910400,34.656272888183594,30.415006637573242,24.84073829650879
1156996800,34.33661651611328,30.046417236328125,24.8133544921875
1157083200,34.55479049682617,30.247053146362305,25.130216598510742
1157428800,34.747615814208984,30.951534271240234,25.145862579345703
1157515200,34.08798599243164,30.428997039794922,24.163969039916992
1157601600,34.34675598144531,30.512981414794922,24.066164016723633
1157688000,33.900245666503906,29.962432861328125,23.60456085205078
1157947200,32.95137405395508,28.926685333251953,23.00212860107422
1158033600,32.829586029052734,28.64206314086914,22.74394989013672
1158120000,33.164493560791016,29.108631134033203,23.142953872680664
1158206400,32.83466339111328,28.95000457763672,22.861289978027344
1158292800,32.80422592163086,28.828699111938477,22.72828483581543
1158552000,33.64145278930664,29.323240280151367,23.107742309570312
1158638400,33.23550796508789,28.875350952148438,22.80653190612793
1158724800,32.53022384643555,28.40413475036621,22.39577293395996
1158811200,32.87018966674805,28.95000457763672,22.77132225036621
1158897600,32.936161041259766,28.898679733276367,22.704816818237305
1159156800,33.012264251708984,29.010652542114258,22.41925621032715
1159243200,33.707420349121094,29.668506622314453,22.86520767211914
1159329600,34.06260681152344,29.953107833862305,23.119482040405273
1159416000,34.23005676269531,30.107065200805664,23.052974700927734
1159502400,34.047393798828125,30.261049270629883,23.287702560424805
1159761600,33.99663543701172,30.09774398803711,22.904327392578125
1159848000,33.18986892700195,29.365236282348633,21.91851806640625
1159934400,33.79875946044922,29.719833374023438,22.2119140625
1160020800,34.15900421142578,29.803808212280273,22.64222526550293
1160107200,34.26049041748047,29.701162338256836,22.69308853149414
1160366400,33.7682991027832,29.505216598510742,22.481849670410156
1160452800,34.098121643066406,29.813129425048828,22.75957679748535
1160539200,33.7581672668457,29.439908981323242,22.5444393157959
1160625600,34.32646179199219,29.869121551513672,23.00603485107422
1160712000,34.707027435302734,29.953107833862305,23.483295440673828
1160971200,35.432640075683594,30.349679946899414,23.897964477539062
1161057600,35.21950149536133,30.293703079223633,23.784507751464844
1161144000,35.09773635864258,30.13973617553711,23.600648880004883
1161230400,35.38188171386719,30.624963760375977,23.91360092163086
1161316800,35.290550231933594,30.456995010375977,23.807981491088867
1161576000,35.478294372558594,30.624963760375977,23.749309539794922
1161662400,35.46306228637695,31.208154678344727,24.019224166870117
1161748800,36.0313720703125,31.530078887939453,24.547340393066406
1161835200,36.340885162353516,31.49275016784668,24.33216667175293
1161921600,36.25971221923828,31.576738357543945,24.076414108276367
1162184400,35.94511795043945,30.974878311157227,23.52949333190918
1162270800,36.239410400390625,31.352783203125,23.70262908935547
1162357200,36.05674743652344,31.250144958496094,23.49015235900879
1162443600,36.122718811035156,31.628053665161133,23.49015235900879
1162530000,36.60981369018555,32.150604248046875,23.989858627319336
1162789200,36.99543380737305,32.55184555053711,24.021347045898438
1162875600,36.80262756347656,32.150604248046875,23.997732162475586
1162962000,37.614501953125,32.43053436279297,24.54071044921875
1163048400,38.022178649902344,32.752464294433594,24.91058921813965
1163134800,37.925357818603516,32.44452667236328,24.824026107788086
1163394000,37.930450439453125,32.82244873046875,24.81614875793457
1163480400,37.940643310546875,32.8364372253418,24.9696044921875
1163566800,38.11901092529297,32.878753662109375,25.174219131469727
1163653200,37.033538818359375,32.220699310302734,24.501373291015625
1163739600,37.24247741699219,32.479209899902344,24.670560836791992
1163998800,36.911231994628906,32.54501724243164,24.7177791595459
1164085200,37.40045928955078,33.00566101074219,25.307981491088867
1164171600,37.15583038330078,32.714237213134766,25.37488555908203
1164344400,36.8857421875,32.357017517089844,25.296186447143555
1164603600,36.93162536621094,32.31471252441406,25.256832122802734
1164690000,37.7928466796875,32.845848083496094,25.540128707885742
1164776400,38.74583435058594,33.395774841308594,26.146081924438477
1164862800,39.143341064453125,33.99272918701172,26.48052406311035
1164949200,39.342071533203125,34.36405944824219,26.508073806762695
1165208400,39.632568359375,34.547359466552734,26.464797973632812
1165294800,39.780357360839844,34.75886917114258,26.791372299194336
1165381200,38.88853454589844,34.5755729675293,27.106151580810547
1165467600,38.582767486572266,34.462772369384766,27.42092514038086
1165554000,38.475738525390625,34.23245620727539,27.952104568481445
1165813200,38.40438461303711,34.6413688659668,27.837995529174805
1165899600,38.85795211791992,34.711849212646484,27.778987884521484
1165986000,39.42361831665039,34.97038650512695,27.936368942260742
1166072400,40.121803283691406,35.70833969116211,28.750852584838867
1166158800,39.393043518066406,35.431007385253906,28.632801055908203
1166418000,38.48081970214844,34.46746826171875,28.52657127380371
1166504400,39.23507308959961,35.012691497802734,28.735105514526367
1166590800,38.77132034301758,34.61785888671875,28.52657127380371
1166677200,38.664302825927734,34.42045593261719,28.357376098632812
1166763600,38.42987823486328,34.1854362487793,27.956039428710938
1167109200,38.75603103637695,34.35464096069336,28.207868576049805
1167195600,39.21977233886719,34.80117416381836,28.384916305541992
1167282000,39.40833282470703,34.913978576660156,28.59345817565918
1167368400,39.051605224609375,34.56146240234375,28.31016731262207
1167800400,37.767391204833984,33.35817337036133,26.830718994140625
1167886800,37.05900955200195,33.03386306762695,25.99656867980957
1167973200,37.323997497558594,33.1607666015625,26.52774429321289
1168232400,37.02334213256836,33.58380889892578,26.87400245666504
1168318800,36.73795700073242,33.19837188720703,26.16968536376953
1168405200,36.17738723754883,32.62493896484375,25.390609741210938
1168491600,36.17229461669922,32.28652572631836,24.324317932128906
1168578000,37.0284423828125,33.0667610168457,25.115169525146484
1168923600,36.503543853759766,32.74715805053711,24.71384620666504
1169010000,36.926509857177734,33.287681579589844,25.005014419555664
1169096400,36.67170715332031,33.33468246459961,24.635147094726562
1169182800,37.47180938720703,33.99272918701172,25.162403106689453
1169442000,37.150753021240234,33.47569274902344,24.938119888305664
1169528400,37.96103286743164,34.105525970458984,25.563735961914062
1169614800,38.16996765136719,34.237125396728516,25.819494247436523
1169701200,37.466705322265625,33.616703033447266,25.205692291259766
1169787600,37.5125732421875,33.60728454589844,25.485042572021484
1170046800,37.303627014160156,33.62139129638672,25.426027297973633
1170133200,37.91006851196289,34.345245361328125,25.831302642822266
1170219600,37.76227569580078,34.25594711303711,26.130334854125977
1170306000,38.26170349121094,35.00328063964844,26.484460830688477
1170392400,38.49612808227539,34.80117416381836,26.476585388183594
1170651600,38.562381744384766,34.6789665222168,26.378223419189453
1170738000,38.45534896850586,34.486244201660156,26.220840454101562
1170824400,38.27621841430664,34.14314651489258,26.059524536132812
1170910800,38.61912155151367,34.66486740112305,26.311328887939453
1170997200,38.496307373046875,34.462772369384766,26.35854721069336
1171256400,38.178993225097656,33.99272918701172,25.980823516845703
1171342800,38.61400604248047,34.23245620727539,26.468719482421875
1171429200,38.69076919555664,34.175628662109375,26.543476104736328
1171515600,38.55771255493164,33.782684326171875,26.191158294677734
1171602000,38.53212356567383,33.522308349609375,26.187192916870117
1171947600,38.3171501159668,33.19568634033203,25.961544036865234
1172034000,38.2711181640625,33.11044692993164,26.24262237548828
1172120400,38.42463302612305,33.45603942871094,26.476179122924805
1172206800,38.496307373046875,33.645408630371094,26.602859497070312
1172466000,38.58840560913086,33.80638122558594,26.903724670410156
1172552400,36.7613525390625,32.46660614013672,25.751733779907227
1172638800,36.684574127197266,32.43821716308594,25.858625411987305
1172725200,36.33145523071289,32.00267028808594,26.108020782470703
1172811600,35.829917907714844,31.619199752807617,25.7042293548584
1173070800,35.814552307128906,31.448774337768555,25.530046463012695
1173157200,36.336585998535156,32.03580093383789,26.056547164916992
1173243600,36.66411590576172,32.3482666015625,26.587034225463867
1173330000,36.77159881591797,32.40980529785156,26.74933624267578
1173416400,36.39798355102539,32.41454315185547,26.840383529663086
1173672000,36.27003860473633,32.584957122802734,26.618696212768555
1173758400,35.77873229980469,32.11628723144531,26.36138916015625
1173844800,36.346805572509766,32.343536376953125,26.883943557739258
1173931200,36.177921295166016,32.60388946533203,26.333669662475586
1174017600,35.753135681152344,32.22990036010742,25.866531372070312
1174276800,36.38774490356445,32.8453369140625,25.9892578125
1174363200,36.848365783691406,33.162532806396484,26.250526428222656
1174449600,37.47785186767578,33.773223876953125,26.590986251831055
1174536000,38.056156158447266,34.52595520019531,27.188756942749023
1174622400,38.39393997192383,34.89047622680664,27.414411544799805
1174881600,38.62424087524414,35.221858978271484,27.537139892578125
1174968000,38.747047424316406,35.11299133300781,27.505451202392578
1175054400,38.670291900634766,35.07038497924805,27.410451889038086
1175140800,39.018314361572266,35.48224639892578,27.38273811340332
1175227200,38.61400604248047,35.01355743408203,27.05812644958496
1175486400,38.97737121582031,35.42544174194336,26.994787216186523
1175572800,39.304927825927734,35.6668701171875,26.856229782104492
1175659200,39.46356964111328,35.76628494262695,26.816625595092773
1175745600,39.51985549926758,35.79470443725586,26.903724670410156
1176091200,39.304927825927734,35.73788833618164,27.085832595825195
1176177600,39.69898223876953,36.471683502197266,27.493587493896484
1176264000,39.289546966552734,36.24444580078125,27.4064998626709
1176350400,39.606868743896484,36.53322982788086,27.905302047729492
1176436800,39.61709976196289,36.457462310791016,27.925094604492188
1176696000,40.00606155395508,36.864593505859375,27.948854446411133
1176782400,40.12377166748047,36.9072151184082,27.881542205810547
1176868800,40.02140426635742,36.81726837158203,27.647974014282227
1176955200,39.64268493652344,36.362789154052734,27.426271438598633
1177041600,40.819786071777344,37.13920211791992,28.206167221069336
1177300800,40.533203125,36.71784591674805,27.948854446411133
1177387200,40.22612762451172,36.500083923339844,27.568784713745117
1177473600,40.90167999267578,37.07764434814453,28.03593635559082
1177560000,41.22410202026367,37.0113639831543,28.000314712524414
1177646400,41.12687301635742,36.96402359008789,27.72715950012207
1177905600,40.62532043457031,36.82675552368164,27.453981399536133
1177992000,40.76860427856445,37.091835021972656,27.390661239624023
1178078400,40.850502014160156,37.2291259765625,27.481698989868164
1178164800,41.29064178466797,37.6646842956543,27.70734977722168
1178251200,41.22410202026367,37.54159927368164,27.786535263061523
1178510400,41.36740493774414,37.67414093017578,27.845909118652344
1178596800,41.64888381958008,37.89665222167969,27.810283660888672
1178683200,41.66935729980469,37.75461959838867,27.75485610961914
1178769600,40.80585479736328,37.01610565185547,27.347110748291016
1178856000,41.75159454345703,37.89192199707031,27.786535263061523
1179115200,41.761871337890625,38.284847259521484,27.996341705322266
1179201600,41.7001953125,38.21857833862305,27.996341705322266
1179288000,41.86465835571289,38.49512481689453,28.443675994873047
1179374400,42.04457092285156,38.843223571777344,29.164350509643555
1179460800,42.79499435424805,39.506046295166016,29.80137062072754
1179720000,42.9646110534668,39.49650573730469,30.2034969329834
1179806400,42.543155670166016,39.18656539916992,30.19951629638672
1179892800,42.65620803833008,38.81462097167969,30.54192543029785
1179979200,42.29128646850586,38.13274002075195,29.936742782592773
1180065600,42.923492431640625,38.685874938964844,30.426467895507812
1180411200,42.466026306152344,38.485595703125,30.000450134277344
1180497600,43.175357818603516,39.219940185546875,30.776830673217773
1180584000,42.74871826171875,38.85752487182617,30.828590393066406
1180670400,43.288421630859375,39.21039962768555,31.397939682006836
1180929600,43.288421630859375,39.63955307006836,31.616918563842773
1181016000,43.30898666381836,39.44881820678711,31.569149017333984
1181102400,42.980045318603516,39.00059127807617,31.214799880981445
1181188800,42.12679672241211,38.24240493774414,30.760915756225586
1181275200,42.496883392333984,38.47607421875,30.77285385131836
1181534400,42.69218063354492,38.79554748535156,31.0037784576416
1181620800,42.147369384765625,38.41407775878906,30.70516586303711
1181707200,42.84123992919922,38.69540023803711,30.956005096435547
1181793600,43.57113265991211,39.258079528808594,31.541271209716797
1181880000,44.17250061035156,39.65863037109375,32.058868408203125
1182139200,44.38837432861328,39.763526916503906,32.12655258178711
1182225600,44.1210823059082,39.715843200683594,31.943418502807617
1182312000,42.568843841552734,38.60958480834961,31.135181427001953
1182398400,43.329566955566406,39.506046295166016,31.72044563293457
1182484800,42.414642333984375,38.886138916015625,31.35017204284668
1182744000,42.33753204345703,39.553714752197266,31.071455001831055
1182830400,42.05485534667969,39.43450164794922,30.179622650146484
1182916800,42.90806198120117,40.0019416809082,30.760915756225586
1183003200,42.96975326538086,40.14021682739258,30.553882598876953
1183089600,43.11367416381836,40.1688232421875,31.254621505737305
1183348800,43.59682083129883,40.602752685546875,31.855817794799805
1183435200,43.8743782043457,41.16543960571289,32.09868240356445
1183608000,43.77159118652344,41.27985382080078,32.13849639892578
1183694400,44.43976593017578,41.80915451049805,32.26590347290039
1183953600,44.943477630615234,42.677005767822266,33.464332580566406
1184040000,44.460330963134766,42.43858337402344,33.49221420288086
1184126400,44.86637878417969,43.273067474365234,34.07748031616211
1184212800,46.0639762878418,44.48899459838867,35.29183578491211
1184299200,46.42890930175781,44.50330352783203,35.901004791259766
1184558400,46.10511779785156,43.92631530761719,34.690616607666016
1184644800,45.79156494140625,43.43994140625,34.23274612426758
1184731200,46.85039138793945,44.38407897949219,34.798118591308594
1184817600,47.43632507324219,44.34592819213867,34.78219985961914
1184904000,47.256431579589844,43.92631530761719,34.36016845703125
1185163200,48.027427673339844,44.140899658203125,34.09340286254883
1185249600,46.6910400390625,42.84391784667969,32.779510498046875
1185336000,47.69334411621094,43.41608810424805,33.559871673583984
1185422400,45.349525451660156,41.704254150390625,32.572479248046875
1185508800,43.99259948730469,40.626609802246094,31.932235717773438
1185768000,44.20847702026367,41.2131233215332,32.5684814453125
1185854400,43.75616455078125,40.655216217041016,32.34840393066406
1185940800,44.1210823059082,40.6123046875,32.312381744384766
1186027200,43.78185272216797,40.0019416809082,32.116302490234375
1186113600,42.1884880065918,38.6334114074707,31.047887802124023
1186372800,42.938926696777344,39.11024475097656,31.59210777282715
1186459200,44.04912567138672,39.66338348388672,32.0042839050293
1186545600,45.17991638183594,40.21174621582031,32.28036880493164
1186632000,43.14153289794922,38.67633056640625,31.30398941040039
1186718400,43.611122131347656,39.77783203125,31.295995712280273
1186977600,42.79060745239258,39.31529235839844,31.6921443939209
1187064000,42.89900207519531,39.31529235839844,31.55609130859375
1187150400,42.1558837890625,38.78226089477539,30.963863372802734
1187236800,41.62950897216797,39.084781646728516,30.923856735229492
1187323200,43.420188903808594,40.51103591918945,31.664133071899414
1187582400,43.62146759033203,40.76554870605469,31.956241607666016
1187668800,42.909305572509766,40.482215881347656,31.308000564575195
1187755200,43.13121032714844,41.00566482543945,31.572093963623047
1187841600,43.218929290771484,41.04887390136719,31.772174835205078
1187928000,44.220062255859375,41.88446044921875,32.30838394165039
1188187200,43.92591857910156,41.778812408447266,32.4044189453125
1188273600,42.83191680908203,40.482215881347656,31.53608512878418
1188360000,43.98269271850586,41.63473129272461,32.720550537109375
1188446400,44.07041549682617,41.87005615234375,32.52845764160156
1188532800,44.24070739746094,42.143768310546875,32.768550872802734
1188878400,45.0147819519043,42.60957336425781,33.404788970947266
1188964800,45.0096321105957,42.43190002441406,32.8605842590332
1189051200,45.14897155761719,42.70561981201172,33.46481704711914
1189137600,44.251033782958984,42.0909423828125,33.1367073059082
1189396800,43.79175567626953,41.802825927734375,32.88861083984375
1189483200,44.8651237487793,42.5423583984375,33.4248161315918
1189569600,45.23152542114258,42.83047103881836,33.953006744384766
1189656000,45.732078552246094,43.26267623901367,34.05705261230469
1189742400,45.757896423339844,43.53159713745117,34.1210823059082
1190001600,46.062355041503906,43.66604232788086,33.90497970581055
1190088000,47.35245132446289,44.82337951660156,35.129459381103516
1190174400,47.53825759887695,45.19313430786133,35.32953643798828
1190260800,47.52275466918945,45.22196578979492,35.377567291259766
1190347200,47.63630676269531,45.54371643066406,35.589656829833984
1190606400,47.33699035644531,45.30840301513672,35.68567657470703
1190692800,47.455692291259766,44.12227249145508,34.92938232421875
1190779200,47.667259216308594,44.424781799316406,34.93338394165039
1190865600,47.97688293457031,44.90501022338867,35.197471618652344
1190952000,47.76531219482422,44.93862533569336,35.12145233154297
1191211200,48.48262405395508,45.35161209106445,34.96940612792969
1191297600,47.600181579589844,44.44880294799805,34.201107025146484
1191384000,47.130592346191406,43.9301872253418,33.636898040771484
1191470400,46.918975830078125,44.10304641723633,33.588871002197266
1191556800,47.14603042602539,44.333553314208984,33.69291305541992
1191816000,46.79513931274414,43.978214263916016,33.74492645263672
1191902400,47.822059631347656,44.5640869140625,34.36517333984375
1191988800,48.059444427490234,44.218292236328125,34.70529556274414
1192075200,47.81692123413086,43.699676513671875,34.301143646240234
1192161600,48.24005889892578,43.896568298339844,34.301143646240234
1192420800,48.931583404541016,44.33835220336914,34.55723190307617
1192507200,48.890289306640625,44.87620162963867,35.13347625732422
1192593600,48.92127227783203,44.784976959228516,34.99740219116211
1192680000,49.05026626586914,44.38157272338867,35.21748733520508
1192766400,47.54856872558594,42.8688850402832,34.04104232788086
1193025600,46.9138298034668,42.470333099365234,33.260746002197266
1193112000,47.1408805847168,42.70082092285156,33.30076217651367
1193198400,47.54340362548828,43.17143630981445,32.672515869140625
1193284800,47.254432678222656,43.81013107299805,33.488834381103516
1193371200,47.5847053527832,44.01182174682617,33.93701171875
1193630400,48.307151794433594,44.60247039794922,34.02949142456055
1193716800,47.03255081176758,43.25786590576172,33.261474609375
1193803200,47.47115707397461,43.94456481933594,34.16218948364258
1193889600,45.670169830322266,42.75844955444336,33.45851516723633
1193976000,45.37601852416992,42.48951721191406,34.005367279052734
1194238800,45.236690521240234,42.48951721191406,33.74400329589844
1194325200,46.64033508300781,43.526798248291016,34.234554290771484
1194411600,45.17423629760742,42.038124084472656,33.13682556152344
1194498000,46.32432556152344,42.82567596435547,33.75605010986328
1194584400,44.992923736572266,41.90367889404297,33.1971321105957
1194843600,43.79621887207031,40.948036193847656,31.753602981567383
1194930000,45.00845718383789,41.697174072265625,32.0753059387207
1195016400,44.71318054199219,41.648799896240234,31.91446304321289
1195102800,43.77029800415039,40.6867561340332,31.379655838012695
1195189200,44.086334228515625,41.566650390625,31.737524032592773
1195448400,43.573482513427734,41.107357025146484,31.013757705688477
1195534800,45.495426177978516,42.494850158691406,31.882295608520508
1195621200,45.09135437011719,41.4554443359375,31.29120635986328
1195794000,45.73891830444336,41.90021514892578,31.813920974731445
1196053200,44.38679504394531,40.50789260864258,30.84085464477539
1196139600,44.74943542480469,40.75928497314453,30.583515167236328
1196226000,45.547218322753906,41.60530471801758,31.250978469848633
1196312400,45.89432144165039,41.84703826904297,31.693296432495117
1196398800,46.189632415771484,42.432003021240234,32.18385314941406
1196658000,46.02902603149414,42.46584701538086,32.2682991027832
1196744400,45.650856018066406,42.137107849121094,32.051170349121094
1196830800,46.583343505859375,43.17167282104492,32.714630126953125
1196917200,47.37078857421875,44.1772346496582,33.494693756103516
1197003600,47.401859283447266,43.97419357299805,33.494693756103516
1197262800,47.676448822021484,44.34162902832031,33.555023193359375
1197349200,46.76984405517578,43.4569206237793,32.847312927246094
1197435600,47.61943817138672,44.370609283447266,33.522857666015625
1197522000,48.03389358520508,44.99909973144531,34.033504486083984
1197608400,47.23609161376953,44.48666000366211,33.49066925048828
1197867600,46.567787170410156,43.50041580200195,32.9357795715332
1197954000,47.360435485839844,44.08538818359375,33.591182708740234
1198040400,47.36558532714844,43.945194244384766,33.852569580078125
1198126800,47.72823715209961,44.501155853271484,34.270748138427734
1198213200,48.401702880859375,45.463218688964844,34.865848541259766
1198472400,48.520870208740234,45.67593002319336,35.05885314941406
1198645200,49.116615295410156,45.849979400634766,35.77458572387695
1198731600,48.52606201171875,45.32301712036133,35.64591598510742
1198818000,49.215065002441406,45.859642028808594,35.83891677856445
1199077200,48.53639602661133,45.119956970214844,35.50518798828125
1199250000,48.443153381347656,45.18281173706055,35.3403205871582
1199336400,48.60893249511719,45.73876953125,35.48508071899414
1199422800,47.70233917236328,45.129638671875,34.40343475341797
1199682000,47.256805419921875,44.53984069824219,33.932979583740234
1199768400,46.650691986083984,43.96935272216797,33.17704391479492
1199854800,47.43294906616211,44.7525520324707,33.659549713134766
1199941200,47.48477554321289,44.42865753173828,33.73595428466797
1200027600,46.78020095825195,43.833984375,33.39015579223633
1200286800,47.05475997924805,43.95001220703125,33.530887603759766
1200373200,46.11707305908203,42.67372512817383,32.413047790527344
1200459600,44.827125549316406,41.69716262817383,30.997663497924805
1200546000,43.4698371887207,40.005123138427734,29.54609489440918
1200632400,44.07597732543945,40.34834671020508,29.308862686157227
1200978000,42.71347427368164,39.279945373535156,28.621267318725586
1201064400,43.231536865234375,39.37662887573242,28.84243392944336
1201150800,44.552581787109375,40.44987106323242,29.944183349609375
1201237200,43.48537063598633,39.555519104003906,29.807464599609375
1201496400,44.101863861083984,40.05827713012695,30.724233627319336
1201582800,44.07597732543945,39.93259811401367,31.472164154052734
1201669200,44.1795654296875,40.237159729003906,31.817947387695312
1201755600,44.39716339111328,40.2468376159668,32.212005615234375
1201842000,44.52666473388672,39.87940979003906,32.312530517578125
1202101200,44.26247787475586,39.652183532714844,32.07127380371094
1202187600,42.53734588623047,38.54991912841797,30.5955753326416
1202274000,42.19026184082031,37.47185134887695,29.542083740234375
1202360400,42.60646438598633,38.066497802734375,29.964282989501953
1202446800,42.51283264160156,38.31789016723633,30.310087203979492
1202706000,43.2984733581543,38.88351821899414,30.949430465698242
1202792400,43.902008056640625,39.21709442138672,30.72022819519043
1202878800,44.47952651977539,39.9864387512207,31.62494659423828
1202965200,44.510746002197266,40.3370246887207,31.749603271484375
1203051600,44.41709518432617,40.70708084106445,31.78577995300293
1203397200,45.270362854003906,41.306007385253906,32.42511749267578
1203483600,45.83747482299805,42.04127502441406,32.81114196777344
1203570000,45.223541259765625,41.28166961669922,32.27728271484375
1203656400,45.353614807128906,41.59328842163086,32.600830078125
1203915600,46.37337875366211,42.45029067993164,33.26815414428711
1204002000,46.768775939941406,42.90800476074219,34.21449661254883
1204088400,46.50864791870117,42.956687927246094,34.02440643310547
1204174800,46.5034294128418,43.34623718261719,34.457149505615234
1204261200,45.270362854003906,42.19707489013672,33.45012664794922
1204520400,45.65536880493164,42.460025787353516,33.74536895751953
1204606800,45.10387420654297,42.23118591308594,32.960777282714844
1204693200,45.364009857177734,43.2342529296875,33.41777801513672
1204779600,43.96962356567383,42.752174377441406,32.41075897216797
1204866000,42.918636322021484,41.51538848876953,31.690872192382812
1205121600,42.90303039550781,41.25731658935547,31.28240203857422
1205208000,45.09865188598633,42.927486419677734,32.151920318603516
1205294400,44.729286193847656,42.23118591308594,31.674692153930664
1205380800,45.29115676879883,42.38211441040039,31.553367614746094
1205467200,44.698036193847656,41.5543327331543,31.339025497436523
1205726400,44.635616302490234,40.994380950927734,30.68789291381836
1205812800,46.02997589111328,41.93415069580078,31.654470443725586
1205899200,43.92801284790039,39.87443161010742,29.769847869873047
1205985600,44.22456741333008,40.51719665527344,30.263246536254883
1206331200,44.718849182128906,40.906734466552734,30.574649810791016
1206417600,44.328643798828125,41.1648063659668,30.14192008972168
1206504000,44.88014221191406,41.36931228637695,30.861801147460938
1206590400,44.84890365600586,41.09663009643555,30.627241134643555
1206676800,44.339054107666016,41.14531707763672,30.602964401245117
1206936000,44.00606918334961,41.56407928466797,30.82135009765625
1207022400,45.27554702758789,42.236053466796875,31.43202781677246
1207108800,46.055999755859375,42.610992431640625,31.8566837310791
1207195200,45.90509796142578,42.713233947753906,31.69896697998047
1207281600,46.17046356201172,42.8739128112793,31.872867584228516
1207540800,46.26409149169922,42.98102951049805,31.90926742553711
1207627200,46.62311553955078,43.472835540771484,32.139774322509766
1207713600,46.66994094848633,43.79906463623047,32.12360382080078
1207800000,46.5919075012207,43.62864303588867,32.07911682128906
1207886400,46.10802459716797,43.23911666870117,31.78388023376465
1208145600,46.66994094848633,43.48257064819336,32.27728271484375
1208232000,47.24226760864258,43.90619659423828,32.85562515258789
1208318400,48.329681396484375,44.76319122314453,33.49056625366211
1208404800,48.58461380004883,44.79240798950195,33.49056625366211
1208491200,48.907196044921875,45.37184143066406,33.927345275878906
1208750400,49.04246139526367,45.13813400268555,34.10932540893555
1208836800,49.1100959777832,45.78572463989258,34.331783294677734
1208923200,49.02165985107422,46.004859924316406,34.165958404541016
1209009600,48.178775787353516,44.99205780029297,33.522911071777344
1209096000,48.10592269897461,45.13326644897461,33.79793167114258
1209355200,48.10072708129883,45.04071807861328,34.1497917175293
1209441600,47.757354736328125,46.1314582824707,34.55826187133789
1209528000,48.42330551147461,46.817996978759766,34.84135437011719
1209614400,46.66994094848633,46.22886276245117,35.03953552246094
1209700800,46.62311553955078,46.41386795043945,35.1365966796875
1209960000,46.571067810058594,46.55996322631836,35.257911682128906
1210046400,46.8624267578125,47.168609619140625,35.88882064819336
1210132800,46.212074279785156,46.39439392089844,35.55315017700195
1210219200,46.789608001708984,47.4461669921875,36.17594528198242
1210305600,46.41853332519531,47.421810150146484,35.876678466796875
1210564800,46.611915588378906,47.40719985961914,35.82814407348633
1210651200,46.86800003051758,47.58739471435547,35.84029006958008
1210737600,46.98820495605469,47.582496643066406,35.80792236328125
1210824000,47.714630126953125,48.278560638427734,36.11933898925781
1210910400,48.43059158325195,49.20503616333008,37.199161529541016
1211169600,49.31382369995117,50.09714889526367,37.4903564453125
1211256000,49.41836929321289,50.533416748046875,37.83412170410156
1211342400,48.95322799682617,50.499088287353516,37.542938232421875
1211428800,48.34699249267578,49.95501708984375,37.39658737182617
1211515200,47.40104293823242,49.3765869140625,37.15269470214844
1211860800,46.93067932128906,48.81285858154297,36.86410140991211
1211947200,47.25996398925781,49.22465515136719,37.62422180175781
1212033600,46.69552230834961,48.45994186401367,36.973846435546875
1212120000,46.3871955871582,48.60209274291992,37.84372329711914
1212379200,45.89070510864258,48.709930419921875,37.782752990722656
1212465600,44.79320526123047,47.969757080078125,37.25432205200195
1212552000,44.814109802246094,47.07758712768555,36.25436019897461
1212638400,46.67463302612305,49.01382827758789,38.136390686035156
1212724800,45.357643127441406,48.773658752441406,37.465694427490234
1212984000,46.549171447753906,49.60697555541992,38.71358871459961
1213070400,45.93251419067383,48.42072677612305,37.75022888183594
1213156800,46.30878448486328,48.73444366455078,38.242069244384766
1213243200,45.49873733520508,48.06776809692383,37.595760345458984
1213329600,46.17813491821289,48.724632263183594,38.31523513793945
1213588800,45.9847526550293,48.76874923706055,38.44532012939453
1213675200,46.314022064208984,49.20011901855469,38.933109283447266
1213761600,45.90117263793945,48.65601348876953,38.672950744628906
1213848000,44.83503341674805,47.479549407958984,38.07135009765625
1213934400,44.37514877319336,47.36189651489258,37.70551300048828
1214193600,45.83320236206055,48.55797576904297,38.83555221557617
1214280000,45.42558288574219,48.35209274291992,38.485965728759766
1214366400,45.780975341796875,48.70501708984375,38.21769714355469
1214452800,45.159061431884766,47.74917984008789,37.64862060546875
1214539200,45.23222732543945,47.94034194946289,37.250247955322266
1214798400,46.057945251464844,48.592281341552734,38.36809158325195
1214884800,46.17292404174805,48.56776809692383,38.3884162902832
1214971200,45.68167495727539,47.754066467285156,36.88847351074219
1215057600,46.1311149597168,48.347190856933594,37.33155059814453
1215403200,45.441246032714844,47.4599494934082,36.729957580566406
1215489600,44.913421630859375,46.95506286621094,36.23810958862305
1215576000,44.06155014038086,46.03349304199219,35.648704528808594
1215662400,44.97612380981445,47.180545806884766,36.6242790222168
1215748800,44.673004150390625,45.21978759765625,35.82349395751953
1216008000,44.64164733886719,45.48942184448242,35.96169662475586
1216094400,42.95362854003906,43.832550048828125,34.478023529052734
1216180800,42.232398986816406,42.3472900390625,33.81546401977539
1216267200,41.9815673828125,41.994354248046875,33.69350051879883
1216353600,42.613929748535156,42.180625915527344,34.10813522338867
1216612800,43.36650085449219,42.60218811035156,34.900779724121094
1216699200,43.30377197265625,41.97474670410156,34.270721435546875
1216785600,42.32650375366211,40.51399612426758,33.26262664794922
1216872000,42.22719192504883,40.19536590576172,33.24638748168945
1216958400,42.697532653808594,40.46985626220703,33.32361602783203
1217217600,42.164466857910156,40.43556213378906,33.43335723876953
1217304000,42.2794303894043,40.60712432861328,32.81604766845703
1217390400,44.09814453125,42.773773193359375,34.61894607543945
1217476800,42.03380584716797,41.45025634765625,33.36794662475586
1217563200,41.66276931762695,41.32770538330078,33.175804138183594
1217822400,40.03221130371094,40.5875358581543,32.480812072753906
1217908800,40.9467658996582,40.43556213378906,32.64025115966797
1217995200,40.93634033203125,41.45025634765625,33.273929595947266
1218081600,40.47119903564453,40.8963508605957,33.02455520629883
1218168000,41.14015579223633,41.37181854248047,33.07769775390625
1218427200,41.05609893798828,41.21495819091797,32.79969787597656
1218513600,40.38374710083008,40.96006774902344,32.68522644042969
1218600000,41.06135559082031,42.273765563964844,33.6745719909668
1218686400,40.68315124511719,42.44043731689453,32.448097229003906
1218772800,40.48356628417969,41.610687255859375,31.74903678894043
1219032000,40.19989013671875,41.087158203125,31.47919273376465
1219118400,40.94580078125,41.837890625,32.39905548095703
1219204800,41.397544860839844,42.70219421386719,33.05316162109375
1219291200,42.20646667480469,43.719600677490234,34.77019500732422
1219377600,42.18021774291992,43.51218795776367,34.005714416503906
1219636800,41.345008850097656,42.233001708984375,33.44971466064453
1219723200,41.99636459350586,42.37127685546875,33.678653717041016
1219809600,42.269500732421875,42.78123092651367,34.1242790222168
1219896000,42.6424560546875,43.057796478271484,34.05885696411133
1219982400,42.02787399291992,42.633056640625,33.73179626464844
1220328000,40.6148681640625,41.13655471801758,32.29683303833008
1220414400,40.982566833496094,41.57611083984375,32.333641052246094
1220500800,39.995033264160156,40.11418151855469,31.266620635986328
1220587200,39.721885681152344,39.620296478271484,30.83734893798828
1220846400,40.32594680786133,40.03022766113281,30.53482437133789
1220932800,38.482215881347656,38.914024353027344,27.926551818847656
1221019200,39.52752685546875,40.08455276489258,29.3819522857666
1221105600,39.69035339355469,40.8945426940918,29.63132667541504
1221192000,40.70941925048828,41.60573196411133,30.019704818725586
1221451200,38.476959228515625,39.55607604980469,28.09415626525879
1221537600,40.14735794067383,40.430294036865234,29.549564361572266
1221624000,39.543296813964844,39.53633117675781,28.339454650878906
1221710400,40.84074783325195,40.93404006958008,29.54139518737793
1221796800,41.817752838134766,43.36402130126953,32.01475524902344
1222056000,41.434303283691406,43.13188934326172,31.773544311523438
1222142400,40.80923843383789,42.20829772949219,30.4898624420166
1222228800,40.98780822753906,42.09470748901367,30.60024642944336
1222315200,42.37456512451172,43.20103073120117,31.417882919311523
1222401600,42.36407470703125,42.94420623779297,31.16850471496582
1222660800,38.90243911743164,38.27688980102539,28.335363388061523
1222747200,40.79347229003906,40.73649597167969,29.946123123168945
1222833600,41.2767219543457,40.598201751708984,28.903644561767578
1222920000,40.70941925048828,39.29431915283203,27.685333251953125
1223006400,40.9405403137207,39.20541000366211,27.039409637451172
1223265600,40.6148681640625,37.950927734375,26.467065811157227
1223352000,39.95827102661133,36.22723388671875,25.003482818603516
1223438400,40.4467887878418,36.103755950927734,25.35915756225586
1223524800,35.7192268371582,31.609302520751953,22.00682258605957
1223611200,32.75664520263672,28.56195640563965,19.71742820739746
1223870400,38.38767623901367,34.51834487915039,22.99207305908203
1223956800,38.061988830566406,33.85158157348633,23.28643798828125
1224043200,32.75136947631836,29.623842239379883,20.069011688232422
1224129600,36.480899810791016,31.164804458618164,21.234155654907227
1224216000,35.7402458190918,30.794376373291016,21.467185974121094
1224475200,39.39093780517578,34.38004684448242,23.601215362548828
1224561600,37.55772018432617,32.992218017578125,22.05997085571289
1224648000,33.917510986328125,30.493099212646484,20.056753158569336
1224734400,36.97465515136719,32.977386474609375,21.050182342529297
1224820800,36.26551818847656,31.564851760864258,19.807371139526367
1225080000,34.7159309387207,30.478282928466797,18.650409698486328
1225166400,39.32268524169922,34.58255386352539,20.50644874572754
1225252800,39.21235656738281,35.06656265258789,20.696287155151367
1225339200,39.42247772216797,36.63716506958008,21.39373207092285
1225425600,38.9339599609375,36.84459686279297,21.463891983032227
1225688400,39.02325439453125,36.39514923095703,21.27817153930664
1225774800,40.704166412353516,38.61767578125,23.015583038330078
1225861200,38.70808792114258,36.98288345336914,22.062284469604492
1225947600,36.7487678527832,34.627010345458984,20.267087936401367
1226034000,39.068031311035156,36.28156280517578,21.286436080932617
1226293200,39.105010986328125,36.716163635253906,21.018184661865234
1226379600,38.38123321533203,36.32105255126953,20.254716873168945
1226466000,36.41595458984375,33.22928237915039,18.381101608276367
1226552400,39.83935546875,37.3928108215332,20.295978546142578
1226638800,38.9254035949707,36.207176208496094,19.55727195739746
1226898000,38.766910552978516,35.260643005371094,19.297277450561523
1226984400,40.32538986206055,36.565853118896484,20.5889835357666
1227070800,38.78804016113281,35.17594528198242,19.12395477294922
1227157200,36.194061279296875,32.08229446411133,17.25034523010254
1227243600,40.0506706237793,35.11616516113281,19.330293655395508
1227502800,41.63031005859375,37.01420593261719,20.432165145874023
1227589200,41.26579666137695,38.12512969970703,21.141984939575195
1227675600,42.734466552734375,39.81892395019531,22.557514190673828
1227848400,42.343509674072266,39.36061477661133,21.67435646057129
1228107600,39.258235931396484,35.878379821777344,19.817264556884766
1228194000,41.00162887573242,37.6319580078125,20.436298370361328
1228280400,41.69901657104492,37.233402252197266,20.53533935546875
1228366800,40.29370880126953,35.74885940551758,19.099184036254883
1228453200,40.46804428100586,37.07399368286133,19.71409034729004
1228712400,42.052955627441406,38.902286529541016,20.985170364379883
1228798800,41.3133430480957,37.641902923583984,21.10072135925293
1228885200,42.301246643066406,39.07664108276367,22.000377655029297
1228971600,42.274837493896484,39.58477783203125,21.79404067993164
1229058000,42.50201416015625,39.355628967285156,21.208023071289062
1229317200,42.23787307739258,38.962059020996094,21.418487548828125
1229403600,43.92316436767578,39.36061477661133,22.338788986206055
1229490000,42.82426071166992,38.26961135864258,22.045780181884766
1229576400,40.67936706542969,36.38151931762695,21.269929885864258
1229662800,39.63334655761719,35.29551315307617,20.964540481567383
1229922000,39.57521438598633,34.568180084228516,20.4404296875
1230008400,39.67559051513672,34.47352600097656,19.99886131286621
1230094800,40.034847259521484,34.68275833129883,19.809011459350586
1230267600,40.77975845336914,35.04642868041992,20.052492141723633
1230526800,41.218238830566406,35.64422607421875,20.221696853637695
1230613200,41.519351959228516,36.55588150024414,21.232778549194336
1230699600,42.174461364746094,36.849815368652344,21.37722396850586
1230872400,43.130699157714844,38.120147705078125,22.635915756225586
1231131600,43.12540817260742,38.18989944458008,22.891780853271484
1231218000,42.42276382446289,38.53364181518555,22.97844886779785
1231304400,41.33975601196289,36.844818115234375,21.971492767333984
1231390800,41.78349685668945,36.98432922363281,22.281009674072266
1231477200,40.98050308227539,36.27691650390625,21.45563507080078
1231736400,40.436344146728516,35.280582427978516,20.828350067138672
1231822800,41.1653938293457,35.778751373291016,21.13786506652832
1231909200,39.67559051513672,34.71762466430664,20.312484741210938
1231995600,40.49976348876953,35.255653381347656,19.99886131286621
1232082000,41.2604866027832,35.738887786865234,20.37850570678711
1232427600,40.304283142089844,34.03015899658203,18.855695724487305
1232514000,41.87331771850586,35.48482131958008,20.37850570678711
1232600400,41.32917022705078,34.847164154052734,19.84615135192871
1232686800,41.228797912597656,35.280582427978516,19.88330078125
1232946000,41.524627685546875,35.51469802856445,20.275344848632812
1233032400,41.693695068359375,35.91325759887695,20.432165145874023
1233118800,41.8680534362793,36.7601318359375,20.700416564941406
1233205200,40.67936706542969,35.180931091308594,19.462356567382812
1233291600,40.404632568359375,35.1311149597168,19.615041732788086
1233550800,40.51559066772461,35.01652526855469,18.872201919555664
1233637200,41.27105712890625,35.689083099365234,19.086809158325195
1233723600,41.028045654296875,35.66913604736328,18.91347885131836
1233810000,42.148048400878906,36.49111557006836,19.359174728393555
1233896400,42.657772064208984,37.31311798095703,19.784255981445312
1234155600,42.20114517211914,37.07399368286133,20.02773666381836
1234242000,40.427730560302734,35.430015563964844,19.029027938842773
1234328400,39.59941864013672,35.49976348876953,18.967124938964844
1234414800,39.939247131347656,35.12269973754883,19.066177368164062
1234501200,39.60471725463867,35.05733108520508,18.847450256347656
1234846800,37.847232818603516,33.272552490234375,17.720806121826172
1234933200,38.197669982910156,33.24238204956055,17.444307327270508
1235019600,38.31447982788086,33.523921966552734,17.44013214111328
1235106000,37.820674896240234,32.71449661254883,16.45941162109375
1235365200,36.7959098815918,31.643619537353516,15.683185577392578
1235451600,38.27730178833008,32.8200569152832,16.380125045776367
1235538000,38.256072998046875,31.925142288208008,16.021221160888672
1235624400,37.67200469970703,31.759252548217773,16.046260833740234
1235710800,36.05255889892578,30.522457122802734,15.587199211120605
1235970000,34.46498489379883,28.96892547607422,14.660730361938477
1236056400,34.17293930053711,29.02423858642578,14.719157218933105
1236142800,34.87382125854492,29.80350685119629,15.461997032165527
1236229200,33.03667449951172,28.38573455810547,14.773407936096191
1236315600,33.99772644042969,29.295719146728516,14.75671672821045
1236571200,34.28443908691406,29.300758361816406,15.244994163513184
1236657600,35.781776428222656,31.060407638549805,15.858452796936035
1236744000,34.92161560058594,30.778860092163086,15.85011100769043
1236830400,35.65434265136719,31.87488555908203,15.603890419006348
1236916800,35.68087387084961,31.628530502319336,15.194906234741211
1237176000,35.55876159667969,31.643619537353516,15.073885917663574
1237262400,36.68440246582031,32.83514404296875,15.691527366638184
1237348800,36.72688293457031,33.47866439819336,15.979483604431152
1237435200,36.280887603759766,33.750160217285156,15.962801933288574
1237521600,35.091514587402344,32.53349304199219,15.779170036315918
1237780800,37.449005126953125,34.7657356262207,17.0061092376709
1237867200,36.83838653564453,34.675254821777344,16.534542083740234
1237953600,37.25254821777344,35.04225158691406,16.567916870117188
1238040000,37.820674896240234,35.2785530090332,16.822490692138672
1238126400,37.1569709777832,34.64004898071289,16.830839157104492
1238385600,36.44016647338867,33.58426284790039,16.284133911132812
1238472000,36.15874481201172,33.80546951293945,16.342565536499023
1238558400,36.758750915527344,34.33839416503906,16.609651565551758
1238644800,37.300331115722656,35.348941802978516,17.298240661621094
1238731200,37.40121841430664,35.43442153930664,17.678010940551758
1238990400,37.19412612915039,35.13777160644531,17.17721939086914
1239076800,36.482643127441406,34.38866424560547,16.563745498657227
1239163200,36.615379333496094,34.42889404296875,16.50531578063965
1239249600,37.08263397216797,34.805973052978516,16.860048294067383
1239595200,36.11628341674805,34.17751693725586,16.718158721923828
1239681600,35.94636917114258,33.47365188598633,16.513668060302734
1239768000,36.179996490478516,33.53398132324219,16.567916870117188
1239854400,35.79237747192383,33.1468505859375,16.6054744720459
1239940800,35.44194412231445,33.18708419799805,16.764062881469727
1240200000,34.666748046875,32.11116027832031,15.83342170715332
1240286400,35.16584014892578,32.61894989013672,16.154767990112305
1240372800,34.38001251220703,32.050838470458984,15.883503913879395
1240459200,34.889747619628906,32.945743560791016,16.663904190063477
1240545600,35.346378326416016,33.48370361328125,17.198091506958008
1240804800,35.11275100708008,32.88542556762695,17.122966766357422
1240891200,35.61717987060547,33.17702102661133,16.985240936279297
1240977600,36.339290618896484,33.96636199951172,17.323291778564453
1241064000,35.39946746826172,33.232337951660156,17.110448837280273
1241150400,36.110958099365234,33.61946105957031,17.73644256591797
1241409600,36.21186447143555,33.523921966552734,18.30817222595215
1241496000,35.9198112487793,33.05636978149414,17.92841148376465
1241582400,36.41362762451172,34.24286651611328,18.454242706298828
1241668800,36.599449157714844,34.17751693725586,18.25392723083496
1241755200,37.59236145019531,35.384132385253906,19.57684898376465
1242014400,36.99946975708008,34.18755340576172,18.834009170532227
1242100800,37.8273811340332,34.78584671020508,18.975902557373047
1242187200,37.266544342041016,34.23783493041992,18.61282730102539
1242273600,37.261199951171875,34.11215591430664,18.671255111694336
1242360000,36.914005279541016,33.44209671020508,18.33321762084961
1242619200,37.65646743774414,33.518226623535156,18.996767044067383
1242705600,37.66714096069336,33.43193054199219,19.15535545349121
1242792000,37.18109130859375,33.101985931396484,19.276376724243164
1242878400,36.52943420410156,32.72632598876953,18.829458236694336
1242964800,36.76445388793945,32.71110916137695,18.71141242980957
1243310400,37.28791427612305,33.33041763305664,18.9854679107666
1243396800,36.48136901855469,32.777099609375,18.749347686767578
1243483200,36.97811508178711,33.40655517578125,19.23000144958496
1243569600,37.042198181152344,33.843116760253906,19.32697105407715
1243828800,38.32947540283203,35.13248062133789,20.195507049560547
1243915200,38.94904327392578,35.20353698730469,20.20815086364746
1244001600,38.50038146972656,34.650230407714844,19.23843765258789
1244088000,38.98110580444336,35.42688751220703,19.381778717041016
1244174400,38.97575759887695,35.21369552612305,18.972814559936523
1244433600,39.08259582519531,35.3203010559082,18.981246948242188
1244520000,39.0558967590332,35.62994384765625,19.204696655273438
1244606400,39.44047164916992,35.645172119140625,19.29324722290039
1244692800,39.552635192871094,36.49796676635742,19.204696655273438
1244779200,39.408424377441406,36.88882827758789,18.70719337463379
1245038400,38.890316009521484,36.081722259521484,18.17173957824707
1245124800,38.26003646850586,35.472564697265625,18.243410110473633
1245211200,38.14787673950195,34.93955993652344,17.93141746520996
1245297600,38.15854263305664,34.73653793334961,18.049474716186523
1245384000,37.95023727416992,34.5487060546875,18.116931915283203
1245643200,36.76978302001953,33.38117980957031,17.04601287841797
1245729600,36.82856369018555,33.48270034790039,17.39174461364746
1245816000,36.56147766113281,33.36086654663086,17.581470489501953
1245902400,37.32530212402344,33.94464874267578,17.606767654418945
1245988800,36.881961822509766,33.477622985839844,17.54775047302246
1246248000,37.69918441772461,33.949710845947266,17.796499252319336
1246334400,37.34132385253906,33.629913330078125,17.733261108398438
1246420800,37.688514709472656,33.766971588134766,17.733261108398438
1246507200,36.58285140991211,32.70097351074219,17.26947784423828
1246852800,36.374515533447266,32.55882263183594,17.21466636657715
1246939200,35.55195999145508,31.827869415283203,16.860511779785156
1247025600,35.3917236328125,31.86847496032715,16.628612518310547
1247112000,35.236839294433594,32.0207633972168,16.99542999267578
1247198400,34.782806396484375,31.167938232421875,16.746665954589844
1247457600,35.092620849609375,31.695877075195312,17.12612533569336
1247544000,35.370357513427734,31.980140686035156,17.09661102294922
1247630400,36.556148529052734,32.777099609375,17.556180953979492
1247716800,36.56681442260742,32.93955612182617,17.863971710205078
1247803200,36.59886932373047,33.056304931640625,17.868173599243164
1248062400,36.823219299316406,33.32027053833008,18.209686279296875
1248148800,37.64043426513672,33.629913330078125,18.340391159057617
1248235200,37.38404846191406,33.472557067871094,18.19703483581543
1248321600,38.24934005737305,34.46240997314453,18.54698371887207
1248408000,38.61255645751953,34.73653793334961,18.951725006103516
1248667200,38.8582763671875,34.94973373413086,19.078216552734375
1248753600,38.398902893066406,34.69083786010742,18.930648803710938
1248840000,38.15321350097656,34.07154083251953,18.26171112060547
1248926400,37.77397155761719,34.36595916748047,18.40231704711914
1249012800,37.59770584106445,35.26445007324219,18.623878479003906
1249272000,37.736572265625,35.736549377441406,19.16925048828125
1249358400,37.709869384765625,35.74162292480469,19.109607696533203
1249444800,37.40541458129883,35.42688751220703,18.998828887939453
1249531200,37.24517822265625,35.15276336669922,18.798572540283203
1249617600,37.10630416870117,35.27967834472656,18.777259826660156
1249876800,36.95140075683594,35.14262390136719,18.841175079345703
1249963200,36.612850189208984,34.48780059814453,18.58553123474121
1250049600,37.139488220214844,34.88373565673828,18.7005672454834
1250136000,36.9460334777832,34.78728485107422,18.8369140625
1250222400,36.65583038330078,34.83805847167969,18.64944076538086
1250481600,35.76373291015625,34.14077377319336,18.04867172241211
1250568000,35.73151779174805,34.320220947265625,18.146669387817383
1250654400,36.5429801940918,34.94572067260742,18.37248992919922
1250740800,36.86003875732422,35.18156814575195,18.427879333496094
1250827200,37.57478713989258,35.75065231323242,18.832651138305664
1251086400,38.31639099121094,36.27874755859375,19.30559730529785
1251172800,37.98320007324219,36.222328186035156,19.186309814453125
1251259200,38.35401916503906,36.44792938232422,19.424903869628906
1251345600,38.079933166503906,36.40178298950195,19.48455810546875
1251432000,37.682254791259766,36.23772048950195,19.471769332885742
1251691200,37.160980224609375,35.85832595825195,19.186309814453125
1251777600,36.763301849365234,35.109779357910156,18.811349868774414
1251864000,36.63970947265625,34.88418960571289,18.89230728149414
1251950400,36.68271255493164,35.03287887573242,18.841175079345703
1252036800,37.177101135253906,35.35588073730469,19.160736083984375
1252382400,37.96708679199219,36.13519287109375,19.59958839416504
1252468800,37.8864860534668,36.058284759521484,19.527162551879883
1252555200,37.96708679199219,36.632503509521484,19.76150131225586
1252641600,37.607025146484375,36.27360534667969,19.582551956176758
1252900800,37.61778259277344,36.42229080200195,19.850982666015625
1252987200,37.34368896484375,36.72480010986328,19.740203857421875
1253073600,37.80048751831055,37.145206451416016,19.936201095581055
1253160000,37.531795501708984,36.899112701416016,19.936201095581055
1253246400,37.612388610839844,37.24262619018555,19.940458297729492
1253505600,37.386695861816406,36.94012451171875,19.66350746154785
1253592000,37.52641296386719,37.23748779296875,19.87229347229004
1253678400,37.08036804199219,36.59149932861328,19.527162551879883
1253764800,37.04273986816406,36.253116607666016,19.19908332824707
1253851200,36.919151306152344,36.22747039794922,19.19908332824707
1254110400,37.39744186401367,36.760684967041016,19.467506408691406
1254196800,37.117984771728516,36.35565185546875,19.267248153686523
1254283200,36.870792388916016,36.109554290771484,19.241689682006836
1254369600,36.15067672729492,35.27896499633789,19.38655662536621
1254456000,35.77987289428711,34.935462951660156,19.940458297729492
1254715200,36.31727600097656,35.57634735107422,20.392099380493164
1254801600,36.89765167236328,36.17618942260742,20.626447677612305
1254888000,36.903038024902344,36.15055847167969,21.17608070373535
1254974400,37.10723876953125,36.632503509521484,21.904682159423828
1255060800,37.22547149658203,37.30414962768555,21.636249542236328
1255320000,37.68763732910156,37.77070999145508,21.883363723754883
1255406400,37.757503509521484,37.97577667236328,21.717205047607422
1255492800,38.60658264160156,38.68843078613281,21.66181755065918
1255579200,39.19771957397461,39.319061279296875,22.058067321777344
1255665600,39.2944450378418,39.38056945800781,22.13901710510254
1255924800,39.563140869140625,39.816375732421875,22.61623191833496
1256011200,39.240718841552734,39.493370056152344,22.53953742980957
1256097600,39.39654541015625,39.46262741088867,22.56934928894043
1256184000,40.00380325317383,39.62666702270508,22.55231475830078
1256270400,39.536285400390625,39.31393051147461,22.143281936645508
1256529600,39.35356140136719,38.683292388916016,21.61920738220215
1256616000,40.256385803222656,39.26777267456055,21.900419235229492
1256702400,39.68137741088867,38.90889358520508,21.293743133544922
1256788800,39.74587631225586,39.96506118774414,22.085437774658203
1256875200,38.515228271484375,39.242164611816406,21.59062385559082
1257138000,38.773189544677734,39.29341125488281,21.50457191467285
1257224400,38.55284118652344,39.32419204711914,21.83587646484375
1257310800,38.31639099121094,39.10885238647461,22.05100440979004
1257397200,38.961265563964844,39.601036071777344,22.352197647094727
1257483600,39.004249572753906,39.749732971191406,22.42103385925293
1257742800,39.37721252441406,39.816375732421875,22.739429473876953
1257829200,39.247493743896484,40.16499710083008,23.053518295288086
1257915600,39.4096565246582,40.25217819213867,22.87281608581543
1258002000,38.863712310791016,39.69334411621094,22.46837043762207
1258088400,39.17181396484375,39.959930419921875,22.730831146240234
1258347600,40.23125457763672,40.658164978027344,23.165386199951172
1258434000,40.555564880371094,40.76163864135742,23.100862503051758
1258520400,40.68528747558594,40.818511962890625,23.053518295288086
1258606800,40.35015869140625,40.00131607055664,22.61465072631836
1258693200,40.204227447509766,39.70649719238281,22.40812110900879
1258952400,40.91770553588867,40.725425720214844,22.53290557861328
1259038800,41.06365966796875,40.87540817260742,22.666288375854492
1259125200,41.33391189575195,41.19091796875,22.760940551757812
1259298000,40.469085693359375,40.43059539794922,22.339284896850586
1259557200,40.577178955078125,40.36335754394531,22.27474594116211
1259643600,41.101478576660156,40.89091873168945,22.485576629638672
1259730000,40.96636962890625,40.720245361328125,22.304868698120117
1259816400,40.533935546875,40.321983337402344,22.0165958404541
1259902800,40.13395309448242,40.378868103027344,21.797151565551758
1260162000,39.87449645996094,40.43059539794922,21.865991592407227
1260248400,39.431270599365234,39.70132827758789,21.48736000061035
1260334800,39.34477996826172,39.85649490356445,21.607837677001953
1260421200,39.13398742675781,40.04270935058594,21.8961181640625
1260507600,39.36640930175781,40.21854782104492,21.909013748168945
1260766800,37.66917037963867,39.95993423461914,21.982162475585938
1260853200,37.38806915283203,40.01681137084961,21.797151565551758
1260939600,36.98809814453125,40.285789489746094,21.88320541381836
1261026000,36.87459945678711,39.711673736572266,21.603534698486328
1261112400,36.86919021606445,39.773746490478516,21.42713165283203
1261371600,37.03134536743164,40.08407211303711,21.771333694458008
1261458000,37.06377410888672,40.078887939453125,21.874601364135742
1261544400,36.89621353149414,39.846153259277344,21.719701766967773
1261630800,37.11240768432617,40.047855377197266,21.887508392333984
1261976400,37.339454650878906,40.223716735839844,22.012285232543945
1262062800,37.20970916748047,39.93408203125,21.857393264770508
1262149200,37.17189025878906,40.161643981933594,21.939138412475586
1262235600,36.858375549316406,39.8203010559082,21.97357177734375
1262581200,37.37726974487305,40.89091873168945,22.62325668334961
1262667600,37.523223876953125,41.18056869506836,22.644758224487305
1262754000,37.8475227355957,41.18574142456055,22.808279037475586
1262840400,37.728614807128906,41.03056716918945,22.717914581298828
1262926800,37.577274322509766,41.10297775268555,22.915830612182617
1263186000,37.998878479003906,41.83222579956055,23.049224853515625
1263272400,37.8096809387207,41.58915710449219,22.558719635009766
1263358800,37.65834045410156,41.27366256713867,22.70070457458496
1263445200,37.663753509521484,41.14436721801758,22.79535484313965
1263531600,37.355655670166016,40.978851318359375,22.812570571899414
1263877200,37.442138671875,41.21156692504883,23.10945701599121
1263963600,36.77189636230469,40.42025375366211,22.829782485961914
1264050000,36.05299758911133,39.432369232177734,22.47696304321289
1264136400,35.72867202758789,38.5789680480957,21.771333694458008
1264395600,35.59355163574219,38.55828857421875,21.83587646484375
1264482000,35.63137435913086,38.35139465332031,21.698192596435547
1264568400,35.42598342895508,38.11864471435547,21.431432723999023
1264654800,35.11247634887695,37.8807258605957,20.803247451782227
1264741200,34.82600402832031,37.30145263671875,20.652647018432617
1265000400,35.771915435791016,38.05660629272461,21.113033294677734
1265086800,36.19352340698242,38.506553649902344,21.57771873474121
1265173200,35.99894332885742,37.865230560302734,21.508872985839844
1265259600,34.98274612426758,36.91355514526367,20.721498489379883
1265346000,35.0259895324707,36.81528091430664,20.64405059814453
1265605200,35.009674072265625,36.27219772338867,20.38158416748047
1265691600,35.47211456298828,36.88251495361328,20.86348533630371
1265778000,35.28169250488281,36.592864990234375,20.764524459838867
1265864400,35.49388122558594,37.099754333496094,21.039894104003906
1265950800,35.25449752807617,37.078857421875,20.94093132019043
1266296400,36.0596923828125,38.112735748291016,21.478761672973633
1266382800,35.776790618896484,38.03441619873047,21.211986541748047
1266469200,35.885589599609375,38.441707611083984,21.242408752441406
1266555600,35.83662033081055,38.66623306274414,21.25545883178711
1266814800,35.58091735839844,38.097076416015625,21.168535232543945
1266901200,35.330665588378906,37.616695404052734,20.799055099487305
1266987600,35.66253662109375,37.77333450317383,21.016399383544922
1267074000,35.43946838378906,37.65324401855469,20.994659423828125
1267160400,35.363311767578125,37.7524528503418,20.8642578125
1267419600,35.58091735839844,38.01875305175781,21.25981330871582
1267506000,35.62989044189453,38.28506088256836,21.6075382232666
1267592400,35.59725570678711,38.18584442138672,21.46410369873047
1267678800,35.58091735839844,38.15974044799805,21.446720123291016
1267765200,36.163063049316406,38.79678726196289,21.91180992126465
1268024400,36.168495178222656,38.97431182861328,22.050926208496094
1268110800,36.33170700073242,38.79678726196289,22.103076934814453
1268197200,36.571102142333984,38.619232177734375,22.372562408447266
1268283600,36.571102142333984,38.63489532470703,22.29867172241211
1268370000,36.342594146728516,38.493927001953125,22.463848114013672
1268625600,36.0705680847168,38.41560363769531,22.4508056640625
1268712000,36.21746826171875,38.629676818847656,22.67683219909668
1268798400,36.64727020263672,38.98998260498047,23.02892303466797
1268884800,36.6635856628418,39.03697204589844,22.91156578063965
1268971200,36.473175048828125,39.1518440246582,22.76377296447754
1269230400,36.43509292602539,38.88032531738281,22.646413803100586
1269316800,36.4242057800293,39.042198181152344,22.824634552001953
1269403200,36.179378509521484,38.60358428955078,22.83332061767578
1269489600,36.0705680847168,38.53569412231445,22.398651123046875
1269576000,36.201148986816406,38.86465072631836,22.17696189880371
1269835200,36.6146240234375,39.28239059448242,22.233470916748047
1269921600,36.478614807128906,39.318946838378906,22.28129005432129
1270008000,36.44053268432617,39.59569549560547,22.24216651916504
1270094400,36.78326416015625,40.04475402832031,22.611642837524414
1270440000,37.09883499145508,40.551239013671875,23.159326553344727
1270526400,36.94105911254883,40.66613006591797,23.16801643371582
1270612800,36.63638687133789,40.39979934692383,22.998491287231445
1270699200,36.91929244995117,40.551239013671875,23.44621467590332
1270785600,37.40894317626953,41.512027740478516,24.046062469482422
1271044800,37.38172912597656,41.997642517089844,24.324241638183594
1271131200,37.35453414916992,41.88279342651367,24.19820213317871
1271217600,37.327327728271484,42.07597351074219,24.728490829467773
1271304000,37.13692092895508,42.60335159301758,24.802391052246094
1271390400,36.95737838745117,42.16473388671875,24.36336898803711
1271649600,37.12057876586914,42.462371826171875,24.61982536315918
1271736000,37.523189544677734,42.843544006347656,24.95017433166504
1271822400,37.49599075317383,42.775665283203125,24.871931076049805
1271908800,37.30010986328125,42.39970397949219,24.767606735229492
1271995200,37.670074462890625,43.16728973388672,25.250097274780273
1272254400,37.69728469848633,43.125526428222656,25.34137725830078
1272340800,37.142356872558594,41.893211364746094,25.011022567749023
1272427200,37.642879486083984,42.09684753417969,25.450056076049805
1272513600,37.35453414916992,42.968875885009766,25.689117431640625
1272600000,36.87032699584961,42.52501678466797,25.72823715209961
1272859200,36.908409118652344,43.25083541870117,25.949922561645508
1272945600,36.163063049316406,42.169952392578125,25.21531867980957
1273032000,35.99983596801758,41.87232208251953,24.67197036743164
1273118400,34.75940704345703,40.311058044433594,23.94607162475586
1273204800,34.656036376953125,40.25884246826172,23.76786231994629
1273464000,35.48843765258789,41.71567916870117,24.632856369018555
1273550400,35.307682037353516,41.61647033691406,24.898019790649414
1273636800,35.554176330566406,41.8044548034668,25.071889877319336
1273723200,35.46105194091797,41.209163665771484,24.750226974487305
1273809600,34.83661651611328,40.6400260925293,24.272090911865234
1274068800,34.65585708618164,40.96677017211914,23.989543914794922
1274155200,34.3929443359375,40.502994537353516,23.763513565063477
1274241600,34.20670700073242,40.37122344970703,23.43317413330078
1274328000,33.045494079589844,38.790103912353516,22.36603546142578
1274414400,33.346744537353516,39.253902435302734,22.603164672851562
1274673600,32.96879959106445,38.70579147338867,22.005922317504883
1274760000,32.705894470214844,38.247257232666016,21.922475814819336
1274846400,32.48678207397461,37.709678649902344,21.768779754638672
1274932800,33.66444396972656,39.19065856933594,22.928138732910156
1275019200,33.11669158935547,38.932411193847656,22.774433135986328
1275364800,32.453922271728516,38.09968566894531,22.10253143310547
1275451200,33.2864990234375,39.06943130493164,23.051105499267578
1275537600,33.7192268371582,38.9534912109375,22.827138900756836
1275624000,32.607295989990234,37.567386627197266,21.983964920043945
1275883200,32.48131561279297,37.6042594909668,21.777557373046875
1275969600,33.54395294189453,37.43034744262695,22.326509475708008
1276056000,32.88116455078125,37.30912399291992,22.2737979888916
1276142400,33.899967193603516,39.090518951416016,23.43755531311035
1276228800,33.883544921875,39.032535552978516,23.49464225769043
1276488000,33.615150451660156,39.095787048339844,23.187238693237305
1276574400,34.23957443237305,39.64918899536133,23.84596824645996
1276660800,34.23957443237305,39.5015983581543,23.920621871948242
1276747200,34.28886795043945,39.69662857055664,24.232419967651367
1276833600,34.56273651123047,39.802024841308594,24.5969295501709
1277092800,34.57918167114258,39.907447814941406,24.50469398498535
1277179200,33.9273567199707,39.00092315673828,23.91623306274414
1277265600,33.46725082397461,38.083858489990234,23.499032974243164
1277352000,32.903076171875,37.3302001953125,23.05988883972168
1277438400,32.37177276611328,36.92438507080078,22.800792694091797
1277697600,32.02668762207031,36.871681213378906,22.480199813842773
1277784000,31.38034439086914,36.028419494628906,21.887348175048828
1277870400,31.259838104248047,35.764896392822266,21.5579891204834
1277956800,31.00788116455078,35.56462860107422,21.461366653442383
1278043200,30.985986709594727,35.47502517700195,21.439422607421875
1278388800,31.47345733642578,35.60680389404297,21.60629653930664
1278475200,32.00477981567383,36.6028938293457,22.467031478881836
1278561600,32.212921142578125,37.10885238647461,22.6382999420166
1278648000,32.19648361206055,37.862510681152344,22.967668533325195
1278907200,32.28412628173828,37.867801666259766,22.879840850830078
1278993600,32.54703140258789,38.5950927734375,23.371694564819336
1279080000,32.45940399169922,38.50023651123047,23.187238693237305
1279166400,32.46488952636719,38.49497604370117,23.21358299255371
1279252800,31.74732208251953,37.68332290649414,22.770055770874023
1279512000,32.00477981567383,37.946834564208984,22.765647888183594
1279598400,32.28960037231445,38.526580810546875,23.125768661499023
1279684800,31.862356185913086,38.036441802978516,22.88861846923828
1279771200,32.52513122558594,38.70579147338867,23.393651962280273
1279857600,32.71136474609375,38.74794387817383,23.62200164794922
1280116800,33.0783576965332,39.32768630981445,23.903057098388672
1280203200,33.30839920043945,39.68607711791992,23.90744972229004
1280289600,33.36317825317383,39.82311248779297,23.90744972229004
1280376000,33.050968170166016,40.0655517578125,24.204687118530273
1280462400,32.689453125,40.165672302246094,24.497474670410156
1280721600,33.9273567199707,41.0036735534668,25.52227020263672
1280808000,34.35459518432617,41.456939697265625,25.535587310791016
1280894400,34.35459518432617,41.646663665771484,25.473487854003906
1280980800,34.349124908447266,41.67302703857422,25.597694396972656
1281067200,33.94379806518555,41.49382400512695,25.256093978881836
1281326400,34.20670700073242,41.78895950317383,25.424671173095703
1281412800,33.921897888183594,41.657196044921875,25.229476928710938
1281499200,33.31504821777344,40.650550842285156,24.626136779785156
1281585600,33.2267951965332,40.618934631347656,24.555152893066406
1281672000,33.050254821777344,40.79286575317383,24.40876007080078
1281931200,33.0337028503418,40.956241607666016,24.36882972717285
1282017600,33.55227279663086,41.371177673339844,24.785860061645508
1282104000,33.18265914916992,40.98283767700195,24.586219787597656
1282190400,32.708213806152344,40.34447479248047,24.27123260498047
1282276800,32.487548828125,39.92422103881836,23.90744972229004
1282536000,32.824066162109375,39.92422103881836,23.82759666442871
1282622400,32.51514434814453,39.248619079589844,23.70339012145996
1282708800,32.49858474731445,39.40289306640625,23.716684341430664
1282795200,32.26136779785156,39.00925064086914,23.250873565673828
1282881600,32.98957061767578,39.860382080078125,23.698938369750977
1283140800,32.548240661621094,39.248619079589844,23.36621856689453
1283227200,32.608924865722656,39.40821075439453,23.259740829467773
1283313600,33.60190963745117,40.83919906616211,23.98287010192871
1283400000,33.684661865234375,41.20096206665039,24.147008895874023
1283486400,33.82810592651367,41.49351501464844,24.422060012817383
1283832000,33.403316497802734,40.988162994384766,23.805419921875
1283918400,33.51365661621094,41.09455490112305,24.098217010498047
1284004800,33.67913818359375,41.1530647277832,24.280105590820312
1284091200,33.761905670166016,41.92974090576172,24.288970947265625
1284350400,33.65156936645508,42.15849685668945,24.568464279174805
1284436800,33.657081604003906,42.29682540893555,24.564043045043945
1284523200,33.65156936645508,42.1371955871582,24.648324966430664
1284609600,33.6350212097168,42.052093505859375,24.559593200683594
1284696000,33.53019714355469,41.738224029541016,24.519657135009766
1284955200,33.954978942871094,42.504276275634766,25.211732864379883
1285041600,33.949466705322266,42.424476623535156,25.074209213256836
1285128000,33.899818420410156,42.15849685668945,24.87013053894043
1285214400,33.73431396484375,41.780799865722656,24.497474670410156
1285300800,34.06531524658203,42.62130355834961,25.003231048583984
1285560000,34.043251037597656,42.600032806396484,24.958864212036133
1285646400,34.236328125,43.025577545166016,25.32710075378418
1285732800,33.97705078125,43.2383918762207,25.446866989135742
1285819200,34.08739471435547,43.11604309082031,25.477909088134766
1285905600,34.501129150390625,43.59479522705078,25.668685913085938
1286164800,34.30805206298828,43.254337310791016,25.40250015258789
1286251200,34.89833068847656,44.360836029052734,26.081260681152344
1286337600,35.27346420288086,44.62681198120117,26.484968185424805
1286424000,35.22382354736328,44.42999267578125,26.489395141601562
1286510400,35.51618576049805,44.653419494628906,26.445035934448242
1286769600,35.609989166259766,44.531063079833984,26.524892807006836
1286856000,35.692726135253906,44.600215911865234,26.445035934448242
1286942400,35.88030242919922,44.509796142578125,26.67573356628418
1287028800,36.02373123168945,44.632144927978516,26.76001739501953
1287115200,35.96305465698242,44.47785568237305,26.964082717895508
1287374400,36.56436538696289,44.940677642822266,27.177040100097656
1287460800,35.9244270324707,44.041656494140625,26.61805534362793
1287547200,36.415401458740234,44.69598388671875,27.181468963623047
1287633600,36.58641815185547,44.81834030151367,27.114933013916016
1287720000,36.59746551513672,44.977928161621094,27.358930587768555
1287979200,36.52021789550781,45.14814376831055,27.212520599365234
1288065600,36.702266693115234,45.29709243774414,27.225839614868164
1288152000,36.227840423583984,44.85023880004883,26.894582748413086
1288238400,36.53125762939453,44.91941833496094,26.670747756958008
1288324800,36.68021011352539,43.940589904785156,26.585697174072266
1288584000,36.93398666381836,43.328800201416016,26.388736724853516
1288670400,37.42495346069336,43.7011833190918,26.56331443786621
1288756800,37.49667739868164,43.993770599365234,26.59465217590332
1288843200,38.2745246887207,45.29179000854492,27.418323516845703
1288929600,38.616573333740234,45.2066535949707,27.669004440307617
1289192400,38.793087005615234,45.110897064208984,27.93760108947754
1289278800,39.209442138671875,44.451271057128906,27.767478942871094
1289365200,39.48701095581055,45.30773162841797,28.29570960998535
1289451600,39.875606536865234,45.79716110229492,28.152463912963867
1289538000,39.40929412841797,45.451385498046875,27.942075729370117
1289797200,39.12617492675781,45.1428337097168,27.785398483276367
1289883600,38.271263122558594,44.2522087097168,27.279558181762695
1289970000,38.310123443603516,44.241477966308594,27.22135353088379
1290056400,39.03179931640625,44.971153259277344,27.64214324951172
1290142800,39.15948486328125,45.035526275634766,27.71824073791504
1290402000,38.96518325805664,44.772621154785156,27.52574920654297
1290488400,38.293460845947266,43.860538482666016,27.0915470123291
1290574800,38.7930793762207,44.493648529052734,27.507850646972656
1290747600,38.4322509765625,44.02149200439453,27.22135353088379
1291006800,38.554386138916016,43.82837677001953,27.163162231445312
1291093200,38.615447998046875,43.44206237792969,26.934860229492188
1291179600,39.5980224609375,44.3702278137207,27.95549964904785
1291266000,39.68130874633789,45.33597946166992,28.51505470275879
1291352400,39.52031707763672,45.54521942138672,28.613544464111328
1291611600,39.586936950683594,45.57741165161133,28.72993278503418
1291698000,39.670196533203125,46.30171203613281,28.814977645874023
1291784400,39.88670349121094,46.21586608886719,28.92241096496582
1291870800,39.96997833251953,46.489479064941406,28.949283599853516
1291957200,40.06991958618164,46.69337844848633,28.90899658203125
1292216400,40.169830322265625,47.41231918334961,29.307388305664062
1292302800,40.06991958618164,47.41767120361328,29.387968063354492
1292389200,39.88670349121094,47.21915054321289,29.150697708129883
1292475600,40.09212875366211,47.78252029418945,29.396923065185547
1292562000,40.06434631347656,47.47669219970703,29.123863220214844
1292821200,40.09212875366211,47.64303207397461,29.540176391601562
1292907600,40.36967849731445,47.87372589111328,29.826671600341797
1292994000,40.41408920288086,48.2439079284668,30.00571060180664
1293080400,40.63615036010742,48.651668548583984,30.028104782104492
1293426000,40.53067398071289,48.351234436035156,30.059429168701172
1293512400,40.75827407836914,48.92530059814453,30.238502502441406
1293598800,40.73052215576172,49.021873474121094,30.408597946166992
1293685200,40.724952697753906,49.145267486572266,30.439937591552734
1293771600,40.59175491333008,48.957481384277344,30.484710693359375
1294030800,41.38560104370117,49.32769775390625,30.54736328125
1294117200,41.57987976074219,49.145267486572266,30.38622283935547
1294203600,41.46885299682617,49.05942153930664,30.238502502441406
1294290000,41.73531723022461,48.657039642333984,29.978857040405273
1294376400,41.962921142578125,48.92530059814453,30.041528701782227
1294635600,41.70755386352539,48.50680160522461,29.93856430053711
1294722000,42.0184440612793,49.268680572509766,30.51603889465332
1294808400,42.51251220703125,49.60129928588867,30.74880027770996
1294894800,42.58469009399414,49.45645523071289,30.10866928100586
1294981200,43.212005615234375,49.80518341064453,30.314599990844727
1295326800,43.69496154785156,50.08415985107422,30.480213165283203
1295413200,43.434051513671875,49.88031768798828,30.336971282958984
1295499600,43.16201400756836,49.74079895019531,30.08629035949707
1295586000,43.844844818115234,50.31488037109375,30.28772735595703
1295845200,43.62835693359375,50.48656463623047,30.484710693359375
1295931600,43.678306579589844,50.4758415222168,30.207157135009766
1296018000,44.222347259521484,50.77629089355469,30.999486923217773
1296104400,44.34447479248047,50.83531188964844,31.062179565429688
1296190800,43.85040283203125,50.094905853271484,31.585905075073242
1296450000,44.7885856628418,50.931884765625,31.988792419433594
1296536400,46.581687927246094,51.62397766113281,32.1007080078125
1296622800,46.30411911010742,51.76350402832031,32.279754638671875
1296709200,46.320770263671875,52.20881271362305,32.24394607543945
1296795600,46.2319221496582,52.10149383544922,32.08280563354492
1297054800,46.59278869628906,52.39658737182617,32.3603401184082
1297141200,46.30817794799805,52.43950271606445,32.230533599853516
1297227600,46.06820297241211,51.63471984863281,31.630678176879883
1297314000,46.430931091308594,51.88153839111328,31.371044158935547
1297400400,46.21888732910156,51.74738693237305,32.042510986328125
1297659600,47.38523483276367,52.40687942504883,33.02285385131836
1297746000,46.30260467529297,52.077144622802734,32.9019889831543
1297832400,46.704402923583984,52.250118255615234,33.55107116699219
1297918800,46.8104248046875,52.52579879760742,34.10655975341797
1298005200,47.15641403198242,53.36367416381836,34.603355407714844
1298350800,47.68100357055664,54.22856140136719,34.59883499145508
1298437200,48.590667724609375,55.282630920410156,35.4840202331543
1298523600,47.97679138183594,55.15290451049805,34.901424407958984
1298610000,47.62520980834961,55.19075012207031,34.901424407958984
1298869200,47.73123550415039,56.08266067504883,35.16788101196289
1298955600,47.323848724365234,55.623165130615234,35.149818420410156
1299042000,47.48012924194336,55.931304931640625,35.339500427246094
1299128400,47.893096923828125,56.32050323486328,35.926605224609375
1299214800,47.48012924194336,56.08266067504883,36.12080001831055
1299474000,47.27919006347656,55.68264389038086,35.76854705810547
1299560400,47.212249755859375,56.09346389770508,35.371116638183594
1299646800,47.08945846557617,55.21235656738281,35.244659423828125
1299733200,45.4152717590332,53.55826950073242,33.9530143737793
1299819600,45.828243255615234,54.017730712890625,34.458831787109375
1300075200,45.97333908081055,54.488033294677734,34.25109100341797
1300161600,45.42085266113281,54.72044372558594,33.862693786621094
1300248000,44.26008605957031,53.790706634521484,33.30269241333008
1300334400,45.2924919128418,55.26642608642578,34.64850616455078
1300420800,45.11949920654297,55.5691032409668,34.029808044433594
1300680000,46.23004913330078,56.86104202270508,35.02336120605469
1300766400,46.073795318603516,56.882694244384766,34.87434387207031
1300852800,46.09611511230469,57.017822265625,35.470462799072266
1300939200,46.168663024902344,56.96375274658203,35.99435043334961
1301025600,46.66533660888672,57.72053146362305,36.238224029541016
1301284800,46.58163070678711,57.32052230834961,35.935646057128906
1301371200,46.458858489990234,58.039451599121094,35.5924072265625
1301457600,47.150848388671875,58.385433197021484,36.441463470458984
1301544000,46.9499397277832,58.10432815551758,36.06661605834961
1301630400,47.25688934326172,58.553001403808594,35.98533248901367
1301889600,47.36292266845703,58.50434875488281,35.98533248901367
1301976000,47.66983413696289,59.09895706176758,36.27435302734375
1302062400,47.53592300415039,58.736785888671875,36.324031829833984
1302148800,47.85958480834961,58.88813781738281,36.31049728393555
1302235200,47.96562576293945,59.277339935302734,36.48663330078125
1302494400,47.52475357055664,58.26109313964844,36.18404006958008
1302580800,46.419795989990234,56.31509780883789,34.84724044799805
1302667200,46.408626556396484,56.115074157714844,35.07305908203125
1302753600,46.564876556396484,56.693477630615234,35.35306167602539
1302840000,47.039241790771484,57.42863464355469,35.732421875
1303099200,46.37513732910156,56.488075256347656,35.05046081542969
1303185600,46.76580047607422,56.974578857421875,35.29434585571289
1303272000,47.79820251464844,58.277313232421875,36.125328063964844
1303358400,48.194427490234375,58.45026397705078,36.45952224731445
1303704000,48.11629867553711,58.06650161743164,36.346614837646484
1303790400,48.785980224609375,58.785438537597656,36.676292419433594
1303876800,48.986881256103516,58.90435028076172,36.05305862426758
1303963200,48.74132537841797,58.81785583496094,34.978206634521484
1304049600,49.09849166870117,59.1584358215332,35.6285400390625
1304308800,48.53486633300781,58.477325439453125,34.987239837646484
1304395200,47.78147506713867,57.39077377319336,33.65945816040039
1304481600,47.32941436767578,56.585365295410156,33.26203155517578
1304568000,46.107261657714844,55.4718132019043,32.503299713134766
1304654400,46.14634323120117,55.61237716674805,32.94139099121094
1304913600,46.419795989990234,56.26643371582031,33.29364776611328
1305000000,46.50908279418945,56.41239547729492,33.691078186035156
1305086400,45.52692794799805,55.27724075317383,32.75168991088867
1305172800,45.487640380859375,55.54750061035156,32.30007553100586
1305259200,45.38662338256836,55.347511291503906,32.25942611694336
1305518400,45.03304672241211,54.94749450683594,32.25942611694336
1305604800,45.128456115722656,54.696895599365234,32.309104919433594
1305691200,45.874881744384766,56.031517028808594,32.88267517089844
1305777600,46.20600128173828,56.58169174194336,33.133338928222656
1305864000,45.77948760986328,55.87353515625,33.09232711791992
1306123200,45.274375915527344,55.219852447509766,32.50894546508789
1306209600,45.62234115600586,55.71014404296875,32.773292541503906
1306296000,45.99835205078125,56.24396896362305,32.800628662109375
1306382400,46.23967742919922,56.30388641357422,32.96926498413086
1306468800,46.37437057495117,56.222171783447266,33.10599136352539
1306814400,46.8458251953125,57.148216247558594,33.37031936645508
1306900800,46.03763961791992,55.829952239990234,32.96926498413086
1306987200,45.644775390625,55.083683013916016,32.88266372680664
1307073600,45.56058883666992,55.018287658691406,32.99205780029297
1307332800,45.061100006103516,54.29924392700195,32.322086334228516
1307419200,44.89836120605469,54.18488693237305,32.29929733276367
1307505600,45.32487487792969,54.44630813598633,32.56819534301758
1307592000,45.56058883666992,55.14358901977539,33.04674530029297
1307678400,44.774864196777344,54.29380416870117,32.58188247680664
1307937600,44.46620178222656,53.890708923339844,32.2446174621582
1308024000,45.11161422729492,54.80040740966797,32.755062103271484
1308110400,44.14629364013672,53.607418060302734,32.16257858276367
1308196800,44.46058654785156,54.163089752197266,32.641109466552734
1308283200,44.34834289550781,54.02143478393555,32.782405853271484
1308542400,44.735591888427734,54.42453384399414,32.93736267089844
1308628800,45.21825408935547,55.339683532714844,33.6027717590332
1308715200,44.79732894897461,55.056419372558594,33.40223693847656
1308801600,44.0228271484375,54.12493896484375,33.27008056640625
1308888000,43.091182708740234,53.32961654663086,32.55452346801758
1309147200,43.730987548828125,53.87433624267578,32.71404266357422
1309233600,44.69070816040039,54.66421127319336,33.3885612487793
1309320000,45.03864669799805,55.17082595825195,33.73493576049805
1309406400,45.672847747802734,56.0206184387207,34.26816940307617
1309492800,46.02642822265625,56.701507568359375,34.582637786865234
1309838400,45.79631042480469,57.262630462646484,34.568965911865234
1309924800,45.77948760986328,57.240814208984375,34.65099334716797
1310011200,46.22285842895508,58.063377380371094,34.979148864746094
1310097600,46.256526947021484,57.682044982910156,34.596309661865234
1310356800,45.964691162109375,56.875850677490234,34.04484939575195
1310443200,45.95905303955078,56.864967346191406,33.88076400756836
1310529600,46.290184020996094,57.24628448486328,33.90811538696289
1310616000,46.155513763427734,57.0174674987793,34.45957946777344
1310702400,46.5820198059082,57.845489501953125,34.82875061035156
1310961600,46.38560485839844,57.867271423339844,34.38211441040039
1311048000,46.93562698364258,58.54817581176758,34.37754440307617
1311134400,46.75041580200195,58.341182708740234,34.231712341308594
1311220800,47.715728759765625,59.61044692993164,34.857025146484375
1311307200,47.827980041503906,59.3598518371582,34.60414505004883
1311566400,47.463165283203125,58.885921478271484,34.27768325805664
1311652800,47.3509407043457,58.59721374511719,33.84547424316406
1311739200,46.75602722167969,57.540443420410156,33.62477493286133
1311825600,45.717735290527344,57.213600158691406,33.45925521850586
1311912000,44.780494689941406,56.66340637207031,33.10061264038086
1312171200,44.67385482788086,57.404239654541016,33.10061264038086
1312257600,43.68609619140625,56.3529167175293,32.475284576416016
1312344000,43.61876678466797,55.977046966552734,32.443111419677734
1312430400,41.44117736816406,52.752201080322266,30.76944923400879
1312516800,41.99117660522461,53.1716423034668,31.15108299255371
1312776000,39.3926887512207,49.16240310668945,28.470476150512695
1312862400,40.20646286010742,50.87831497192383,29.684335708618164
1312948800,38.43257522583008,49.336708068847656,28.833717346191406
1313035200,40.43809127807617,51.243282318115234,30.1257381439209
1313121600,40.675357818603516,52.218379974365234,30.36942481994629
1313380800,41.969078063964844,53.98332977294922,31.02693748474121
1313467200,41.52277755737305,53.46036911010742,30.5947322845459
1313553600,41.895626068115234,53.63606262207031,30.72346305847168
1313640000,40.0765266418457,51.19805145263672,29.33029556274414
1313726400,39.43252182006836,51.22550964355469,29.238332748413086
1313985600,39.64717483520508,51.230995178222656,29.1187801361084
1314072000,41.6131591796875,53.443885803222656,30.21310043334961
1314158400,41.54536819458008,53.58662033081055,30.4016170501709
1314244800,40.545433044433594,52.69162368774414,29.785486221313477
1314331200,41.036930084228516,53.18031692504883,30.121158599853516
1314590400,41.87302780151367,54.21813201904297,31.16486358642578
1314676800,41.754390716552734,54.03139877319336,31.192455291748047
1314763200,41.816532135009766,54.27301025390625,31.298215866088867
1314849600,41.51711654663086,54.09732437133789,31.252235412597656
1314936000,40.75446319580078,52.93870544433594,30.548742294311523
1315281600,40.19517517089844,52.499427795410156,30.20850372314453
1315368000,41.607505798339844,54.52009582519531,30.948780059814453
1315454400,41.13861083984375,54.03691864013672,30.291263580322266
1315540800,40.11606979370117,52.26881790161133,29.53260040283203
1315800000,40.58498001098633,52.66413879394531,29.537200927734375
1315886400,40.477638244628906,52.67513656616211,29.77629280090332
1315972800,41.036930084228516,53.43290710449219,30.33264923095703
1316059200,41.810890197753906,54.50364685058594,30.76944923400879
1316145600,42.11595916748047,54.70681381225586,30.9395751953125
1316404800,41.635746002197266,54.20165252685547,30.70049476623535
1316491200,41.810890197753906,53.69645690917969,30.81083869934082
1316577600,40.658416748046875,51.763641357421875,29.863645553588867
1316664000,39.11614227294922,49.51233673095703,28.90728187561035
1316750400,39.15568923950195,49.424476623535156,28.741764068603516
1317009600,40.51716613769531,50.23713684082031,29.486616134643555
1317096000,41.18946075439453,51.36280059814453,29.5463924407959
1317182400,40.71490478515625,50.37441635131836,29.072803497314453
1317268800,41.73743438720703,51.829532623291016,29.596975326538086
1317355200,41.03127670288086,50.841156005859375,29.11419677734375
1317614400,40.19517517089844,49.35308074951172,28.04287338256836
1317700800,41.144264221191406,50.231651306152344,28.63140106201172
1317787200,41.77699279785156,51.977813720703125,29.394668579101562
1317873600,41.74308776855469,51.95034408569336,29.587779998779297
1317960000,41.55666732788086,51.83501052856445,29.500425338745117
1318219200,43.093292236328125,53.92159652709961,30.783241271972656
1318305600,43.087646484375,53.59214401245117,30.81543731689453
1318392000,43.59044647216797,53.691001892089844,31.197071075439453
1318478400,43.14413070678711,53.69645690917969,31.12741470336914
1318564800,44.12712478637695,55.16807174682617,32.0328254699707
1318824000,43.765560150146484,54.14672088623047,31.73102569580078
1318910400,44.56777572631836,56.52981185913086,32.134979248046875
1318996800,44.30790710449219,56.13995361328125,32.297481536865234
1319083200,44.46608352661133,56.77140808105469,32.62713623046875
1319169600,45.268280029296875,57.94649887084961,33.35146713256836
1319428800,45.2908821105957,58.35285186767578,33.486122131347656
1319515200,44.87849044799805,57.38093948364258,32.8175163269043
1319601600,45.7993278503418,58.627376556396484,33.37932205200195
1319688000,46.256927490234375,59.83540725708008,33.82505798339844
1319774400,46.03095626831055,60.20328140258789,33.309669494628906
1320033600,44.11582946777344,57.68293762207031,32.339263916015625
1320120000,42.901206970214844,56.0521125793457,31.536026000976562
1320206400,43.70908737182617,57.40288543701172,32.08390808105469
1320292800,44.550838470458984,58.27595901489258,32.73391342163086
1320379200,44.35874938964844,58.44068145751953,32.83144760131836
1320642000,44.82764434814453,59.14902114868164,33.235382080078125
1320728400,45.32774353027344,59.77499771118164,33.77398681640625
1320814800,43.98088836669922,57.2601318359375,32.603919982910156
1320901200,44.72536087036133,57.930023193359375,33.17037582397461
1320987600,45.305030822753906,58.78114318847656,33.495399475097656
1321246800,44.87311553955078,58.29792404174805,33.291107177734375
1321333200,44.946990966796875,56.705509185791016,33.425750732421875
1321419600,44.46962356567383,55.925193786621094,32.39033126831055
1321506000,44.24797821044922,55.388370513916016,32.297481536865234
1321592400,44.27070999145508,54.17076873779297,32.162818908691406
1321851600,43.70811080932617,52.94214630126953,31.967830657958984
1321938000,43.207984924316406,53.36276626586914,31.638160705566406
1322024400,42.383949279785156,51.885066986083984,31.07634162902832
1322197200,41.997501373291016,51.077056884765625,30.709531784057617
1322456400,43.10000228881836,53.003013610839844,31.234195709228516
1322542800,43.71944808959961,53.89958953857422,31.638160705566406
1322629200,45.714202880859375,56.90476989746094,33.11466598510742
1322715600,45.344810485839844,56.356876373291016,33.318965911865234
1322802000,45.344810485839844,56.27938461303711,33.685752868652344
1323061200,45.719871520996094,56.90476989746094,33.811119079589844
1323147600,45.93014144897461,57.7570686340332,33.681129455566406
1323234000,46.077911376953125,57.84562683105469,33.62076950073242
1323320400,45.390262603759766,56.58930587768555,32.97536849975586
1323406800,46.22565841674805,57.69620132446289,33.40718078613281
1323666000,45.49256134033203,57.04314041137695,32.72463607788086
1323752400,45.76536560058594,57.347537994384766,32.43212127685547
1323838800,45.14590835571289,55.637386322021484,31.814586639404297
1323925200,45.48118591308594,55.16141891479492,31.707809448242188
1324011600,45.5550651550293,55.82001495361328,31.758878707885742
1324270800,45.19703674316406,55.189109802246094,31.50349998474121
1324357200,46.600738525390625,57.37519454956055,32.399620056152344
1324443600,47.23723220825195,58.34925079345703,32.78965377807617
1324530000,47.90216064453125,58.836299896240234,33.309669494628906
1324616400,48.43069839477539,59.49484634399414,33.63005065917969
1324962000,48.46474838256836,59.76052474975586,33.86684799194336
1325048400,47.83964920043945,58.64257049560547,33.346824645996094
1325134800,48.459102630615234,59.47829055786133,33.834346771240234
1325221200,48.16927719116211,58.88610076904297,33.834346771240234
1325566800,48.873966217041016,61.08325958251953,34.43794631958008
1325653200,48.88533020019531,60.97810745239258,34.275447845458984
1325739600,48.7375602722168,60.38038635253906,34.00151062011719
1325826000,48.37385559082031,59.94316864013672,33.73685073852539
1326085200,48.58980941772461,60.59623336791992,33.86684799194336
1326171600,48.71482467651367,60.35823059082031,34.024715423583984
1326258000,48.35112762451172,59.64432907104492,33.435054779052734
1326344400,48.15788650512695,58.094688415527344,32.854652404785156
1326430800,48.23745346069336,58.714515686035156,32.65962600708008
1326776400,48.69776153564453,59.06321716308594,32.873233795166016
1326862800,49.129676818847656,59.12407302856445,33.19824981689453
1326949200,49.45928955078125,59.179420471191406,33.09144592285156
1327035600,49.720726013183594,59.157283782958984,33.058956146240234
1327294800,49.70934295654297,59.22370529174805,32.761783599853516
1327381200,49.54454040527344,59.06321716308594,32.78501510620117
1327467600,49.56728744506836,59.6221809387207,32.492496490478516
1327554000,49.31153106689453,58.99123764038086,32.283546447753906
1327640400,48.77734375,57.53569793701172,32.22318649291992
1327899600,48.584102630615234,57.23131561279297,31.907451629638672
1327986000,47.58959197998047,57.07081604003906,31.670665740966797
1328072400,47.720306396484375,56.888187408447266,32.18604278564453
1328158800,47.470252990722656,57.386260986328125,32.45998001098633
1328245200,48.26018524169922,58.38798141479492,32.71536636352539
1328504400,48.73187255859375,59.0355224609375,33.11466598510742
1328590800,49.06716537475586,59.12407302856445,33.393253326416016
1328677200,48.75289535522461,59.085350036621094,33.546470642089844
1328763600,48.50148010253906,58.8695182800293,33.22145462036133
1328850000,47.88435745239258,58.2662467956543,33.546470642089844
1329109200,48.23861312866211,58.87501907348633,33.806488037109375
1329195600,48.381492614746094,58.93589401245117,34.17329406738281
1329282000,48.06720733642578,58.55668258666992,34.1036491394043
1329368400,48.80431365966797,59.404361724853516,34.09897232055664
1329454800,48.92431640625,59.4824104309082,34.3707160949707
1329800400,49.46713638305664,60.458377838134766,34.590904235839844
1329886800,49.667179107666016,59.95085144042969,34.73147201538086
1329973200,49.72429275512695,60.42490768432617,35.0500602722168
1330059600,49.90715408325195,60.83203125,35.58417892456055
1330318800,49.84429168701172,61.13875198364258,35.80906295776367
1330405200,49.79286575317383,61.127593994140625,36.20261764526367
1330491600,49.42715072631836,60.854339599609375,35.86528396606445
1330578000,49.61573791503906,61.21124267578125,36.6477165222168
1330664400,49.33002471923828,61.127593994140625,36.380653381347656
1330923600,49.71857452392578,60.965850830078125,36.338497161865234
1331010000,49.06146240234375,60.70375442504883,35.81842803955078
1331096400,49.04431915283203,61.04393768310547,36.08548355102539
1331182800,48.472923278808594,61.361812591552734,36.17919158935547
1331269200,48.17005920410156,61.10529708862305,36.15107727050781
1331524800,48.88432312011719,61.3451042175293,36.22135543823242
1331611200,49.63287353515625,62.00872039794922,36.43218231201172
1331697600,49.152889251708984,61.72989273071289,36.315059661865234
1331784000,49.192893981933594,61.361812591552734,35.902767181396484
1331870400,49.39287567138672,61.50124740600586,36.16045379638672
1332129600,49.707157135009766,61.73546600341797,36.577449798583984
1332216000,49.484317779541016,60.83203125,36.34317398071289
1332302400,49.14717483520508,60.17953109741211,36.211978912353516
1332388800,48.758602142333984,58.75187683105469,35.55606460571289
1332475200,48.88432312011719,59.315128326416016,35.8465461730957
1332734400,49.73002243041992,60.1405143737793,36.244789123535156
1332820800,49.4957275390625,59.694339752197266,36.00114822387695
1332907200,49.06146240234375,59.053035736083984,35.59822463989258
1332993600,49.187156677246094,59.58838653564453,35.51389694213867
1333080000,49.55858612060547,59.789161682128906,35.61227798461914
1333339200,49.75287628173828,60.39704132080078,36.01520919799805
1333425600,49.04431915283203,59.75011444091797,35.752845764160156
1333512000,48.558616638183594,58.89126968383789,35.69192886352539
1333598400,48.46717071533203,58.4172477722168,35.307735443115234
1333944000,47.9300651550293,57.714569091796875,35.162513732910156
1334030400,46.95293045043945,56.57688903808594,34.52531814575195
1334116800,47.25579833984375,56.29805374145508,34.459720611572266
1334203200,47.770050048828125,57.212642669677734,34.91887664794922
1334289600,47.39863586425781,56.203250885009766,34.49720001220703
1334548800,48.004337310791016,56.61037063598633,34.590904235839844
1334635200,48.827171325683594,57.787086486816406,34.79237365722656
1334721600,48.998600006103516,57.6588020324707,34.337913513183594
1334808000,48.73003387451172,57.16804504394531,34.15049743652344
1334894400,48.74147033691406,57.17362594604492,34.145816802978516
1335153600,48.96429443359375,57.12899398803711,33.88813400268555
1335240000,49.3185920715332,57.458038330078125,33.67729568481445
1335326400,49.627159118652344,57.91535186767578,33.27436828613281
1335412800,49.18143844604492,59.237060546875,33.82253646850586
1335499200,49.187156677246094,59.22589111328125,33.72416687011719
1335758400,49.335723876953125,59.42665481567383,33.56014633178711
1335844800,49.735721588134766,60.38029479980469,34.73115158081055
1335931200,49.255741119384766,59.68878173828125,33.551116943359375
1336017600,48.94147491455078,59.10878372192383,33.3482780456543
1336104000,48.324317932128906,57.84282302856445,32.67837905883789
1336363200,48.27291488647461,57.61418914794922,32.78899383544922
1336449600,48.01005172729492,57.352073669433594,33.37902069091797
1336536000,47.604366302490234,56.76092529296875,32.86275863647461
1336622400,47.66189956665039,57.642093658447266,33.32370376586914
1336708800,47.81148147583008,57.26842498779297,32.88119125366211
1336968000,47.247650146484375,56.85017776489258,32.530860900878906
1337054400,47.05777359008789,56.270164489746094,32.2850341796875
1337140800,47.27639389038086,56.326454162597656,32.155967712402344
1337227200,47.12681579589844,56.34895324707031,31.86341094970703
1337313600,46.873661041259766,55.40361404418945,31.633094787597656
1337572800,47.20161437988281,56.09574890136719,32.22443389892578
1337659200,47.14982986450195,55.88752365112305,32.162193298339844
1337745600,47.20161437988281,55.70746994018555,32.42362594604492
1337832000,47.5295524597168,56.3039436340332,32.454742431640625
1337918400,47.22462844848633,55.628692626953125,32.436073303222656
1338264000,47.13835144042969,56.405216217041016,33.158111572265625
1338350400,45.90708923339844,54.93657684326172,32.392494201660156
1338436800,45.239688873291016,55.3192138671875,32.46718978881836
1338523200,44.8311767578125,54.25007247924805,31.86341094970703
1338782400,44.77939987182617,54.345741271972656,31.931884765625
1338868800,44.64707565307617,54.29508590698242,32.286678314208984
1338955200,46.13146209716797,56.15764236450195,33.35107421875
1339041600,46.42489242553711,56.489627838134766,33.49423599243164
1339128000,46.51118850708008,56.74284744262695,33.593833923339844
1339387200,46.1832389831543,56.21952438354492,33.53780746459961
1339473600,46.75282669067383,56.68655776977539,34.054447174072266
1339560000,46.390357971191406,56.34334182739258,33.67474365234375
1339646400,47.253395080566406,57.35056686401367,34.035770416259766
1339732800,47.88052749633789,58.70667266845703,34.52128601074219
1339992000,47.8172492980957,58.21711349487305,34.278526306152344
1340078400,48.605464935302734,58.554744720458984,34.63331985473633
1340164800,48.887393951416016,58.31278991699219,33.88637161254883
1340251200,47.241886138916016,56.28141403198242,32.84064865112305
1340337600,47.241886138916016,56.51774597167969,33.24525833129883
1340596800,46.74132537841797,55.752506256103516,32.96514892578125
1340683200,47.40873336791992,56.804744720458984,33.388427734375
1340769600,47.86899948120117,57.71632385253906,33.892616271972656
1340856000,47.81148147583008,58.21711349487305,33.9423942565918
1340942400,49.23259353637695,59.36503601074219,34.78271484375
1341201600,49.100276947021484,59.56763458251953,34.6893424987793
1341288000,49.64109802246094,60.41728591918945,35.11262130737305
1341460800,49.23259353637695,59.663265228271484,34.409236907958984
1341547200,48.78957748413086,59.12308120727539,34.07933044433594
1341806400,48.1279296875,58.77981948852539,33.81792068481445
1341892800,47.8172492980957,58.45344924926758,33.288818359375
1341979200,48.54792785644531,58.9992790222168,33.83658981323242
1342065600,48.39834213256836,59.10057067871094,33.60004806518555
1342152000,49.17506790161133,59.65201187133789,34.22249984741211
1342411200,48.93341827392578,60.085296630859375,34.52128601074219
1342497600,49.32465362548828,60.4510383605957,35.031700134277344
1342584000,49.600807189941406,60.70427322387695,35.33668899536133
1342670400,49.600807189941406,61.24445343017578,35.50045394897461
1342756800,49.451236724853516,61.441402435302734,35.26113510131836
1343016000,49.02546310424805,60.743648529052734,34.66912078857422
1343102400,48.663002014160156,59.81521224975586,34.41093444824219
1343188800,49.04273986816406,59.68014144897461,33.52924728393555
1343275200,49.77918243408203,60.9237174987793,34.25978088378906
1343361600,50.31425094604492,61.48079299926758,34.61875534057617
1343620800,50.37754821777344,61.795902252197266,34.54948043823242
1343707200,49.96904373168945,61.66086196899414,34.28497314453125
1343793600,50.003562927246094,62.178550720214844,34.77619934082031
1343880000,49.41091537475586,61.47517013549805,34.417240142822266
1343966400,50.37179946899414,62.527427673339844,35.08479309082031
1344225600,50.31425094604492,62.63434982299805,35.19813919067383
1344312000,50.584651947021484,62.99446105957031,35.550819396972656
1344398400,50.79179763793945,63.10137176513672,36.0042724609375
1344484800,51.07554244995117,63.3770866394043,35.953880310058594
1344571200,51.21451187133789,63.894805908203125,36.07353591918945
1344830400,51.04082107543945,63.742862701416016,36.09242630004883
1344916800,51.07554244995117,63.765380859375,36.117637634277344
1345003200,50.959720611572266,63.85044479370117,36.04833984375
1345089600,51.34770202636719,64.2758560180664,36.24359130859375
1345176000,51.19136428833008,63.901493072509766,36.14280319213867
1345435200,50.93076705932617,63.82206726074219,35.91608810424805
1345521600,50.64701461791992,63.51578903198242,35.66417694091797
1345608000,50.803348541259766,63.61222457885742,35.69567108154297
1345694400,50.56016159057617,63.12442398071289,35.36819076538086
1345780800,50.98867416381836,63.53282165527344,35.49415969848633
1346040000,50.80916213989258,63.37401580810547,35.506736755371094
1346126400,51.017635345458984,63.725643157958984,35.557125091552734
1346212800,50.901824951171875,63.413700103759766,35.48785400390625
1346299200,50.49644088745117,62.92021942138672,35.336700439453125
1346385600,50.554351806640625,63.61787414550781,35.76493453979492
1346731200,50.450111389160156,63.084693908691406,35.39967727661133
1346817600,50.57174301147461,62.82947540283203,34.55577087402344
1346904000,51.533016204833984,64.11138153076172,35.13516616821289
1346990400,52.07156753540039,64.66156005859375,35.67047882080078
1347249600,51.8167839050293,64.63887023925781,35.38079071044922
1347336000,51.89786148071289,64.7636489868164,35.50045394897461
1347422400,51.85729217529297,64.9338150024414,35.60749816894531
1347508800,52.8301887512207,66.11358642578125,36.30655288696289
1347595200,53.4498176574707,66.50497436523438,36.65922164916992
1347854400,53.223968505859375,66.44256591796875,36.71590805053711
1347940800,53.07340621948242,66.34615325927734,36.41362380981445
1348027200,52.44798278808594,66.13629150390625,36.09242630004883
1348113600,52.99809646606445,66.84529113769531,36.26875686645508
1348200000,53.22975158691406,66.81693267822266,36.12390899658203
1348459200,53.20658493041992,66.80558013916016,36.50178146362305
1348545600,53.125518798828125,66.32344818115234,36.1554069519043
1348632000,52.8301887512207,65.96611022949219,35.90350341796875
1348718400,53.160274505615234,66.47659301757812,36.14280319213867
1348804800,52.95757293701172,66.11358642578125,36.01057052612305
1349064000,53.160274505615234,66.50497436523438,36.1554069519043
1349150400,53.11393737792969,66.90767669677734,36.13021469116211
1349236800,53.102352142333984,65.87535858154297,35.752349853515625
1349323200,53.403480529785156,66.4482421875,36.149105072021484
1349409600,53.594573974609375,66.64678955078125,36.262481689453125
1349668800,53.669864654541016,66.71480560302734,36.28767013549805
1349755200,53.35135269165039,66.5673599243164,36.401031494140625
1349841600,52.714351654052734,63.78237533569336,36.04833984375
1349928000,52.795448303222656,64.12837219238281,36.080204010009766
1350014400,52.714351654052734,63.56682586669922,35.7871208190918
1350273600,52.99234390258789,63.99223709106445,36.182132720947266
1350360000,53.49613952636719,64.71259307861328,36.71094512939453
1350446400,54.080997467041016,65.33087158203125,37.029510498046875
1350532800,54.13313293457031,65.03023529052734,37.12507247924805
1350619200,53.36292266845703,64.30989074707031,36.60262680053711
1350878400,53.38609313964844,63.94687271118164,36.3414192199707
1350964800,52.222129821777344,62.04106521606445,35.717041015625
1351051200,52.04841613769531,62.228240966796875,35.64696502685547
1351137600,52.36692428588867,62.937217712402344,36.417884826660156
1351224000,52.47695541381836,63.06203842163086,36.51343536376953
1351656000,52.795448303222656,62.52885055541992,36.85749435424805
1351742400,53.044429779052734,63.22083282470703,37.22064971923828
1351828800,52.274261474609375,61.46818161010742,36.73006820678711
1352091600,52.48274612426758,61.93331527709961,36.653621673583984
1352178000,53.050235748291016,62.596927642822266,37.093223571777344
1352264400,51.383670806884766,60.98039245605469,36.169410705566406
1352350800,50.736873626708984,60.05017852783203,35.58962631225586
1352437200,50.81844711303711,60.03313446044922,35.468570709228516
1352696400,50.8825569152832,60.084197998046875,35.44945526123047
1352782800,50.38724136352539,59.71549987792969,35.26469039916992
1352869200,50.154151916503906,58.639949798583984,34.895164489746094
1352955600,50.19495391845703,58.136531829833984,34.78046798706055
1353042000,50.37558364868164,58.582733154296875,35.06081008911133
1353301200,51.08647537231445,59.69833755493164,35.506797790527344
1353387600,50.987403869628906,59.24637222290039,35.443084716796875
1353474000,51.284603118896484,59.5553092956543,35.71066665649414
1353646800,51.913936614990234,60.339046478271484,36.10569763183594
1353906000,51.64005661010742,60.06448745727539,36.18851089477539
1353992400,50.900028228759766,59.14339828491211,35.79350280761719
1354078800,51.3370361328125,60.402034759521484,36.35416793823242
1354165200,51.34870147705078,60.52217102050781,36.30319595336914
1354251600,51.36036682128906,60.46494674682617,36.27771759033203
1354510800,51.0515251159668,59.875694274902344,36.42425537109375
1354597200,50.80680465698242,59.475215911865234,36.2140007019043
1354683600,51.121456146240234,60.16748046875,36.43061065673828
1354770000,51.278785705566406,60.89971923828125,36.538936614990234
1354856400,51.6284065246582,61.20869064331055,36.91483688354492
1355115600,51.517677307128906,61.19150161743164,36.876609802246094
1355202000,51.85567855834961,61.63774108886719,37.029510498046875
1355288400,52.12370300292969,61.832252502441406,37.08047866821289
1355374800,51.616756439208984,61.73501205444336,36.876609802246094
1355461200,51.32540512084961,61.68352127075195,36.755550384521484
1355720400,51.78575897216797,62.17552947998047,37.1314582824707
1355806800,52.18781661987305,62.98788833618164,37.78131103515625
1355893200,51.535179138183594,62.879215240478516,37.71760940551758
1355979600,51.797386169433594,63.14810562133789,37.76857376098633
1356066000,50.83009338378906,62.764801025390625,37.34170913696289
1356325200,50.64946746826172,62.146915435791016,37.233394622802734
1356498000,50.736873626708984,62.04967498779297,36.92119598388672
1356584400,50.614501953125,62.08399200439453,36.88935852050781
1356670800,49.58891677856445,60.89971923828125,36.36054229736328
1356930000,50.43384552001953,61.8665771484375,36.946685791015625
1357102800,51.692501068115234,63.15381622314453,37.723976135253906
1357189200,51.5992546081543,62.884918212890625,37.698490142822266
1357275600,51.83818817138672,63.21675491333008,38.11899185180664
1357534800,51.237998962402344,62.78765106201172,37.698490142822266
1357621200,51.55847930908203,62.50732421875,37.18880081176758
1357707600,51.36036682128906,62.66753005981445,37.112342834472656
1357794000,51.919769287109375,63.19955825805664,37.2716178894043
1357880400,52.21696853637695,63.9204216003418,37.12507247924805
1358139600,52.199462890625,64.5611572265625,37.25251770019531
1358226000,52.17034912109375,64.89871978759766,37.60928726196289
1358312400,52.1353645324707,65.201904296875,37.51372146606445
1358398800,52.560752868652344,65.64241790771484,37.679386138916016
1358485200,52.91037368774414,65.92849731445312,37.76219177246094
1358830800,52.98028564453125,66.31179809570312,38.214576721191406
1358917200,52.85210418701172,65.7968978881836,37.94059371948242
1359003600,53.230865478515625,66.07723999023438,38.488525390625
1359090000,53.452293395996094,66.47769165039062,38.902652740478516
1359349200,53.091026306152344,66.38616943359375,38.70515060424805
1359435600,53.46977233886719,67.05551147460938,39.28491973876953
1359522000,52.834625244140625,66.62069702148438,38.92176818847656
1359608400,52.42672348022461,65.87696838378906,36.953060150146484
1359694800,52.4675178527832,66.64932250976562,37.47550964355469
1359954000,51.948909759521484,65.90558624267578,36.972164154052734
1360040400,52.292720794677734,66.25459289550781,36.774658203125
1360126800,52.32183837890625,66.31179809570312,36.69184494018555
1360213200,51.75300598144531,65.80260467529297,36.71732711791992
1360299600,51.96411895751953,66.15731811523438,36.87023162841797
1360558800,51.77060317993164,66.15731811523438,36.69184494018555
1360645200,51.87614822387695,66.64932250976562,37.112342834472656
1360731600,51.999290466308594,66.60895538330078,37.34170913696289
1360818000,51.91132736206055,66.71273803710938,37.32237243652344
1360904400,51.817501068115234,66.28031921386719,36.7424430847168
1361250000,52.3804931640625,66.8338394165039,37.76055145263672
1361336400,52.17523956298828,66.29761505126953,37.161285400390625
1361422800,51.9523811340332,66.29761505126953,37.44480895996094
1361509200,52.31011962890625,66.85686492919922,37.5027961730957
1361768400,51.43046569824219,65.46162414550781,36.65865707397461
1361854800,51.905479431152344,66.28031921386719,37.212833404541016
1361941200,52.50364685058594,67.25467681884766,37.39970397949219
1362027600,52.51536178588867,67.54298400878906,37.34170150756836
1362114000,52.445011138916016,67.39886474609375,37.55434799194336
1362373200,52.163509368896484,67.73900604248047,37.129058837890625
1362459600,52.5505485534668,67.99269104003906,37.15483093261719
1362546000,52.521236419677734,68.30403900146484,37.37391662597656
1362632400,52.022762298583984,68.35591125488281,37.283714294433594
1362718800,52.17523956298828,68.36166381835938,37.625240325927734
1362974400,52.28666687011719,68.45394134521484,37.657447814941406
1363060800,52.28666687011719,68.17717742919922,37.844322204589844
1363147200,52.345298767089844,68.24060821533203,37.87653350830078
1363233600,52.67957305908203,69.1861343383789,38.3533821105957
1363320000,52.40980529785156,69.00166320800781,38.06340026855469
1363579200,52.05794143676758,68.68456268310547,38.11496353149414
1363665600,51.9465446472168,68.87481689453125,38.21806335449219
1363752000,51.975852966308594,69.3879623413086,38.94620895385742
1363838400,51.70608139038086,69.3821792602539,39.26838684082031
1363924800,52.362892150878906,69.86649322509766,39.24906539916992
1364184000,52.20453643798828,69.2899169921875,38.79799270629883
1364270400,52.85550308227539,69.75117492675781,38.94620895385742
1364356800,53.11936950683594,69.29569244384766,38.90754699707031
1364443200,52.84377670288086,68.50582122802734,38.727108001708984
1364788800,53.23080825805664,68.9612808227539,38.971988677978516
1364875200,53.11936950683594,68.60960388183594,38.68846130371094
1364961600,52.738197326660156,67.90621948242188,38.198734283447266
1365048000,52.64439392089844,68.0733871459961,37.940982818603516
1365134400,52.198692321777344,67.75630187988281,37.721885681152344
1365393600,51.95823287963867,67.92351531982422,38.21806335449219
1365480000,52.05794143676758,68.40206909179688,38.520904541015625
1365566400,52.00518798828125,68.97859191894531,38.82376480102539
1365652800,52.32183837890625,69.73387145996094,38.765785217285156
1365739200,52.18695068359375,69.15155029296875,38.25028610229492
1365998400,50.720848083496094,67.20857238769531,36.88418960571289
1366084800,50.791236877441406,67.46227264404297,37.013084411621094
1366171200,50.48042297363281,66.1938705444336,36.60711669921875
1366257600,50.7971076965332,66.64354705810547,36.93574142456055
1366344000,51.283851623535156,66.82229614257812,37.04528045654297
1366603200,51.659183502197266,67.20857238769531,36.980857849121094
1366689600,52.368751525878906,67.73321533203125,37.23216247558594
1366776000,52.445011138916016,68.19449615478516,37.54145812988281
1366862400,51.647422790527344,68.32709503173828,37.61234664916992
1366948800,51.60637664794922,69.20921325683594,37.960304260253906
1367208000,51.729522705078125,69.94718170166016,38.59823989868164
1367294400,52.18695068359375,70.34503173828125,38.95264434814453
1367380800,51.31904220581055,69.34181213378906,38.669124603271484
1367467200,51.975852966308594,70.3623046875,39.28128433227539
1367553600,52.79097366333008,71.19832611083984,39.8998908996582
1367812800,53.11936950683594,71.05994415283203,40.093196868896484
1367899200,53.45365905761719,70.93888092041016,40.492713928222656
1367985600,53.776187896728516,71.12335968017578,40.33161926269531
1368072000,53.7525749206543,71.2847900390625,40.325172424316406
1368158400,53.2270393371582,71.04840087890625,40.099639892578125
1368417600,53.203426361083984,70.82930755615234,39.95143127441406
1368504000,53.79983901977539,72.06890106201172,40.63448715209961
1368590400,53.8765983581543,71.49349212646484,40.22206497192383
1368676800,53.55770492553711,71.34822845458984,40.22850799560547
1368763200,54.18363952636719,71.73182678222656,40.79557800292969
1369022400,54.63238525390625,72.52223205566406,41.259521484375
1369108800,54.79774856567383,73.1964340209961,41.439937591552734
1369195200,54.43754959106445,72.60943603515625,40.84748840332031
1369281600,54.201351165771484,72.8825912475586,40.880043029785156
1369368000,54.04782485961914,72.9116439819336,40.71076965332031
1369713600,54.549739837646484,73.48123168945312,40.91259002685547
1369800000,54.372589111328125,72.9349136352539,40.873538970947266
1369886400,54.378509521484375,72.71404266357422,40.54800033569336
1369972800,53.42189407348633,71.3424072265625,39.936012268066406
1370232000,54.00648880004883,72.12120056152344,40.42429733276367
1370318400,53.61087417602539,71.46446990966797,40.1573600769043
1370404800,52.93770217895508,70.65660858154297,40.11829376220703
1370491200,53.280216217041016,70.08702087402344,40.307106018066406
1370577600,54.000587463378906,70.73213958740234,40.57404327392578
1370836800,53.80573272705078,71.30755615234375,40.49591827392578
1370923200,53.41598129272461,70.58684539794922,40.307106018066406
1371009600,52.9908561706543,69.72667694091797,39.636512756347656
1371096000,53.929710388183594,70.70886993408203,40.13783645629883
1371182400,53.48683547973633,69.90682220458984,39.73417282104492
1371441600,54.036014556884766,70.45315551757812,40.326637268066406
1371528000,54.284019470214844,70.62753295898438,40.43080520629883
1371614400,53.73485565185547,70.03471374511719,40.17689514160156
1371700800,52.583396911621094,68.55265045166016,39.24587631225586
1371787200,52.837310791015625,69.12223052978516,39.297977447509766
1372046400,52.246822357177734,67.89588165283203,38.64038848876953
1372132800,52.61882400512695,68.26203918457031,38.952911376953125
1372219200,53.02627182006836,68.66889953613281,39.27842330932617
1372305600,53.167991638183594,68.99436950683594,39.284934997558594
1372392000,53.351036071777344,68.7793197631836,39.38912582397461
1372651200,53.321529388427734,69.20940399169922,39.86438751220703
1372737600,53.52229309082031,69.25008392333984,40.228981018066406
1372824000,53.55183029174805,69.20940399169922,40.26152420043945
1372996800,54.071449279785156,70.04052734375,40.56752014160156
1373256000,54.47297668457031,70.46478271484375,41.042789459228516
1373342400,55.11662292480469,71.64462280273438,41.34228515625
1373428800,54.80955505371094,71.4295883178711,41.361820220947266
1373515200,55.075294494628906,71.93519592285156,41.87615966796875
1373601600,55.15203857421875,72.10376739501953,42.2147102355957
1373860800,55.063480377197266,72.46411895751953,42.48815155029297
1373947200,55.0930061340332,72.1386489868164,42.28632354736328
1374033600,55.187496185302734,72.27235412597656,42.6834716796875
1374120000,55.73072052001953,72.92329406738281,42.96640396118164
1374206400,56.197235107421875,73.76021575927734,43.42699432373047
1374465600,55.996456146240234,73.82994079589844,43.315128326416016
1374552000,56.21493911743164,73.963623046875,43.50596237182617
1374638400,56.09092330932617,73.44635009765625,43.1572265625
1374724800,56.07912063598633,74.25423431396484,43.236183166503906
1374811200,55.97283172607422,74.1379623413086,43.24275207519531
1375070400,55.524078369140625,73.33011627197266,42.887454986572266
1375156800,55.39415740966797,73.10346984863281,42.65715408325195
1375243200,55.35871505737305,73.16736602783203,42.67689514160156
1375329600,54.75641632080078,73.48701477050781,43.4862174987793
1375416000,54.295841217041016,72.62103271484375,44.23630905151367
1375675200,54.08326721191406,72.0630874633789,44.20999526977539
1375761600,54.01240539550781,71.569091796875,44.144195556640625
1375848000,53.935630798339844,71.67952728271484,43.769134521484375
1375934400,54.195465087890625,71.52837371826172,44.144195556640625
1376020800,53.93976974487305,71.1971206665039,43.973121643066406
1376280000,53.4463005065918,70.79025268554688,43.49278259277344
1376366400,53.15494155883789,71.1971206665039,44.01918029785156
1376452800,52.887393951416016,70.93556213378906,44.19025421142578
1376539200,52.41767501831055,70.46678161621094,44.49292755126953
1376625600,52.269020080566406,70.24993133544922,44.334999084472656
1376884800,51.680419921875,69.53501892089844,43.315128326416016
1376971200,51.62689971923828,69.31819915771484,43.41383743286133
1377057600,51.383113861083984,68.9724349975586,43.11115264892578
1377144000,51.7160758972168,69.31819915771484,43.52569580078125
1377230400,52.03716278076172,70.04486083984375,43.78889846801758
1377489600,51.7814826965332,69.64048767089844,43.63096237182617
1377576000,51.620948791503906,69.62290954589844,43.440155029296875
1377662400,52.82197952270508,71.38090515136719,43.93362808227539
1377748800,51.888519287109375,70.53709411621094,43.53226852416992
1377835200,51.82309341430664,70.57222747802734,43.6243896484375
1378180800,51.81715393066406,70.6425552368164,43.94681167602539
1378267200,52.17984390258789,70.82423400878906,44.51926803588867
1378353600,51.936073303222656,71.12310028076172,44.59162139892578
1378440000,51.87660598754883,71.02933502197266,44.87455749511719
1378699200,52.346317291259766,71.6211929321289,45.315425872802734
1378785600,52.215518951416016,72.08413696289062,45.177249908447266
1378872000,52.82197952270508,72.61737823486328,45.50623321533203
1378958400,52.310646057128906,72.59981536865234,45.256195068359375
1379044800,52.56038284301758,72.74629211425781,45.52596664428711
1379304000,52.72089767456055,72.7111587524414,45.624664306640625
1379390400,52.8814582824707,72.86351013183594,45.86155319213867
1379476800,53.261962890625,73.73078155517578,46.42739486694336
1379563200,53.083587646484375,73.50811767578125,46.611637115478516
1379649600,52.71494674682617,73.2033920288086,46.71692657470703
1379908800,52.17390823364258,73.55500030517578,46.44056701660156
1379995200,51.942012786865234,72.95140075683594,46.322120666503906
1380081600,51.811214447021484,72.70525360107422,46.26950454711914
1380168000,51.769596099853516,72.36540222167969,46.21027374267578
1380254400,51.66852951049805,71.86732482910156,46.26291275024414
1380513600,51.157169342041016,71.19927215576172,45.73652648925781
1380600000,51.133399963378906,71.09378051757812,46.08524703979492
1380686400,51.180965423583984,70.80664825439453,46.29582214355469
1380772800,50.83610153198242,69.29475402832031,46.170806884765625
1380859200,51.32364273071289,69.22442626953125,46.697174072265625
1381118400,51.07392883300781,69.07209014892578,46.63795852661133
1381204800,50.8420524597168,68.40403747558594,46.170806884765625
1381291200,50.63395309448242,68.05242156982422,45.907588958740234
1381377600,51.157169342041016,68.1989517211914,47.23670959472656
1381464000,51.69823455810547,68.95487976074219,47.65538024902344
1381723200,52.08470916748047,69.48815155029297,47.82150650024414
1381809600,51.60310745239258,69.23617553710938,47.77500915527344
1381896000,51.912296295166016,69.82801818847656,48.48607635498047
1381982400,52.013362884521484,70.0389633178711,48.785133361816406
1382068800,52.054988861083984,70.11515808105469,48.79841232299805
1382328000,51.86473083496094,70.21476745605469,48.54589080810547
1382414400,52.310646057128906,70.69530487060547,48.68545150756836
1382500800,52.090641021728516,70.39641571044922,48.107276916503906
1382587200,52.57227325439453,70.64842987060547,48.77183151245117
1382673600,52.30472946166992,70.66600036621094,49.21708297729492
1382932800,52.45928955078125,70.85352325439453,49.104129791259766
1383019200,52.875511169433594,71.19927215576172,49.40315628051758
1383105600,52.804176330566406,70.49605560302734,48.678802490234375
1383192000,53.2857780456543,70.29684448242188,48.73197937011719
1383278400,53.4046630859375,69.15414428710938,48.57246017456055
1383541200,54.76030349731445,69.20687103271484,48.73197937011719
1383627600,54.694881439208984,69.41194152832031,48.22689437866211
1383714000,55.426212310791016,70.98831939697266,49.11075210571289
1383800400,55.049095153808594,70.26750946044922,48.18702697753906
1383886800,55.51003646850586,71.01760864257812,48.97121810913086
1384146000,55.6477165222168,70.95313262939453,48.88480758666992
1384232400,55.47410583496094,70.32024383544922,48.3930549621582
1384318800,55.426212310791016,70.37300872802734,48.73859405517578
1384405200,55.803340911865234,70.65072631835938,48.964561462402344
1384491600,57.03052520751953,70.9461898803711,48.71202087402344
1384750800,57.13826370239258,71.24166870117188,48.054115295410156
1384837200,57.12031173706055,72.1280517578125,48.02088928222656
1384923600,56.677345275878906,72.09259796142578,48.014225006103516
1385010000,56.683319091796875,72.95536804199219,48.73859405517578
1385096400,56.87489318847656,73.29217529296875,49.19050216674805
1385355600,56.92279052734375,73.12080383300781,48.38639450073242
1385442000,56.43190383911133,72.55349731445312,48.46615219116211
1385528400,56.15056228637695,72.34078216552734,48.2601432800293
1385701200,55.9589958190918,72.35260009765625,48.37974166870117
1385960400,55.98292541503906,72.29349517822266,48.22689437866211
1386046800,56.50373458862305,72.39984893798828,48.16045379638672
1386133200,56.671363830566406,71.9566650390625,47.456031799316406
1386219600,56.34809112548828,71.56074523925781,47.07722091674805
1386306000,57.257999420166016,72.26393127441406,47.03068923950195
1386565200,57.371707916259766,72.88441467285156,46.8113899230957
1386651600,57.293914794921875,73.07351684570312,46.72500228881836
1386738000,56.42591857910156,72.15168762207031,45.92753601074219
1386824400,57.08441162109375,71.49575805664062,46.173431396484375
1386910800,57.054466247558594,70.8516616821289,46.14018630981445
1387170000,58.197818756103516,71.0407485961914,46.379417419433594
1387256400,57.91648864746094,70.16619110107422,45.894309997558594
1387342800,59.586639404296875,71.8562240600586,46.12025833129883
1387429200,59.5207633972168,72.81350708007812,45.907588958740234
1387515600,59.071807861328125,72.55349731445312,46.43923568725586
1387774800,58.97005844116211,72.56532287597656,46.22658157348633
1387861200,59.39507293701172,72.9848861694336,46.472476959228516
1388034000,60.40076446533203,73.7530746459961,46.645263671875
1388120400,60.76591110229492,74.00127410888672,46.77815628051758
1388379600,60.047569274902344,73.41033172607422,46.45919418334961
1388466000,60.58032989501953,73.81216430664062,46.95094680786133
1388638800,59.71232223510742,73.3571548461914,46.37278747558594
1388725200,59.56867980957031,73.48126220703125,46.492408752441406
1388984400,59.65848159790039,73.28624725341797,46.69178009033203
1389070800,60.50249481201172,73.90672302246094,46.7648811340332
1389157200,60.30498123168945,72.85487365722656,46.31296920776367
1389243600,59.718326568603516,72.85487365722656,46.160125732421875
1389330000,60.17325973510742,71.507568359375,45.76804733276367
1389589200,58.99400329589844,70.46755981445312,45.017086029052734
1389675600,59.3351936340332,70.65664672851562,45.40254592895508
1389762000,59.13166046142578,70.42620849609375,45.24303436279297
1389848400,59.22747039794922,70.21935272216797,45.076900482177734
1389934800,59.35916519165039,70.49119567871094,44.86425018310547
1390280400,58.96406173706055,71.12348937988281,45.3626594543457
1390366800,58.592918395996094,71.16483306884766,45.435768127441406
1390453200,58.048179626464844,69.95935821533203,45.090187072753906
1390539600,56.77910232543945,68.71842193603516,44.23955535888672
1390798800,56.82099151611328,68.80116271972656,43.767730712890625
1390885200,57.257999420166016,69.04342651367188,44.00032043457031
1390971600,56.93472671508789,68.54703521728516,43.74113464355469
1391058000,56.264305114746094,68.81297302246094,43.69462966918945
1391144400,55.168819427490234,65.9646987915039,43.16298294067383
1391403600,53.905723571777344,65.67515563964844,42.4386100769043
1391490000,53.88776779174805,65.49198150634766,42.33893585205078
1391576400,53.62437438964844,64.71786499023438,42.17277908325195
1391662800,54.13683319091797,65.7519760131836,42.73099899291992
1391749200,54.60703659057617,66.21289825439453,43.176273345947266
1392008400,53.96799850463867,66.00017547607422,42.91709899902344
1392094800,54.76375961303711,67.11700439453125,43.575008392333984
1392181200,54.908451080322266,66.78912353515625,43.3424072265625
1392267600,55.11945343017578,67.07527160644531,43.463294982910156
1392354000,56.73513412475586,67.653564453125,44.01406478881836
1392699600,56.71101760864258,67.19451141357422,43.906620025634766
1392786000,56.63866424560547,67.72512817382812,43.65808868408203
1392872400,57.49472427368164,68.3213119506836,43.60436248779297
1392958800,57.28974533081055,67.17666625976562,43.44314956665039
1393218000,58.13979721069336,68.05300903320312,44.61184310913086
1393304400,58.06141662597656,68.5418701171875,44.67900848388672
1393390800,57.74793243408203,68.86382293701172,44.417057037353516
1393477200,57.77805709838867,68.97113800048828,44.49766540527344
1393563600,58.03730392456055,68.75648498535156,44.66558074951172
1393822800,57.57310104370117,68.46435546875,44.537960052490234
1393909200,58.187992095947266,68.7505111694336,44.66558074951172
1393995600,56.54825210571289,68.21994018554688,44.531253814697266
1394082000,56.52413558959961,68.47032165527344,44.591712951660156
1394168400,57.265621185302734,68.60746002197266,44.67229461669922
1394424000,57.57310104370117,69.06051635742188,44.927528381347656
1394510400,56.674835205078125,68.26761627197266,44.68572998046875
1394596800,56.79540252685547,68.94727325439453,44.69244384765625
1394683200,56.45178985595703,68.23186492919922,44.544681549072266
1394769600,56.34931945800781,68.023193359375,44.732749938964844
1395028800,56.86172866821289,68.60147857666016,45.19621658325195
1395115200,57.09684753417969,69.29901123046875,45.74024200439453
1395201600,56.50605010986328,68.6789779663086,45.33724594116211
1395288000,57.01848602294922,68.86382293701172,45.605918884277344
1395374400,56.85570526123047,68.9353256225586,45.32381057739258
1395633600,57.05464172363281,69.06648254394531,45.37755584716797
1395720000,57.2174186706543,69.80577087402344,45.935020446777344
1395806400,57.09081268310547,70.17537689208984,46.07608413696289
1395892800,58.01921463012695,70.15153503417969,46.539520263671875
1395979200,58.89940643310547,70.64634704589844,47.2514762878418
1396238400,58.887325286865234,70.89077758789062,47.2514762878418
1396324800,58.91748046875,70.94445037841797,47.2246208190918
1396411200,59.05010986328125,71.1530990600586,47.61418914794922
1396497600,59.03805160522461,70.9682846069336,47.15073013305664
1396584000,58.69441223144531,70.8252182006836,47.16417694091797
1396843200,58.344749450683594,69.95478820800781,46.66714859008789
1396929600,58.74867630004883,70.22904205322266,47.063411712646484
1397016000,58.676334381103516,71.00407409667969,48.0507698059082
1397102400,58.344749450683594,69.56726837158203,46.821624755859375
1397188800,58.30855178833008,69.76997375488281,47.60074996948242
1397448000,58.995853424072266,70.76556396484375,48.030616760253906
1397534400,59.490196228027344,71.7194595336914,48.99109649658203
1397620800,60.249778747558594,72.63160705566406,49.5552864074707
1397707200,60.53917694091797,73.73454284667969,50.22023010253906
1398052800,60.84665298461914,74.06840515136719,50.106056213378906
1398139200,60.50904083251953,73.92529296875,49.81722640991211
1398225600,60.5873908996582,74.33666229248047,49.71648406982422
1398312000,60.29197311401367,74.10413360595703,50.03217315673828
1398398400,60.53315734863281,73.91934204101562,49.971717834472656
1398657600,60.991302490234375,74.9566650390625,50.1396369934082
1398744000,61.160118103027344,75.0997543334961,50.1598014831543
1398830400,61.73886489868164,74.83148956298828,49.911277770996094
1398916800,61.13600540161133,74.4856948852539,50.39485549926758
1399003200,61.49769592285156,74.35453796386719,51.39564895629883
1399262400,62.04029846191406,74.73609924316406,51.64418029785156
1399348800,61.895591735839844,74.50359344482422,51.771785736083984
1399435200,62.16084289550781,75.25476837158203,52.463592529296875
1399521600,61.684593200683594,74.57511138916016,51.72475051879883
1399608000,61.87883758544922,74.53933715820312,52.147926330566406
1399867200,62.04878234863281,74.66454315185547,52.66508102416992
1399953600,62.127685546875,75.0281982421875,52.81956481933594
1400040000,62.08518981933594,75.36803436279297,52.745689392089844
1400126400,61.16870880126953,74.44209289550781,52.463592529296875
1400212800,61.144439697265625,74.06331634521484,52.43000793457031
1400472000,61.22334671020508,73.92499542236328,52.67852783203125
1400558400,61.10192108154297,73.65443420410156,52.75239562988281
1400644800,61.927391052246094,74.65252685546875,53.21318054199219
1400731200,61.60569763183594,74.33385467529297,53.16575241088867
1400817600,61.4964599609375,74.17755889892578,53.145423889160156
1401163200,61.5207405090332,73.85887908935547,53.55875778198242
1401249600,61.33865737915039,73.66645050048828,53.91790008544922
1401336000,61.466121673583984,73.54622650146484,53.90435028076172
1401422400,61.01695251464844,73.82879638671875,54.16863250732422
1401681600,60.65886688232422,73.48009490966797,53.856937408447266
1401768000,60.931976318359375,73.68451690673828,54.087318420410156
1401854400,60.719547271728516,73.56425476074219,54.073768615722656
1401940800,61.02910232543945,74.26771545410156,54.2431755065918
1402027200,61.6663932800293,74.67057800292969,54.778480529785156
1402286400,61.61785888671875,74.77881622314453,54.785255432128906
1402372800,61.58142852783203,75.36204528808594,55.313777923583984
1402459200,61.87883758544922,75.26583099365234,55.530616760253906
1402545600,61.70281982421875,75.82498931884766,56.14727783203125
1402632000,62.303714752197266,76.5164566040039,56.29632568359375
1402891200,62.467586517333984,77.28604125976562,56.70968246459961
1402977600,62.164085388183594,77.46041870117188,56.75035858154297
1403064000,62.352272033691406,78.33226776123047,57.082359313964844
1403150400,62.291561126708984,79.36040496826172,57.44150924682617
1403236800,63.01990509033203,79.57084655761719,57.841312408447266
1403496000,63.353721618652344,79.95561981201172,58.342742919921875
1403582400,62.352272033691406,79.22811889648438,57.4618034362793
1403668800,61.994144439697266,78.90345001220703,58.01747512817383
1403755200,61.927391052246094,78.717041015625,58.24787139892578
1403841600,61.4296989440918,78.38035583496094,58.27497863769531
1404100800,61.1080207824707,78.49459075927734,58.092018127441406
1404187200,61.5207405090332,78.48857116699219,58.34953689575195
1404273600,61.648197174072266,78.30220031738281,58.18011474609375
1404360000,62.267269134521484,78.87939453125,58.5460319519043
1404705600,62.303714752197266,78.44650268554688,58.342742919921875
1404792000,62.4129524230957,78.10375213623047,58.30209732055664
1404878400,62.8499641418457,78.99964904785156,58.13944625854492
1404964800,62.255149841308594,78.31421661376953,58.051361083984375
1405051200,61.75137710571289,77.24396514892578,57.414390563964844
1405310400,62.321903228759766,77.71895599365234,58.16655731201172
1405396800,62.145870208740234,77.71895599365234,57.400848388671875
1405483200,62.98348617553711,78.69900512695312,58.742549896240234
1405569600,62.09734344482422,78.2120132446289,57.867835998535156
1405656000,62.352272033691406,78.39839172363281,57.9224853515625
1405915200,62.56468963623047,78.93952941894531,57.765296936035156
1406001600,62.843894958496094,79.71515655517578,58.78353500366211
1406088000,63.27482986450195,80.49678802490234,59.28921890258789
1406174400,63.29303741455078,81.08002471923828,58.94068145751953
1406260800,62.625370025634766,80.31038665771484,58.71519470214844
1406520000,63.34764862060547,80.11199951171875,58.216339111328125
1406606400,62.8499641418457,79.61895751953125,57.88831329345703
1406692800,62.66786193847656,79.6850814819336,57.833648681640625
1406779200,60.05188751220703,77.70693969726562,56.378082275390625
1406865600,59.966941833496094,76.9012451171875,55.14800262451172
1407124800,60.77417755126953,77.06359100341797,56.02273941040039
1407211200,59.60274124145508,75.13355255126953,54.49195098876953
1407297600,60.07617950439453,75.59652709960938,55.08649444580078
1407384000,59.64524841308594,75.54840850830078,54.38946533203125
1407470400,60.537471771240234,76.87720489501953,55.57851791381836
1407729600,60.3419075012207,76.78700256347656,55.21635437011719
1407816000,60.19520568847656,76.41423797607422,54.95664978027344
1407902400,60.56190872192383,76.72087097167969,55.27784729003906
1407988800,60.56190872192383,76.33606719970703,54.78581237792969
1408075200,60.525238037109375,76.46340942382812,55.09332275390625
1408334400,60.82474136352539,76.58466339111328,54.21861267089844
1408420800,60.8063850402832,77.39115905761719,54.608154296875
1408507200,60.93472671508789,77.30628204345703,55.011322021484375
1408593600,60.678016662597656,77.57308197021484,55.33934020996094
1408680000,60.201316833496094,77.07585144042969,54.83362579345703
1408939200,60.35411071777344,77.51849365234375,55.21635437011719
1409025600,60.89804458618164,77.76708984375,55.03866195678711
1409112000,60.8308219909668,78.00358581542969,55.37351989746094
1409198400,60.85529708862305,78.07028198242188,55.12067794799805
1409284800,60.788063049316406,78.49474334716797,55.503353118896484
1409630400,60.19520568847656,77.33659362792969,54.81998062133789
1409716800,60.574134826660156,77.53060913085938,55.284671783447266
1409803200,60.11574935913086,76.88785552978516,54.56713104248047
1409889600,60.66582489013672,77.2516860961914,54.908809661865234
1410148800,59.75516891479492,76.53012084960938,54.00675964355469
1410235200,59.52290725708008,75.90554809570312,53.95893096923828
1410321600,59.168418884277344,75.35979461669922,53.979434967041016
1410408000,59.30288314819336,75.08695220947266,54.245941162109375
1410494400,58.538909912109375,74.37749481201172,53.61042022705078
1410753600,58.850616455078125,75.33556365966797,54.25962829589844
1410840000,59.54734802246094,75.77213287353516,55.18218231201172
1410926400,59.33342742919922,75.6265869140625,55.10698699951172
1411012800,59.04619598388672,75.27490997314453,54.64914321899414
1411099200,59.35786819458008,75.67514038085938,55.05231475830078
1411358400,59.0034065246582,74.88078308105469,54.450958251953125
1411444800,58.691688537597656,74.62003326416016,53.92476272583008
1411531200,58.56336975097656,74.21983337402344,53.79492950439453
1411617600,57.60379409790039,73.17687225341797,53.00905227661133
1411704000,58.32499313354492,73.6558837890625,53.38490676879883
1411963200,57.71380615234375,73.09806823730469,53.19356155395508
1412049600,57.48155975341797,72.35221099853516,52.29151916503906
1412136000,56.7542724609375,71.33954620361328,51.25278854370117
1412222400,57.02320098876953,71.01213073730469,51.040924072265625
1412308800,57.402137756347656,71.3759536743164,51.09560012817383
1412568000,57.768829345703125,71.60636901855469,51.22545623779297
1412654400,57.06594467163086,70.35118103027344,50.5079231262207
1412740800,57.82381820678711,71.52149200439453,50.931602478027344
1412827200,56.11864471435547,69.43555450439453,49.30290222167969
1412913600,55.98418426513672,69.05962371826172,48.55756378173828
1413172800,55.51968765258789,67.9317626953125,46.97716522216797
1413259200,55.342430114746094,66.56745147705078,45.68661117553711
1413345600,55.1407470703125,66.25816345214844,45.72111892700195
1413432000,55.372989654541016,67.34355926513672,46.190399169921875
1413518400,55.74580001831055,67.79230499267578,46.98405838012695
1413777600,56.08806228637695,67.60433197021484,47.501670837402344
1413864000,57.23708724975586,69.78728485107422,48.716285705566406
1413950400,56.919273376464844,69.1263198852539,47.92264175415039
1414036800,57.51823425292969,70.45427703857422,48.309120178222656
1414123200,57.750484466552734,70.28448486328125,48.357418060302734
1414382400,57.273765563964844,69.74478912353516,47.501670837402344
1414468800,58.12333297729492,71.02423858642578,48.4609489440918
1414555200,57.81161117553711,71.03030395507812,48.82670974731445
1414641600,57.72602844238281,71.06669616699219,49.24077606201172
1414728000,59.10731506347656,72.73421478271484,49.79290008544922
1414990800,58.221099853515625,70.81201934814453,48.69558334350586
1415077200,57.768829345703125,69.9570541381836,47.46023178100586
1415163600,58.1049690246582,70.97573852539062,48.22628402709961
1415250000,58.832279205322266,71.87317657470703,49.2200813293457
1415336400,59.4601936340332,72.0368881225586,49.79978942871094
1415595600,59.269325256347656,71.50328063964844,49.4133186340332
1415682000,59.349388122558594,71.81858825683594,49.5168571472168
1415768400,58.71530532836914,71.33954620361328,49.13724899291992
1415854800,58.272090911865234,70.61195373535156,48.5506477355957
1415941200,58.53681564331055,71.18720245361328,49.282196044921875
1416200400,58.54911804199219,70.83836364746094,49.289085388183594
1416286800,58.40135955810547,70.66700744628906,49.46162796020508
1416373200,58.85688400268555,71.27900695800781,49.77908706665039
1416459600,58.98617172241211,71.79304504394531,50.524417877197266
1416546000,59.595611572265625,72.5703125,50.821189880371094
1416805200,58.92461395263672,71.96441650390625,50.60725021362305
1416891600,58.34593963623047,71.08316040039062,49.503047943115234
1416978000,58.161293029785156,70.44668579101562,48.881927490234375
1417150800,55.73583221435547,66.62782287597656,45.59689712524414
1417410000,56.85005187988281,68.3781509399414,46.7701301574707
1417496400,57.982765197753906,69.77958679199219,47.763919830322266
1417582800,58.450599670410156,69.58988952636719,48.86121368408203
1417669200,58.09356689453125,68.7147445678711,47.83293533325195
1417755600,57.754981994628906,67.85183715820312,46.82532501220703
1418014800,56.44993209838867,65.36100769042969,44.879180908203125
1418101200,56.2529296875,65.48951721191406,44.83085250854492
1418187600,54.584678649902344,64.17375183105469,43.85086441040039
1418274000,54.91096115112305,64.20433807373047,43.89918518066406
1418360400,53.31040573120117,62.656005859375,43.0986328125
1418619600,53.495086669921875,61.72577667236328,42.57413101196289
1418706000,53.19344711303711,62.23982620239258,43.63001251220703
1418792400,54.80012893676758,64.8836669921875,46.197322845458984
1418878800,56.11751937866211,66.72575378417969,48.136592864990234
1418965200,57.64417266845703,69.11251831054688,48.985435485839844
1419224400,57.45333480834961,68.56173706054688,47.977848052978516
1419310800,58.22899627685547,69.73674774169922,49.03376007080078
1419397200,57.73035430908203,69.44300079345703,48.3988151550293
1419570000,57.37948226928711,69.3083724975586,48.22628402709961
1419829200,57.29328918457031,69.35120391845703,48.385032653808594
1419915600,57.262516021728516,69.22270202636719,48.26081085205078
1420002000,56.91161346435547,68.65352630615234,47.66039276123047
1420174800,57.14556121826172,68.89834594726562,47.56376647949219
1420434000,55.581947326660156,66.14437103271484,45.300140380859375
1420520400,55.286434173583984,66.11376953125,43.42989730834961
1420606800,55.846641540527344,66.05865478515625,43.7197265625
1420693200,56.776187896728516,67.5703125,44.810150146484375
1420779600,56.69615936279297,66.22392272949219,44.803245544433594
1421038800,55.6065559387207,64.7979736328125,43.526512145996094
1421125200,55.40340805053711,63.769832611083984,43.091732025146484
1421211600,55.243370056152344,63.58623504638672,43.215946197509766
1421298000,54.76320266723633,62.833473205566406,42.38087844848633
1421384400,56.092864990234375,64.3328628540039,43.53341293334961
1421730000,56.074432373046875,65.15906524658203,43.60932159423828
1421816400,56.554588317871094,66.19332122802734,44.540992736816406
1421902800,57.170162200927734,66.6584243774414,45.06550598144531
1421989200,55.951297760009766,65.39161682128906,44.616920471191406
1422248400,56.48685836791992,66.6339340209961,45.42436599731445
1422334800,55.98822784423828,66.25450134277344,45.23112869262695
1422421200,54.141448974609375,63.469966888427734,43.18833541870117
1422507600,53.91368103027344,63.03543472290039,43.35397720336914
1422594000,53.81520080566406,62.747772216796875,43.46440887451172
1422853200,55.14487838745117,64.90814971923828,45.38985061645508
1422939600,56.78850173950195,67.03175354003906,46.74942398071289
1423026000,56.30216979980469,66.3095932006836,45.45888137817383
1423112400,56.8562126159668,66.89714050292969,46.63209915161133
1423198800,56.750797271728516,67.08071899414062,46.57688903808594
1423458000,56.78798294067383,67.58255767822266,46.82532501220703
1423544400,56.446868896484375,67.42955017089844,46.921939849853516
1423630800,56.192588806152344,67.30717468261719,46.846031188964844
1423717200,57.2903938293457,68.51225280761719,47.46692657470703
1423803600,57.91060256958008,69.69884490966797,48.75056076049805
1424149200,57.71214294433594,69.46400451660156,48.46455383300781
1424235600,56.446868896484375,68.25270080566406,47.25066375732422
1424322000,55.47311782836914,66.9610595703125,47.03440856933594
1424408400,55.77082443237305,67.11556243896484,47.00649642944336
1424667600,55.20641326904297,66.65823364257812,46.685577392578125
1424754000,55.46070861816406,66.72002410888672,46.80416488647461
1424840400,55.572364807128906,67.10321807861328,47.111141204833984
1424926800,54.98313522338867,66.16382598876953,45.939109802246094
1425013200,54.91492462158203,65.92900085449219,45.48564910888672
1425272400,54.604801177978516,65.44692993164062,44.927547454833984
1425358800,54.34428024291992,64.98963928222656,45.19264221191406
1425445200,54.07139205932617,64.98963928222656,44.822906494140625
1425531600,53.79850387573242,64.72389221191406,44.18107604980469
1425618000,53.11005783081055,63.994651794433594,43.80434799194336
1425873600,52.81855773925781,64.2418441772461,43.232295989990234
1425960000,52.260353088378906,63.59911346435547,42.464908599853516
1426046400,52.11149597167969,63.98845291137695,42.76487350463867
1426132800,52.23555374145508,63.29627990722656,42.8067512512207
1426219200,52.01844787597656,62.8018913269043,43.002098083496094
1426478400,52.57044982910156,63.73505401611328,43.53227615356445
1426564800,52.148704528808594,63.75979995727539,43.260196685791016
1426651200,53.38294982910156,65.94133758544922,44.3973388671875
1426737600,52.353363037109375,64.73625183105469,43.7834358215332
1426824000,52.433998107910156,66.14529418945312,44.5368766784668
1427083200,52.986019134521484,65.4593276977539,44.111305236816406
1427169600,52.421600341796875,64.39633178710938,43.636924743652344
1427256000,52.63246154785156,65.30481719970703,43.98573684692383
1427342400,52.29755401611328,65.04524993896484,44.118289947509766
1427428800,51.83858108520508,64.44577026367188,43.90201950073242
1427688000,53.11005783081055,66.06494140625,44.648494720458984
1427774400,52.71931457519531,64.87840270996094,43.434627532958984
1427860800,52.38438415527344,64.7609634399414,43.96481704711914
1427947200,52.2851448059082,65.06378173828125,44.07642364501953
1428292800,52.799930572509766,66.0772933959961,45.61821746826172
1428379200,53.184486389160156,67.07847595214844,45.89725875854492
1428465600,52.136287689208984,65.91664123535156,45.21356964111328
1428552000,52.502220153808594,66.09586334228516,46.74140167236328
1428638400,53.06661605834961,66.07112884521484,46.413490295410156
1428897600,52.93019485473633,65.81773376464844,46.28095626831055
1428984000,53.73027801513672,67.26390075683594,47.69017791748047
1429070400,54.62958908081055,68.2341537475586,48.41572189331055
1429156800,54.41250991821289,68.07965087890625,48.143611907958984
1429243200,53.91634750366211,67.43074035644531,47.22277069091797
1429502400,54.10861587524414,68.16000366210938,47.864566802978516
1429588800,53.885318756103516,67.81390380859375,47.452980041503906
1429675200,54.245059967041016,67.6717758178711,47.35530471801758
1429761600,54.2946662902832,67.96221923828125,47.62041473388672
1429848000,53.941165924072266,67.90042114257812,47.09718322753906
1430107200,53.965972900390625,67.79537963867188,46.783241271972656
1430193600,54.45594787597656,68.6729736328125,47.25764465332031
1430280000,54.49938201904297,69.04994201660156,47.48089599609375
1430366400,54.18924331665039,68.6358413696289,47.38322448730469
1430452800,55.10717010498047,67.38750457763672,47.0483512878418
1430712000,55.2684440612793,66.94251251220703,46.755332946777344
1430798400,54.95832443237305,66.74478149414062,46.88090896606445
1430884800,54.69783401489258,66.71385192871094,46.9018440246582
1430971200,54.331905364990234,66.47903442382812,46.4763069152832
1431057600,55.19401931762695,67.1464614868164,46.8599853515625
1431316800,54.26848602294922,66.34925079345703,45.541465759277344
1431403200,54.41855239868164,66.47283935546875,45.625179290771484
1431489600,54.13091278076172,66.55935668945312,45.61821746826172
1431576000,54.3873176574707,67.02287292480469,45.63913345336914
1431662400,54.624942779541016,67.42858123779297,45.87632751464844
1431921600,54.312259674072266,66.5672378540039,46.07166290283203
1432008000,54.399803161621094,65.54983520507812,45.42983627319336
1432094400,54.487369537353516,65.69339752197266,45.705013275146484
1432180800,54.53738021850586,65.84319305419922,46.269432067871094
1432267200,54.10588836669922,65.46871185302734,45.93782424926758
1432612800,53.37422561645508,64.47000885009766,45.04179000854492
1432699200,53.22412872314453,64.35767364501953,45.02769088745117
1432785600,53.22412872314453,64.43883514404297,45.05592346191406
1432872000,53.28041076660156,64.28900909423828,44.928916931152344
1433131200,53.23664093017578,64.05811309814453,44.879520416259766
1433217600,53.242897033691406,64.02688598632812,45.204071044921875
1433304000,53.12407302856445,63.77095413208008,45.01356887817383
1433390400,52.667579650878906,63.28409194946289,44.44914245605469
1433476800,52.70508575439453,63.408931732177734,44.477359771728516
1433736000,53.061553955078125,62.67868423461914,44.75251770019531
1433822400,52.892704010009766,62.67868423461914,44.49146270751953
1433908800,53.28666305541992,63.558753967285156,45.168800354003906
1433995200,53.21162796020508,63.115577697753906,45.17583465576172
1434081600,52.54251480102539,62.33539581298828,44.80896759033203
1434340800,52.354888916015625,61.97336196899414,44.6396369934082
1434427200,52.95523452758789,62.44149398803711,44.75251770019531
1434513600,52.98650360107422,62.26673126220703,44.51265335083008
1434600000,53.45552062988281,62.572566986083984,44.39975357055664
1434686400,53.28666305541992,62.08572769165039,43.99053955078125
1434945600,53.261661529541016,62.5975227355957,44.15280532836914
1435032000,53.19913101196289,62.47269821166992,44.56907272338867
1435118400,52.95523452758789,61.96086883544922,44.32919692993164
1435204800,52.486209869384766,61.38039779663086,43.89882278442383
1435291200,52.44245147705078,61.542694091796875,43.87058639526367
1435550400,51.79206466674805,60.35053634643555,43.045108795166016
1435636800,52.02971267700195,60.21324920654297,43.32731628417969
1435723200,51.51066207885742,59.976043701171875,42.35367965698242
1435809600,51.9921760559082,59.83873748779297,42.69940185546875
1436155200,51.610721588134766,59.15214157104492,41.66930389404297
1436241600,51.823341369628906,59.4642333984375,42.0855827331543
1436328000,51.26051330566406,58.396915435791016,41.1754264831543
1436414400,51.02913284301758,58.534210205078125,41.394142150878906
1436500800,51.416839599609375,58.92745590209961,41.71868896484375
1436760000,51.54191207885742,59.046024322509766,41.57758331298828
1436846400,51.97343444824219,59.63897705078125,42.00090789794922
1436932800,51.75455856323242,58.82134246826172,41.21776580810547
1437019200,51.84834671020508,58.97114562988281,40.88615036010742
1437105600,51.66074752807617,58.1409912109375,40.35699462890625
1437364800,51.12919235229492,58.00993347167969,39.912498474121094
1437451200,51.066654205322266,58.609107971191406,39.8560676574707
1437537600,51.147953033447266,58.36568832397461,39.39040756225586
1437624000,50.7414665222168,58.00993347167969,38.63963317871094
1437710400,49.99104309082031,56.54936599731445,37.2453498840332
1437969600,49.565792083740234,55.638084411621094,36.21571731567383
1438056000,51.579444885253906,57.672889709472656,37.35260009765625
1438142400,51.9921760559082,58.20340347290039,37.82450866699219
1438228800,51.910888671875,58.066097259521484,37.23106384277344
1438315200,49.53453063964844,55.22613525390625,35.994056701660156
1438574400,48.815364837646484,53.42854309082031,35.54359817504883
1438660800,48.25880813598633,53.18511199951172,35.65800476074219
1438747200,48.25880813598633,52.4485969543457,35.12175369262695
1438833600,48.83414077758789,53.172637939453125,35.95116424560547
1438920000,48.04619598388672,52.27384567260742,34.92153549194336
1439179200,49.24687576293945,53.609554290771484,35.89396286010742
1439265600,48.912322998046875,53.5408821105957,36.03696823120117
1439352000,49.732906341552734,54.171295166015625,36.852088928222656
1439438400,49.64453125,53.58458709716797,35.82246017456055
1439524800,49.46147537231445,53.67197036743164,35.58650207519531
1439784000,49.72028350830078,52.60383987426758,35.43634796142578
1439870400,49.17112731933594,52.7365608215332,35.40059280395508
1439956800,48.11701583862305,51.13753890991211,34.092105865478516
1440043200,47.06919479370117,50.08205032348633,33.60590362548828
1440129600,45.529052734375,47.88258743286133,32.4547233581543
1440388800,43.37663269042969,45.58200454711914,30.695764541625977
1440475200,43.37031936645508,44.25471878051758,30.166656494140625
1440561600,45.762596130371094,46.19505310058594,31.038976669311523
1440648000,47.24592971801758,49.070796966552734,32.79792022705078
1440734400,47.38480758666992,50.834163665771484,33.47719955444336
1440993600,47.49211120605469,51.18809509277344,35.1431884765625
1441080000,45.49749755859375,49.41843032836914,34.14216995239258
1441166400,46.223392486572266,49.336246490478516,34.45676040649414
1441252800,46.57685470581055,49.462650299072266,34.449623107910156
1441339200,45.73735046386719,48.457706451416016,33.74890899658203
1441684800,46.393802642822266,48.565162658691406,34.649810791015625
1441771200,45.446998596191406,47.35165786743164,34.21366882324219
1441857600,45.77521896362305,47.819374084472656,34.62837219238281
1441944000,45.882530212402344,47.90152359008789,33.863304138183594
1442203200,45.75629425048828,47.88888931274414,33.44145202636719
1442289600,45.989830017089844,48.773746490478516,33.80610275268555
1442376000,46.898780822753906,49.94300842285156,35.37199020385742
1442462400,46.9997673034668,50.18948745727539,35.843910217285156
1442548800,45.876216888427734,49.13398361206055,34.578330993652344
1442808000,46.324378967285156,49.355201721191406,34.857181549072266
1442894400,45.914093017578125,48.82429504394531,34.76423645019531
1442980800,45.63636016845703,48.1101188659668,34.2208137512207
1443067200,45.907772064208984,48.59678649902344,34.1493034362793
1443153600,46.223392486572266,49.10872268676758,33.741737365722656
1443412800,45.825714111328125,47.88888931274414,32.78363037109375
1443499200,46.059261322021484,48.19227981567383,33.29844284057617
1443585600,46.930320739746094,49.85451126098633,34.29231262207031
1443672000,46.74727249145508,49.513214111328125,34.43531799316406
1443758400,47.89607620239258,51.54203796386719,36.60183334350586
1444017600,48.48310089111328,53.109458923339844,37.88170623779297
1444104000,49.16480255126953,54.980262756347656,39.42615509033203
1444190400,49.99168014526367,55.694461822509766,39.51911544799805
1444276800,50.51559066772461,56.8258171081543,40.241268157958984
1444363200,50.029563903808594,56.610931396484375,40.11256790161133
1444622400,50.0548210144043,56.0863151550293,39.51911544799805
1444708800,49.966434478759766,55.85879135131836,39.354652404785156
1444795200,50.597652435302734,56.73099136352539,39.65495681762695
1444881600,51.43086242675781,57.33774948120117,40.0245475769043
1444968000,52.06205749511719,57.697998046875,40.0245475769043
1445227200,51.12155532836914,56.90163803100586,38.908531188964844
1445313600,51.02054977416992,56.87635040283203,38.79983139038086
1445400000,50.629215240478516,56.459224700927734,38.386756896972656
1445486400,52.32083511352539,57.906578063964844,39.55351257324219
1445572800,52.37767791748047,57.66639709472656,39.57524490356445
1445832000,51.266746520996094,56.105281829833984,38.372257232666016
1445918400,51.18467712402344,55.429019927978516,37.459144592285156
1446004800,51.935813903808594,56.74995040893555,38.65489196777344
1446091200,51.90424346923828,56.81319046020508,38.857791900634766
1446177600,52.226165771484375,57.43886947631836,38.662132263183594
1446440400,53.82943344116211,60.01755142211914,39.81438446044922
1446526800,54.8204345703125,62.02740478515625,41.1115837097168
1446613200,54.271278381347656,61.16153335571289,40.82896041870117
1446699600,53.53276443481445,59.7584228515625,40.78547668457031
1446786000,53.31817626953125,59.42975616455078,40.4158821105957
1447045200,52.178443908691406,58.348995208740234,39.596988677978516
1447131600,52.433128356933594,58.92412567138672,39.60424041748047
1447218000,51.968318939208984,58.266849517822266,38.72736358642578
1447304400,50.56121063232422,56.79420852661133,37.66204833984375
1447390800,49.72711181640625,56.048397064208984,37.56061553955078
1447650000,51.50991439819336,58.50503158569336,39.40132141113281
1447736400,50.91139221191406,58.236328125,39.06071853637695
1447822800,51.408016204833984,58.99125289916992,39.481040954589844
1447909200,51.12788391113281,58.108402252197266,38.814327239990234
1447995600,50.80314254760742,56.94404220581055,38.357765197753906
1448254800,51.115150451660156,57.583797454833984,38.61140441894531
1448341200,52.13386917114258,58.441062927246094,40.089786529541016
1448427600,51.73276901245117,58.134010314941406,39.40856170654297
1448600400,51.72002029418945,57.81410217285156,38.756343841552734
1448859600,51.993804931640625,58.421852111816406,39.16941833496094
1448946000,52.14023971557617,59.16398239135742,39.57524490356445
1449032400,50.65033721923828,57.73736572265625,38.08238983154297
1449118800,49.92448806762695,56.841697692871094,37.40117645263672
1449205200,50.21100616455078,57.391876220703125,37.09680938720703
1449464400,48.899383544921875,55.837284088134766,35.502506256103516
1449550800,47.51771926879883,55.299896240234375,35.002464294433594
1449637200,48.154422760009766,56.04201889038086,35.12565612792969
1449723600,48.1926383972168,57.12957763671875,35.66917037963867
1449810000,47.333072662353516,55.299896240234375,34.8792610168457
1450069200,48.40913009643555,57.14875030517578,35.893836975097656
1450155600,50.573936462402344,59.3431282043457,36.640254974365234
1450242000,50.39565658569336,59.77814483642578,35.76337432861328
1450328400,49.637969970703125,57.92286682128906,34.26327896118164
1450414800,49.20500564575195,57.45585632324219,33.284942626953125
1450674000,49.192283630371094,57.091190338134766,32.683448791503906
1450760400,49.440582275390625,57.75012969970703,33.538578033447266
1450846800,51.0578498840332,60.01485061645508,35.531497955322266
1450933200,50.510276794433594,58.888877868652344,35.212615966796875
1451278800,50.13460159301758,57.807716369628906,34.198055267333984
1451365200,50.40201950073242,58.37709426879883,34.61836624145508
1451451600,49.73348617553711,57.63498306274414,33.77048873901367
1451538000,49.63161087036133,57.55181884765625,33.83571243286133
1451883600,49.319618225097656,56.841697692871094,33.97340774536133
1451970000,49.73984909057617,57.32790756225586,34.35023880004883
1452056400,49.32598876953125,55.063194274902344,32.864627838134766
1452142800,48.536476135253906,53.1119499206543,31.92978286743164
1452229200,47.55592346191406,52.542572021484375,31.371768951416016
1452488400,46.919212341308594,51.672508239746094,29.7991943359375
1452574800,47.88064193725586,52.55536651611328,29.16870880126953
1452661200,48.167171478271484,52.03078079223633,28.262861251831055
1452747600,50.37657928466797,54.67933654785156,29.893407821655273
1452834000,49.396034240722656,53.52779006958008,28.52374267578125
1453179600,48.64470291137695,52.145931243896484,26.378673553466797
1453266000,46.5944938659668,50.52737808227539,25.182931900024414
1453352400,47.180267333984375,51.851654052734375,26.748252868652344
1453438800,48.75294876098633,53.44464111328125,27.29901695251465
1453698000,47.103851318359375,51.749298095703125,24.784358978271484
1453784400,48.83570861816406,53.81568145751953,25.617748260498047
1453870800,47.937957763671875,53.28468322753906,26.24097442626953
1453957200,49.020355224609375,54.96722412109375,27.55265998840332
1454043600,49.56793212890625,55.31908416748047,28.32084083557129
1454302800,48.57466506958008,54.564186096191406,27.972984313964844
1454389200,47.492244720458984,51.97319030761719,26.516359329223633
1454475600,49.96906280517578,54.135555267333984,27.994728088378906
1454562000,50.82862091064453,54.244300842285156,25.595996856689453
1454648400,50.98779296875,53.02238845825195,23.84225845336914
1454907600,51.67546844482422,55.01200485229492,24.951026916503906
1454994000,51.4505729675293,53.04798126220703,24.335044860839844
1455080400,50.9815559387207,53.124732971191406,23.436429977416992
1455166800,51.142181396484375,53.0927734375,23.283058166503906
1455253200,52.060943603515625,54.65374755859375,24.02800178527832
1455598800,52.183013916015625,54.9453010559082,23.925752639770508
1455685200,52.68415069580078,57.21280288696289,24.76563262939453
1455771600,52.9732780456543,56.18919372558594,24.612268447875977
1455858000,53.00538635253906,56.04019546508789,24.006093978881836
1456117200,52.934730529785156,57.5432243347168,25.16001319885254
1456203600,52.189453125,55.01008605957031,24.0426082611084
1456290000,52.3757438659668,55.24330520629883,24.07181739807129
1456376400,52.69060134887695,55.26274871826172,24.144853591918945
1456462800,52.523529052734375,54.64728546142578,24.91901206970215
1456722000,51.49555206298828,54.05772399902344,24.707212448120117
1456808400,52.2215576171875,55.80045700073242,25.167320251464844
1456894800,53.1338996887207,56.454811096191406,26.64990234375
1456981200,52.941158294677734,56.70747756958008,28.161691665649414
1457067600,52.8704719543457,56.96663284301758,30.031354904174805
1457326800,54.264686584472656,58.74175262451172,30.235841751098633
1457413200,53.08891677856445,57.49137496948242,28.20551109313965
1457499600,52.941158294677734,60.13467788696289,28.51955223083496
1457586000,52.79978561401367,60.86029052734375,28.504947662353516
1457672400,52.80622863769531,61.2749137878418,29.59315299987793
1457928000,52.94755935668945,61.06760787963867,29.220672607421875
1458014400,53.211002349853516,61.07408142089844,29.089216232299805
1458100800,53.24311828613281,61.80616760253906,30.579097747802734
1458187200,54.03339385986328,62.77147674560547,31.41169548034668
1458273600,54.097633361816406,63.289756774902344,31.41898536682129
1458532800,53.72500228881836,62.47993850708008,31.09764289855957
1458619200,54.04621887207031,61.870967864990234,30.615615844726562
1458705600,53.808502197265625,60.63352966308594,29.10382080078125
1458792000,53.95629119873047,61.449825286865234,29.242597579956055
1459137600,54.1104850769043,61.339683532714844,28.979665756225586
1459224000,54.309635162353516,61.75431442260742,28.935850143432617
1459310400,54.3032341003418,61.708984375,29.271808624267578
1459396800,53.70569610595703,61.80616760253906,29.410566329956055
1459483200,53.30094528198242,61.06760787963867,29.052701950073242
1459742400,53.429443359375,60.52985382080078,28.556068420410156
1459828800,52.81908416748047,60.03749465942383,28.51226043701172
1459915200,53.525814056396484,61.443336486816406,29.761125564575195
1460001600,52.921875,61.41094970703125,29.43977928161621
1460088000,53.4615592956543,62.40869140625,30.1116943359375
1460347200,53.53223419189453,61.70249557495117,30.082473754882812
1460433600,54.19400405883789,63.17314147949219,31.747631072998047
1460520000,54.502410888671875,63.231475830078125,31.82796859741211
1460606400,54.887916564941406,63.47765350341797,32.295387268066406
1460692800,54.59233856201172,62.99176025390625,31.915613174438477
1460952000,55.112754821777344,63.94409942626953,32.86503601074219
1461038400,55.3890266418457,65.11026000976562,34.369529724121094
1461124800,55.768104553222656,65.8812255859375,34.38414764404297
1461211200,55.76166915893555,65.69332122802734,33.76335525512695
1461297600,56.23713302612305,66.08853912353516,34.77852249145508
1461556800,56.10862731933594,65.76460266113281,33.792564392089844
1461643200,56.30137634277344,66.26993560791016,35.1144905090332
1461729600,56.83462142944336,67.28060913085938,35.13639831542969
1461816000,56.55836486816406,66.3412094116211,34.815032958984375
1461902400,56.79609298706055,66.19865417480469,34.902679443359375
1462161600,57.26509475708008,66.9307632446289,34.216156005859375
1462248000,56.60978317260742,65.64151763916016,32.92346954345703
1462334400,56.50054168701172,65.16854858398438,31.70381736755371
1462420800,56.56480407714844,65.70631408691406,31.557750701904297
1462507200,56.86676788330078,65.99136352539062,31.229082107543945
1462766400,56.905330657958984,65.01309204101562,30.418424606323242
1462852800,57.8176383972168,65.609130859375,31.309431076049805
1462939200,57.53905487060547,65.52488708496094,31.90101432800293
1463025600,58.09623718261719,66.15980529785156,31.93751335144043
1463112000,57.44189453125,65.2657241821289,31.41898536682129
1463371200,58.03144836425781,66.26993560791016,32.19313430786133
1463457600,58.005516052246094,65.96222686767578,31.974035263061523
1463544000,57.888916015625,65.51048278808594,31.83446502685547
1463630400,58.38132095336914,65.37297821044922,31.849164962768555
1463716800,58.1415901184082,65.33370208740234,32.01075744628906
1463976000,58.0508918762207,65.06527709960938,32.01811218261719
1464062400,58.09623718261719,65.59558868408203,31.92262077331543
1464148800,58.478492736816406,66.6300277709961,32.9803352355957
1464235200,58.180484771728516,66.45326232910156,32.855464935302734
1464321600,58.316532135009766,66.79371643066406,32.56167221069336
1464667200,57.67510223388672,66.12589263916016,32.16501235961914
1464753600,57.8176383972168,66.21102905273438,32.363338470458984
1464840000,57.35763931274414,65.81819915771484,32.5984001159668
1464926400,57.25397872924805,65.9033203125,32.45146942138672
1465185600,57.88243865966797,66.23721313476562,33.435752868652344
1465272000,58.77005386352539,67.64482879638672,34.91949462890625
1465358400,58.82188034057617,67.49425506591797,34.88276672363281
1465444800,58.744144439697266,67.31092071533203,34.207008361816406
1465531200,58.29709243774414,66.76753997802734,32.69386672973633
1465790400,58.69229507446289,66.8460693359375,32.231117248535156
1465876800,58.588619232177734,66.30921936035156,32.5543098449707
1465963200,58.4137077331543,65.8836441040039,32.10624694824219
1466049600,59.10048294067383,66.1717300415039,31.702251434326172
1466136000,58.77654266357422,66.49909973144531,32.4294548034668
1466395200,59.035682678222656,67.17999267578125,32.82608413696289
1466481600,59.301326751708984,67.59243774414062,32.906883239746094
1466568000,59.06806945800781,66.97047424316406,32.311927795410156
1466654400,59.47624969482422,68.37810516357422,33.516544342041016
1466740800,57.91483688354492,66.71514892578125,31.709606170654297
1467000000,57.57145690917969,65.7068862915039,29.954086303710938
1467086400,58.899620056152344,66.53837585449219,30.813480377197266
1467172800,59.903846740722656,67.7103271484375,32.25314712524414
1467259200,60.733154296875,68.63346862792969,32.02544403076172
1467345600,60.79793167114258,68.18824005126953,31.95934295654297
1467691200,60.26668930053711,67.80852508544922,30.629850387573242
1467777600,60.959922790527344,68.46976470947266,30.776762008666992
1467864000,60.22780227661133,67.46805572509766,30.49028968811035
1467950400,60.603580474853516,68.59414672851562,31.0705623626709
1468209600,60.83033752441406,69.0000991821289,31.180742263793945
1468296000,61.5170783996582,69.9101333618164,32.17234802246094
1468382400,61.47174072265625,69.82501983642578,31.48923683166504
1468468800,61.5170783996582,69.8577651977539,31.59942626953125
1468555200,61.62723922729492,70.07381439208984,31.540666580200195
1468814400,61.4328727722168,69.45838928222656,31.37171173095703
1468900800,61.206111907958984,69.42564392089844,30.78410530090332
1468987200,60.85625076293945,69.13103485107422,30.87224769592285
1469073600,60.8044319152832,69.0000991821289,30.3254451751709
1469160000,60.908084869384766,69.1768569946289,30.118553161621094
1469419200,59.735416412353516,67.48115539550781,29.73430061340332
1469505600,59.301326751708984,67.225830078125,30.140714645385742
1469592000,58.899620056152344,66.95085144042969,29.608673095703125
1469678400,58.43962097167969,66.64311218261719,29.74907875061035
1469764800,57.629756927490234,67.09486389160156,30.162879943847656
1470024000,55.627777099609375,64.88848876953125,29.268789291381836
1470110400,56.39232635498047,65.20274353027344,29.401782989501953
1470196800,56.68382263183594,65.87057495117188,29.786029815673828
1470283200,56.6773567199707,65.72652435302734,29.630855560302734
1470369600,56.729209899902344,65.80509948730469,30.000316619873047
1470628800,57.39653015136719,66.2568359375,30.70968246459961
1470715200,57.467796325683594,66.33540344238281,30.473230361938477
1470801600,56.46151351928711,65.56285858154297,30.000316619873047
1470888000,56.664093017578125,66.38777160644531,30.584068298339844
1470974400,57.40244674682617,66.88539123535156,30.569292068481445
1471233600,57.37632369995117,67.28472900390625,31.167821884155273
1471320000,57.44818115234375,67.1865463256836,31.670284271240234
1471406400,57.572357177734375,67.62982177734375,31.9215145111084
1471492800,58.09507369995117,68.50977325439453,32.20970153808594
1471579200,57.36977767944336,67.69598388671875,32.01018524169922
1471838400,57.49393081665039,67.4445571899414,31.500337600708008
1471924800,57.317501068115234,67.27255249023438,31.936294555664062
1472011200,57.51352310180664,67.61656951904297,31.744165420532227
1472097600,57.14759826660156,67.41148376464844,31.611160278320312
1472184000,57.023475646972656,67.03435516357422,31.256486892700195
1472443200,57.395904541015625,67.517333984375,31.293432235717773
1472529600,57.18681716918945,67.2857666015625,31.204761505126953
1472616000,56.938507080078125,66.5447769165039,30.33283233642578
1472702400,56.74250030517578,66.30000305175781,30.000316619873047
1472788800,57.12147903442383,66.77635955810547,30.236774444580078
1473134400,57.87290573120117,67.76875305175781,30.29588508605957
1473220800,57.65726852416992,68.06649017333984,30.650569915771484
1473307200,58.18656921386719,68.88690185546875,31.98062515258789
1473393600,56.74250030517578,67.00128936767578,31.21954345703125
1473652800,57.03654479980469,67.64965057373047,31.529891967773438
1473739200,55.67744064331055,65.783935546875,30.303279876708984
1473825600,55.27885818481445,65.11568450927734,29.54957389831543
1473912000,55.592498779296875,65.8302230834961,29.579126358032227
1473998400,54.906410217285156,64.73193359375,29.46090316772461
1474257600,54.77571487426758,64.86428833007812,29.024925231933594
1474344000,53.93281555175781,64.63932800292969,28.825420379638672
1474430400,54.429412841796875,65.91625213623047,29.601293563842773
1474516800,54.58623504638672,66.1478271484375,30.310667037963867
1474603200,54.52742004394531,65.64498901367188,29.512622833251953
1474862400,54.27259063720703,65.35388946533203,29.57173728942871
1474948800,54.39019012451172,65.48621368408203,29.135761260986328
1475035200,56.781681060791016,67.58350372314453,31.167821884155273
1475121600,56.494205474853516,67.00128936767578,32.26142501831055
1475208000,57.030006408691406,68.09294128417969,32.12102508544922
1475467200,56.87969970703125,67.781982421875,32.091461181640625
1475553600,56.35697937011719,67.00128936767578,31.677661895751953
1475640000,56.84702682495117,67.63644409179688,32.44614791870117
1475726400,56.873207092285156,67.60331726074219,32.89691162109375
1475812800,56.67716979980469,67.66289520263672,32.67522048950195
1476072000,57.7879638671875,68.79424285888672,32.80084228515625
1476158400,57.33058166503906,68.17233276367188,32.017581939697266
1476244800,56.932003021240234,67.58350372314453,32.12102508544922
1476331200,56.559539794921875,66.68372344970703,31.325803756713867
1476417600,56.54646682739258,66.87555694580078,30.969066619873047
1476676800,56.54646682739258,67.06082916259766,30.545442581176758
1476763200,56.69675827026367,67.3453140258789,30.211017608642578
1476849600,56.958126068115234,67.66289520263672,31.006229400634766
1476936000,56.984249114990234,67.39824676513672,30.835298538208008
1477022400,56.598751068115234,67.02113342285156,30.87245750427246
1477281600,56.78824996948242,66.59769439697266,31.392702102661133
1477368000,56.664093017578125,66.67044830322266,31.073118209838867
1477454400,56.90583419799805,66.9483413696289,31.06568717956543
1477540800,56.79478454589844,66.10812377929688,32.700721740722656
1477627200,55.39647674560547,68.68839263916016,33.42161560058594
1477886400,54.442474365234375,69.3036880493164,32.291954040527344
1477972800,54.65810775756836,70.44828796386719,32.35885238647461
1478059200,54.52742004394531,69.72712707519531,32.12845993041992
1478145600,54.66466522216797,69.72712707519531,32.40343475341797
1478232000,54.605838775634766,69.32354736328125,31.779136657714844
1478494800,55.834232330322266,70.69307708740234,32.64126968383789
1478581200,56.23637008666992,70.98419189453125,32.94598388671875
1478667600,56.85600662231445,71.21573638916016,33.986446380615234
1478754000,57.38336181640625,71.31498718261719,33.280426025390625
1478840400,56.473690032958984,70.55415344238281,32.6561164855957
1479099600,56.216590881347656,70.52104187011719,32.79733657836914
1479186000,57.23176956176758,72.08906555175781,33.652015686035156
1479272400,56.52641677856445,72.40315246582031,32.9831428527832
1479358800,56.18363571166992,72.24945068359375,32.41086959838867
1479445200,56.216590881347656,72.97113037109375,33.26553726196289
1479704400,57.01424026489258,73.62600708007812,34.45465850830078
1479790800,57.13944625854492,73.92002868652344,34.23915100097656
1479877200,57.29767990112305,74.1739501953125,34.41008377075195
1480050000,57.429500579833984,74.1739501953125,34.00131607055664
1480309200,57.00105285644531,73.83985900878906,33.81550979614258
1480395600,56.625301361083984,73.064697265625,32.87165451049805
1480482000,57.548179626464844,74.54816436767578,36.05998611450195
1480568400,57.508602142333984,75.70421600341797,35.83700942993164
1480654800,57.376792907714844,75.51043701171875,35.7627067565918
1480914000,57.666831970214844,75.67749786376953,36.3275260925293
1481000400,57.71958541870117,75.35005187988281,37.085601806640625
1481086800,58.05577087402344,76.47266387939453,37.085601806640625
1481173200,58.220558166503906,76.96050262451172,36.996395111083984
1481259600,58.66881561279297,77.38819122314453,37.73217010498047
1481518800,59.97403335571289,78.28360748291016,38.185523986816406
1481605200,61.02876663208008,78.46401977539062,39.121952056884766
1481691600,59.71034240722656,77.4883804321289,38.26728057861328
1481778000,59.91469192504883,78.21678924560547,38.453067779541016
1481864400,60.105857849121094,78.9050521850586,38.60171127319336
1482123600,59.60487365722656,78.61770629882812,38.6314582824707
1482210000,59.61145782470703,78.81819152832031,38.31185531616211
1482296400,59.5125846862793,78.79145812988281,38.25983810424805
1482382800,59.901527404785156,79.36614227294922,38.304443359375
1482469200,59.79604721069336,79.13225555419922,38.1780891418457
1482814800,59.82241439819336,78.99859619140625,38.349021911621094
1482901200,59.52577209472656,78.79145812988281,37.73217010498047
1482987600,59.55873107910156,78.7313232421875,37.56123352050781
1483074000,59.49941635131836,78.65110778808594,37.26395797729492
1483419600,59.91469192504883,78.7513656616211,37.6132698059082
1483506000,59.2554931640625,78.7313232421875,37.962554931640625
1483592400,58.37218475341797,78.3905258178711,37.85108184814453
1483678800,58.33921813964844,78.07645416259766,37.709869384765625
1483938000,57.376792907714844,77.408203125,36.90721893310547
1484024400,56.645057678222656,76.82015991210938,36.90721893310547
1484110800,57.22517395019531,77.46834564208984,38.06661605834961
1484197200,56.915340423583984,77.6220703125,37.271385192871094
1484283600,56.92192459106445,77.76905822753906,37.598392486572266
1484629200,57.58772277832031,77.70222473144531,37.271385192871094
1484715600,56.87578582763672,77.47505187988281,37.360572814941406
1484802000,55.85403823852539,77.2344741821289,37.05586242675781
1484888400,56.61870193481445,77.24784851074219,37.702457427978516
1485147600,56.012237548828125,77.10749053955078,37.11531066894531
1485234000,56.091346740722656,77.76237487792969,37.360572814941406
1485320400,56.25615310668945,78.34375762939453,37.6727180480957
1485406800,56.42753982543945,77.88267517089844,37.62812805175781
1485493200,56.36820602416992,76.038330078125,36.736289978027344
1485752400,55.93971633911133,74.72189331054688,35.28704833984375
1485838800,55.30030822753906,74.40784454345703,36.23835372924805
1485925200,54.67403793334961,74.1739501953125,36.04511260986328
1486011600,55.010257720947266,74.98252868652344,36.186336517333984
1486098000,55.069583892822266,75.89132690429688,37.479488372802734
1486357200,54.91794967651367,75.49706268310547,37.2267951965332
1486443600,54.56199645996094,74.43457794189453,36.72885513305664
1486530000,54.20278549194336,74.56153106689453,36.86262893676758
1486616400,54.442237854003906,75.01592254638672,37.01871109008789
1486702800,54.89461898803711,75.54383850097656,37.46327209472656
1486962000,55.21390914916992,76.11851501464844,37.13450622558594
1487048400,55.09418487548828,75.90937805175781,37.46327209472656
1487134800,55.32036209106445,75.94313049316406,36.88047409057617
1487221200,54.74826431274414,74.66807556152344,36.118350982666016
1487307600,54.389041900634766,74.43196105957031,35.498199462890625
1487653200,54.47551345825195,75.36967468261719,35.96145248413086
1487739600,53.83687973022461,74.46568298339844,35.191871643066406
1487826000,54.40234375,74.89741516113281,35.34129333496094
1487912400,53.93667984008789,74.290283203125,35.147037506103516
1488171600,54.24269485473633,75.38992309570312,35.38612365722656
1488258000,54.09634017944336,75.89588165283203,35.54302215576172
1488344400,55.22722244262695,76.82688903808594,36.64884948730469
1488430800,55.413490295410156,76.47607421875,36.02122116088867
1488517200,54.85470199584961,76.60427856445312,35.72984313964844
1488776400,55.10083770751953,76.347900390625,36.1034049987793
1488862800,54.89461898803711,75.4303970336914,35.65510940551758
1488949200,53.90342330932617,73.94620513916016,34.302734375
1489035600,54.329166412353516,74.2363052368164,34.72861862182617
1489122000,54.28926086425781,74.62084197998047,34.1234130859375
1489377600,54.16285705566406,73.77080535888672,34.25041961669922
1489464000,53.876800537109375,72.42829895019531,33.57797622680664
1489550400,54.54871368408203,73.45372009277344,34.25041961669922
1489636800,54.595252990722656,72.765625,34.25041961669922
1489723200,54.54871368408203,72.64419555664062,34.13834762573242
1489982400,54.54871368408203,72.63069152832031,34.265377044677734
1490068800,54.435611724853516,72.88705444335938,33.75728988647461
1490155200,54.389041900634766,73.12316131591797,33.36130142211914
1490241600,54.4555549621582,72.7723617553711,33.234256744384766
1490328000,54.036476135253906,72.85330200195312,32.950347900390625
1490587200,54.04978942871094,71.69970703125,33.092323303222656
1490673600,54.442237854003906,72.30013275146484,33.9067268371582
1490760000,54.56199645996094,72.90727996826172,34.33261489868164
1490846400,55.67957305908203,72.7116470336914,37.358665466308594
1490932800,54.555355072021484,72.43504333496094,37.26153564453125
1491192000,54.595252990722656,72.7251205444336,36.94771194458008
1491278400,54.79483413696289,73.30531311035156,37.15692901611328
1491364800,54.90127182006836,73.29181671142578,36.69367980957031
1491451200,55.22059631347656,73.73035430908203,37.216712951660156
1491537600,55.05426788330078,73.44023895263672,37.01495361328125
1491796800,55.3004150390625,73.82479095458984,37.470733642578125
1491883200,55.107486724853516,73.51444244384766,37.470733642578125
1491969600,55.193965911865234,73.51444244384766,36.94025421142578
1492056000,54.34247589111328,71.5782699584961,36.32756805419922
1492401600,54.2692985534668,71.62547302246094,36.57414245605469
1492488000,53.916725158691406,71.29490661621094,36.379878997802734
1492574400,53.544193267822266,70.31671905517578,35.86431884765625
1492660800,53.8901252746582,70.75521087646484,35.82695770263672
1492747200,53.67723846435547,70.76195526123047,35.67005157470703
1493006400,53.956626892089844,71.46358489990234,35.797080993652344
1493092800,54.36907958984375,72.00328826904297,36.45458221435547
1493179200,54.149574279785156,71.56476593017578,36.118350982666016
1493265600,54.05643844604492,71.15322875976562,35.75971984863281
1493352000,54.31587600708008,71.98304748535156,35.797080993652344
1493611200,54.588600158691406,71.45684814453125,35.47578811645508
1493697600,54.58196258544922,71.07903289794922,34.89300537109375
1493784000,55.014373779296875,71.99654388427734,35.17692184448242
1493870400,54.30921936035156,70.70797729492188,34.31019973754883
1493956800,54.56199645996094,71.36912536621094,34.94529342651367
1494216000,55.140724182128906,71.96953582763672,35.21428298950195
1494302400,54.754913330078125,70.89014434814453,34.57170486450195
1494388800,55.00336837768555,71.8481216430664,35.572914123535156
1494475200,55.47344207763672,71.65247344970703,35.6292724609375
1494561600,55.433143615722656,71.48381042480469,35.29115676879883
1494820800,55.601036071777344,72.08423614501953,35.644287109375
1494907200,55.433143615722656,72.35408782958984,35.41139602661133
1494993600,55.05710220336914,71.35227966308594,34.87040328979492
1495080000,54.89591979980469,71.67257690429688,34.87791442871094
1495166400,55.016788482666016,72.59261322021484,35.674354553222656
1495425600,55.2585334777832,72.32002258300781,35.26112365722656
1495512000,55.45329284667969,72.4222183227539,35.13337707519531
1495598400,55.2585334777832,72.38816833496094,35.06576156616211
1495684800,54.89591979980469,71.63169860839844,33.84856414794922
1495771200,54.76163101196289,71.36593627929688,34.0739631652832
1496116800,54.45942687988281,70.91612243652344,33.65321731567383
1496203200,54.05654525756836,70.52085876464844,33.578067779541016
1496289600,54.190860748291016,71.05924987792969,33.70580291748047
1496376000,53.38504409790039,70.26870727539062,33.25497817993164
1496635200,53.80137634277344,70.3232421875,33.07466506958008
1496721600,54.5333137512207,70.9910888671875,33.420284271240234
1496808000,54.33187484741211,70.718505859375,32.729042053222656
1496894400,54.13712692260742,70.875244140625,32.36088180541992
1496980800,55.15110778808594,72.5108413696289,33.675758361816406
1497240000,55.688316345214844,73.62847137451172,34.35197448730469
1497326400,55.708473205566406,73.68980407714844,34.885433197021484
1497412800,55.11080551147461,72.64712524414062,34.126564025878906
1497499200,55.2384033203125,72.4631118774414,34.1040153503418
1497585600,56.064353942871094,73.83972930908203,34.9605712890625
1497844800,55.574153900146484,73.23320770263672,34.832847595214844
1497931200,55.2719841003418,72.56536102294922,34.42709732055664
1498017600,54.68775939941406,71.20915222167969,33.773433685302734
1498104000,54.44601058959961,71.18190002441406,33.66822814941406
1498190400,54.801918029785156,71.55672454833984,33.68326187133789
1498449600,54.553466796875,70.97064208984375,33.23244857788086
1498536000,54.466156005859375,70.92293548583984,33.03709411621094
1498622400,54.748226165771484,71.0660629272461,33.029598236083984
1498708800,54.190860748291016,70.95703125,33.1197395324707
1498795200,54.21099090576172,71.10012817382812,33.029598236083984
1499054400,55.13096237182617,72.44267272949219,34.3068962097168
1499227200,54.29158020019531,71.2977523803711,33.17985916137695
1499313600,53.80137634277344,70.75257873535156,32.54121017456055
1499400000,53.86852264404297,70.52767944335938,32.30828857421875
1499659200,53.82823944091797,70.22102355957031,32.488609313964844
1499745600,54.123695373535156,70.27552032470703,32.57125473022461
1499832000,54.36543273925781,70.8002700805664,32.488609313964844
1499918400,54.37215805053711,70.96385192871094,32.49612045288086
1500004800,54.580318450927734,71.17510986328125,32.64640808105469
1500264000,54.298282623291016,71.01837921142578,32.451045989990234
1500350400,54.123695373535156,70.68445587158203,32.36088180541992
1500436800,54.29158020019531,71.18872833251953,32.804176330566406
1500523200,54.298282623291016,71.3045883178711,32.679447174072266
1500609600,53.80137634277344,70.36412811279297,32.24099349975586
1500868800,53.63350296020508,70.33004760742188,32.21076202392578
1500955200,53.90209197998047,71.14104461669922,32.9969367980957
1501041600,53.969242095947266,71.63849639892578,33.03474044799805
1501128000,54.278141021728516,72.31317901611328,33.76044845581055
1501214400,53.45219802856445,73.68299102783203,34.21400833129883
1501473600,53.747650146484375,74.41218566894531,34.29716491699219
1501560000,53.83494567871094,75.49574279785156,33.828487396240234
1501646400,54.123695373535156,75.2776870727539,34.47859573364258
1501732800,54.049835205078125,74.57575988769531,33.94942855834961
1501819200,53.86180114746094,75.0391616821289,34.4407844543457
1502078400,53.82823944091797,74.81427764892578,34.145965576171875
1502164800,53.693931579589844,75.20270538330078,34.49371337890625
1502251200,53.86180114746094,75.57071685791016,34.50883102416992
1502337600,53.543148040771484,75.0391616821289,33.99479293823242
1502424000,53.02785110473633,74.439453125,33.858726501464844
1502683200,53.04140853881836,74.08506774902344,33.669734954833984
1502769600,52.912567138671875,73.98965454101562,33.63949203491211
1502856000,52.5261116027832,73.542236328125,33.02717590332031
1502942400,51.705718994140625,72.90899658203125,32.505584716796875
1503028800,51.9633674621582,73.29444885253906,32.58872985839844
1503288000,51.78706359863281,72.81260681152344,32.12760925292969
1503374400,52.03115463256836,73.21183013916016,32.64921569824219
1503460800,51.94300842285156,73.38390350341797,33.02717590332031
1503547200,51.753173828125,73.95524597167969,32.73235321044922
1503633600,52.01759719848633,74.49903869628906,32.94402313232422
1503892800,51.84810256958008,74.17550659179688,32.54337692260742
1503979200,51.834537506103516,74.24434661865234,32.392173767089844
1504065600,51.59722900390625,74.15487670898438,32.815521240234375
1504152000,51.753173828125,74.07918548583984,33.00449752807617
1504238400,51.9158935546875,74.8638687133789,33.442955017089844
1504584000,52.32948684692383,75.33194732666016,33.556339263916016
1504670400,53.4143180847168,76.94954681396484,34.06283187866211
1504756800,53.58380126953125,76.95640563964844,34.100624084472656
1504843200,53.44143295288086,76.2542953491211,33.61681365966797
1505102400,53.73299789428711,77.4520263671875,33.96456527709961
1505188800,53.90248107910156,77.43135070800781,33.96456527709961
1505275200,54.08555221557617,78.59468841552734,34.4407844543457
1505361600,54.30251693725586,78.7804946899414,34.64491271972656
1505448000,54.28895568847656,78.9044189453125,35.158935546875
1505707200,54.30251693725586,79.28988647460938,35.597389221191406
1505793600,54.39066696166992,80.08147430419922,35.94511032104492
1505880000,54.61442947387695,80.10214233398438,36.534759521484375
1505966400,54.16692352294922,80.17095947265625,36.8068962097168
1506052800,54.187259674072266,80.73539733886719,37.10171890258789
1506312000,54.90596008300781,81.21722412109375,37.782073974609375
1506398400,54.844932556152344,80.89370727539062,37.5477294921875
1506484800,55.211055755615234,80.84552001953125,37.963497161865234
1506571200,55.72636795043945,80.96257019042969,37.79718780517578
1506657600,55.58396530151367,80.87995147705078,37.8349723815918
1506916800,55.34667205810547,80.83177947998047,38.031517028808594
1507003200,55.43480682373047,81.10021209716797,37.222660064697266
1507089600,55.45513916015625,80.93502044677734,37.27558517456055
1507176000,55.61109161376953,81.62334442138672,37.570396423339844
1507262400,55.400909423828125,80.55643463134766,36.93540573120117
1507521600,55.61788558959961,81.02449035644531,36.97320556640625
1507608000,55.773834228515625,81.77478790283203,37.184879302978516
1507694400,56.00435256958008,82.13961029052734,37.494815826416016
1507780800,55.889076232910156,82.00881958007812,37.653564453125
1507867200,55.87552261352539,82.02259826660156,37.543357849121094
1508126400,56.14672088623047,82.69029235839844,37.786556243896484
1508212800,56.24843978881836,82.7522201538086,37.786556243896484
1508299200,56.11282730102539,81.32737731933594,37.77895736694336
1508385600,56.09926986694336,81.36177062988281,37.77895736694336
1508472000,56.35013198852539,81.6646728515625,38.1893310546875
1508731200,56.43828201293945,81.8642807006836,38.19694519042969
1508817600,56.59421920776367,82.07077026367188,38.75173568725586
1508904000,56.390804290771484,81.5269775390625,37.96894836425781
1508990400,56.59421920776367,81.5269775390625,39.10893630981445
1509076800,56.75695037841797,78.15413665771484,38.9189338684082
1509336000,56.64168930053711,78.73921203613281,39.05573272705078
1509422400,56.51285171508789,79.77169799804688,38.873329162597656
1509508800,56.865440368652344,79.77860260009766,39.59531784057617
1509595200,56.634910583496094,79.38624572753906,39.88410949707031
1509681600,56.39759063720703,79.15220642089844,40.24891662597656
1509944400,56.78407669067383,80.56328582763672,40.78850173950195
1510030800,56.6688232421875,80.70098114013672,40.644100189208984
1510117200,56.59421920776367,80.30862426757812,40.67449951171875
1510203600,56.9332389831543,80.70098114013672,40.68210220336914
1510290000,56.75531768798828,80.65967559814453,40.27170944213867
1510549200,56.72108459472656,80.69409942626953,39.952510833740234
1510635600,56.276309967041016,80.48069763183594,38.934120178222656
1510722000,55.57149124145508,80.1572036743164,38.371742248535156
1510808400,55.12670135498047,79.60138702392578,38.16654968261719
1510894800,54.907711029052734,79.69863891601562,38.0981559753418
1511154000,55.119869232177734,79.7055892944336,38.060150146484375
1511240400,55.33882522583008,80.01823425292969,38.0069465637207
1511326800,55.4962158203125,80.53238677978516,38.16654968261719
1511499600,55.715179443359375,80.94926452636719,38.35655212402344
1511758800,55.503047943115234,80.31004333496094,37.36095428466797
1511845200,55.88625717163086,80.9075698852539,38.0981559753418
1511931600,56.29684066772461,81.41473388671875,38.55415344238281
1512018000,56.99482345581055,82.67230987548828,38.66813659667969
1512104400,57.111148834228516,83.03358459472656,39.32172393798828
1512363600,57.1864128112793,83.95763397216797,38.97972869873047
1512450000,56.72108459472656,83.64501953125,38.934120178222656
1512536400,56.303707122802734,83.10306549072266,38.28815841674805
1512622800,56.48844528198242,83.116943359375,38.40974044799805
1512709200,56.56370162963867,83.31844329833984,39.19252014160156
1512968400,56.81690216064453,83.66583251953125,39.28372573852539
1513054800,56.632144927978516,83.1517105102539,39.48891830444336
1513141200,56.878482818603516,83.32540893554688,39.276126861572266
1513227600,56.72795104980469,83.04747772216797,39.75491714477539
1513314000,56.81690216064453,83.18645477294922,39.64851760864258
1513573200,56.75531768798828,83.16561126708984,39.777713775634766
1513659600,56.413169860839844,83.26286315917969,40.03612518310547
1513746000,56.707427978515625,83.99239349365234,41.229286193847656
1513832400,57.378028869628906,86.72288513183594,42.52127456665039
1513918800,57.460147857666016,86.83406829833984,42.179264068603516
1514264400,57.466976165771484,87.52884674072266,42.73406219482422
1514350800,57.412235260009766,87.23008728027344,42.24766540527344
1514437200,57.49434280395508,87.25093841552734,41.93606948852539
1514523600,57.23433303833008,86.9799575805664,41.71568298339844
1514869200,58.18548583984375,88.64048767089844,42.042484283447266
1514955600,59.32825469970703,89.2866439819336,42.81765365600586
1515042000,59.41037368774414,89.00874328613281,43.311668395996094
1515128400,59.36247634887695,88.86283874511719,43.228057861328125
1515387600,59.62934494018555,89.30052185058594,43.66883850097656
1515474000,59.37615203857422,88.8211441040039,44.02604293823242
1515560400,58.90400695800781,89.39087677001953,43.81324005126953
1515646800,59.48564529418945,92.10746765136719,44.97602462768555
1515733200,59.88936996459961,92.82308959960938,45.63722229003906
1516078800,59.51301956176758,91.7184066772461,44.71763610839844
1516165200,60.217857360839844,91.9615707397461,45.4928092956543
1516251600,59.82779312133789,91.42655944824219,45.41683578491211
1516338000,59.636192321777344,91.22509765625,45.409217834472656
1516597200,60.388916015625,92.10050964355469,46.1084098815918
1516683600,60.42313003540039,91.03056335449219,45.956417083740234
1516770000,60.580528259277344,91.28763580322266,45.97161865234375
1516856400,60.47103500366211,90.7734603881836,45.204017639160156
1516942800,60.902137756347656,91.14866638183594,45.895606994628906
1517202000,60.22469711303711,89.26580047607422,45.340816497802734
1517288400,59.38299560546875,87.00775909423828,44.428829193115234
1517374800,59.738853454589844,87.09113311767578,44.69482421875
1517461200,60.950042724609375,87.2439956665039,45.105224609375
1517547600,57.843326568603516,82.38743591308594,43.86644744873047
1517806800,54.5518913269043,78.24654388427734,42.513671875
1517893200,53.614402770996094,81.41473388671875,42.513671875
1517979600,52.6495475769043,80.10159301757812,42.27808380126953
1518066000,52.05421447753906,78.02422332763672,40.46171188354492
1518152400,52.38603591918945,78.85794067382812,39.747291564941406
1518411600,52.828460693359375,79.19143676757812,40.80935287475586
1518498000,52.745506286621094,78.71205139160156,40.74059295654297
1518584400,52.85612487792969,78.94825744628906,42.41392517089844
1518670800,52.68329620361328,78.96231842041016,41.67276382446289
1518757200,52.91143035888672,78.68865203857422,41.75680923461914
1519102800,52.36528396606445,77.87466430664062,41.9019889831543
1519189200,51.77079391479492,76.52740478515625,41.06914520263672
1519275600,52.441349029541016,77.10983276367188,41.955474853515625
1519362000,53.59579086303711,79.00438690185547,43.590599060058594
1519621200,54.50138473510742,80.41480255126953,43.2391242980957
1519707600,53.57506561279297,79.72013092041016,42.65842056274414
1519794000,52.358402252197266,78.53427124023438,41.497032165527344
1519880400,51.985084533691406,78.61848449707031,41.16847229003906
1519966800,52.22703552246094,78.33779907226562,41.30601501464844
1520226000,52.72476577758789,79.3973617553711,41.252532958984375
1520312400,52.662559509277344,79.74822998046875,41.30601501464844
1520398800,51.335289001464844,79.88153839111328,41.31364059448242
1520485200,51.238502502441406,79.53768157958984,40.931610107421875
1520571600,51.542659759521484,82.25325775146484,42.070091247558594
1520827200,52.012733459472656,81.9515380859375,41.825584411621094
1520913600,51.521942138671875,81.72000122070312,41.22959899902344
1521000000,50.87902069091797,80.78671264648438,41.22959899902344
1521086400,51.44587707519531,81.10250091552734,41.28308868408203
1521172800,51.9297981262207,80.9761734008789,41.97076416015625
1521432000,51.259220123291016,79.9166259765625,40.931610107421875
1521518400,51.14861297607422,80.34465789794922,41.795021057128906
1521604800,51.87446975708008,82.12696075439453,43.582950592041016
1521691200,50.80989074707031,79.78329467773438,43.170352935791016
1521777600,50.38821029663086,79.27806854248047,44.117820739746094
1522036800,51.15553665161133,80.94108581542969,45.14167022705078
1522123200,50.94815444946289,80.45691680908203,45.18751907348633
1522209600,50.33290100097656,78.66056060791016,44.874244689941406
1522296000,51.57722091674805,80.0218734741211,45.3021354675293
1522641600,50.61635208129883,78.7588119506836,44.38523864746094
1522728000,51.86063766479492,80.57620239257812,45.86753845214844
1522814400,51.756961822509766,80.33061218261719,45.50843048095703
1522900800,52.55195236206055,82.30241394042969,46.196102142333984
1522987200,51.756961822509766,80.52709197998047,45.27921676635742
1523246400,51.756961822509766,81.38316345214844,46.31835174560547
1523332800,53.27779769897461,83.39704895019531,47.632564544677734
1523419200,53.526649475097656,83.67774200439453,48.31259536743164
1523505600,53.381500244140625,83.6636962890625,48.32023620605469
1523592000,53.81009292602539,84.14786529541016,49.588619232177734
1523851200,54.294002532958984,84.69519805908203,50.2227897644043
1523937600,54.148834228515625,85.22847747802734,50.81877136230469
1524024000,54.764076232910156,86.88450622558594,50.74999237060547
1524110400,54.90232849121094,86.80731201171875,50.665950775146484
1524196800,54.61198425292969,85.82494354248047,50.26864242553711
1524456000,55.006038665771484,86.71607971191406,50.031776428222656
1524542400,54.16266632080078,85.98634338378906,49.90187072753906
1524628800,54.9576416015625,86.11261749267578,49.71086120605469
1524715200,55.897796630859375,87.16516876220703,51.170249938964844
1524801600,53.77554702758789,88.84925842285156,49.62681579589844
1525060800,53.74788284301758,87.7896957397461,50.047061920166016
1525147200,53.194847106933594,87.61428833007812,50.20751190185547
1525233600,53.09115982055664,88.05632781982422,50.00883865356445
1525320000,52.91143035888672,88.42122650146484,50.42144012451172
1525406400,53.1602897644043,88.08442687988281,51.08620071411133
1525665600,53.740970611572266,87.67041015625,51.017417907714844
1525752000,53.98292922973633,88.81416320800781,51.75858688354492
1525838400,55.254905700683594,90.32283020019531,52.492088317871094
1525924800,56.49230194091797,90.39299774169922,52.98110580444336
1526011200,56.75767135620117,91.10871124267578,53.27648162841797
1526270400,57.141746520996094,91.49465942382812,53.391563415527344
1526356800,57.11377716064453,91.03857421875,53.775184631347656
1526443200,57.27439880371094,90.91224670410156,53.59104919433594
1526529600,57.176631927490234,91.63421630859375,54.21250915527344
1526616000,56.771629333496094,90.50172424316406,53.36088943481445
1526875200,57.45597457885742,91.5705337524414,54.21250915527344
1526961600,57.0090446472168,90.76361846923828,53.805877685546875
1527048000,57.36518478393555,91.09627532958984,53.030982971191406
1527134400,56.052391052246094,89.61695861816406,52.51692199707031
1527220800,54.96303176879883,86.48838806152344,50.230587005615234
1527566400,54.76051330566406,85.9221420288086,50.41471862792969
1527652800,56.91127395629883,88.59062957763672,52.21004104614258
1527739200,56.7297248840332,87.98189544677734,51.70366668701172
1527825600,57.141746520996094,87.66336059570312,52.39417266845703
1528084800,56.541175842285156,86.53794860839844,52.09495162963867
1528171200,56.33868408203125,86.87061309814453,51.83409118652344
1528257600,57.302330017089844,87.33069610595703,52.07960510253906
1528344000,57.87493896484375,89.86466217041016,53.30718994140625
1528430400,58.377716064453125,89.49662780761719,53.268821716308594
1528689600,58.02855682373047,90.28936004638672,54.08208084106445
1528776000,57.5537109375,89.9496078491211,53.268821716308594
1528862400,56.91826248168945,89.9425277709961,53.41460037231445
1528948800,57.18363571166992,89.5461654663086,52.27142333984375
1529035200,56.32471466064453,87.79784393310547,50.14618682861328
1529294400,56.436466217041016,89.16393280029297,51.097557067871094
1529380800,56.3526496887207,88.85958862304688,50.836700439453125
1529467200,56.178070068359375,88.68262481689453,51.765037536621094
1529553600,55.64735412597656,86.77149963378906,49.95439529418945
1529640000,56.82749938964844,88.54812622070312,52.00288391113281
1529899200,55.68227767944336,86.78567504882812,50.74463653564453
1529985600,56.31074142456055,87.8827896118164,51.665313720703125
1530072000,57.05791091918945,89.18517303466797,52.73942947387695
1530158400,57.2394905090332,88.94451141357422,52.48625183105469
1530244800,57.77020263671875,89.48953247070312,53.41460037231445
1530504000,57.092838287353516,87.94649505615234,52.62434387207031
1530590400,57.42802810668945,88.2862548828125,53.36855697631836
1530763200,57.47690200805664,87.75538635253906,52.88520050048828
1530849600,57.49086380004883,87.8686294555664,53.43760299682617
1531108800,57.88890838623047,89.17809295654297,54.47336959838867
1531195200,58.41960906982422,90.31060791015625,55.04111862182617
1531281600,57.672428131103516,87.42979431152344,53.7445068359375
1531368000,57.74225616455078,87.9535903930664,54.818634033203125
1531454400,58.17521286010742,87.79784393310547,55.24060821533203
1531713600,57.602603912353516,87.04756927490234,54.15113830566406
1531800000,57.47690200805664,86.29020690917969,53.920963287353516
1531886400,57.414058685302734,86.02123260498047,53.974674224853516
1531972800,57.267417907714844,86.12030029296875,53.46829605102539
1532059200,56.84145736694336,86.54501342773438,53.934383392333984
1532318400,56.84145736694336,85.87965393066406,53.91128921508789
1532404800,57.96571731567383,87.66336059570312,54.58149337768555
1532491200,58.3707275390625,88.40656280517578,55.08995056152344
1532577600,58.82462692260742,87.73414611816406,55.313350677490234
1532664000,57.204586029052734,89.16393280029297,55.043731689453125
1532923200,57.078861236572266,90.4804916381836,55.67543411254883
1533009600,56.91826248168945,89.37628936767578,55.5984001159668
1533096000,56.13618850708008,88.75340270996094,55.321067810058594
1533182400,55.800994873046875,87.59966278076172,55.128456115722656
1533268800,56.00348663330078,87.80492401123047,54.92048263549805
1533528000,55.98952865600586,87.98189544677734,55.25944137573242
1533614400,56.750667572021484,88.6047592163086,56.16078567504883
1533700800,56.37361145019531,87.68462371826172,54.99750518798828
1533787200,56.087303161621094,86.72904205322266,55.27483367919922
1533873600,56.03084182739258,87.3023681640625,55.42120361328125
1534132800,55.42412185668945,86.66532897949219,54.750980377197266
1534219200,55.247745513916016,86.76444244384766,55.583003997802734
1534305600,54.28120803833008,83.48014831542969,52.247249603271484
1534392000,55.02903747558594,84.08042907714844,53.47214889526367
1534478400,55.21248245239258,84.18046569824219,53.74947738647461
1534737600,55.60049819946289,84.14472961425781,54.3272705078125
1534824000,55.61459732055664,84.280517578125,54.6123161315918
1534910400,56.411827087402344,84.98082733154297,55.46744155883789
1534996800,55.79096603393555,84.39484405517578,55.50594711303711
1535083200,56.17195510864258,85.04513549804688,55.9373664855957
1535342400,56.72224044799805,86.0027084350586,56.114566802978516
1535428800,56.637577056884766,85.65255737304688,55.50594711303711
1535515200,57.0467643737793,85.90982055664062,56.65384292602539
1535601600,56.79984664916992,85.6168212890625,56.669227600097656
1535688000,56.55998611450195,84.65213775634766,56.5690803527832
1536033600,56.64463424682617,84.94510650634766,56.32255935668945
1536120000,57.39952850341797,84.98082733154297,56.23779296875
1536206400,56.76457595825195,82.34393310546875,54.34268569946289
1536292800,57.73111343383789,81.89372253417969,54.09618377685547
1536552000,57.64643859863281,81.8079833984375,54.81261444091797
1536638400,58.4577751159668,82.19386291503906,55.059139251708984
1536724800,58.64826202392578,82.7441177368164,55.44431686401367
1536811200,58.07680892944336,83.10855865478516,55.891143798828125
1536897600,58.50010681152344,83.88036346435547,56.62301254272461
1537156800,58.84580612182617,83.97325134277344,57.1931037902832
1537243200,59.00102233886719,84.41629028320312,57.809383392333984
1537329600,59.70652389526367,85.40245819091797,58.1868782043457
1537416000,59.840545654296875,85.33811950683594,58.055908203125
1537502400,60.08748245239258,86.56008911132812,58.7646598815918
1537761600,61.09634780883789,87.62487030029297,59.365570068359375
1537848000,61.02579879760742,88.16082763671875,60.17444610595703
1537934400,60.5178337097168,87.14608001708984,59.53505325317383
1538020800,60.510799407958984,87.5176773071289,59.71994400024414
1538107200,59.98164749145508,87.38189697265625,59.62749099731445
1538366400,60.53898239135742,88.88970947265625,61.54574203491211
1538452800,60.997581481933594,89.13983917236328,60.30542755126953
1538539200,60.77886962890625,89.54714965820312,60.52883529663086
1538625600,60.37673568725586,89.28988647460938,60.30542755126953
1538712000,60.207393646240234,89.56143951416016,60.39017868041992
1538971200,60.76476287841797,89.21129608154297,60.30542755126953
1539057600,61.0328483581543,90.6261978149414,61.16824722290039
1539144000,59.62888717651367,87.61054992675781,57.847904205322266
1539230400,57.568843841552734,84.63066864013672,56.076045989990234
1539316800,57.41363525390625,84.15902709960938,57.1165657043457
1539576000,57.0185661315918,83.56591796875,56.683326721191406
1539662400,57.2866325378418,83.97325134277344,57.0933723449707
1539748800,57.498294830322266,83.81602478027344,56.072181701660156
1539835200,57.74522018432617,83.94466400146484,56.15727233886719
1539921600,57.82987594604492,84.4234390258789,56.07991027832031
1540180800,57.251373291015625,83.75883483886719,55.739498138427734
1540267200,56.3271598815918,81.03620910644531,53.550167083740234
1540353600,54.76095962524414,78.75660705566406,50.81927490234375
1540440000,55.247745513916016,79.73562622070312,52.621822357177734
1540526400,54.697452545166016,79.69990539550781,52.97767639160156
1540785600,54.358821868896484,77.84192657470703,52.1035041809082
1540872000,55.57933044433594,79.21395874023438,53.78226089477539
1540958400,56.21427917480469,79.78564453125,54.07622528076172
1541044800,56.9127311706543,79.44263458251953,53.82865905761719
1541131200,57.81575393676758,81.98661804199219,52.482566833496094
1541394000,57.5970573425293,84.99510192871094,53.40317153930664
1541480400,57.843997955322266,84.96653747558594,53.76677322387695
1541566800,58.57771682739258,86.3742904663086,54.176780700683594
1541653200,57.64643859863281,85.2952651977539,51.763099670410156
1541739600,57.632205963134766,85.40245819091797,51.623836517333984
1541998800,56.89104461669922,83.88748931884766,50.39377975463867
1542085200,55.58688735961914,82.42967987060547,49.29523849487305
1542171600,55.15217590332031,82.69408416748047,49.60468292236328
1542258000,55.722293853759766,84.38982391357422,50.44793701171875
1542344400,56.27104187011719,85.91239166259766,51.15193557739258
1542603600,56.456321716308594,86.17214965820312,51.39950180053711
1542690000,54.852848052978516,83.7764663696289,49.50411605834961
1542776400,55.2733039855957,84.83720397949219,50.65681838989258
1542949200,53.79813003540039,81.97248077392578,49.35712432861328
1543208400,54.859989166259766,82.96829223632812,50.05338668823242
1543294800,54.90987014770508,83.13426971435547,50.50209426879883
1543381200,55.90758514404297,85.24853515625,51.329856872558594
1543467600,56.34230041503906,85.7608642578125,51.73215103149414
1543554000,56.65585708618164,85.82577514648438,51.19834518432617
1543813200,57.88162612915039,87.07412719726562,53.46506881713867
1543899600,56.6059684753418,84.59909057617188,51.77082443237305
1544072400,55.86481475830078,83.63935852050781,51.531005859375
1544158800,55.33031463623047,83.3363037109375,50.98948669433594
1544418000,54.546417236328125,82.93942260742188,50.440189361572266
1544504400,54.64617919921875,83.3218765258789,50.62586975097656
1544590800,54.17583465576172,83.43011474609375,50.494346618652344
1544677200,54.859989166259766,83.66101837158203,51.15966796875
1544763600,53.862274169921875,82.13845825195312,49.93734359741211
1545022800,52.7647705078125,81.14266204833984,48.83106231689453
1545109200,51.31097412109375,79.18717193603516,47.89497375488281
1545195600,50.441532135009766,77.80892944335938,47.407596588134766
1545282000,48.909324645996094,75.75241088867188,46.41735076904297
1545368400,48.54587936401367,75.19676971435547,46.26264190673828
1545627600,46.68585968017578,72.87325286865234,44.10424041748047
1545800400,48.91646194458008,77.49141693115234,47.57779312133789
1545886800,49.1302490234375,78.88408660888672,48.14253234863281
1545973200,48.58151626586914,78.400634765625,47.70930480957031
1546232400,48.595767974853516,78.50166320800781,48.23537826538086
1546405200,49.66475296020508,79.87269592285156,49.032196044921875
1546491600,48.90221405029297,78.34290313720703,48.10384750366211
1546578000,50.705223083496094,79.96648406982422,49.31844711303711
1546837200,50.96889877319336,81.00558471679688,49.10182571411133
1546923600,51.3394660949707,80.65200805664062,49.7594108581543
1547010000,51.61027145385742,81.734375,51.4072151184082
1547096400,51.34660339355469,81.8642578125,52.55992889404297
1547182800,51.111427307128906,81.20761108398438,51.360816955566406
1547442000,51.04728317260742,80.61590576171875,50.757381439208984
1547528400,51.07579040527344,80.90455627441406,51.082313537597656
1547614800,51.05442428588867,80.38502502441406,50.79607391357422
1547701200,51.40361404418945,80.78907775878906,51.87914276123047
1547787600,52.01649475097656,82.52814483642578,52.52897644042969
1548133200,51.232582092285156,81.06327819824219,50.86568832397461
1548219600,50.8121223449707,80.37779235839844,50.95077896118164
1548306000,50.88337707519531,81.9075698852539,51.15193557739258
1548392400,51.111427307128906,81.69829559326172,51.824974060058594
1548651600,50.769344329833984,80.94063568115234,50.55622863769531
1548738000,50.96177291870117,80.69528198242188,50.517555236816406
1548824400,51.51762771606445,81.5467529296875,50.81927490234375
1548910800,52.2231559753418,82.73018646240234,52.36651611328125
1548997200,54.10456085205078,85.41447448730469,53.13240432739258
1549256400,53.320655822753906,86.40304565429688,54.099430084228516
1549342800,53.86940002441406,86.21543884277344,53.58111572265625
1549429200,53.63422393798828,85.7824935913086,53.46506881713867
1549515600,53.22088623046875,85.31343841552734,52.20405578613281
1549602000,53.30735397338867,84.84442138671875,51.492977142333984
1549861200,53.39381790161133,84.38982391357422,51.86600112915039
1549947600,54.33054733276367,85.66703796386719,52.41776657104492
1550034000,54.94303512573242,86.28040313720703,52.67422103881836
1550120400,54.95743942260742,86.12004852294922,53.70004653930664
1550206800,55.99504470825195,86.98735809326172,54.53935623168945
1550552400,56.3697509765625,86.95820617675781,54.00312805175781
1550638800,56.58591842651367,87.6651840209961,54.90460968017578
1550725200,56.07432174682617,86.83429718017578,54.585975646972656
1550811600,56.506629943847656,87.01652526855469,54.37614822387695
1551070800,56.56430435180664,87.18415069580078,53.81660461425781
1551157200,56.67959976196289,87.41737365722656,53.560157775878906
1551243600,57.263240814208984,87.51941680908203,53.793312072753906
1551330000,56.946197509765625,87.15499877929688,52.728614807128906
1551416400,57.645137786865234,88.94065856933594,53.56792449951172
1551675600,57.86851119995117,89.00626373291016,54.32176208496094
1551762000,57.78205108642578,89.85900115966797,53.63009262084961
1551848400,57.12635803222656,90.03392791748047,53.0705680847168
1551934800,57.76043701171875,88.87506866455078,52.80633544921875
1552021200,56.93178939819336,88.641845703125,50.847965240478516
1552276800,57.486595153808594,90.09949493408203,51.189903259277344
1552363200,57.645137786865234,90.30359649658203,51.00339126586914
1552449600,58.1567497253418,90.86480712890625,52.340065002441406
1552536000,57.962188720703125,90.81378173828125,52.08359909057617
1552622400,57.75323486328125,91.33125305175781,52.52656555175781
1552881600,58.42334747314453,91.74668884277344,52.5421028137207
1552968000,58.272037506103516,91.30937957763672,52.340065002441406
1553054400,58.596290588378906,90.8793716430664,52.48771286010742
1553140800,58.9349365234375,91.73213958740234,52.9539909362793
1553227200,57.991024017333984,89.71322631835938,51.345314025878906
1553486400,57.58749771118164,89.56745910644531,52.122467041015625
1553572800,58.33687973022461,90.47123718261719,53.2803840637207
1553659200,57.89012145996094,89.49458312988281,52.77524948120117
1553745600,58.17835235595703,89.66220092773438,52.363380432128906
1553832000,58.22158432006836,89.77883911132812,51.86600112915039
1554091200,58.891727447509766,91.06159210205078,52.604278564453125
1554177600,58.639530181884766,91.05430603027344,51.56291580200195
1554264000,58.29365539550781,90.29630279541016,50.910125732421875
1554350400,59.1223030090332,90.95954895019531,50.638126373291016
1554436800,59.43936538696289,92.1402816772461,51.38418960571289
1554696000,59.80683135986328,92.32978057861328,51.71834945678711
1554782400,59.035850524902344,91.49889373779297,51.05777359008789
1554868800,58.769222259521484,91.46244812011719,52.04475784301758
1554955200,59.050228118896484,91.82686614990234,51.578468322753906
1555041600,58.30807876586914,87.28619384765625,52.35560607910156
1555300800,58.11351013183594,87.56311798095703,51.55514907836914
1555387200,58.50980758666992,88.31385803222656,51.16657638549805
1555473600,58.6755485534668,87.65789031982422,51.11994934082031
1555560000,58.45937728881836,87.35906219482422,51.21321487426758
1555905600,59.73478317260742,88.84591674804688,52.0369758605957
1555992000,60.080665588378906,88.93336486816406,51.640628814697266
1556078400,58.913326263427734,86.20748901367188,50.28064727783203
1556164800,59.244781494140625,85.93053436279297,49.713340759277344
1556251200,57.99822235107422,85.34745025634766,48.788543701171875
1556510400,57.62351608276367,85.79933166503906,48.687522888183594
1556596800,57.84690475463867,87.50483703613281,49.05277633666992
1556683200,56.68678665161133,85.86494445800781,48.70305252075195
1556769600,55.692420959472656,84.82269287109375,47.630615234375
1556856000,55.82212448120117,85.47136688232422,48.19014358520508
1557115200,55.577117919921875,86.29495239257812,48.08913040161133
1557201600,55.281700134277344,86.2002182006836,47.40525436401367
1557288000,55.3681526184082,85.6390151977539,47.73941421508789
1557374400,55.317710876464844,88.32843780517578,47.82490158081055
1557460800,55.79875564575195,88.9115219116211,48.35988998413086
1557720000,55.17925262451172,87.78179931640625,47.78976058959961
1557806400,55.252132415771484,88.65642547607422,48.67229461669922
1557892800,55.66027069091797,89.02084350585938,48.453609466552734
1557979200,55.652976989746094,88.9104232788086,48.867549896240234
1558065600,55.32501220703125,88.70435333251953,48.500465393066406
1558324800,55.317718505859375,88.93986511230469,48.77381896972656
1558411200,55.572818756103516,89.30787658691406,49.68760299682617
1558497600,55.06992721557617,88.74114990234375,49.24242401123047
1558584000,53.7798957824707,86.7539291381836,46.46985626220703
1558670400,54.00584411621094,87.37216186523438,46.76664352416992
1559016000,52.91989517211914,87.07774353027344,46.89940643310547
1559102400,52.59192657470703,85.94429779052734,46.969696044921875
1559188800,52.45344161987305,84.92123413085938,46.040313720703125
1559275200,51.57884979248047,83.79513549804688,46.0481071472168
1559534400,52.38784408569336,85.37020111083984,46.407371520996094
1559620800,53.63412857055664,86.33438873291016,46.15744400024414
1559707200,53.18954849243164,86.59198760986328,44.57982635498047
1559793600,54.15888977050781,88.82212829589844,45.45454406738281
1559880000,54.355690002441406,89.41092681884766,46.0481071472168
1560139200,54.59620666503906,90.00708770751953,46.28242492675781
1560225600,54.545166015625,89.1827621459961,45.86848449707031
1560312000,53.95481872558594,88.46147155761719,45.7278938293457
1560398400,54.428565979003906,88.99139404296875,46.126216888427734
1560484800,54.188045501708984,88.91779327392578,45.938785552978516
1560744000,54.72736740112305,89.34468841552734,46.0871696472168
1560830400,55.20112228393555,90.4781265258789,46.72758483886719
1560916800,54.89500045776367,90.44869232177734,46.58700180053711
1561003200,55.8351936340332,91.4717788696289,47.407066345214844
1561089600,56.6223258972168,91.95016479492188,47.11808776855469
1561348800,56.082984924316406,91.93544006347656,47.2664794921875
1561435200,55.58738708496094,91.00070190429688,46.680721282958984
1561521600,55.82789993286133,91.21415710449219,49.008121490478516
1561608000,55.259422302246094,90.61061096191406,47.852237701416016
1561694400,55.84977722167969,91.58953094482422,47.64134979248047
1561953600,55.79875564575195,91.8839340209961,48.61761474609375
1562040000,55.18653106689453,90.4781265258789,46.938453674316406
1562126400,55.71128463745117,90.78726959228516,47.250850677490234
1562299200,55.4853515625,90.9271240234375,46.78225326538086
1562558400,55.74044418334961,90.97125244140625,46.77444839477539
1562644800,55.7039909362793,90.78726959228516,46.77444839477539
1562731200,56.491127014160156,92.32553100585938,47.80537796020508
1562817600,56.534854888916016,92.31818389892578,48.00063705444336
1562904000,56.578590393066406,92.72296905517578,48.23493194580078
1563163200,56.1777229309082,92.53160858154297,47.36801528930664
1563249600,55.3395881652832,91.82504272460938,46.66510772705078
1563336000,55.01163101196289,91.36872863769531,46.68853759765625
1563422400,54.545166015625,91.76615142822266,47.11028289794922
1563508800,54.65449142456055,92.0311279296875,47.3575325012207
1563768000,54.71278762817383,92.22984313964844,47.443904876708984
1563854400,54.931427001953125,92.60520935058594,47.318294525146484
1563940800,54.924163818359375,93.1351547241211,47.16130828857422
1564027200,54.61076354980469,92.46538543701172,46.344932556152344
1564113600,54.5233154296875,91.05958557128906,46.117286682128906
1564372800,54.90956497192383,91.4349594116211,45.677696228027344
1564459200,54.91685485839844,91.51591491699219,46.713863372802734
1564545600,54.1953239440918,90.61061096191406,46.37633514404297
1564632000,52.81058120727539,88.86627197265625,46.15654373168945
1564718400,52.29310607910156,88.8589096069336,44.327552795410156
1564977600,51.22174072265625,87.39423370361328,42.92243957519531
1565064000,51.71733474731445,87.86529541015625,42.56918716430664
1565150400,51.382076263427734,87.6592025756836,41.85487365722656
1565236800,52.752254486083984,90.69892120361328,43.228580474853516
1565323200,51.62986755371094,90.1027603149414,42.396514892578125
1565582400,51.37898254394531,89.46244049072266,41.6978759765625
1565668800,52.01356506347656,90.08070373535156,42.28661346435547
1565755200,49.91796875,86.65821838378906,40.6460075378418
1565841600,49.62282180786133,86.0767593383789,39.96306610107422
1565928000,50.39760208129883,86.11396026611328,40.402671813964844
1566187200,51.24616241455078,87.22933197021484,42.3415641784668
1566273600,50.93626022338867,86.35188293457031,41.37604522705078
1566360000,51.445404052734375,87.65318298339844,41.31324005126953
1566446400,51.33472442626953,87.54164123535156,41.022796630859375
1566532800,49.79991149902344,85.6454849243164,39.57843780517578
1566792000,50.065555572509766,86.0619125366211,40.32417297363281
1566878400,49.578548431396484,86.12884521484375,40.018028259277344
1566964800,49.940120697021484,86.87240600585938,40.77945327758789
1567051200,50.4935302734375,87.38545989990234,41.046348571777344
1567137600,50.53042221069336,87.53419494628906,40.95999526977539
1567483200,50.589447021484375,86.45600128173828,40.850093841552734
1567569600,51.12811279296875,87.18470001220703,41.839168548583984
1567656000,51.85123062133789,87.4747085571289,41.94906234741211
1567742400,52.338233947753906,87.93573760986328,42.09820556640625
1568001600,52.7514533996582,88.7759780883789,43.15009307861328
1568088000,53.17942428588867,90.60517120361328,44.20979309082031
1568174400,53.07612991333008,90.18135833740234,44.90056610107422
1568260800,53.1130256652832,90.28543853759766,44.233341217041016
1568347200,53.60002899169922,90.34494018554688,45.01046371459961
1568606400,54.40432357788086,92.29309844970703,49.08449935913086
1568692800,53.991119384765625,92.1220703125,48.056182861328125
1568779200,53.73284912109375,92.33772277832031,47.10635757446289
1568865600,53.37128448486328,91.9510726928711,47.07495880126953
1568952000,53.18680191040039,92.44180297851562,47.74217987060547
1569211200,53.22370147705078,92.87308502197266,47.23979949951172
1569297600,52.49319839477539,92.01054382324219,46.54902267456055
1569384000,52.648162841796875,91.83951568603516,46.6903190612793
1569470400,52.36774826049805,89.34854888916016,45.277374267578125
1569556800,52.74407196044922,88.18855285644531,45.45006561279297
1569816000,52.10211944580078,88.18855285644531,44.72787857055664
1569902400,50.877220153808594,86.26268005371094,43.29136657714844
1569988800,49.54903793334961,83.49657440185547,41.658626556396484
1570075200,50.16147994995117,84.13603973388672,42.12177276611328
1570161600,50.89198303222656,84.65653991699219,41.99617385864258
1570420800,50.19099807739258,84.21782684326172,42.85963821411133
1570507200,49.21699142456055,83.06526947021484,42.3101692199707
1570593600,49.763023376464844,84.12860107421875,43.126522064208984
1570680000,50.3607177734375,85.20677947998047,43.86440658569336
1570766400,50.89936828613281,86.36678314208984,44.29615783691406
1571025600,51.04694747924805,86.38909149169922,44.06064987182617
1571112000,51.22404098510742,86.4857406616211,43.919349670410156
1571198400,50.345947265625,85.59346008300781,43.19171905517578
1571284800,50.279537200927734,85.77190399169922,43.12845993041992
1571371200,49.888465881347656,85.3183364868164,42.66971969604492
1571630400,50.722267150878906,86.70880889892578,44.25945281982422
1571716800,50.98052978515625,87.59368896484375,44.71817398071289
1571803200,51.46753692626953,87.7275390625,44.48881530761719
1571889600,50.98052978515625,87.43011474609375,44.417625427246094
1571976000,51.09858703613281,88.24058532714844,44.56789016723633
1572235200,50.64848709106445,88.09931945800781,44.03799819946289
1572321600,50.50088882446289,87.83907318115234,45.15317916870117
1572408000,49.969627380371094,86.52294158935547,43.53181076049805
1572494400,49.85895919799805,86.35933685302734,43.65834426879883
1572580800,51.356849670410156,86.4113998413086,45.200645446777344
1572843600,52.884273529052734,90.39697265625,45.87290954589844
1572930000,53.932064056396484,90.67210388183594,46.276268005371094
1573016400,52.7514533996582,89.15522766113281,45.58027267456055
1573102800,53.87306213378906,90.63489532470703,47.090911865234375
1573189200,52.84994125366211,89.92107391357422,46.790374755859375
1573448400,52.5288200378418,89.83186340332031,46.5926399230957
1573534800,51.8044548034668,89.9433822631836,46.05482482910156
1573621200,51.3787841796875,90.92491912841797,45.524906158447266
1573707600,51.154754638671875,90.68697357177734,45.27973175048828
1573794000,51.6700325012207,90.58935546875,46.07063293457031
1574053200,51.16968536376953,89.01996612548828,44.844722747802734
1574139600,50.64694595336914,87.44306945800781,45.216461181640625
1574226000,50.80375289916992,88.11136627197266,46.948551177978516
1574312400,52.02848434448242,89.1851577758789,47.620826721191406
1574398800,51.8044548034668,89.08002471923828,47.375640869140625
1574658000,51.46092987060547,88.89230346679688,48.28519058227539
1574744400,51.33396911621094,88.44927978515625,47.541744232177734
1574830800,51.304107666015625,88.65953826904297,47.72364807128906
1575003600,50.8784294128418,87.95368194580078,47.40728759765625
1575262800,51.095001220703125,87.70588684082031,47.747379302978516
1575349200,50.691741943359375,87.02253723144531,46.576820373535156
1575435600,51.266761779785156,87.81098937988281,47.9530143737793
1575522000,51.08753967285156,87.35293579101562,47.32819747924805
1575608400,51.90899658203125,88.61445617675781,49.01283264160156
1575867600,52.0210075378418,88.08132934570312,48.902099609375
1575954000,51.57294464111328,88.52436065673828,48.84673309326172
1576040400,51.49827194213867,87.2778549194336,48.783470153808594
1576126800,52.5288200378418,89.21517944335938,49.503196716308594
1576213200,51.69991683959961,88.57691955566406,49.5901985168457
1576472400,52.27493667602539,89.62818145751953,49.68510818481445
1576558800,52.03595733642578,89.05751037597656,50.238746643066406
1576645200,52.17784881591797,89.01996612548828,49.985660552978516
1576731600,51.81938934326172,88.70459747314453,49.97774887084961
1576818000,52.230125427246094,89.86848449707031,50.396934509277344
1577077200,52.49150085449219,90.3565673828125,51.09292984008789
1577163600,52.289859771728516,90.36406707763672,51.148292541503906
1577336400,52.372005462646484,90.55931854248047,51.409297943115234
1577422800,52.192787170410156,90.33404541015625,51.393489837646484
1577682000,51.886592864990234,89.99613189697266,51.10083770751953
1577768400,52.11063003540039,90.49174499511719,51.43302536010742
1577941200,52.94704055786133,91.18256378173828,51.77311706542969
1578027600,52.521358489990234,90.86719512939453,51.96294403076172
1578286800,52.92463684082031,90.55931854248047,52.579856872558594
1578373200,52.49150085449219,89.40294647216797,52.579856872558594
1578459600,51.69991683959961,88.38167572021484,51.36183547973633
1578546000,52.095699310302734,88.2390365600586,52.255577087402344
1578632400,51.6326904296875,87.43555450439453,51.74148178100586
1578891600,52.12556838989258,87.60076141357422,51.51211929321289
1578978000,51.67748260498047,87.3304214477539,51.520023345947266
1579064400,51.595340728759766,87.20275115966797,51.409297943115234
1579150800,51.39372253417969,87.7734603881836,51.464656829833984
1579237200,51.19954299926758,86.78977966308594,51.464656829833984
1579582800,50.46770477294922,85.085205078125,50.64210510253906
1579669200,50.176456451416016,84.77733612060547,49.83538055419922
1579755600,49.86280822753906,84.92752075195312,49.938194274902344
1579842000,49.52676010131836,83.98887634277344,49.52692794799805
1580101200,48.346839904785156,82.89256286621094,48.27729415893555
1580187600,48.279632568359375,83.44072723388672,48.38801574707031
1580274000,47.87636947631836,82.87754821777344,47.84228515625
1580360400,48.38417434692383,83.65099334716797,48.15864944458008
1580446800,46.3902587890625,80.4521255493164,47.00392150878906
1580706000,45.352237701416016,79.80633544921875,46.806182861328125
1580792400,44.7846794128418,80.23433685302734,44.67863082885742
1580878800,46.84580612182617,82.8099594116211,46.48981857299805
1580965200,46.21103286743164,82.21673583984375,46.19717788696289
1581051600,45.90484619140625,81.8037338256836,45.86500549316406
1581310800,45.4200553894043,82.44203186035156,45.77009201049805
1581397200,45.85182189941406,83.50830078125,46.43446350097656
1581483600,46.41238021850586,84.13155364990234,47.264930725097656
1581570000,46.15481185913086,83.84619903564453,46.850730895996094
1581656400,45.942726135253906,83.62590026855469,46.691436767578125
1582002000,45.35944747924805,83.74744415283203,46.4365348815918
1582088400,45.70790100097656,84.12730407714844,47.201194763183594
1582174800,45.34429931640625,83.42079162597656,46.89851379394531
1582261200,44.79132080078125,82.81304168701172,46.54806137084961
1582520400,42.69302749633789,79.5464096069336,44.90725326538086
1582606800,41.05682373046875,76.5076675415039,42.87614059448242
1582693200,40.1553840637207,74.47931671142578,40.757423400878906
1582779600,37.73894119262695,71.50896453857422,37.539527893066406
1582866000,38.96609878540039,70.90879821777344,38.56703186035156
1583125200,40.81440734863281,73.3777847290039,39.212196350097656
1583211600,38.860050201416016,71.70648956298828,38.32807159423828
1583298000,39.70844650268555,74.8515625,39.37150573730469
1583384400,37.958614349365234,73.83356475830078,37.993553161621094
1583470800,36.125450134277344,72.41297912597656,36.105796813964844
1583726400,31.70919418334961,61.28361892700195,27.13710594177246
1583812800,32.88333511352539,64.557861328125,27.782272338867188
1583899200,31.800090789794922,63.07647705078125,25.934371948242188
1583985600,28.1640625,57.93341827392578,22.461591720581055
1584072000,28.876121520996094,63.37275314331055,24.99449348449707
1584331200,26.12637710571289,52.94990539550781,20.77298355102539
1584417600,27.883787155151367,53.701988220214844,20.908395767211914
1584504000,25.088592529296875,41.8205451965332,18.056884765625
1584590400,26.080928802490234,43.598201751708984,20.3826961517334
1584676800,24.800735473632812,45.11758041381836,21.378334045410156
1584936000,23.82356071472168,41.19001007080078,19.554323196411133
1585022400,26.846006393432617,50.55691146850586,24.484718322753906
1585108800,28.24739646911621,52.623233795166016,24.64402961730957
1585195200,29.406368255615234,58.02458953857422,25.560014724731445
1585281600,27.98984146118164,52.250999450683594,23.297927856445312
1585540800,28.40646743774414,54.65919494628906,23.329784393310547
1585627200,28.762493133544922,55.046630859375,24.532520294189453
1585713600,28.429195404052734,52.0838737487793,23.592632293701172
1585800000,30.60323143005371,57.827083587646484,26.969833374023438
1585886400,29.701791763305664,57.059783935546875,26.21314811706543
1586145600,30.656259536743164,61.070926666259766,26.125534057617188
1586232000,31.239545822143555,61.47355651855469,26.49989128112793
1586318400,33.216636657714844,65.31755065917969,28.419492721557617
1586404800,32.67123031616211,64.04888916015625,27.66280174255371
1586750400,32.390953063964844,64.50469207763672,27.320295333862305
1586836800,32.14097595214844,64.27678680419922,27.145069122314453
1586923200,30.663835525512695,62.6662483215332,25.647632598876953
1587009600,29.656356811523438,60.76704025268555,24.747573852539062
1587096000,32.739402770996094,66.22157287597656,28.08495330810547
1587355200,31.194089889526367,63.48670196533203,27.53536033630371
1587441600,31.027441024780273,62.020511627197266,26.436168670654297
1587528000,31.913724899291992,64.14764404296875,27.861928939819336
1587614400,32.91362762451172,65.94048309326172,28.81774139404297
1587700800,33.125732421875,66.10001373291016,28.746051788330078
1587960000,33.284812927246094,68.15116119384766,29.590356826782227
1588046400,34.06502914428711,68.30309295654297,30.649703979492188
1588132800,35.95121383666992,71.8812026977539,33.62069320678711
1588219200,35.20130157470703,69.89083862304688,33.533084869384766
1588305600,32.678794860839844,67.94602966308594,31.175411224365234
1588564800,33.99686813354492,69.46540832519531,32.14716339111328
1588651200,33.958988189697266,70.56694793701172,32.59319305419922
1588737600,33.32268142700195,68.40947723388672,32.25070571899414
1588824000,33.512062072753906,70.37703704833984,33.787960052490234
1588910400,34.98161697387695,72.52693939208984,34.65679931640625
1589169600,34.648319244384766,70.93158721923828,34.00516128540039
1589256000,34.06916809082031,69.20712280273438,33.45008087158203
1589342400,32.37806701660156,67.3838882446289,32.09051513671875
1589428800,32.66377258300781,68.40947723388672,32.12269973754883
1589515200,32.432125091552734,67.73335266113281,32.878902435302734
1589774400,35.0112419128418,71.3408432006836,35.075111389160156
1589860800,33.93017578125,69.08231353759766,34.32694625854492
1589947200,35.034423828125,71.68772888183594,35.51758575439453
1590033600,34.40894317626953,70.94772338867188,35.17166519165039
1590120000,34.439815521240234,69.5910415649414,34.817684173583984
1590465600,35.45139694213867,71.91898345947266,35.13143539428711
1590552000,35.70622253417969,72.38148498535156,35.9359245300293
1590638400,34.77960205078125,70.04585266113281,34.60049819946289
1590724800,35.11162567138672,70.68562316894531,33.93276596069336
1590984000,35.73711395263672,71.52583312988281,34.90618133544922
1591070400,36.532474517822266,72.99044036865234,35.557804107666016
1591156800,38.02280044555664,74.90980529785156,36.29793167114258
1591243200,37.914703369140625,74.216064453125,35.96809005737305
1591329600,40.98802185058594,77.70793151855469,39.08945846557617
1591588800,42.26986312866211,79.58106994628906,40.47315979003906
1591675200,41.327789306640625,78.26294708251953,39.12163162231445
1591761600,39.111610412597656,75.21815490722656,36.9334602355957
1591848000,35.659889221191406,68.88959503173828,33.884490966796875
1591934400,36.424354553222656,71.21751403808594,35.1796989440918
1592193600,36.40119934082031,70.32335662841797,34.874000549316406
1592280000,37.21971893310547,72.48167419433594,36.289878845214844
1592366400,36.007381439208984,70.56230926513672,35.413002014160156
1592452800,36.23131561279297,70.87063598632812,35.75893020629883
1592539200,35.50545883178711,69.86083221435547,35.15557861328125
1592798400,35.84521484375,70.6008529663086,35.04293441772461
1592884800,36.061424255371094,70.4852294921875,35.24406051635742
1592971200,34.36259460449219,67.55603790283203,32.975440979003906
1593057600,34.879966735839844,68.76625061035156,33.83622741699219
1593144000,33.683074951171875,66.64645385742188,32.460575103759766
1593403200,34.223609924316406,67.57916259765625,33.22483444213867
1593489600,34.532493591308594,68.78168487548828,33.804054260253906
1593576000,33.752567291259766,67.54061889648438,32.77431106567383
1593662400,34.03828811645508,68.07249450683594,33.61098098754883
1594008000,34.277671813964844,68.27291107177734,33.49030303955078
1594094400,33.3896369934082,66.53083801269531,32.693870544433594
1594180800,33.31241989135742,66.5616683959961,33.01567459106445
1594267200,31.93791961669922,63.77894592285156,30.851627349853516
1594353600,32.934043884277344,65.69832611083984,31.929624557495117
1594612800,32.941768646240234,65.8293685913086,31.90549087524414
1594699200,34.03056716918945,68.10334014892578,33.23288345336914
1594785600,34.46299362182617,68.51959228515625,33.482261657714844
1594872000,34.192718505859375,68.11103820800781,33.45812225341797
1594958400,33.60585403442383,67.20917510986328,32.47477340698242
1595217600,32.81821823120117,65.72915649414062,31.962791442871094
1595304000,34.47842788696289,70.4466781616211,33.8563346862793
1595390400,33.675350189208984,70.1769027709961,33.2305793762207
1595476800,33.74485778808594,70.15374755859375,32.88112258911133
1595563200,33.53636169433594,69.47543334960938,32.73483657836914
1595822400,34.03056716918945,70.1769027709961,32.32038116455078
1595908800,33.6290168762207,68.68916320800781,31.66209602355957
1595995200,33.999671936035156,69.42915344238281,32.458526611328125
1596081600,32.33173751831055,66.49998474121094,30.589351654052734
1596168000,32.493900299072266,64.7039566040039,30.386192321777344
1596427200,32.62517166137695,65.37457275390625,29.833572387695312
1596513600,33.56724548339844,66.66958618164062,30.589351654052734
1596600000,33.860679626464844,67.21687316894531,30.898178100585938
1596686400,33.69852828979492,67.42501068115234,30.922563552856445
1596772800,33.54407501220703,66.90856170654297,31.125728607177734
1597032000,34.370330810546875,69.16710662841797,32.21472930908203
1597118400,34.72553253173828,69.08231353759766,32.27161407470703
1597204800,34.71765899658203,69.93021392822266,33.8563346862793
1597291200,33.867244720458984,69.2364730834961,33.0192756652832
1597377600,34.0168571472168,69.64502716064453,33.1736946105957
1597636800,33.57589340209961,69.96875,33.0761604309082
1597723200,33.41053771972656,68.52217102050781,32.775474548339844
1597809600,33.040443420410156,67.55253601074219,32.22286605834961
1597896000,32.536495208740234,66.31706237792969,31.5076904296875
1597982400,32.292381286621094,66.52819061279297,31.011953353881836
1598241600,33.245182037353516,68.18592071533203,31.588960647583008
1598328000,32.19001770019531,67.34922790527344,31.57271385192871
1598414400,31.504962921142578,66.29359436035156,30.52434730529785
1598500800,31.292354583740234,66.395263671875,31.003833770751953
1598587200,32.0404052734375,66.95826721191406,31.190746307373047
1598846400,31.449832916259766,65.62893676757812,30.792530059814453
1598932800,31.04825210571289,64.96430206298828,30.19926643371582
1599019200,30.859264373779297,65.05029296875,29.56537437438965
1599105600,30.796276092529297,64.33873748779297,29.24843978881836
1599192000,30.772659301757812,64.06504821777344,29.142789840698242
1599537600,30.0639705657959,61.7504768371582,27.679964065551758
1599624000,29.882858276367188,62.579349517822266,28.005029678344727
1599710400,29.134807586669922,61.10928726196289,26.753498077392578
1599796800,29.056062698364258,60.749610900878906,26.907913208007812
1600056000,28.867080688476562,60.43681716918945,27.24110984802246
1600142400,28.559980392456055,59.7017822265625,27.46866226196289
1600228800,29.77262306213379,61.42987823486328,28.508899688720703
1600315200,29.764739990234375,61.60972595214844,29.329700469970703
1600401600,29.2844181060791,61.156192779541016,29.150907516479492
1600660800,28.685970306396484,59.66267776489258,27.92376708984375
1600747200,27.97728157043457,59.06058120727539,27.875
1600833600,27.079620361328125,56.26119613647461,26.753498077392578
1600920000,27.024499893188477,56.14391326904297,27.306116104125977
1601006400,27.276479721069336,56.1673698425293,27.387392044067383
1601265600,27.80405616760254,57.80947494506836,27.395517349243164
1601352000,26.992998123168945,56.22209930419922,26.379661560058594
1601438400,27.032379150390625,56.300315856933594,26.688480377197266
1601524800,26.087459564208984,55.06482696533203,26.35528564453125
1601611200,25.969343185424805,55.666934967041016,26.875396728515625
1601870400,26.567798614501953,56.84766387939453,27.858747482299805
1601956800,26.292192459106445,56.53489685058594,27.06231689453125
1602043200,26.37881088256836,57.692176818847656,27.899385452270508
1602129600,27.764677047729492,58.81816482543945,28.87459945678711
1602216000,27.3552188873291,57.864200592041016,28.549528121948242
1602475200,27.268600463867188,58.26299285888672,28.92336654663086
1602561600,26.94575309753418,57.3950309753418,28.346355438232422
1602648000,26.890636444091797,57.04316329956055,28.061918258666992
1602734400,27.126863479614258,57.48103332519531,28.768953323364258
1602820800,26.85126495361328,56.9962272644043,27.781742095947266
1603080000,26.315814971923828,55.73728942871094,26.90148162841797
1603166400,26.536291122436523,56.050079345703125,26.802757263183594
1603252800,26.111085891723633,55.41669845581055,25.20676612854004
1603339200,27.449710845947266,57.3950309753418,26.251564025878906
1603425600,26.89851188659668,56.745994567871094,26.769853591918945
1603684800,26.260696411132812,55.471435546875,24.943511962890625
1603771200,25.843358993530273,54.35324478149414,24.894149780273438
1603857600,24.85907554626465,52.296722412109375,23.68482208251953
1603944000,25.961475372314453,53.79806900024414,23.98921012878418
1604030400,25.685874938964844,54.34542465209961,23.54496955871582
1604293200,26.7646484375,56.4175910949707,24.86947250366211
1604379600,26.307939529418945,56.096988677978516,24.11260986328125
1604466000,26.16620445251465,56.12044143676758,24.99287223815918
1604552400,26.11895179748535,56.409759521484375,24.778980255126953
1604638800,25.81186294555664,55.63565444946289,24.013887405395508
1604898000,29.079681396484375,62.08672332763672,27.460899353027344
1604984400,29.724822998046875,64.95647430419922,29.229646682739258
1605070800,29.418376922607422,64.4794921875,29.02398109436035
1605157200,28.410350799560547,63.07979202270508,27.979188919067383
1605243600,29.09581184387207,64.9251937866211,29.089797973632812
1605502800,30.77318000793457,69.56214904785156,31.327476501464844
1605589200,31.18445587158203,69.06227111816406,31.960920333862305
1605675600,30.00707244873047,66.87234497070312,32.232418060302734
1605762000,30.160289764404297,68.0228500366211,32.47098922729492
1605848400,29.78934097290039,68.0704574584961,32.61907958984375
1606107600,31.740886688232422,72.2281494140625,35.1364631652832
1606194000,33.85371780395508,75.8701171875,36.53501510620117
1606280400,32.91020584106445,73.10889434814453,35.893314361572266
1606453200,32.410213470458984,72.45032501220703,35.19404983520508
1606712400,30.748977661132812,69.17334747314453,32.54503631591797
1606798800,31.047361373901367,69.38760375976562,32.30645751953125
1606885200,32.2086067199707,71.3077621459961,32.88233184814453
1606971600,32.42634582519531,71.25220489501953,33.894222259521484
1607058000,33.611785888671875,74.01344299316406,36.41983413696289
1607317200,32.9827766418457,72.01393127441406,35.22695541381836
1607403600,34.06338882446289,72.63282775878906,35.11178207397461
1607490000,34.51498031616211,71.76001739501953,35.12821960449219
1607576400,35.49076461791992,74.06897735595703,36.19770812988281
1607662800,35.321407318115234,73.3548583984375,35.769920349121094
1607922000,34.047264099121094,70.96656799316406,34.81561279296875
1608008400,34.708534240722656,70.9110336303711,35.21050262451172
1608094800,35.240779876708984,70.37147521972656,34.81561279296875
1608181200,35.063358306884766,70.14930725097656,34.52767562866211
1608267600,34.45854187011719,69.1812973022461,33.71323013305664
1608526800,33.82951736450195,68.30848693847656,33.104454040527344
1608613200,33.2569694519043,66.93582916259766,32.1090087890625
1608699600,33.68437576293945,67.99111938476562,32.97282028198242
1608786000,33.547271728515625,67.70547485351562,32.48744201660156
1609131600,33.660179138183594,67.36428833007812,32.33114242553711
1609218000,33.281150817871094,67.13416290283203,32.141929626464844
1609304400,33.547271728515625,67.70547485351562,32.91523742675781
1609390800,33.240840911865234,67.0072250366211,32.898773193359375
1609736400,33.466636657714844,67.2135238647461,32.55325698852539
1609822800,35.07948684692383,69.03054809570312,34.42073440551758
1609909200,35.97461700439453,71.25220489501953,35.794586181640625
1609995600,36.25686264038086,71.58545684814453,36.77358627319336
1610082000,36.66007614135742,72.267822265625,36.77358627319336
1610341200,37.7729377746582,72.68042755126953,37.31653594970703
1610427600,38.611629486083984,74.06103515625,39.011253356933594
1610514000,39.047096252441406,73.9896011352539,38.69041061401367
1610600400,40.57122802734375,75.7669906616211,39.38146209716797
1610686800,38.619686126708984,73.0692138671875,37.11910629272461
1611032400,39.38579559326172,74.98937225341797,37.843055725097656
1611118800,39.94221878051758,75.6796875,37.31653594970703
1611205200,38.7971076965332,73.0057373046875,35.53133773803711
1611291600,38.248741149902344,72.78358459472656,35.1200065612793
1611550800,37.821327209472656,72.12501525878906,35.029518127441406
1611637200,36.9907112121582,70.90309143066406,34.28910446166992
1611723600,36.57136917114258,69.982666015625,33.44175338745117
1611810000,37.143943786621094,70.63330841064453,33.820167541503906
1611896400,36.160099029541016,67.60232543945312,32.93169403076172
1612155600,36.224605560302734,68.56238555908203,33.49110794067383
1612242000,36.79716873168945,69.07813262939453,33.70500564575195
1612328400,38.24066925048828,70.58570861816406,35.547786712646484
1612414800,38.974510192871094,70.617431640625,36.205936431884766
1612501200,40.28092956542969,70.82373809814453,36.54323959350586
1612760400,42.014747619628906,72.58523559570312,38.484745025634766
1612846800,41.522674560546875,72.17259216308594,38.567020416259766
1612933200,41.92452621459961,73.41039276123047,38.87141418457031
1613019600,40.874778747558594,73.013671875,38.5559196472168
1613106000,41.432464599609375,73.43421173095703,39.1536750793457
1613451600,42.679046630859375,74.9389419555664,40.55677032470703
1613538000,43.34333038330078,77.18396759033203,40.98019790649414
1613624400,42.662635803222656,76.44369506835938,39.59370422363281
1613710800,42.94967269897461,77.08743286132812,40.19977951049805
1613970000,44.532508850097656,79.1715087890625,42.242156982421875
1614056400,45.14759826660156,80.1692886352539,43.25502395629883
1614142800,46.50079345703125,83.1304702758789,45.38872528076172
1614229200,45.72987747192383,82.35800170898438,44.02714538574219
1614315600,44.58992385864258,80.46702575683594,43.18030548095703
1614574800,46.2547607421875,82.11660766601562,43.67844772338867
1614661200,45.98411178588867,82.43042755126953,43.40446090698242
1614747600,46.353172302246094,83.35580444335938,44.5501823425293
1614834000,48.14923858642578,84.08805847167969,46.17743682861328
1614920400,49.969905853271484,87.70907592773438,48.43564987182617
1615179600,49.92069625854492,88.31255340576172,48.80095672607422
1615266000,49.149776458740234,88.11138916015625,48.07035446166992
1615352400,50.65879440307617,89.61612701416016,49.33230209350586
1615438800,50.281551361083984,89.47127532958984,49.672706604003906
1615525200,50.82283020019531,89.76901245117188,49.141357421875
1615780800,49.527042388916016,88.71488952636719,48.28622055053711
1615867200,48.47728729248047,86.61471557617188,46.974464416503906
1615953600,48.690521240234375,86.92852020263672,47.18202209472656
1616040000,46.59100341796875,83.78227233886719,44.31771469116211
1616126400,46.32857131958008,83.18680572509766,43.670143127441406
1616385600,45.85289764404297,82.51089477539062,43.371253967285156
1616472000,45.287017822265625,82.0522232055664,42.93123245239258
1616558400,46.20555114746094,84.24897766113281,44.176578521728516
1616644800,46.0743293762207,84.54669189453125,44.475460052490234
1616731200,47.32911682128906,86.48596954345703,45.695899963378906
1616990400,47.07488250732422,86.03534698486328,44.699615478515625
1617076800,46.492591857910156,85.23873138427734,44.35923385620117
1617163200,45.787288665771484,84.32140350341797,43.977317810058594
1617249600,47.06668472290039,85.09388732910156,44.84906768798828
1617595200,46.33677291870117,84.09610748291016,43.346351623535156
1617681600,46.20555114746094,83.3477554321289,43.65354537963867
1617768000,46.410587310791016,83.83861541748047,43.48749542236328
1617854400,45.92670822143555,82.89713287353516,42.54103469848633
1617940800,45.82009506225586,82.8166732788086,42.5327262878418
1618200000,45.51664733886719,81.89932250976562,42.22554016113281
1618286400,45.688865661621094,82.26948547363281,42.167423248291016
1618372800,47.0092658996582,83.90296936035156,43.74485778808594
1618459200,46.73042678833008,83.21898651123047,43.08897399902344
1618545600,46.46799087524414,82.84884643554688,42.41649627685547
1618804800,46.32036590576172,83.09026336669922,42.25043869018555
1618891200,45.34443283081055,81.53724670410156,40.39072799682617
1618977600,45.92670822143555,82.66378021240234,41.54475021362305
1619064000,45.328025817871094,81.23147583007812,41.063209533691406
1619150400,45.574066162109375,81.71427154541016,41.27907180786133
1619409600,45.66427230834961,81.69011688232422,41.71909713745117
1619496000,46.26295471191406,82.63964080810547,42.590843200683594
1619582400,47.657169342041016,84.66740417480469,44.03544616699219
1619668800,48.33785629272461,86.01924896240234,44.110164642333984
1619755200,46.943668365478516,82.93736267089844,42.458003997802734
1620014400,48.23945236206055,84.9168472290039,43.78636932373047
1620100800,48.542884826660156,85.38356018066406,43.645225524902344
1620187200,50.00270462036133,87.67686462402344,46.027992248535156
1620273600,50.478370666503906,87.72516632080078,46.24385452270508
1620360000,51.20008087158203,88.52981567382812,47.40616989135742
1620619200,51.323097229003906,88.16771697998047,47.32315444946289
1620705600,49.69106674194336,85.85830688476562,46.26046371459961
1620792000,49.95733642578125,86.39744567871094,46.23554611206055
1620878400,49.341590881347656,85.84220886230469,45.38212966918945
1620964800,50.564735412597656,88.08726501464844,47.28977966308594
1621224000,51.74626922607422,89.16549682617188,48.77908706665039
1621310400,50.28183364868164,86.4857406616211,47.93403625488281
1621396800,49.0753288269043,84.0584716796875,46.503292083740234
1621483200,48.95884704589844,84.3516845703125,46.34432601928711
1621569600,49.0254020690918,84.80782318115234,46.56186294555664
1621828800,49.59953308105469,86.0133056640625,46.93836975097656
1621915200,48.47624206542969,84.60420989990234,45.91761016845703
1622001600,49.04204177856445,84.80782318115234,46.369422912597656
1622088000,48.725860595703125,83.9037094116211,46.461456298828125
1622174400,48.567771911621094,84.5390396118164,46.63716506958008
1622520000,50.306785583496094,86.86856842041016,48.75399398803711
1622606400,50.7061882019043,88.03333282470703,49.356414794921875
1622692800,50.9058837890625,87.63421630859375,49.75802993774414
1622779200,51.13054656982422,88.33470153808594,50.07597351074219
1623038400,50.79771041870117,87.76454162597656,50.042503356933594
1623124800,51.69634246826172,88.5627670288086,50.594722747802734
1623211200,52.1290168762207,87.78897094726562,49.93373107910156
1623297600,52.212223052978516,88.30213165283203,50.34369659423828
1623384000,51.72962188720703,87.89486694335938,50.176368713378906
1623643200,51.64641571044922,87.9437255859375,50.46084213256836
1623729600,53.52688980102539,89.841552734375,51.180397033691406
1623816000,53.335506439208984,89.32842254638672,51.14692687988281
1623902400,51.57986068725586,87.21066284179688,49.37314224243164
1623988800,50.25687026977539,83.92000579833984,48.13484191894531
1624248000,52.07909393310547,86.37986755371094,50.577980041503906
1624334400,53.07758712768555,86.66493225097656,50.862457275390625
1624420800,53.468650817871094,86.55905151367188,50.83735275268555
1624507200,53.68497848510742,87.2676773071289,51.36447525024414
1624593600,53.80147933959961,87.39799499511719,51.29752731323242
1624852800,52.42856216430664,84.7019271850586,49.858421325683594
1624939200,52.10405349731445,84.51457977294922,49.40660858154297
1625025600,52.486812591552734,85.3128433227539,50.95449447631836
1625112000,52.63658905029297,86.51018524169922,52.611141204833984
1625198400,52.56169509887695,86.39615631103516,52.50236511230469
1625544000,51.063968658447266,84.7019271850586,50.43574142456055
1625630400,50.26518630981445,83.83856201171875,49.37314224243164
1625716800,50.040531158447266,83.56975555419922,49.54047775268555
1625803200,50.947479248046875,84.76708984375,50.310237884521484
1626062400,50.897560119628906,84.93815612792969,50.03412628173828
1626148800,50.6562614440918,84.65306091308594,49.74965286254883
1626235200,49.53296661376953,83.0566177368164,48.25197219848633
1626321600,49.050376892089844,82.51089477539062,47.75832748413086
1626408000,47.694095611572266,80.32795715332031,46.43635559082031
1626667200,46.054927825927734,78.16133880615234,44.93031311035156
1626753600,46.56248474121094,78.62561798095703,45.57456588745117
1626840000,48.06020736694336,81.30542755126953,47.7081298828125
1626926400,47.51936721801758,80.49088287353516,47.415283203125
1627012800,47.461124420166016,80.52345275878906,46.65650939941406
1627272000,48.6593017578125,82.22579956054688,47.94643020629883
1627358400,48.11846160888672,81.94886779785156,47.49116516113281
1627444800,48.442962646484375,82.41313171386719,47.81997299194336
1627531200,49.033729553222656,83.54532623291016,48.123477935791016
1627617600,47.90211868286133,82.92630004882812,47.263526916503906
1627876800,47.91044235229492,82.77967834472656,46.69023132324219
1627963200,48.426326751708984,83.56975555419922,47.75251770019531
1628049600,47.29470443725586,81.69635772705078,46.31084060668945
1628136000,47.59425735473633,82.45387268066406,47.17079162597656
1628222400,48.14341735839844,83.04031372070312,47.63448715209961
1628481600,47.59425735473633,81.6556396484375,46.749244689941406
1628568000,48.4096794128418,83.14619445800781,47.61763000488281
1628654400,48.55112838745117,83.77338409423828,48.21621322631836
1628740800,48.441322326660156,83.60232543945312,48.08976364135742
1628827200,47.951419830322266,83.04846954345703,47.187652587890625
1629086400,47.2503547668457,82.20137786865234,46.20966720581055
1629172800,46.92938995361328,82.04661560058594,45.96517562866211
1629259200,45.94112777709961,79.82599639892578,45.13050842285156
1629345600,44.53898620605469,77.8365478515625,44.211544036865234
1629432000,44.54743576049805,77.84481811523438,44.48977279663086
1629691200,46.38035583496094,79.85076904296875,46.19281005859375
1629777600,46.76044845581055,80.7670669555664,46.71552276611328
1629864000,46.844905853271484,81.32015991210938,47.22981262207031
1629950400,46.21141815185547,80.2552719116211,46.479461669921875
1630036800,47.10676193237305,81.4274673461914,47.83683395385742
1630296000,46.591522216796875,81.22109985351562,47.381561279296875
1630382400,46.05093765258789,79.88377380371094,46.81669235229492
1630468800,45.41743469238281,79.00875854492188,46.07476806640625
1630555200,46.52394485473633,80.6597671508789,47.718788146972656
1630641600,46.3465576171875,80.4781494140625,47.415287017822266
1630987200,46.076271057128906,80.1231918334961,47.19606399536133
1631073600,45.65393829345703,79.57008361816406,46.605918884277344
1631160000,45.68772506713867,79.24816131591797,46.858848571777344
1631246400,45.594818115234375,79.30595397949219,46.98530578613281
1631505600,46.768890380859375,80.8743896484375,48.55345153808594
1631592000,46.10161209106445,79.41325378417969,48.00544738769531
1631678400,47.65578842163086,81.09727478027344,50.011993408203125
1631764800,47.148990631103516,80.33781433105469,49.936119079589844
1631851200,46.591522216796875,79.87555694580078,49.67476272583008
1632110400,45.34986114501953,78.24102020263672,48.11504364013672
1632196800,45.30763626098633,78.298828125,50.020423889160156
1632283200,46.63374710083008,80.60198211669922,52.49067306518555
1632369600,48.2132682800293,82.59968566894531,53.71316146850586
1632456000,48.64404296875,83.04545593261719,54.8176155090332
1632715200,50.088417053222656,85.00189971923828,56.2424201965332
1632801600,50.61210632324219,85.3238525390625,57.16139221191406
1632888000,50.57832336425781,85.29907989501953,57.36371612548828
1632974400,49.6829833984375,83.74713134765625,57.13608932495117
1633060800,51.465206146240234,86.12458038330078,59.10049057006836
1633320000,52.13249969482422,86.446533203125,60.272377014160156
1633406400,52.04803466796875,87.38760375976562,60.4747428894043
1633492800,51.09355926513672,86.619873046875,60.542171478271484
1633579200,51.23715591430664,87.23900604248047,60.28923416137695
1633665600,52.52103805541992,89.19544982910156,63.16416549682617
1633924800,51.997344970703125,88.43598175048828,62.36325454711914
1634011200,51.72705078125,88.4525146484375,61.89109420776367
1634097600,51.583457946777344,88.98081970214844,61.739349365234375
1634184000,52.36899948120117,89.82281494140625,62.2620735168457
1634270400,52.86734390258789,90.48323822021484,62.506553649902344
1634529600,52.842002868652344,90.44196319580078,62.81008529663086
1634616000,53.6359977722168,92.2085189819336,63.50141525268555
1634702400,53.931617736816406,93.41375732421875,64.09158325195312
1634788800,52.951812744140625,92.24154663085938,62.88595962524414
1634875200,53.31502151489258,93.11656951904297,63.83863067626953
1635134400,54.35395812988281,93.98335266113281,64.51311492919922
1635220800,55.61249542236328,94.18973541259766,64.94308471679688
1635307200,54.168128967285156,92.51395416259766,63.12803268432617
1635393600,54.320167541503906,93.38074493408203,63.73870849609375
1635480000,54.455318450927734,94.51168060302734,63.178932189941406
1635739200,55.43511962890625,94.54468536376953,63.263736724853516
1635825600,54.750946044921875,93.96685791015625,61.94062042236328
1635912000,53.99919509887695,93.28993225097656,61.69465637207031
1635998400,54.40464401245117,93.70268249511719,62.1781005859375
1636084800,54.91987228393555,94.7180404663086,63.993167877197266
1636347600,55.511138916015625,95.0565185546875,64.4002685546875
1636434000,56.051727294921875,95.75819396972656,64.24761962890625
1636520400,54.947471618652344,94.23101043701172,61.9151725769043
1636606800,55.05018615722656,94.2392578125,61.185768127441406
1636693200,54.6307487487793,94.29705047607422,61.372352600097656
1636952400,55.1015510559082,96.43508911132812,61.677696228027344
1637038800,55.65795135498047,96.81482696533203,61.609840393066406
1637125200,55.05018615722656,96.38059997558594,61.04158020019531
1637211600,54.45098114013672,95.57061767578125,61.677696228027344
1637298000,51.93430709838867,93.44962310791016,59.03994369506836
1637557200,52.65334701538086,95.11968231201172,60.97373962402344
1637643600,54.04010009765625,97.11546325683594,62.576751708984375
1637730000,54.339698791503906,97.858642578125,63.467315673828125
1637902800,52.430789947509766,95.62071990966797,60.62600326538086
1638162000,52.72183609008789,95.90463256835938,61.19425964355469
1638248400,51.22380828857422,94.25125122070312,59.48098373413086
1638334800,51.18101119995117,93.60826873779297,58.692195892333984
1638421200,52.456478118896484,96.14679718017578,60.43940734863281
1638507600,52.122623443603516,95.53721618652344,60.31217575073242
1638766800,52.71327590942383,97.03194427490234,61.7540283203125
1638853200,53.30392074584961,98.46821594238281,63.246788024902344
1638939600,53.45801544189453,98.91079711914062,62.856651306152344
1639026000,53.594966888427734,98.65191650390625,61.533512115478516
1639112400,53.93736267089844,98.81892395019531,62.33076858520508
1639371600,52.756080627441406,96.76473236083984,60.23585891723633
1639458000,52.67903137207031,97.04863739013672,59.94747543334961
1639544400,52.447914123535156,96.49751281738281,59.972900390625
1639630800,52.53351593017578,97.39936065673828,60.81258773803711
1639717200,51.38645553588867,94.8608169555664,58.19179916381836
1639976400,50.641719818115234,94.90258026123047,58.18330764770508
1640062800,51.788780212402344,96.42237091064453,59.94747543334961
1640149200,52.20822525024414,96.9734878540039,60.28672409057617
1640235600,52.23391342163086,97.20731353759766,60.380027770996094
1640581200,52.978641510009766,99.1947021484375,62.093292236328125
1640667600,52.80742645263672,99.00263977050781,62.0169563293457
1640754000,52.34519958496094,98.49327087402344,61.84734344482422
1640840400,52.03702163696289,98.05906677246094,61.304508209228516
1640926800,52.37942123413086,97.99224090576172,61.38956069946289
1641186000,54.39106369018555,99.58716583251953,62.741878509521484
1641272400,56.43692398071289,101.39923095703125,65.4634780883789
1641358800,57.138858795166016,102.05889129638672,64.34082794189453
1641445200,58.4827995300293,102.9273452758789,66.75627136230469
1641531600,58.962162017822266,104.40536499023438,68.5848617553711
1641790800,58.611202239990234,104.47216796875,68.91654205322266
1641877200,61.07651901245117,106.86039733886719,71.09384155273438
1641963600,60.89674758911133,106.32597351074219,71.78276062011719
1642050000,60.46019744873047,105.8833999633789,71.11934661865234
1642136400,61.52164840698242,107.68708801269531,73.77294158935547
1642482000,62.55742263793945,108.03780364990234,74.42784118652344
1642568400,62.58310317993164,107.64533996582031,74.23221588134766
1642654800,62.7200813293457,107.26121520996094,72.82888793945312
1642741200,61.77845764160156,105.97525024414062,70.35389709472656
1643000400,62.309165954589844,106.2007064819336,70.60903930664062
1643086800,64.14105224609375,110.71827697753906,74.0876235961914
1643173200,63.490474700927734,110.8017807006836,74.04510498046875
1643259600,64.30368041992188,113.03971099853516,76.25641632080078
1643346000,64.4406509399414,109.06492614746094,75.8822021484375
1643605200,65.02273559570312,109.66612243652344,75.37188720703125
1643691600,69.19152069091797,112.55537414550781,77.8553695678711
1643778000,69.01175689697266,113.0730972290039,78.42520141601562
1643864400,68.20712280273438,112.06269836425781,77.28553771972656
1643950800,69.68801879882812,113.465576171875,78.13604736328125
1644210000,70.52689361572266,115.69514465332031,79.04608154296875
1644296400,68.7035903930664,113.93321228027344,77.67677307128906
1644382800,68.37467956542969,115.06048583984375,79.05458068847656
1644469200,67.7169189453125,113.59916687011719,78.1700668334961
1644555600,69.4219741821289,115.9122543334961,79.93946075439453
1644814800,68.35740661621094,114.12525177001953,78.25554656982422
1644901200,67.50055694580078,113.28987884521484,76.6570816040039
1644987600,67.81214141845703,113.32366180419922,77.1101303100586
1645074000,67.70828247070312,112.74140167236328,77.92218780517578
1645160400,66.95529174804688,112.58111572265625,76.61434936523438
1645506000,66.17633819580078,111.72040557861328,75.07573699951172
1645592400,66.44462585449219,114.37840270996094,75.41763305664062
1645678800,65.60511016845703,113.78773498535156,74.99024963378906
1645765200,67.37071228027344,118.45401763916016,78.0162124633789
1646024400,67.87269592285156,121.50860595703125,81.08486938476562
1646110800,68.52184295654297,126.335205078125,82.87991333007812
1646197200,69.69892883300781,130.06483459472656,83.8031005859375
1646283600,70.14032745361328,131.81996154785156,83.26457214355469
1646370000,72.78011322021484,133.8704071044922,85.70924377441406
1646629200,75.402587890625,136.73092651367188,86.56403350830078
1646715600,75.97380828857422,143.89483642578125,84.45272827148438
1646802000,71.65497589111328,140.30023193359375,82.23885345458984
1646888400,73.87930297851562,144.13958740234375,85.23912811279297
1646974800,73.49848175048828,144.20706176757812,84.11936950683594
1647230400,70.86736297607422,140.679931640625,82.52945709228516
1647316800,66.83411407470703,133.55819702148438,81.24728393554688
1647403200,66.58311462402344,133.07725524902344,81.0506820678711
1647489600,68.35740661621094,135.38084411621094,84.47836303710938
1647576000,68.0890884399414,136.46932983398438,85.13655090332031
1647835200,71.1443099975586,138.9248504638672,87.83768463134766
1647921600,70.83273315429688,138.4607391357422,86.99142456054688
1648008000,71.94923400878906,139.9542999267578,89.21387481689453
1648094400,72.16560363769531,140.32554626464844,89.35919189453125
1648180800,73.74082946777344,142.86538696289062,91.88934326171875
1648440000,71.67227172851562,140.3677520751953,88.47021484375
1648526400,71.29145812988281,138.65481567382812,86.06826782226562
1648612800,72.51181030273438,139.6336212158203,86.67699432373047
1648699200,71.48185729980469,137.39752197265625,85.7339096069336
1648785600,71.94055938720703,138.57046508789062,86.23115539550781
1649044800,71.9751968383789,138.6969757080078,86.20545959472656
1649131200,71.60304260253906,137.84475708007812,84.06209564208984
1649217600,72.39929962158203,139.0682830810547,83.62484741210938
1649304000,73.61099243164062,141.00062561035156,85.69962310791016
1649390400,75.16024780273438,143.3885955810547,88.34877014160156
1649649600,72.5723876953125,139.7011260986328,84.00208282470703
1649736000,74.08700561523438,142.61227416992188,85.7339096069336
1649822400,75.13427734375,144.85684204101562,85.93109893798828
1649908800,76.01709747314453,144.78927612304688,86.90845489501953
1650254400,76.64026641845703,146.73004150390625,88.70887756347656
1650340800,75.9565200805664,144.99180603027344,87.07134246826172
1650427200,76.12960815429688,145.5824737548828,88.02299499511719
1650513600,75.32469940185547,138.87420654296875,84.59363555908203
1650600000,73.68022918701172,135.81117248535156,82.3131103515625
1650859200,71.19624328613281,132.89158630371094,78.58370971679688
1650945600,71.22221374511719,132.08154296875,78.29219055175781
1651032000,73.25614166259766,131.8368377685547,79.78396606445312
1651118400,75.4718246459961,136.51998901367188,83.63343811035156
1651204800,73.7840805053711,132.1996612548828,81.89302062988281
1651464000,74.78807067871094,134.7986297607422,82.23594665527344
1651550400,76.32866668701172,137.11061096191406,84.81656646728516
1651636800,79.36658477783203,141.41403198242188,89.04324340820312
1651723200,78.16352081298828,140.2917938232422,88.18588256835938
1651809600,79.3579330444336,144.02989196777344,92.32685089111328
1652068800,73.10034942626953,134.376708984375,83.33335876464844
1652155200,73.58503723144531,135.66770935058594,84.01922607421875
1652241600,75.11697387695312,137.67599487304688,84.9108657836914
1652328000,75.45796966552734,138.98388671875,85.3909683227539
1652414400,77.69635009765625,141.65032958984375,88.228759765625
1652673600,79.52378845214844,145.9875030517578,90.85540008544922
1652760000,80.53804779052734,146.8481903076172,92.16439056396484
1652846400,79.26148223876953,142.977294921875,89.97699737548828
1652932800,79.6899185180664,141.9563751220703,90.08892822265625
1653019200,80.31945037841797,142.77313232421875,90.4420166015625
1653278400,82.09442138671875,146.09103393554688,93.88677215576172
1653364800,82.54035186767578,146.8737030029297,94.28292083740234
1653451200,84.20165252685547,149.23031616210938,95.76416015625
1653537600,84.49896240234375,150.23419189453125,97.44348907470703
1653624000,85.32958984375,151.67198181152344,98.69219207763672
1653969600,83.93934631347656,148.5922393798828,96.76314544677734
1654056000,85.54818725585938,150.00448608398438,99.68257904052734
1654142400,85.39952850341797,149.7322540283203,99.00224304199219
1654228800,86.64114379882812,151.09344482421875,101.72358703613281
1654488000,86.42255401611328,150.43836975097656,101.0863037109375
1654574400,90.38343811035156,153.3053741455078,105.67645263671875
1654660800,91.45015716552734,154.09661865234375,104.9444351196289
1654747200,89.47410583496094,151.02540588378906,102.1025161743164
1654833600,87.83902740478516,149.22178649902344,100.61266326904297
1655092800,83.80818939208984,142.3562469482422,96.24642181396484
1655179200,84.02678680419922,142.54342651367188,96.01390075683594
1655265600,82.96879577636719,139.74441528320312,94.15374755859375
1655352000,79.90850830078125,132.27481079101562,88.20292663574219
1655438400,75.30057525634766,126.2344970703125,80.72782135009766
1655784000,79.98721313476562,131.51766967773438,85.4988021850586
1655870400,76.82198333740234,125.80062103271484,80.14220428466797
1655956800,74.5049057006836,121.17252349853516,75.68985748291016
1656043200,75.98260498046875,123.16327667236328,78.2906494140625
1656302400,77.84497833251953,125.54541778564453,80.04376983642578
1656388800,80.00469207763672,127.56168365478516,82.638671875
1656475200,77.04932403564453,125.04346466064453,79.37547302246094
1656561600,74.88089752197266,123.17179107666016,77.94349670410156
1656648000,76.55094909667969,124.6435775756836,78.95890808105469
1656993600,74.1551513671875,121.3681869506836,73.45661163330078
1657080000,72.81737518310547,119.76880645751953,72.32835388183594
1657166400,75.14320373535156,122.09983825683594,74.94066619873047
1657252800,75.26561737060547,121.46178436279297,75.0361328125
1657512000,74.88089752197266,120.38980865478516,74.24636840820312
1657598400,73.88410949707031,118.18639373779297,72.42383575439453
1657684800,74.18138122558594,117.39518737792969,72.12876892089844
1657771200,72.69496154785156,115.65116882324219,70.82695007324219
1657857600,73.9190902709961,117.10594177246094,71.93782806396484
1658116800,75.2831039428711,118.74788665771484,73.82978057861328
1658203200,77.18047332763672,123.02716064453125,76.78922271728516
1658289600,78.02861785888672,124.6521224975586,78.72459411621094
1658376000,76.72579956054688,123.69925689697266,77.17977142333984
1658462400,76.13997650146484,122.66988372802734,76.48548126220703
1658721600,78.6756591796875,126.31958770751953,79.88754272460938
1658808000,78.36962127685547,125.33273315429688,79.05435943603516
1658894400,80.06590270996094,126.98314666748047,80.94633483886719
1658980800,81.00147247314453,127.94449615478516,81.63194274902344
1659067200,84.75251007080078,139.3360595703125,84.55667114257812
1659326400,82.61032104492188,136.55409240722656,82.53453063964844
1659412800,82.25181579589844,135.38858032226562,82.19607543945312
1659499200,79.58499145507812,132.1727294921875,79.25397491455078
1659585600,76.2361831665039,128.58258056640625,78.00426483154297
1659672000,77.33786010742188,130.70947265625,80.58181762695312
1659931200,77.77503967285156,130.51377868652344,81.25875091552734
1660017600,79.2090072631836,132.2152862548828,82.890380859375
1660104000,79.96096801757812,132.56407165527344,83.29826354980469
1660190400,82.27408599853516,135.7969512939453,87.09954071044922
1660276800,82.98919677734375,135.9926300048828,89.17375183105469
1660536000,81.50598907470703,133.4063262939453,87.8486557006836
1660622400,80.74671936035156,133.06602478027344,87.26457214355469
1660708800,81.40003204345703,134.16351318359375,88.36299896240234
1660795200,83.32467651367188,136.5157470703125,91.43162536621094
1660881600,83.0598373413086,135.37393188476562,91.6583023071289
1661140800,82.9980239868164,134.69577026367188,91.74546813964844
1661227200,86.52064514160156,139.06544494628906,94.54387664794922
1661313600,87.03272247314453,140.09561157226562,96.34844970703125
1661400000,87.48297119140625,141.32322692871094,97.70841217041016
1661486400,86.40586853027344,140.28445434570312,97.74330139160156
1661745600,88.39232635498047,141.33180236816406,98.87659454345703
1661832000,85.02861022949219,137.8892822265625,96.33100891113281
1661918400,84.39295959472656,135.69158935546875,95.41565704345703
1662004800,82.87442016601562,133.52822875976562,93.74185180664062
1662091200,84.39295959472656,135.51132202148438,96.12178802490234
1662436800,83.82791900634766,134.88461303710938,94.70081329345703
1662523200,83.11278533935547,133.15907287597656,93.07057189941406
1662609600,83.7926025390625,133.8801727294922,94.43054962158203
1662696000,85.19635772705078,137.33128356933594,97.61251831054688
1662955200,86.17632293701172,139.5032501220703,99.72222137451172
1663041600,84.16340637207031,136.85055541992188,97.92634582519531
1663128000,86.22931671142578,140.1642608642578,102.61652374267578
1663214400,83.72196197509766,137.8892822265625,100.74219512939453
1663300800,82.2917251586914,134.30943298339844,98.623779296875
1663560000,82.28289031982422,134.69577026367188,98.3971176147461
1663646400,81.61192321777344,134.1634979248047,97.69970703125
1663732800,80.29645538330078,133.0732421875,96.8453598022461
1663819200,79.96097564697266,132.97018432617188,95.94745635986328
1663905600,75.70558166503906,124.28236389160156,87.69173431396484
1664164800,74.14289855957031,121.01154327392578,86.47997283935547
1664251200,75.69673156738281,121.06307220458984,86.09640502929688
1664337600,78.45127868652344,125.1494369506836,91.08390808105469
1664424000,78.2923583984375,124.28236389160156,91.66754150390625
1664510400,77.08283233642578,123.33805847167969,90.500244140625
1664769600,81.15282440185547,130.2574005126953,97.2475357055664
1664856000,84.11042022705078,135.32244873046875,102.2438735961914
1664942400,87.50946044921875,136.09507751464844,102.51801300048828
1665028800,90.10507202148438,138.57611083984375,104.03902435302734
1665115200,89.19572448730469,137.3828125,104.79953002929688
1665374400,87.26226043701172,134.9018096923828,103.28738403320312
1665460800,86.52064514160156,134.92755126953125,102.2085189819336
1665547200,86.90027618408203,135.33103942871094,102.84522247314453
1665633600,89.93732452392578,141.8898162841797,108.54016876220703
1665720000,87.57125854492188,137.4772491455078,104.31317901611328
1665979200,88.83374786376953,138.4816436767578,104.6668930053711
1666065600,88.99266052246094,139.692138671875,104.25126647949219
1666152000,91.6324234008789,144.2248992919922,107.09874725341797
1666238400,91.75602722167969,145.04904174804688,107.7177734375
1666324800,93.45995330810547,148.68043518066406,110.08769989013672
1666584000,94.11328125,148.62890625,110.66252136230469
1666670400,93.47763061523438,150.17417907714844,109.60135650634766
1666756800,94.59001159667969,152.02850341796875,111.92707824707031
1666843200,94.95199584960938,152.72386169433594,111.98897552490234
1666929600,97.73301696777344,154.50949096679688,112.4576644897461
1667188800,97.83013153076172,155.29930114746094,111.50261688232422
1667275200,98.80130004882812,156.4324951171875,112.99708557128906
1667361600,96.77069854736328,153.2389678955078,111.87403106689453
1667448000,98.086181640625,155.4967803955078,118.33834075927734
1667534400,99.1544189453125,157.46270751953125,117.01187896728516
1667797200,100.32864379882812,159.3427734375,119.32875061035156
1667883600,100.64646911621094,159.1109619140625,118.88658905029297
1667970000,96.14385223388672,152.74961853027344,110.76863098144531
1668056400,97.55644989013672,155.6427001953125,114.48274230957031
1668142800,100.60232543945312,160.0724639892578,118.46212768554688
1668402000,100.89601135253906,160.1497344970703,118.08929443359375
1668488400,101.57237243652344,161.43746948242188,119.03022003173828
1668574800,100.48663330078125,158.81051635742188,114.7249526977539
1668661200,100.6201171875,159.26031494140625,116.45594024658203
1668747600,99.7479476928711,158.30873107910156,114.14795684814453
1669006800,98.76009368896484,156.79476928710938,111.39611053466797
1669093200,101.61688995361328,160.8175811767578,115.38182830810547
1669179600,101.10961151123047,159.39015197753906,112.5057144165039
1669352400,100.75361633300781,158.9229278564453,112.56787109375
1669611600,97.72771453857422,154.30320739746094,109.93142700195312
1669698000,98.37738800048828,156.61306762695312,110.29537200927734
1669784400,99.08936309814453,158.58555603027344,109.63851165771484
1669870800,98.60879516601562,157.8761749267578,109.23904418945312
1669957200,97.772216796875,156.61306762695312,108.45785522460938
1670216400,95.09341430664062,152.7459716796875,105.96346282958984
1670302800,92.45020294189453,148.80967712402344,102.62574768066406
1670389200,92.24549102783203,149.25088500976562,101.97773742675781
1670475600,92.93077850341797,150.13331604003906,99.95380401611328
1670562000,92.1476058959961,145.34054565429688,97.66355895996094
1670821200,94.41702270507812,146.85452270507812,99.22589111328125
1670907600,95.44938659667969,150.1246337890625,100.6728286743164
1670994000,94.74630737304688,149.08656311035156,100.1934814453125
1671080400,93.83855438232422,147.97047424316406,99.90943145751953
1671166800,93.1799545288086,145.9634552001953,98.03640747070312
1671426000,93.59825134277344,146.9669647216797,98.03640747070312
1671512400,94.95100402832031,149.38067626953125,99.9981918334961
1671598800,96.17025756835938,151.13685607910156,103.22049713134766
1671685200,94.23013305664062,148.87025451660156,100.2201156616211
1671771600,96.72205352783203,153.47268676757812,104.55227661132812
1672117200,98.06591033935547,155.4019012451172,105.8206558227539
1672203600,96.4550552368164,153.10931396484375,102.99806213378906
1672290000,97.18482971191406,154.26861572265625,103.96273803710938
1672376400,98.16381072998047,155.2808074951172,105.40082550048828
1672722000,94.79080963134766,150.5226287841797,101.04188537597656
1672808400,95.06670379638672,148.9221649169922,101.23839569091797
1672894800,97.19374084472656,151.60403442382812,104.30215454101562
1672981200,98.36849975585938,152.7459716796875,105.60627746582031
1673240400,96.53514862060547,151.5521240234375,104.82917022705078
1673326800,97.97691345214844,152.29612731933594,105.4722900390625
1673413200,99.1160659790039,151.56942749023438,105.61522674560547
1673499600,100.76252746582031,153.1958465576172,107.33021545410156
1673586000,100.70022583007812,153.6111297607422,108.50031280517578
1673931600,100.50440979003906,156.1459197998047,107.40165710449219
1674018000,98.439697265625,153.32562255859375,105.89212036132812
1674104400,99.07157135009766,154.85691833496094,106.86573791503906
1674190800,100.87821197509766,156.5006103515625,108.79510498046875
1674450000,100.3531494140625,156.29298400878906,107.30341339111328
1674536400,101.28759002685547,156.4400634765625,106.12435150146484
1674622800,100.75361633300781,154.92608642578125,107.51776885986328
1674709200,104.8030014038086,162.46131896972656,111.3407974243164
1674795600,102.88953399658203,155.2462158203125,110.41183471679688
1675054800,101.06510925292969,150.70431518554688,107.66070556640625
1675141200,103.24555206298828,150.548583984375,108.85762786865234
1675227600,102.11526489257812,148.2473602294922,105.13287353515625
1675314000,98.9202880859375,146.21432495117188,99.41620635986328
1675400400,99.60554504394531,146.594970703125,96.56682586669922
1675659600,99.43647003173828,146.7593231201172,96.0130386352539
1675746000,102.27546691894531,150.609130859375,100.0593490600586
1675832400,101.38549041748047,147.07080078125,98.96067810058594
1675918800,101.7681884765625,145.72120666503906,98.19247436523438
1676005200,106.05784606933594,148.7751007080078,102.77474212646484
1676264400,105.64532470703125,147.94454956054688,100.76502990722656
1676350800,104.4076919555664,149.07789611816406,101.87755584716797
1676437200,104.09380340576172,147.5068817138672,100.17284393310547
1676523600,103.78888702392578,145.37733459472656,97.22105407714844
1676610000,99.79805755615234,142.13063049316406,93.41691589355469
1676955600,99.69940185546875,140.5159912109375,94.4845962524414
1677042000,98.4079818725586,139.94869995117188,93.38101959228516
1677128400,99.31375885009766,141.32765197753906,94.59223175048828
1677214800,99.3227310180664,141.74659729003906,94.43075561523438
1677474000,99.14337921142578,142.10446166992188,94.9780502319336
1677560400,98.56941223144531,140.31527709960938,92.72605895996094
1677646800,99.44828796386719,141.43240356445312,95.32795715332031
1677733200,99.9056625366211,141.87750244140625,97.19413757324219
1677819600,101.17018127441406,143.97218322753906,97.47228240966797
1678078800,102.0669937133789,145.02818298339844,98.29769897460938
1678165200,100.093994140625,143.1604766845703,96.58405303955078
1678251600,98.63218688964844,142.25283813476562,96.20720672607422
1678338000,97.86988830566406,140.08831787109375,94.93317413330078
1678424400,96.65918731689453,139.35523986816406,93.50662231445312
1678680000,95.54711151123047,138.5173797607422,90.33052062988281
1678766400,95.90585327148438,140.30653381347656,90.94063568115234
1678852800,91.13477325439453,134.23202514648438,85.44972229003906
1678939200,90.60564422607422,134.6597137451172,86.49047088623047
1679025600,89.5384292602539,132.95777893066406,84.6871109008789
1679284800,91.87913513183594,134.91282653808594,86.27515411376953
1679371200,95.99552917480469,139.041015625,89.46023559570312
1679457600,93.79830932617188,136.21324157714844,88.25796508789062
1679544000,92.74007415771484,134.86045837402344,86.50843811035156
1679630400,92.84770202636719,136.20449829101562,85.6202163696289
1679889600,94.88346862792969,137.59219360351562,87.45947265625
1679976000,96.0672836303711,139.1981201171875,88.40738677978516
1680062400,97.71742248535156,140.39381408691406,90.05040740966797
1680148800,98.19273376464844,141.72915649414062,89.5990219116211
1680235200,98.34520721435547,142.4011993408203,89.5628890991211
1680494400,104.14762115478516,148.32728576660156,97.87732696533203
1680580800,103.15215301513672,147.5330810546875,95.9634780883789
1680667200,104.91889190673828,148.26617431640625,97.2724838256836
1680753600,103.1790542602539,146.31991577148438,95.9273681640625
1681099200,102.7216796875,146.8784637451172,95.64750671386719
1681185600,103.44808197021484,147.69017028808594,96.3697280883789
1681272000,103.34048461914062,148.21383666992188,97.07389068603516
1681358400,103.82476043701172,150.19500732421875,98.43704223632812
1681444800,104.07587432861328,150.50047302246094,97.94955444335938
1681704000,102.86517333984375,149.1738739013672,95.34059143066406
1681790400,104.87403869628906,148.8247528076172,94.7447509765625
1681876800,104.5422134399414,148.9644012451172,95.02460479736328
1681963200,103.70816802978516,148.24000549316406,93.68852233886719
1682049600,104.04000854492188,147.60289001464844,92.31633758544922
1682308800,106.00404357910156,149.66261291503906,93.5711669921875
1682395200,104.49736785888672,147.48944091796875,92.16284942626953
1682481600,103.53778076171875,144.86239624023438,90.70037841796875
1682568000,104.775390625,145.708984375,91.386474609375
1682654400,106.12958526611328,147.13160705566406,92.88506317138672
1682913600,102.83826446533203,145.96209716796875,92.5600814819336
1683000000,98.73979187011719,139.6781463623047,89.04833984375
1683086400,96.79371643066406,136.8765411376953,86.74629211425781
1683172800,95.09870910644531,136.34417724609375,87.8927993774414
1683259200,97.46631622314453,139.82647705078125,90.61011505126953
1683518400,97.85194396972656,139.2766571044922,91.08859252929688
1683604800,97.87884521484375,138.8751983642578,91.65731048583984
1683691200,96.62329864501953,137.1034698486328,90.70037841796875
1683777600,94.87450408935547,136.34417724609375,90.17678833007812
1683864000,94.86553955078125,136.69329833984375,89.76151275634766
1684123200,95.04645538330078,137.199462890625,91.0046615600586
1684209600,92.7397232055664,133.9789276123047,88.9902114868164
1684296000,94.8202896118164,135.89901733398438,91.38578033447266
1684382400,95.67967224121094,135.7315673828125,91.41299438476562
1684468800,96.12293243408203,136.80679321289062,93.1008071899414
1684728000,94.95600891113281,134.34793090820312,94.12619018554688
1684814400,96.24958038330078,138.23452758789062,94.7250747680664
1684900800,97.3260498046875,138.60470581054688,94.35302734375
1684987200,95.5801773071289,136.21629333496094,92.27505493164062
1685073600,94.95600891113281,135.79330444335938,92.42023468017578
1685419200,94.11473083496094,134.9471893310547,91.83040618896484
1685505600,92.43215942382812,132.743896484375,90.10633850097656
1685592000,93.49958038330078,134.10118103027344,90.31503295898438
1685678400,95.67063903808594,137.7145233154297,92.87394714355469
1685937600,95.2454605102539,137.05355834960938,92.61985778808594
1686024000,96.02342224121094,137.3003387451172,92.50191497802734
1686110400,98.17638397216797,140.86087036132812,95.1061782836914
1686196800,97.86881256103516,140.3408660888672,94.86119079589844
1686283200,97.14514923095703,140.00601196289062,94.27136993408203
1686542400,96.26766967773438,138.6575469970703,93.30043029785156
1686628800,96.28575897216797,139.69749450683594,93.8358154296875
1686715200,95.12787628173828,138.446044921875,93.16431427001953
1686801600,95.7882308959961,139.4948272705078,94.50728607177734
1686888000,95.1007308959961,138.59588623046875,95.20597839355469
1687233600,92.92064666748047,135.44076538085938,92.58356475830078
1687320000,93.9609375,136.49835205078125,94.09896087646484
1687406400,93.4453125,134.52420043945312,92.03913879394531
1687492800,92.63117218017578,133.3872833251953,91.158935546875
1687752000,94.34085845947266,135.7315673828125,92.48258972167969
1687838400,94.5760726928711,135.30856323242188,92.00789642333984
1687924800,95.344970703125,136.53358459472656,93.5780258178711
1688011200,96.5209732055664,137.69692993164062,94.08010864257812
1688097600,97.01847076416016,138.67518615722656,94.58219146728516
1688356800,97.20845794677734,138.55181884765625,95.1481704711914
1688529600,96.71092987060547,137.7586212158203,94.95645141601562
1688616000,93.10157012939453,134.73568725585938,91.59712219238281
1688702400,93.31867218017578,135.91664123535156,94.23529052734375
1688961600,94.70272064208984,136.82443237304688,95.25770568847656
1689048000,95.86060333251953,139.35382080078125,98.0784683227539
1689134400,96.33098602294922,140.69342041015625,99.7855224609375
1689220800,94.56702423095703,138.81619262695312,100.91748046875
1689307200,91.3104476928711,135.35263061523438,97.75895690917969
1689566400,91.70848083496094,135.22921752929688,97.16560363769531
1689652800,91.29237365722656,135.50244140625,99.2743148803711
1689739200,91.92558288574219,136.33087158203125,99.94071960449219
1689825600,93.5448226928711,137.83795166015625,101.9581527709961
1689912000,93.9790267944336,139.85617065429688,103.0535888671875
1690171200,95.4535140991211,142.6146697998047,104.7241439819336
1690257600,95.59825897216797,143.26681518554688,106.0569076538086
1690344000,95.0645523071289,142.1916046142578,106.6502914428711
1690430400,95.3630599975586,140.71102905273438,105.6917724609375
1690516800,94.22328186035156,140.01478576660156,105.82869720458984
1690776000,97.00944519042969,144.23631286621094,107.46275329589844
1690862400,96.44860076904297,143.03770446777344,107.15237426757812
1690948800,95.2454605102539,140.77272033691406,105.5183334350586
1691035200,96.90088653564453,140.7198486328125,104.9706039428711
1691121600,97.17227172851562,140.40255737304688,103.80213928222656
1691380800,96.97325134277344,140.9137420654297,104.50505828857422
1691467200,97.45269775390625,140.70220947265625,105.5183334350586
1691553600,99.10810089111328,140.88726806640625,106.29425811767578
1691640000,99.61470794677734,141.74212646484375,105.7374267578125
1691726400,101.16156768798828,144.66812133789062,107.54488372802734
1691985600,101.24298858642578,144.56236267089844,107.43535614013672
1692072000,98.64371490478516,140.3408660888672,105.90423583984375
1692158400,96.98384857177734,139.8032684326172,105.10658264160156
1692244800,98.86261749267578,142.14341735839844,107.02278137207031
1692331200,100.35832977294922,143.1666717529297,107.53620910644531
1692590400,99.14533996582031,142.6862030029297,107.4628677368164
1692676800,98.58900451660156,141.5116729736328,106.49102020263672
1692763200,97.72258758544922,141.6985321044922,106.17929077148438
1692849600,96.99296569824219,140.53289794921875,105.25326538085938
1692936000,98.72581481933594,141.58285522460938,106.83023834228516
1693195200,99.55575561523438,142.55270385742188,107.74707794189453
1693281600,100.1485595703125,142.3302764892578,107.87544250488281
1693368000,101.1244125366211,142.5260009765625,108.82896423339844
1693454400,101.40713500976562,143.34461975097656,109.13152313232422
1693540800,103.53213500976562,146.19192504882812,111.98289489746094
1693886400,103.54125213623047,148.1138916015625,112.61550903320312
1693972800,104.43502807617188,148.26513671875,112.8355484008789
1694059200,103.92430114746094,148.27403259277344,111.58863830566406
1694145600,105.4382553100586,148.78123474121094,112.51466369628906
1694404800,104.11582946777344,145.71144104003906,110.42426300048828
1694491200,107.15283966064453,148.42530822753906,112.84471893310547
1694577600,106.19522857666016,147.8825225830078,112.13873291015625
1694664000,108.09222412109375,148.7990264892578,114.14662170410156
1694750400,106.43236541748047,148.14947509765625,113.2939682006836
1695009600,107.28963470458984,148.7901153564453,114.1282958984375
1695096000,107.00691986083984,148.7723388671875,112.91806030273438
1695182400,106.15872955322266,148.3185272216797,111.09353637695312
1695268800,104.66304779052734,146.9838409423828,109.16817474365234
1695355200,104.82719421386719,147.95372009277344,109.25069427490234
1695614400,106.00370788574219,150.1158905029297,111.0018539428711
1695700800,106.1678695678711,149.30618286132812,110.14920806884766
1695787200,109.62440490722656,152.1890869140625,113.4203109741211
1695873600,108.9586410522461,151.78868103027344,113.07938385009766
1695960000,107.23492431640625,150.0358123779297,110.38878631591797
1696219200,105.45650482177734,148.18507385253906,107.90087890625
1696305600,105.63890075683594,148.53208923339844,108.36160278320312
1696392000,101.68985748291016,145.07081604003906,104.42705535888672
1696478400,99.40069580078125,145.8360137939453,104.50996398925781
1696564800,97.74083709716797,144.3500518798828,106.26992797851562
1696824000,101.16089630126953,148.34523010253906,112.25008392333984
1696910400,100.73223876953125,148.18507385253906,110.93241882324219
1696996800,97.12066650390625,143.34461975097656,110.60991668701172
1697083200,97.10243225097656,143.4602813720703,111.59586334228516
1697169600,100.20328521728516,145.97836303710938,115.05127716064453
1697428800,100.2762451171875,147.1707000732422,115.4659194946289
1697515200,101.58953857421875,149.11932373046875,115.60414123535156
1697601600,103.01229095458984,150.302734375,116.6453628540039
1697688000,103.07613372802734,150.462890625,116.45185089111328
1697774400,101.30682373046875,148.44309997558594,114.31411743164062
1698033600,99.82022857666016,142.97088623046875,111.80778503417969
1698120000,98.8534927368164,139.3850555419922,110.5270004272461
1698206400,99.035888671875,138.69102478027344,110.95085144042969
1698292800,98.13299560546875,137.69448852539062,109.01582336425781
1698379200,96.26336669921875,128.44073486328125,108.54589080810547
1698638400,96.56432342529297,129.98890686035156,108.85917663574219
1698724800,96.5369644165039,129.66859436035156,109.46733856201172
1698811200,96.34545135498047,128.11146545410156,107.5046615600586
1698897600,99.51013946533203,132.36465454101562,112.43438720703125
1698984000,98.29716491699219,131.34141540527344,110.34270477294922
1699246800,96.55520629882812,130.79861450195312,109.16325378417969
1699333200,95.04126739501953,128.4940643310547,106.19621276855469
1699419600,93.8738784790039,126.70563507080078,105.45905303955078
1699506000,93.90123748779297,126.29631805419922,105.18263244628906
1699592400,94.62173461914062,127.19498443603516,106.52794647216797
1699851600,95.6158218383789,128.12928771972656,106.83355712890625
1699938000,95.98397064208984,129.0635528564453,107.000244140625
1700024400,95.40414428710938,129.517333984375,106.52793884277344
1700110800,94.29972839355469,127.46735382080078,103.7126235961914
1700197200,96.60061645507812,129.885986328125,106.12045288085938
1700456400,96.17726135253906,129.8140411376953,106.86132049560547
1700542800,96.14043426513672,129.50833129882812,106.6575927734375
1700629200,95.72628021240234,129.76907348632812,106.36123657226562
1700802000,96.24166870117188,130.28155517578125,106.95394134521484
1701061200,95.68025970458984,129.7960662841797,106.31492614746094
1701147600,95.62503051757812,130.83004760742188,106.48163604736328
1701234000,94.18927001953125,129.39146423339844,105.5462875366211
1701320400,94.55742645263672,129.1127166748047,107.02801513671875
1701406800,94.7874984741211,130.20066833496094,106.71316528320312
1701666000,94.2721176147461,130.2545928955078,106.06488037109375
1701752400,92.44060516357422,128.4473876953125,104.77761840820312
1701838800,91.21653747558594,128.15066528320312,102.35127258300781
1701925200,90.58148956298828,128.05178833007812,102.65687561035156
1702011600,91.62149810791016,129.75108337402344,103.78669738769531
1702270800,91.6859130859375,129.78709411621094,103.87005615234375
1702357200,90.240966796875,128.1237030029297,102.85137176513672
1702443600,91.04165649414062,130.02084350585938,103.58297729492188
1702530000,93.48980712890625,134.8041229248047,106.45384216308594
1702616400,92.86396789550781,134.2826385498047,106.07415008544922
1702875600,93.55423736572266,134.57933044433594,106.40753936767578
1702962000,94.7874984741211,136.3415985107422,107.88002014160156
1703048400,93.2044906616211,135.0918426513672,108.06523895263672
1703134800,93.62786102294922,135.5054473876953,108.19488525390625
1703221200,93.79353332519531,135.81114196777344,108.96354675292969
1703566800,94.00521087646484,137.03392028808594,110.2230224609375
1703653200,93.56343078613281,136.5843963623047,109.73219299316406
1703739600,92.21052551269531,134.66026306152344,107.8892822265625
1703826000,92.01725006103516,134.11181640625,107.49105834960938
1704171600,94.20769500732422,134.3995361328125,108.89871978759766
1704258000,94.99919128417969,136.96197509765625,111.06576538085938
1704344400,94.1708755493164,135.46047973632812,107.87076568603516
1704430800,94.45619201660156,135.22671508789062,107.91706848144531
1704690000,92.88238525390625,134.41749572753906,106.03709411621094
1704776400,91.73192596435547,131.00086975097656,104.42572021484375
1704862800,90.82999420166016,129.92193603515625,102.96248626708984
1704949200,90.81156158447266,130.62327575683594,102.79579162597656
1705035600,91.98963165283203,132.4124755859375,103.44404602050781
1705381200,89.90963745117188,129.19366455078125,100.6102294921875
1705467600,89.25617980957031,128.68112182617188,99.61930847167969
1705554000,89.09050750732422,127.51232147216797,99.02660369873047
1705640400,89.22856140136719,127.88994598388672,99.89714813232422
1705899600,89.10893249511719,128.11473083496094,100.0730972290039
1705986000,90.11210632324219,127.75508880615234,100.00827026367188
1706072400,91.66749572753906,130.29957580566406,101.56409454345703
1706158800,93.99600219726562,133.5813446044922,103.7681884765625
1706245200,94.79672241210938,134.0937957763672,103.93489074707031
1706504400,94.9163589477539,134.03985595703125,103.3514404296875
1706590800,96.49937438964844,134.97496032714844,105.620361328125
1706677200,94.62184143066406,132.55633544921875,103.60148620605469
1706763600,94.23530578613281,132.9699249267578,103.14771270751953
1706850000,93.8487548828125,136.88108825683594,102.4531478881836
1707109200,93.46220397949219,136.96197509765625,101.8419189453125
1707195600,94.10645294189453,136.97998046875,103.27735900878906
1707282000,94.07884216308594,136.78216552734375,104.01824951171875
1707368400,95.68946838378906,138.51747131347656,105.48146057128906
1707454800,93.6646728515625,135.80213928222656,102.94397735595703
1707714000,94.95318603515625,136.73721313476562,102.88841247558594
1707800400,94.1357192993164,135.40652465820312,101.65670013427734
1707886800,93.67127990722656,135.77516174316406,101.98085021972656
1707973200,96.35582733154297,140.39248657226562,103.52911376953125
1708059600,96.35582733154297,140.54701232910156,103.12803649902344
1708405200,95.44550323486328,139.97438049316406,102.1673812866211
1708491600,97.3962173461914,141.2832489013672,105.27325439453125
1708578000,97.31261444091797,141.274169921875,104.6669921875
1708664400,96.4580078125,140.57431030273438,104.00477600097656
1708923600,96.8388671875,140.38340759277344,104.85354614257812
1709010000,96.63450622558594,138.302001953125,104.09805297851562
1709096400,96.90390014648438,138.465576171875,104.49911499023438
1709182800,97.08966827392578,138.16566467285156,104.96546173095703
1709269200,98.31583404541016,138.89276123046875,106.55103302001953
1709528400,96.9410400390625,135.32069396972656,104.12602996826172
1709614800,98.13004302978516,135.9660186767578,103.73429107666016
1709701200,99.17971801757812,134.82080078125,104.45247650146484
1709787600,99.73707580566406,135.76608276367188,105.1520004272461
1709874000,100.67526245117188,136.22962951660156,105.3945083618164
1710129600,101.26976776123047,138.15655517578125,107.4930648803711
1710216000,100.6195297241211,138.0565643310547,107.27854919433594
1710302400,101.7435073852539,139.87442016601562,109.63826751708984
1710388800,103.54560089111328,141.51956176757812,111.7181625366211
1710475200,103.35980987548828,141.3832244873047,111.96067810058594
1710734400,104.31658935546875,141.25599670410156,112.16586303710938
1710820800,105.05043029785156,142.35577392578125,113.80741119384766
1710907200,104.95753479003906,140.47430419921875,113.70482635498047
1710993600,105.42198181152344,140.75607299804688,115.1971206665039
1711080000,105.42198181152344,140.57431030273438,114.74942779541016
1711339200,106.49951934814453,142.2194366455078,117.73405456542969
1711425600,105.70065307617188,141.1287384033203,117.51020812988281
1711512000,106.7967758178711,142.11038208007812,118.30299377441406
1711598400,107.97649383544922,143.373779296875,118.71337127685547
1711944000,108.67317962646484,144.59173583984375,120.0191421508789
1712030400,110.80037689208984,145.22801208496094,121.8752212524414
1712116800,110.81895446777344,145.82789611816406,122.77061462402344
1712203200,111.20909881591797,146.05511474609375,122.88252258300781
1712289600,112.7417984008789,146.88221740722656,124.53338623046875
1712548800,111.98009490966797,146.58229064941406,123.50743103027344
1712635200,112.56529998779297,147.2458038330078,123.34888458251953
1712721600,113.5127944946289,147.8547821044922,123.88052368164062
1712808000,113.13195037841797,147.14581298828125,123.97377014160156
1712894400,111.8128890991211,144.48265075683594,122.3695297241211
1713153600,111.17193603515625,143.23744201660156,121.48348999023438
1713240000,110.25233459472656,142.0467529296875,120.81194305419922
1713326400,110.19659423828125,142.15582275390625,119.69270324707031
1713412800,110.09441375732422,143.21926879882812,119.20771789550781
1713499200,111.35771179199219,145.42794799804688,120.67203521728516
1713758400,111.9893798828125,147.17308044433594,120.62541198730469
1713844800,112.42597198486328,148.01837158203125,121.10106658935547
1713931200,112.44454956054688,148.67282104492188,120.57877349853516
1714017600,112.70463562011719,150.22706604003906,121.35289764404297
1714104000,109.57421112060547,150.78150939941406,121.47417449951172
1714363200,111.13478088378906,151.18142700195312,121.45550537109375
1714449600,109.86216735839844,146.58229064941406,117.16510772705078
1714536000,107.78142547607422,145.09164428710938,115.97125244140625
1714622400,107.97649383544922,146.09146118164062,114.02192687988281
1714708800,107.7535629272461,145.65518188476562,114.0032730102539
1714968000,108.45023345947266,147.5184783935547,115.23444366455078
1715054400,107.91146850585938,147.8547821044922,115.22510528564453
1715140800,107.89289093017578,147.73660278320312,114.77739715576172
1715227200,110.02009582519531,150.38157653808594,115.08518981933594
1715313600,109.57421112060547,150.7178955078125,114.42817687988281
1715572800,109.52777099609375,149.54537963867188,114.12779998779297
1715659200,110.19265747070312,148.70916748046875,113.61155700683594
1715745600,111.04483795166016,148.20016479492188,113.29241180419922
1715832000,110.37994384765625,147.89718627929688,112.47582244873047
1715918400,112.0374755859375,149.34780883789062,114.24044036865234
1716177600,111.12911224365234,147.94309997558594,113.47076416015625
1716264000,110.36121368408203,146.86891174316406,113.02021789550781
1716350400,108.1418228149414,144.66546630859375,110.93646240234375
1716436800,106.2969970703125,144.08706665039062,110.42961120605469
1716523200,106.21272277832031,144.8307342529297,110.05415344238281
1716868800,107.56121826171875,146.01507568359375,111.65921020507812
1716955200,106.40937805175781,144.0503387451172,108.17689514160156
1717041600,106.74649810791016,145.29893493652344,106.60939025878906
1717128000,109.8087158203125,149.00808715820312,109.33141326904297
1717387200,107.17726135253906,144.56448364257812,106.881591796875
1717473600,105.51038360595703,143.34339904785156,105.3797836303711
1717560000,105.93179321289062,142.28758239746094,105.34223937988281
1717646400,106.72777557373047,143.1597900390625,105.3140869140625
1717732800,105.5853042602539,143.29750061035156,105.1263656616211
1717992000,105.89432525634766,143.90345764160156,106.34656524658203
1718078400,105.04214477539062,143.67391967773438,106.65631866455078
1718164800,103.88095092773438,141.58981323242188,105.30470275878906
1718251200,103.0475082397461,140.32286071777344,104.08447265625
1718337600,102.17659759521484,140.074951171875,102.6765365600586
1718596800,101.47425079345703,140.6441650390625,102.81732940673828
1718683200,102.42945098876953,140.77272033691406,102.69530487060547
1718856000,104.63947296142578,143.81161499023438,104.49747467041016
1718942400,103.72174835205078,142.56301879882812,104.5068588256836
1719201600,106.80269622802734,146.26296997070312,108.101806640625
1719288000,107.10235595703125,145.4825897216797,107.93285369873047
1719374400,107.13981628417969,143.1781463623047,106.63754272460938
1719460800,107.59867095947266,143.51785278320312,106.97545623779297
1719547200,107.80469512939453,143.60964965820312,107.36029815673828
1719806400,107.65485382080078,143.70147705078125,107.34151458740234
1719892800,106.92443084716797,143.91261291503906,107.11624908447266
1719979200,107.46757507324219,143.87588500976562,107.72635650634766
1720152000,106.16590118408203,141.67245483398438,105.64259338378906
1720411200,105.051513671875,141.6908416748047,105.34223937988281
1720497600,103.89031982421875,140.4513702392578,104.36605834960938
1720584000,104.80803680419922,142.42530822753906,105.62382507324219
1720670400,106.05352020263672,142.54464721679688,106.99422454833984
1720756800,106.072265625,142.84764099121094,106.1963882446289
1721016000,107.88897705078125,145.0969696044922,107.53863525390625
1721102400,108.66624450683594,144.8490753173828,108.1205825805664
1721188800,110.16455841064453,148.02572631835938,108.95594787597656
1721275200,111.25086212158203,148.70513916015625,109.45343017578125
1721361600,108.69432830810547,146.11607360839844,107.33213806152344
1721620800,107.9451675415039,144.1329803466797,105.42672729492188
1721707200,106.20336151123047,141.47048950195312,104.02816009521484
1721793600,107.7016830444336,142.3702392578125,104.2815933227539
1721880000,109.9679183959961,144.63792419433594,104.21588134765625
1721966400,109.87425994873047,144.91336059570312,104.05632019042969
1722225600,108.72242736816406,143.77490234375,102.42311096191406
1722312000,110.660888671875,146.50167846679688,103.16463470458984
1722398400,111.05420684814453,147.3279571533203,104.37545013427734
1722484800,109.51839447021484,140.120849609375,101.7379150390625
1722571200,109.45285034179688,136.3842010498047,99.27870178222656
1722830400,107.4769287109375,132.81277465820312,98.15234375
1722916800,106.90570068359375,131.49986267089844,99.3068618774414
1723003200,108.32911682128906,130.7470245361328,100.36750030517578
1723089600,110.39866638183594,132.65667724609375,101.62525939941406
1723176000,111.29766845703125,133.11575317382812,101.94440460205078
1723435200,111.43814849853516,133.14329528808594,104.02432250976562
1723521600,110.3705825805664,132.34451293945312,102.42656707763672
1723608000,111.39132690429688,132.8219451904297,103.36253356933594
1723694400,112.0804443359375,134.7775115966797,105.15882873535156
1723780800,111.55178833007812,135.20901489257812,105.11155700683594
1724040000,111.89163970947266,136.3137969970703,105.6409912109375
1724126400,108.1628646850586,134.32705688476562,103.8541488647461
1724212800,107.47374725341797,134.91192626953125,103.6366958618164
1724299200,108.3044662475586,135.2925567626953,103.96760559082031
1724385600,109.80541229248047,137.04718017578125,105.31954956054688
1724644800,112.15595245361328,137.86419677734375,107.36164855957031
1724731200,111.08924865722656,136.4251708984375,106.29331970214844
1724817600,109.99421691894531,135.54324340820312,106.02860260009766
1724904000,111.5140380859375,136.86151123046875,108.12744140625
1724990400,111.33467864990234,137.35354614257812,107.57909393310547
1725336000,109.00302124023438,134.29920959472656,103.8541488647461
1725422400,107.67198181152344,131.8947296142578,102.63455963134766
1725508800,106.83182525634766,130.83633422851562,101.58515167236328
1725595200,106.3315200805664,128.6361083984375,100.23320007324219
1725854400,108.56878662109375,130.25144958496094,99.83612060546875
1725940800,104.61344146728516,128.3297119140625,98.3234634399414
1726027200,103.57504272460938,128.0048065185547,96.97150421142578
1726113600,105.00048065185547,129.23956298828125,97.28350067138672
1726200000,104.92495727539062,130.5392608642578,97.85074615478516
1726459200,106.39759063720703,131.9132843017578,99.78885650634766
1726545600,107.7852554321289,133.13873291015625,102.3792953491211
1726632000,108.1628646850586,133.64935302734375,102.69129180908203
1726718400,109.50332641601562,134.60557556152344,104.51594543457031
1726804800,108.81421661376953,135.2461395263672,103.87306213378906
1727064000,110.78716278076172,136.97293090820312,103.702880859375
1727150400,110.4945297241211,136.88938903808594,102.9654541015625
1727236800,108.34220886230469,133.6586151123047,99.95903015136719
1727323200,106.48255920410156,131.82041931152344,96.72569274902344
1727409600,109.33340454101562,135.06976318359375,99.00415802001953
1727668800,110.65501403808594,136.72227478027344,99.53359985351562
1727755200,113.21324157714844,138.97821044921875,103.40034484863281
1727841600,114.71417999267578,140.138671875,104.33631134033203
1727928000,115.71481323242188,140.41722106933594,106.28385925292969
1728014400,117.83880615234375,139.94374084472656,108.28815460205078
1728273600,118.34855651855469,140.29652404785156,108.45833587646484
1728360000,115.2050552368164,138.0962677001953,104.7522964477539
1728446400,115.25224304199219,138.9318084716797,104.91301727294922
1728532800,116.24344635009766,139.83233642578125,105.75444030761719
1728619200,116.6871337890625,140.57504272460938,104.45921325683594
1728878400,117.13080596923828,140.9092559814453,103.49488067626953
1728964800,113.60970306396484,137.14932250976562,99.4674072265625
1729051200,113.90235137939453,138.0776824951172,99.4201431274414
1729137600,113.60970306396484,140.37078857421875,100.35609436035156
1729224000,113.28875732421875,139.95301818847656,99.90229797363281
1729483200,113.35482025146484,140.07371520996094,99.25941467285156
1729569600,113.94009399414062,140.11083984375,99.26885986328125
1729656000,113.53418731689453,139.70236206054688,98.80561828613281
1729742400,112.89228057861328,139.6745147705078,98.67325592041016
1729828800,112.79786682128906,140.0087432861328,98.85289001464844
1730088000,112.24092102050781,139.758056640625,97.62384796142578
1730174400,110.71163177490234,137.8827362060547,96.73516082763672
1730260800,110.15467834472656,137.44639587402344,97.359130859375
1730347200,110.23965454101562,138.16127014160156,103.56106567382812
1730433600,108.51213836669922,142.10687255859375,101.953857421875
1730696400,111.9671630859375,142.9424285888672,102.91818237304688
1730782800,112.29754638671875,142.42251586914062,103.24908447265625
1730869200,114.22329711914062,146.42381286621094,107.4278335571289
1730955600,114.36490631103516,145.5418701171875,106.26496124267578
1731042000,114.32714080810547,145.69041442871094,106.23638916015625
1731301200,113.72298431396484,145.2911834716797,106.67434692382812
1731387600,113.60970306396484,144.1678466796875,105.33198547363281
1731474000,114.66697692871094,147.35218811035156,106.45539093017578
1731560400,114.74311828613281,150.21160888671875,107.50260162353516
1731646800,113.55343627929688,149.85882568359375,106.93138885498047
1731906000,114.50517272949219,150.7685546875,108.30230712890625
1731992400,112.90624237060547,149.68063354492188,107.66444396972656
1732078800,114.51469421386719,151.30311584472656,107.9881362915039
1732165200,116.04701232910156,151.58447265625,106.53153228759766
1732251600,115.91377258300781,152.26910400390625,106.38874053955078
1732510800,114.18158721923828,150.3933868408203,101.00978088378906
1732597200,112.27809143066406,152.42852783203125,101.65716552734375
1732683600,111.98304748535156,152.03463745117188,102.23789978027344
1732856400,112.2685546875,151.86581420898438,103.14231872558594
1733115600,112.16387939453125,152.12843322753906,101.04788208007812
1733202000,111.99256134033203,151.85643005371094,100.9621810913086
1733288400,108.76611328125,148.48019409179688,98.54405212402344
1733374800,109.24199676513672,149.42739868164062,99.42943572998047
1733461200,108.09037017822266,145.59161376953125,98.2679672241211
1733720400,107.45271301269531,147.31723022460938,98.2108383178711
1733806800,107.23380279541016,147.24220275878906,97.44922637939453
1733893200,106.51998901367188,146.50131225585938,97.2873764038086
1733979600,106.42481231689453,145.0945587158203,96.06878662109375
1734066000,105.49209594726562,144.30673217773438,96.17350006103516
1734325200,103.2364501953125,140.07705688476562,94.7930679321289
1734411600,102.79865264892578,138.90475463867188,93.54591369628906
1734498000,101.28535461425781,135.12522888183594,91.25154113769531
1734584400,100.41926574707031,132.37730407714844,90.61367797851562
1734670800,100.76190948486328,133.9716796875,90.55657196044922
1734930000,101.17115020751953,134.08421325683594,91.75611114501953
1735016400,101.26631927490234,134.900146484375,92.45108795166016
1735189200,101.35198211669922,135.03143310546875,92.24164581298828
1735275600,101.34246063232422,135.05020141601562,92.27020263671875
1735534800,100.6572036743164,134.17800903320312,92.43204498291016
1735621200,102.37987518310547,135.83798217773438,94.41226196289062
1735794000,102.13240814208984,137.59176635742188,95.27861022949219
1735880400,102.6558837890625,138.66090393066406,96.24014282226562
1736139600,102.54166412353516,138.10757446289062,95.19291687011719
1736226000,103.50293731689453,140.2927703857422,96.79231262207031
1736312400,101.77075958251953,140.95863342285156,96.7447280883789
1736485200,101.39956665039062,143.6221160888672,97.03032684326172
1736744400,104.01688385009766,145.69476318359375,99.2295150756836
1736830800,104.42613983154297,147.1484375,99.84832763671875
1736917200,106.12976837158203,148.48956298828125,100.4195327758789
1737003600,105.94893646240234,149.47430419921875,100.54329681396484
1737090000,106.90068817138672,151.4344024658203,100.77178955078125
1737435600,106.09170532226562,148.40516662597656,99.27711486816406
1737522000,104.24530029296875,146.6888885498047,98.11563110351562
1737608400,104.83539581298828,146.31373596191406,99.00102233886719
1737694800,103.41726684570312,145.9761199951172,96.94464111328125
1737954000,104.85442352294922,147.45790100097656,97.76338195800781
1738040400,102.82719421386719,146.50131225585938,96.51622772216797
1738126800,103.42679595947266,146.01364135742188,96.6875991821289
1738213200,104.28337860107422,146.60447692871094,96.59239959716797
1738299600,101.67557525634766,139.91761779785156,94.08857727050781
1738558800,101.92302703857422,140.0583038330078,93.75537109375
1738645200,104.65454864501953,143.69715881347656,95.7546157836914
1738731600,104.57841491699219,143.48146057128906,95.40235900878906
1738818000,103.1983871459961,142.45919799804688,95.14532470703125
1738904400,103.63618469238281,143.1344451904297,93.6411361694336
1739163600,105.61582946777344,146.0886688232422,94.7073974609375
1739250000,106.28205108642578,147.65487670898438,96.83039855957031
1739336400,103.0843734741211,145.27272033691406,93.67919921875
1739422800,103.8333740234375,146.19183349609375,92.25116729736328
1739509200,103.93900299072266,147.30128479003906,92.38552856445312
1739854800,105.76351165771484,148.07884216308594,93.52763366699219
1739941200,105.91715240478516,149.09349060058594,95.56230163574219
1740027600,107.54959869384766,150.57273864746094,97.89449310302734
1740114000,106.29166412353516,148.79953002929688,93.99791717529297
1740373200,106.84860229492188,149.71932983398438,94.84249114990234
1740459600,105.36981201171875,148.3253936767578,93.17252349853516
1740546000,105.11053466796875,147.1116485595703,92.2607650756836
1740632400,105.77311706542969,148.56246948242188,93.45085906982422
1740718800,106.90621948242188,150.41156005859375,95.15921020507812
1740978000,103.47808074951172,145.167724609375,88.90164184570312
1741064400,103.2668228149414,144.13412475585938,86.99173736572266
1741150800,101.2502670288086,143.0056915283203,85.30257415771484
1741237200,103.3436508178711,145.0349578857422,85.03385162353516
1741323600,104.6880111694336,148.24954223632812,86.98213958740234
1741579200,107.3575439453125,149.4158935546875,89.16077423095703
1741665600,104.82244873046875,146.10650634765625,91.56975555419922
1741752000,104.79364013671875,144.7694549560547,93.81555938720703
1741838400,104.35192108154297,145.66079711914062,92.31835174560547
1741924800,107.45357513427734,148.89434814453125,94.9672622680664
1742184000,109.23966217041016,150.50637817382812,95.36075592041016
1742270400,109.12442779541016,152.48822021484375,96.48365783691406
1742356800,110.82411193847656,155.56056213378906,97.25146484375
1742443200,111.29462432861328,156.24330139160156,98.19203186035156
1742529600,110.9105224609375,156.22433471679688,97.81771087646484
1742788800,111.19860076904297,156.48037719726562,98.07685089111328
1742875200,111.95720672607422,157.35275268554688,98.42236328125
1742961600,113.57044982910156,159.27767944335938,99.04619598388672
1743048000,113.20555877685547,158.02598571777344,98.68148803710938
1743134400,113.05191802978516,157.49496459960938,98.24960327148438
1743393600,114.20423126220703,158.6328887939453,100.79293823242188
1743480000,114.30986785888672,159.7897491455078,101.1480484008789
1743566400,113.95455932617188,157.85531616210938,101.8294677734375
1743652800,107.96251678466797,148.04092407226562,91.41618347167969
1743739200,100.19397735595703,135.86538696289062,82.81682586669922
1743998400,98.84961700439453,132.89735412597656,82.2217788696289
1744084800,96.76583862304688,129.84397888183594,79.33293914794922
1744171200,101.59596252441406,138.4730682373047,87.82672882080078
1744257600,95.9592056274414,127.99490356445312,79.93757629394531
1744344000,99.04165649414062,128.6112823486328,82.91280364990234
1744603200,99.28172302246094,128.3173065185547,82.97038269042969
1744689600,99.00325775146484,127.5776596069336,82.26976776123047
1744776000,100.04993438720703,128.35523986816406,82.8840103149414
1744862400,102.67144775390625,130.7353515625,85.3985595703125
1745208000,101.1638412475586,126.80957794189453,84.02610778808594
1745294400,103.99663543701172,130.19483947753906,86.14716339111328
1745380800,103.10357666015625,129.60691833496094,86.31031036376953
1745467200,104.3134994506836,131.8732452392578,88.10505676269531
1745553600,104.25589752197266,131.5508270263672,88.02827453613281
1745812800,104.3134994506836,132.84994506835938,89.18956756591797
1745899200,104.05424499511719,132.0913543701172,88.18182373046875
1745985600,101.43272399902344,129.0189971923828,85.53292083740234
1746072000,101.5767593383789,129.2086639404297,87.0013427734375
1746158400,101.98966979980469,131.33274841308594,87.73075103759766
1746417600,99.16648864746094,128.4879913330078,84.08370208740234
1746504000,100.54927062988281,128.5828399658203,84.10289001464844
1746590400,100.4532470703125,128.76296997070312,84.1796646118164
1746676800,101.85523223876953,129.9482879638672,85.24498748779297
1746763200,103.04595184326172,131.32327270507812,85.02424621582031
1747022400,104.82244873046875,134.29127502441406,88.5561294555664
1747108800,105.11053466796875,134.98350524902344,90.37964630126953
1747195200,104.16947937011719,134.33871459960938,88.84405517578125
1747281600,105.22579956054688,134.8981475830078,89.2183609008789
1747368000,104.84785461425781,134.7464599609375,88.70968627929688
1747627200,103.18097686767578,132.92283630371094,87.50947570800781
1747713600,101.70793151855469,131.7518768310547,86.81257629394531
1747800000,100.45779418945312,130.110595703125,84.35406494140625
1747886400,99.78910827636719,129.85145568847656,83.36677551269531
1747972800,99.84724426269531,131.0511932373047,82.45693969726562
1748318400,100.32211303710938,132.28936767578125,82.80538940429688
1748404800,98.9556655883789,130.55210876464844,81.86650848388672
1748491200,99.51775360107422,132.3661346435547,82.85379028320312
1748577600,99.13980102539062,131.2047882080078,82.61180114746094
1748836800,99.86663818359375,132.2989501953125,83.93785858154297
1748923200,100.59346771240234,133.94020080566406,85.08968353271484
1749009600,99.13980102539062,131.84783935546875,83.19256591796875
1749096000,98.68431854248047,131.39674377441406,82.61180114746094
1749182400,101.04893493652344,134.5736846923828,84.42181396484375
1749441600,101.72732543945312,135.1015625,85.21550750732422
1749528000,103.9078140258789,137.58746337890625,88.25476837158203
1749614400,105.93324279785156,138.95997619628906,90.35515594482422
1749700800,106.34028625488281,139.142333984375,91.65216064453125
1749787200,108.65644836425781,140.04454040527344,93.84933471679688
1750046400,109.00533294677734,140.1597137451172,91.95222473144531
1750132800,110.47836303710938,142.8663787841797,92.4361801147461
1750219200,109.69339752197266,142.23289489746094,90.79072570800781
1750392000,111.15674591064453,143.53822326660156,91.65216064453125
1750651200,108.28817749023438,140.9563446044922,88.76776885986328
1750737600,104.99320983886719,137.7794189453125,86.52220153808594
1750824000,105.02229309082031,137.4722900390625,86.14470672607422
1750910400,106.59224700927734,138.63363647460938,87.97407531738281
1750996800,106.00109100341797,138.00975036621094,87.27716827392578
1751256000,104.46990203857422,137.43386840820312,86.86096954345703
1751342400,105.86540985107422,139.7182159423828,89.03878021240234
1751428800,107.61949920654297,142.0313262939453,91.4101791381836
1751515200,108.73397064208984,142.4056396484375,90.67456817626953
1751860800,107.67764282226562,141.47463989257812,89.58081817626953
1751947200,110.66250610351562,147.07989501953125,92.71687316894531
1752033600,110.28455352783203,146.86874389648438,91.49729919433594
1752120000,111.37964630126953,147.9724884033203,92.31034851074219
1752206400,111.86419677734375,149.06666564941406,92.54264068603516
1752465600,110.40083312988281,145.5537872314453,91.14884185791016
1752552000,109.42205047607422,144.6324005126953,89.58081817626953
1752638400,108.76304626464844,143.89332580566406,88.57418823242188
1752724800,108.21066284179688,145.29466247558594,89.83247375488281
1752811200,104.44082641601562,144.00852966308594,88.70000457763672
1753070400,104.7121810913086,143.66297912597656,88.08053588867188
1753156800,105.18704223632812,144.00852966308594,89.99702453613281
1753243200,106.53409576416016,146.96470642089844,91.99093627929688
1753329600,107.36753845214844,149.56578063964844,92.55233001708984
1753416000,106.98957824707031,148.61557006835938,91.90381622314453
1753675200,107.99745178222656,149.99766540527344,93.90740966796875
1753761600,109.3929672241211,150.71751403808594,94.8462905883789
1753848000,108.44324493408203,147.38702392578125,93.56863403320312
1753934400,108.19126892089844,145.544189453125,92.28131103515625
1754020800,106.2530517578125,145.31385803222656,89.7840805053711
1754280000,104.05317687988281,144.96832275390625,89.8711929321289
1754366400,103.92720031738281,146.88790893554688,90.2099609375
1754452800,103.21974182128906,146.6383819580078,90.12286376953125
1754539200,102.67704772949219,147.00311279296875,89.62921142578125
1754625600,103.50079345703125,148.77871704101562,90.8971939086914
1754884800,102.56075286865234,147.28143310546875,90.52936553955078
1754971200,102.85148620605469,148.2316436767578,91.55537414550781
1755057600,104.27606964111328,149.60414123535156,92.80398559570312
1755144000,104.0628662109375,148.92269897460938,92.58136749267578
1755230400,104.16068267822266,150.25685119628906,92.2716293334961
1755489600,104.38565826416016,149.07627868652344,91.7348861694336
1755576000,105.07034301757812,147.51377868652344,91.50067138671875
1755662400,106.15605926513672,148.69776916503906,92.60343170166016
1755748800,106.84075927734375,150.9590301513672,92.49608612060547
1755835200,108.84591674804688,153.51136779785156,94.44789123535156
1756094400,109.29583740234375,153.53079223632812,95.81415557861328
1756180800,109.05130767822266,152.71559143066406,94.71139526367188
1756267200,110.28375244140625,154.5401153564453,95.54090118408203
1756353600,110.8706283569336,154.6177520751953,96.07765197753906
1756440000,111.7900619506836,155.8599853515625,96.58512115478516
1756785600,112.18132019042969,157.05364990234375,96.6046371459961
1756872000,109.46212768554688,153.39492797851562,92.36922454833984
1756958400,109.94141387939453,153.03585815429688,93.46222686767578
1757044800,106.84075927734375,149.12478637695312,90.71018981933594
1757304000,107.44718933105469,149.4547576904297,89.1975326538086
1757390400,108.22969055175781,150.27967834472656,89.64645385742188
1757476800,110.03922271728516,153.1328887939453,92.04717254638672
1757563200,109.68709564208984,153.57933044433594,91.86174774169922
1757649600,109.7066650390625,152.4729766845703,90.20272064208984
1757908800,109.89250946044922,152.6670684814453,90.1051254272461
1757995200,112.17153930664062,154.83123779296875,92.26187133789062
1758081600,112.7681884765625,155.36500549316406,91.5592269897461
1758168000,111.43795013427734,154.15191650390625,91.2274169921875
1758254400,110.35222625732422,151.5995330810547,89.70500183105469
1758513600,109.56971740722656,151.44424438476562,89.79283905029297
1758600000,111.4574966430664,152.7738037109375,91.2176513671875
1758686400,112.05416107177734,154.4818572998047,93.32559967041016
1758772800,113.06163024902344,155.97640991210938,94.4771728515625
1758859200,114.6559829711914,155.4329376220703,96.10693359375
1759118400,111.72159576416016,151.49276733398438,93.54029846191406
1759204800,110.28375244140625,150.7066650390625,92.3106689453125
1759291200,109.54037475585938,150.01763916015625,93.15970611572266
1759377600,108.8556900024414,148.8433380126953,91.12982177734375
1759464000,110.78260040283203,149.01803588867188,91.89102935791016
1759723200,111.70203399658203,149.4741668701172,92.62295532226562
1759809600,111.76072692871094,150.33790588378906,92.93524932861328
1759896000,111.52597045898438,149.2024383544922,91.49090576171875
1759982400,110.44025421142578,147.16439819335938,89.73428344726562
1760068800,108.30793762207031,144.50527954101562,85.52813720703125
1760328000,109.78490447998047,147.45556640625,86.64067077636719
1760414400,109.83381652832031,147.89227294921875,86.04537200927734
1760500800,109.16868591308594,147.62054443359375,85.62572479248047
1760587200,108.21990966796875,147.23236083984375,84.81573486328125
1760673600,109.78490447998047,148.56190490722656,84.3960952758789
1760932800,110.2348403930664,149.9205780029297,84.96211242675781
1761019200,110.24462890625,149.25094604492188,84.32778930664062
1761105600,112.20088195800781,150.97842407226562,85.3036880493164
1761192000,113.44310760498047,151.93919372558594,87.90933990478516
1761278400,112.86600494384766,150.96871948242188,85.90874481201172
1761537600,113.40398406982422,150.6969757080078,86.55284118652344
1761624000,112.51387786865234,149.58091735839844,84.69861602783203
1761710400,113.90282440185547,150.52230834960938,85.9575424194336
1761796800,112.18132019042969,148.9889373779297,86.0160903930664
1761883200,111.85853576660156,153.06495666503906,86.71874237060547
1762146000,111.27166748046875,149.4935760498047,86.43572998046875
1762232400,111.64335632324219,148.8627471923828,85.79164123535156
1762318800,111.19341278076172,148.15432739257812,85.58668518066406
1762405200,111.99547576904297,148.42604064941406,83.59585571289062
1762491600,114.6559829711914,150.4446563720703,84.73765563964844
1762750800,115.63410949707031,151.05604553222656,86.10393524169922
1762837200,117.15998077392578,151.62864685058594,88.50464630126953
1762923600,115.53629302978516,148.79483032226562,86.9236831665039
1763010000,116.19164276123047,150.98812866210938,87.26524353027344
1763096400,117.70126342773438,152.96791076660156,89.16826629638672
1763355600,116.11270141601562,150.2505645751953,87.38548278808594
1763442000,117.4447250366211,150.75103759765625,88.33103942871094
1763528400,115.78709411621094,148.8668975830078,86.6566162109375
1763614800,115.46148681640625,147.50283813476562,86.15428161621094
1763701200,115.52069091796875,147.17901611328125,86.0557861328125
1763960400,114.42547607421875,146.95330810546875,86.24292755126953
1764046800,112.98491668701172,145.75608825683594,85.31707000732422
1764133200,113.241455078125,146.71778869628906,85.77999877929688
1764306000,114.37614440917969,148.3075408935547,87.3559341430664
1764565200,115.0766830444336,149.69119262695312,88.9023208618164
1764651600,113.84333038330078,147.4439697265625,87.94690704345703
1764738000,116.2311019897461,148.75894165039062,90.42900085449219
1764824400,115.57989501953125,149.4164276123047,91.71929931640625
1764910800,114.98788452148438,147.19863891601562,92.28073120117188
1765170000,114.43534851074219,145.9327392578125,91.48290252685547
1765256400,116.67510986328125,145.7168426513672,92.0246353149414
1765342800,117.94792938232422,148.58230590820312,95.34394836425781
1765429200,117.94792938232422,147.90518188476562,95.25529479980469
1765515600,117.23751831054688,147.1888427734375,94.10289764404297
1765774800,116.19164276123047,147.00238037109375,92.94064331054688
1765861200,113.15265655517578,144.00933837890625,89.4046401977539
1765947600,115.84630584716797,146.72760009765625,93.5316162109375
1766034000,114.98788452148438,144.93179321289062,90.84268951416016
1766120400,115.1358871459961,144.99066162109375,90.55705261230469
1766379600,116.5764389038086,147.00238037109375,91.90643310546875
1766466000,117.82952117919922,147.6990966796875,91.33516693115234
1766552400,117.63219451904297,147.68930053710938,90.41915130615234
1766725200,117.5236587524414,147.21827697753906,90.16307067871094
1766984400,118.92474365234375,148.17015075683594,91.23666381835938
1767070800,119.37861633300781,149.4654998779297,92.68455505371094
1767157200,118.73727416992188,149.56362915039062,92.20193481445312
1767330000,121.01651000976562,152.9884490966797,95.24544525146484
1767589200,123.69041442871094,160.7899932861328,97.70783996582031
1767675600,119.43782806396484,153.6165008544922,95.64928436279297
1767762000,116.91191101074219,152.30152893066406,92.52696990966797
1767848400,121.2730484008789,156.27589416503906,97.23506164550781
1767934800,122.95040893554688,159.08248901367188,96.04326629638672
1768194000,122.37812805175781,159.3081817626953,94.0634994506836
1768280400,124.85469818115234,160.80960083007812,95.0090560913086
1768366800,128.4659423828125,164.11666870117188,98.83069610595703
1768453200,127.41021728515625,163.05685424804688,97.44190216064453
1768539600,128.1600799560547,163.15496826171875,96.7130355834961
1768885200,128.72250366210938,162.21290588378906,94.08319091796875
1768971600,131.83055114746094,163.61619567871094,95.68868255615234
1769058000,131.8601531982422,163.54750061035156,95.42273712158203
1769144400,133.1724395751953,163.60638427734375,96.8706283569336
1769403600,133.04415893554688,164.371826171875,96.96912384033203
1769490000,135.0076446533203,165.89288330078125,98.3677749633789
1769576400,135.74766540527344,166.7564239501953,99.86489868164062
1769662800,138.63864135742188,167.99290466308594,101.25369262695312
1769749200,139.51678466796875,173.59625244140625,102.66218566894531
1770008400,136.55673217773438,170.77984619140625,100.25888061523438
1770094800,141.8157501220703,174.7149658203125,103.33195495605469
1770181200,145.6243438720703,177.84539794921875,105.97164154052734
1770267600,144.1344757080078,175.8827362060547,103.4009017944336
1770354000,147.06491088867188,177.48231506347656,106.00119018554688
1770613200,149.19613647460938,179.1898193359375,107.06494140625
1770699600,149.57107543945312,178.8561553955078,105.88299560546875
1770786000,153.4882049560547,182.3496856689453,109.53719329833984
1770872400,148.91920471191406,178.99354553222656,109.16290283203125
1770958800,147.44918823242188,180.30853271484375,109.75387573242188
1771304400,145.20443725585938,178.91131591796875,107.14373779296875
1771390800,149.66415405273438,182.20118713378906,109.70470428466797
1771477200,149.95220947265625,183.10292053222656,110.76681518554688
1771563600,146.28707885742188,182.26063537597656,109.71463775634766
1771822800,149.74362182617188,183.23175048828125,109.06942749023438
1771909200,148.25372314453125,183.6578369140625,109.7741928100586
1771995600,148.05508422851562,182.54800415039062,109.19847869873047
1772082000,147.53857421875,182.48855590820312,109.88337707519531
1772168400,151.47189331054688,185.06495666503906,112.6230239868164
1772427600,153.1802978515625,187.87918090820312,117.36775970458984
1772514000,150.80641174316406,187.0567169189453,117.64569091796875
1772600400,148.80996704101562,184.34158325195312,114.79686737060547
1772686800,149.74362182617188,188.17645263671875,115.95823669433594
1772773200,150.1905975341797,188.21609497070312,116.20639038085938
1773028800,149.42578125,187.7206268310547,116.16668701171875
1773115200,147.13136291503906,184.59921264648438,113.30793762207031
1773201600,150.55809020996094,190.04930114746094,116.16668701171875
1773288000,152.4949493408203,195.1822967529297,119.37286376953125
1773374400,155.06747436523438,195.03366088867188,120.99083709716797
1773633600,156.1699981689453,195.053466796875,120.42504119873047
1773720000,157.73934936523438,196.1732177734375,121.96360778808594
1773806400,156.52757263183594,196.80740356445312,122.73785400390625
1773892800,157.09373474121094,199.61172485351562,125.09036254882812
1773979200,158.5935516357422,199.89907836914062,125.98372650146484
1774238400,160.04371643066406,203.34750366210938,126.25173950195312
1774324800,164.2650604248047,204.9131622314453,128.39581298828125
1774411200,162.1593475341797,203.2880401611328,127.97889709472656
1774497600,164.31471252441406,205.90408325195312,132.26702880859375
1774584000,169.8372344970703,209.23358154296875,132.81297302246094
1774843200,170.31399536132812,208.79759216308594,131.90968322753906
1774929600,168.51620483398438,205.02215576171875,131.02626037597656
1775016000,159.69607543945312,195.61830139160156,127.43296813964844
1775102400,159.60667419433594,197.1641387939453,129.5571746826172
1775448000,162.2686004638672,197.0551300048828,130.66891479492188
1775534400,162.8049774169922,199.71080017089844,130.79795837402344
1775620800,155.16680908203125,191.13931274414062,124.29627227783203
1775707200,153.99476623535156,188.6322784423828,122.5591812133789
1775793600,151.4818115234375,186.83871459960938,121.6459732055664
1776052800,151.61094665527344,190.03939819335938,122.70807647705078
1776139200,148.23387145996094,185.32260131835938,117.91370391845703
1776225600,148.0054168701172,183.23175048828125,118.04273986816406
1776312000,150.9553985595703,186.4423370361328,120.6731948852539
1776398400,145.45274353027344,182.32009887695312,115.18399047851562
1776657600,146.6843719482422,181.58680725097656,115.5909652709961
1776744000,147.35980224609375,184.2920379638672,119.37286376953125
1776830400,148.4921112060547,184.6289520263672,121.69559478759766
1776916800,149.51516723632812,185.8973388671875,123.45254516601562
1777003200,147.90609741210938,183.52902221679688,120.8617935180664
1777262400,147.19094848632812,183.10292053222656,120.78238677978516
1777348800,149.5449676513672,186.6504364013672,123.40290832519531
1777435200,153.62725830078125,190.47540283203125,127.30391693115234
1777521600,153.28955078125,191.55551147460938,124.85214233398438
1777608000,151.72019958496094,188.89984130859375,122.28125
1777867200,152.65386962890625,190.53485107421875,123.98856353759766
1777953600,153.83584594726562,190.89158630371094,122.41028594970703
1778040000,147.6875762939453,183.47947692871094,118.02289581298828
1778126400,145.591796875,180.84361267089844,114.03254699707031
1778212800,143.59535217285156,179.9716033935547,113.02999877929688
1778472000,148.6708984375,183.06329345703125,115.55000305175781
1778558400,149.614501953125,184.26229858398438,117.87000274658203
1778644800,150.5481719970703,184.31185913085938,117.4000015258789
1778731200,151.75,184.946044921875,118.97000122070312
1778817600,157.9199981689453,189.36557006835938,122.41000366210938
1779076800,160.49000549316406,194.33999633789062,124.54000091552734
1779163200,162.5500030517578,197.25,125.11000061035156
1779249600,156.27999877929688,191.3300018310547,122.36000061035156
1779336000,155.2899932861328,191.00999450683594,120.55000305175781
1779422400,154.9199981689453,191.42999267578125,120.45999908447266
1779768000,149.80999755859375,184.7100067138672,116.56999969482422
1779854400,147.89999389648438,182.39999389648438,115.12999725341797
1779940800,146.9600067138672,183.02999877929688,114.98999786376953
1780027200,145.25999450683594,182.4600067138672,113.9800033569336
1780286400,149.3800048828125,185.8300018310547,115.58000183105469
1780372800,149.55999755859375,187.5500030517578,116.87000274658203
