timestamp,JPM,BAC
1147752000,26.49956512451172,32.50015640258789
1147838400,25.85978889465332,31.793060302734375
1147924800,25.55486297607422,31.504966735839844
1148011200,25.56082534790039,31.603193283081055
1148270400,25.49506378173828,31.596637725830078
1148356800,25.214046478271484,31.57700538635254
1148443200,25.20208740234375,31.74066162109375
1148529600,25.620637893676758,32.02220916748047
1148616000,25.84783363342285,32.32991027832031
1148961600,25.37548065185547,31.884702682495117
1149048000,25.49506378173828,32.01701736450195
1149134400,26.057109832763672,32.2154655456543
1149220800,26.19463348388672,32.585914611816406
1149480000,25.692380905151367,32.24191665649414
1149566400,25.339614868164062,32.1030158996582
1149652800,25.26188087463379,32.31468200683594
1149739200,25.321678161621094,32.433773040771484
1149825600,25.172178268432617,32.27500534057617
1150084800,24.87323760986328,32.02363204956055
1150171200,24.233478546142578,31.137208938598633
1150257600,23.898643493652344,30.852758407592773
1150344000,24.27532958984375,31.6928653717041
1150430400,24.01224136352539,31.36874771118164
1150689600,23.886686325073242,31.183513641357422
1150776000,24.209558486938477,31.143823623657227
1150862400,24.640039443969727,31.29598045349121
1150948800,24.55634117126465,31.4481143951416
1151035200,24.436758041381836,31.36212921142578
1151294400,24.813451766967773,31.395198822021484
1151380800,24.418827056884766,31.289363861083984
1151467200,24.675935745239258,31.520898818969727
1151553600,25.51898956298828,32.14931869506836
1151640000,25.11240005493164,31.818572998046875
1151899200,25.841781616210938,32.28822708129883
1152072000,25.564495086669922,32.327938079833984
1152158400,25.588605880737305,32.45360565185547
1152244800,25.564495086669922,32.281612396240234
1152504000,25.666976928710938,32.50653076171875
1152590400,25.841781616210938,32.513145446777344
1152676800,25.468053817749023,32.12947082519531
1152763200,24.94965362548828,31.739187240600586
1152849600,24.648250579833984,31.957477569580078
1153108800,24.551807403564453,31.89796257019043
1153195200,24.53974151611328,32.04345703125
1153281600,25.950292587280273,33.0423583984375
1153368000,25.90810203552246,32.84389114379883
1153454400,26.010560989379883,33.16804885864258
1153713600,26.643510818481445,33.45246505737305
1153800000,26.90269660949707,33.61126708984375
1153886400,26.914764404296875,33.73033142089844
1153972800,26.94489288330078,33.75017547607422
1154059200,27.415077209472656,34.17353820800781
1154318400,27.499473571777344,34.08754348754883
1154404800,27.433170318603516,34.08754348754883
1154491200,27.421098709106445,34.371986389160156
1154577600,27.523576736450195,34.37860870361328
1154664000,27.198078155517578,34.61012268066406
1154923200,27.288497924804688,34.504295349121094
1155009600,27.119714736938477,34.43814468383789
1155096000,26.733922958374023,34.09415054321289
1155182400,26.55308723449707,34.080928802490234
1155268800,26.480749130249023,34.001548767089844
1155528000,26.456636428833008,33.822940826416016
1155614400,27.14984893798828,34.49767303466797
1155700800,27.409046173095703,34.596900939941406
1155787200,27.403017044067383,34.49103546142578
1155873600,27.553707122802734,34.722591400146484
1156132800,27.403017044067383,34.7027473449707
1156219200,27.336719512939453,34.72919845581055
1156305600,27.439191818237305,34.722591400146484
1156392000,27.5356388092041,34.73582458496094
1156478400,27.439191818237305,34.48446273803711
1156737600,27.740596771240234,34.52412414550781
1156824000,27.710447311401367,34.590293884277344
1156910400,27.56578254699707,34.57022476196289
1156996800,27.523576736450195,34.41644287109375
1157083200,27.56578254699707,34.543487548828125
1157428800,27.60797691345215,34.60367202758789
1157515200,27.656204223632812,34.536781311035156
1157601600,27.24629020690918,34.443172454833984
1157688000,27.2824649810791,34.543487548828125
1157947200,27.360822677612305,34.222511291503906
1158033600,27.734560012817383,34.57022476196289
1158120000,27.969650268554688,34.70396423339844
1158206400,28.029918670654297,34.72401428222656
1158292800,28.301176071166992,34.40306091308594
1158552000,28.07815170288086,34.62372589111328
1158638400,28.210779190063477,34.79090118408203
1158724800,28.463945388793945,35.09847640991211
1158811200,28.216796875,34.931312561035156
1158897600,28.222810745239258,35.058353424072266
1159156800,28.277069091796875,35.41944122314453
1159243200,28.271053314208984,35.760475158691406
1159329600,28.234893798828125,35.5999755859375
1159416000,28.421751022338867,35.78720474243164
1159502400,28.307218551635742,35.820640563964844
1159761600,28.25296401977539,35.854068756103516
1159848000,28.783432006835938,36.3823356628418
1159934400,28.83199119567871,36.65648651123047
1160020800,28.783416748046875,36.45587158203125
1160107200,28.449504852294922,36.268646240234375
1160366400,28.601299285888672,36.44917678833008
1160452800,28.85626792907715,36.5294303894043
1160539200,28.923049926757812,36.134918212890625
1160625600,29.299480438232422,36.282012939453125
1160712000,29.238750457763672,36.368953704833984
1160971200,28.97770118713379,35.91425323486328
1161057600,29.135547637939453,35.89418411254883
1161144000,28.6619873046875,35.98112106323242
1161230400,28.45557975769043,35.61336135864258
1161316800,28.607362747192383,35.854068756103516
1161576000,28.771272659301758,35.88080596923828
1161662400,28.619495391845703,35.72702407836914
1161748800,28.69841766357422,36.10816955566406
1161835200,29.001985549926758,36.22853088378906
1161921600,28.710580825805664,35.907569885253906
1162184400,28.807708740234375,36.05467987060547
1162270800,28.80162811279297,36.02124786376953
1162357200,28.491992950439453,35.82733917236328
1162443600,28.473804473876953,35.807254791259766
1162530000,28.467714309692383,35.72702407836914
1162789200,28.929113388061523,36.24860382080078
1162875600,28.83199119567871,36.388999938964844
1162962000,28.923049926757812,36.51606750488281
1163048400,28.68022346496582,36.44917678833008
1163134800,28.904855728149414,36.6230354309082
1163394000,28.935211181640625,36.41575241088867
1163480400,28.989866256713867,36.66315460205078
1163566800,28.807708740234375,36.429134368896484
1163653200,29.050552368164062,36.7099723815918
1163739600,28.935211181640625,36.676536560058594
1163998800,29.080913543701172,36.7099723815918
1164085200,28.989866256713867,36.58960723876953
1164171600,28.892715454101562,36.5294303894043
1164344400,28.69841766357422,36.48263931274414
1164603600,28.309871673583984,36.05467987060547
1164690000,28.048810958862305,36.28871154785156
1164776400,28.334144592285156,36.4981575012207
1164862800,28.09738540649414,36.383304595947266
1164949200,27.933452606201172,36.14682388305664
1165208400,28.437360763549805,35.57253646850586
1165294800,28.65592384338379,35.66710662841797
1165381200,28.431299209594727,35.59955596923828
1165467600,28.309871673583984,35.46442413330078
1165554000,28.388790130615234,34.903648376464844
1165813200,28.868408203125,35.50497055053711
1165899600,28.9169921875,35.67388153076172
1165986000,28.898775100708008,35.86978530883789
1166072400,29.11126136779785,35.92386245727539
1166158800,29.32375717163086,36.02521514892578
1166418000,29.281251907348633,36.234657287597656
1166504400,29.3055419921875,36.200870513916016
1166590800,29.275182723999023,36.254920959472656
1166677200,29.5362548828125,36.15357971191406
1166763600,29.074840545654297,36.04549026489258
1167109200,29.329832077026367,36.281951904296875
1167195600,29.7183837890625,36.32925033569336
1167282000,29.700172424316406,36.248165130615234
1167368400,29.32375717163086,36.072509765625
1167800400,29.391019821166992,36.0319709777832
1167886800,29.46437644958496,36.261688232421875
1167973200,29.219812393188477,35.97115707397461
1168232400,29.31764030456543,36.1130485534668
1168318800,29.195362091064453,36.14682388305664
1168405200,29.409360885620117,36.200870513916016
1168491600,29.537748336791992,35.984676361083984
1168578000,29.34210777282715,36.065738677978516
1168923600,29.58666229248047,36.106292724609375
1169010000,29.611108779907227,36.02521514892578
1169096400,29.439922332763672,36.00494384765625
1169182800,29.81289291381836,36.20763397216797
1169442000,30.363162994384766,36.248165130615234
1169528400,30.467117309570312,36.02521514892578
1169614800,30.791170120239258,35.94414520263672
1169701200,30.69945526123047,35.40361022949219
1169787600,30.387638092041016,35.1603889465332
1170046800,30.24699592590332,34.76851272583008
1170133200,30.68110466003418,35.21443176269531
1170219600,31.139680862426758,35.52522277832031
1170306000,31.310869216918945,35.70090103149414
1170392400,31.139680862426758,35.633338928222656
1170651600,31.15802574157715,35.72792053222656
1170738000,31.182479858398438,35.95088195800781
1170824400,31.310869216918945,36.05222702026367
1170910800,31.139680862426758,36.02521514892578
1170997200,30.827856063842773,35.80225372314453
1171256400,30.8400821685791,35.836021423339844
1171342800,31.15189552307129,36.30221176147461
1171429200,31.43926239013672,36.518428802490234
1171515600,31.310869216918945,36.383304595947266
1171602000,31.335330963134766,36.518428802490234
1171947600,31.56767463684082,36.518428802490234
1172034000,31.579893112182617,36.423831939697266
1172120400,31.573789596557617,36.281951904296875
1172206800,31.200828552246094,35.714420318603516
1172466000,31.066307067871094,35.66710662841797
1172552400,30.09415626525879,34.32261276245117
1172638800,30.19808578491211,34.725650787353516
1172725200,30.081897735595703,34.418235778808594
1172811600,29.46437644958496,34.16545104980469
1173070800,29.066965103149414,33.91267395019531
1173157200,29.66616439819336,34.800804138183594
1173243600,29.568315505981445,34.561702728271484
1173330000,29.800657272338867,34.684669494628906
1173416400,29.849578857421875,34.8076286315918
1173672000,29.861806869506836,34.903297424316406
1173758400,28.553373336791992,33.789710998535156
1173844800,28.920223236083984,34.001495361328125
1173931200,29.164791107177734,34.22695541381836
1174017600,28.755125045776367,33.899024963378906
1174276800,29.09140968322754,34.411399841308594
1174363200,29.195362091064453,34.677852630615234
1174449600,29.990215301513672,35.429325103759766
1174536000,29.63557243347168,35.27901840209961
1174622400,29.66616439819336,35.31318283081055
1174881600,29.776208877563477,35.22437286376953
1174968000,29.69672203063965,35.41566848754883
1175054400,29.34210777282715,34.684669494628906
1175140800,29.65391731262207,34.97159957885742
1175227200,29.580551147460938,34.85546875
1175486400,29.49494171142578,34.452396392822266
1175572800,29.90134620666504,34.746150970458984
1175659200,29.90134620666504,34.76666259765625
1175745600,30.030664443969727,34.73932647705078
1176091200,30.17229652404785,34.746150970458984
1176177600,30.3200740814209,34.889617919921875
1176264000,30.26466178894043,34.507049560546875
1176350400,30.295427322387695,34.34990310668945
1176436800,30.227705001831055,34.44557189941406
1176696000,30.76956558227539,34.998931884765625
1176782400,30.89888572692871,35.0467529296875
1176868800,32.06267166137695,35.40201187133789
1176955200,32.07500076293945,34.78033447265625
1177041600,32.352081298828125,34.86913299560547
1177300800,32.191986083984375,34.507049560546875
1177387200,32.11810302734375,34.582191467285156
1177473600,32.52450180053711,34.998931884765625
1177560000,32.59836959838867,34.65052032470703
1177646400,32.35824966430664,34.684669494628906
1177905600,32.0811653137207,34.77348709106445
1177992000,32.179656982421875,34.79398727416992
1178078400,32.35824966430664,34.8486442565918
1178164800,32.45061111450195,34.998931884765625
1178251200,32.40751647949219,35.005760192871094
1178510400,32.46907043457031,35.12873840332031
1178596800,32.296661376953125,35.115081787109375
1178683200,32.758487701416016,35.149227142333984
1178769600,32.01955795288086,34.55487823486328
1178856000,32.1119384765625,34.8076286315918
1179115200,31.914897918701172,34.69150161743164
1179201600,32.03803634643555,34.800804138183594
1179288000,32.62302780151367,34.92377471923828
1179374400,32.36440658569336,34.93061065673828
1179460800,32.352081298828125,35.03308868408203
1179720000,32.36440658569336,34.998931884765625
1179806400,32.198150634765625,35.18337631225586
1179892800,32.0134391784668,35.08091354370117
1179979200,31.767108917236328,34.87596130371094
1180065600,31.797903060913086,34.97843933105469
1180411200,31.908748626708984,34.97159957885742
1180497600,32.0565185546875,35.095943450927734
1180584000,31.914897918701172,35.02686309814453
1180670400,31.957988739013672,35.07522201538086
1180929600,31.754791259765625,35.12355422973633
1181016000,31.539281845092773,34.99233627319336
1181102400,31.132871627807617,34.76437759399414
1181188800,30.677217483520508,34.39140319824219
1181275200,31.040512084960938,34.716041564941406
1181534400,31.052812576293945,34.570980072021484
1181620800,30.387798309326172,34.30158996582031
1181707200,30.966623306274414,34.78510665893555
1181793600,30.985084533691406,34.591705322265625
1181880000,31.132871627807617,34.591705322265625
1182139200,31.052812576293945,34.47427749633789
1182225600,31.311452865600586,34.916324615478516
1182312000,30.455535888671875,34.522640228271484
1182398400,30.689538955688477,34.46046829223633
1182484800,29.999881744384766,33.81117248535156
1182744000,29.7781982421875,33.74210739135742
1182830400,29.925989151000977,33.70757293701172
1182916800,30.3200740814209,33.97697067260742
1183003200,30.147668838500977,33.90788269042969
1183089600,29.83362579345703,33.76972198486328
1183348800,30.26466178894043,34.06675338745117
1183435200,30.61835479736328,34.225624084472656
1183608000,30.277070999145508,34.101280212402344
1183694400,30.388763427734375,33.9493408203125
1183953600,30.277070999145508,33.7144775390625
1184040000,29.482742309570312,33.40365219116211
1184126400,29.867494583129883,33.50725173950195
1184212800,30.736286163330078,34.21180725097656
1184299200,31.058969497680664,34.191070556640625
1184558400,30.92245101928711,34.27397155761719
1184644800,30.97829818725586,34.3983039855957
1184731200,30.332901000976562,34.094383239746094
1184817600,30.171560287475586,34.03221893310547
1184904000,29.513774871826172,33.36911392211914
1185163200,29.259357452392578,33.25859832763672
1185249600,28.136144638061523,32.56787872314453
1185336000,28.09269905090332,33.10663604736328
1185422400,27.354232788085938,32.62312316894531
1185508800,27.447311401367188,32.747459411621094
1185768000,27.77000617980957,32.947776794433594
1185854400,27.3107967376709,32.754364013671875
1185940800,27.54039764404297,32.89940643310547
1186027200,27.67072296142578,33.003028869628906
1186113600,27.08739471435547,32.46424865722656
1186372800,27.993417739868164,33.26551818847656
1186459200,28.136144638061523,33.6177864074707
1186545600,28.862184524536133,34.32923126220703
1186632000,27.410070419311523,33.3967399597168
1186718400,27.459728240966797,33.56253433227539
1186977600,27.1991024017334,33.5003547668457
1187064000,26.870182037353516,33.05829620361328
1187150400,26.684024810791016,33.31385803222656
1187236800,28.216808319091797,34.432830810546875
1187323200,29.17247200012207,35.752132415771484
1187582400,28.849781036376953,35.46892166137695
1187668800,28.669816970825195,35.43439483642578
1187755200,28.545703887939453,35.67616271972656
1187841600,28.34093475341797,35.80048751831055
1187928000,28.514667510986328,35.82810974121094
1188187200,27.86929702758789,35.13738250732422
1188273600,27.05636978149414,34.30158996582031
1188360000,27.385257720947266,34.916324615478516
1188446400,27.285972595214844,34.681488037109375
1188532800,27.627267837524414,35.00613784790039
1188878400,28.111316680908203,35.28244400024414
1188964800,27.410070419311523,34.93968200683594
1189051200,27.434900283813477,34.82777404785156
1189137600,27.00670623779297,34.28915786743164
1189396800,27.261150360107422,34.2471809387207
1189483200,27.639680862426758,34.589942932128906
1189569600,27.59624671936035,34.54796600341797
1189656000,28.2974853515625,34.87672424316406
1189742400,28.26025390625,34.93968200683594
1190001600,28.10511589050293,34.63190460205078
1190088000,29.675134658813477,35.821048736572266
1190174400,29.519973754882812,35.723106384277344
1190260800,29.141443252563477,35.52724838256836
1190347200,29.246946334838867,35.84203338623047
1190606400,28.756711959838867,35.38735580444336
1190692800,28.607755661010742,35.1285400390625
1190779200,28.626388549804688,35.261436462402344
1190865600,28.67601203918457,35.394351959228516
1190952000,28.43400764465332,35.16352462768555
1191211200,29.048357009887695,35.42232131958008
1191297600,29.26555824279785,36.17778396606445
1191384000,29.403181076049805,36.32468795776367
1191470400,29.559598922729492,36.653446197509766
1191556800,29.766029357910156,36.87027359008789
1191816000,29.678464889526367,36.67441940307617
1191902400,29.759769439697266,36.77235794067383
1191988800,29.34688377380371,36.5834846496582
1192075200,29.190475463867188,36.66743087768555
1192161600,29.290584564208984,36.4225959777832
1192420800,28.946496963500977,35.96794128417969
1192507200,28.220808029174805,35.11456298828125
1192593600,29.00905418395996,34.99565505981445
1192680000,28.715030670166016,34.17024612426758
1192766400,28.16449546813965,33.27488708496094
1193025600,28.383464813232422,33.421791076660156
1193112000,28.74005126953125,33.421791076660156
1193198400,28.946496963500977,33.21194076538086
1193284800,28.808868408203125,32.87617874145508
1193371200,29.603368759155273,33.596656799316406
1193630400,29.19674301147461,33.561676025390625
1193716800,29.1279239654541,33.568695068359375
1193803200,29.403181076049805,33.77153778076172
1193889600,27.726579666137695,31.973834991455078
1193976000,26.994625091552734,31.55413246154785
1194238800,26.756895065307617,31.09247398376465
1194325200,27.59520721435547,31.86893081665039
1194411600,26.425329208374023,30.295053482055664
1194498000,26.656797409057617,30.42795181274414
1194584400,26.469118118286133,30.76371192932129
1194843600,26.5191707611084,30.76371192932129
1194930000,28.183269500732422,32.36555862426758
1195016400,28.245830535888672,31.987825393676758
1195102800,27.23234748840332,30.833654403686523
1195189200,26.957082748413086,31.036516189575195
1195448400,25.881057739257812,29.952293395996094
1195534800,26.043712615966797,29.917322158813477
1195621200,25.449399948120117,29.476640701293945
1195794000,26.243915557861328,30.18312644958496
1196053200,25.311763763427734,29.294769287109375
1196139600,26.49415397644043,30.03623390197754
1196226000,27.501352310180664,31.372276306152344
1196312400,27.30742835998535,31.218374252319336
1196398800,28.539854049682617,32.267635345458984
1196658000,28.283363342285156,31.80595588684082
1196744400,27.6202335357666,31.274341583251953
1196830800,28.08942222595215,32.097530364990234
1196917200,28.90896224975586,32.6155891418457
1197003600,28.827632904052734,32.1968879699707
1197262800,29.665935516357422,33.09814453125
1197349200,28.74005126953125,31.685935974121094
1197435600,28.871429443359375,30.82015037536621
1197522000,28.62744903564453,30.550495147705078
1197608400,28.27710723876953,29.91889762878418
1197867600,27.85795783996582,29.59246063232422
1197954000,27.46381950378418,29.45052719116211
1198040400,27.513877868652344,29.514408111572266
1198126800,27.107236862182617,29.38665771484375
1198213200,27.59520721435547,29.748592376708984
1198472400,28.045631408691406,30.004070281982422
1198645200,28.11444854736328,30.01825714111328
1198731600,27.301166534423828,29.422155380249023
1198818000,27.063451766967773,29.166675567626953
1199077200,27.30742835998535,29.280208587646484
1199250000,26.613224029541016,28.78346061706543
1199336400,26.430217742919922,28.59895133972168
1199422800,25.830669403076172,28.279605865478516
1199682000,26.08941650390625,28.315095901489258
1199768400,25.05442237854004,27.25771141052246
1199854800,25.407840728759766,27.49190330505371
1199941200,26.083105087280273,27.88930892944336
1200027600,25.786481857299805,27.32158851623535
1200286800,26.102041244506836,27.83252716064453
1200373200,24.719947814941406,26.8815975189209
1200459600,26.146217346191406,27.45640754699707
1200546000,25.268991470336914,26.193235397338867
1200632400,24.98499298095703,25.526165008544922
1200978000,25.786481857299805,26.53387451171875
1201064400,28.853605270385742,28.790563583374023
1201150800,28.373971939086914,28.315095901489258
1201237200,27.540925979614258,28.017040252685547
1201496400,28.758928298950195,29.237648010253906
1201582800,29.945404052734375,29.762792587280273
1201669200,29.88228988647461,29.954376220703125
1201755600,29.913854598999023,31.331106185913086
1201842000,30.450271606445312,31.955608367919922
1202101200,29.169160842895508,31.245954513549805
1202187600,27.69870376586914,30.067928314208984
1202274000,27.591426849365234,30.03953742980957
1202360400,28.46864891052246,30.77758026123047
1202446800,27.65452766418457,29.91889762878418
1202706000,27.357913970947266,29.904712677001953
1202792400,27.332672119140625,30.387269973754883
1202878800,27.83122444152832,30.74919891357422
1202965200,26.890899658203125,29.975669860839844
1203051600,27.29480743408203,30.30211067199707
1203397200,27.02974510192871,30.280826568603516
1203483600,27.2316951751709,30.493738174438477
1203570000,27.18120002746582,29.954376220703125
1203656400,27.72394561767578,30.23114776611328
1203915600,27.787052154541016,30.472423553466797
1204002000,27.591426849365234,30.316316604614258
1204088400,28.026880264282227,30.429853439331055
1204174800,26.783611297607422,29.39377784729004
1204261200,25.653972625732422,28.20155143737793
1204520400,25.130142211914062,27.80414581298828
1204606800,24.732566833496094,27.520282745361328
1204693200,24.448575973510742,27.09455108642578
1204779600,23.583965301513672,26.351362228393555
1204866000,23.703887939453125,26.510108947753906
1205121600,23.022302627563477,25.478271484375
1205208000,24.51168441772461,27.217233657836914
1205294400,24.366533279418945,26.719348907470703
1205380800,24.050987243652344,26.798728942871094
1205467200,23.060165405273438,25.752464294433594
1205726400,25.439382553100586,25.947284698486328
1205812800,26.954004287719727,28.09030532836914
1205899200,26.80254364013672,27.823345184326172
1205985600,29.01138687133789,30.204479217529297
1206331200,29.377408981323242,30.630203247070312
1206417600,29.068185806274414,29.562305450439453
1206504000,27.837547302246094,28.74694061279297
1206590400,27.048675537109375,27.88106346130371
1206676800,26.954004287719727,27.469776153564453
1206936000,27.105480194091797,27.35433006286621
1207022400,29.66141700744629,29.482929229736328
1207108800,29.419626235961914,29.07884979248047
1207195200,29.44507598876953,29.12936782836914
1207281600,28.993343353271484,28.436656951904297
1207540800,28.974271774291992,28.50160026550293
1207627200,28.541629791259766,27.693456649780273
1207713600,28.185335159301758,27.36874008178711
1207800000,27.905378341674805,27.19557762145996
1207886400,27.0591983795166,26.654403686523438
1208145600,26.40386962890625,25.673093795776367
1208232000,26.798330307006836,25.673093795776367
1208318400,28.60525131225586,26.683263778686523
1208404800,28.70704460144043,27.036832809448242
1208491200,29.114234924316406,27.823345184326172
1208750400,28.777029037475586,27.137855529785156
1208836800,29.04425621032715,26.697717666625977
1208923200,28.726144790649414,26.59669303894043
1209009600,29.88409423828125,27.325464248657227
1209096000,30.405797958374023,27.635725021362305
1209355200,30.11948013305664,27.549144744873047
1209441600,29.954076766967773,27.318239212036133
1209528000,30.31671714782715,27.08735466003418
1209614400,31.334705352783203,28.42222785949707
1209700800,30.959333419799805,28.710851669311523
1209960000,30.5394287109375,28.119186401367188
1210046400,30.666667938232422,28.313995361328125
1210132800,29.629596710205078,27.419265747070312
1210219200,29.298770904541016,26.935829162597656
1210305600,29.629596710205078,26.44516944885254
1210564800,30.055864334106445,27.015188217163086
1210651200,28.936086654663086,26.416292190551758
1210737600,29.20968246459961,26.553396224975586
1210824000,29.915903091430664,26.48845672607422
1210910400,29.604137420654297,26.09880828857422
1211169600,29.26058006286621,26.04830551147461
1211256000,27.8035945892334,25.536001205444336
1211342400,26.989213943481445,24.98760986328125
1211428800,27.390029907226562,25.059757232666016
1211515200,26.925579071044922,24.482521057128906
1211860800,27.364585876464844,24.655691146850586
1211947200,27.269155502319336,24.439224243164062
1212033600,27.720884323120117,24.9659481048584
1212120000,27.358217239379883,24.54023551940918
1212379200,26.81742286682129,24.22997283935547
1212465600,26.651994705200195,24.035158157348633
1212552000,26.48658561706543,23.53487777709961
1212638400,26.785606384277344,23.53487777709961
1212724800,25.506771087646484,22.438684463500977
1212984000,23.865270614624023,21.783920288085938
1213070400,24.361553192138672,21.791278839111328
1213156800,23.62350845336914,21.22479820251465
1213243200,24.183406829833984,21.658855438232422
1213329600,25.182294845581055,21.908994674682617
1213588800,25.41133689880371,22.30626106262207
1213675200,24.838727951049805,21.51171875
1213761600,24.64785385131836,20.871667861938477
1213848000,24.590595245361328,20.702457427978516
1213934400,24.087976455688477,19.937320709228516
1214193600,23.458084106445312,19.039777755737305
1214280000,23.998889923095703,19.584205627441406
1214366400,24.11976432800293,19.576839447021484
1214452800,23.108154296875,18.252588272094727
1214539200,22.300138473510742,18.09073257446289
1214798400,21.82931900024414,17.5610294342041
1214884800,21.887226104736328,17.516889572143555
1214971200,22.26036834716797,16.58255958557129
1215057600,22.7171573638916,16.479564666748047
1215403200,21.90007972717285,15.839505195617676
1215489600,23.01310920715332,17.318256378173828
1215576000,22.054492950439453,16.229433059692383
1215662400,22.202468872070312,16.450136184692383
1215748800,21.33391761779785,15.9425048828125
1216008000,20.388187408447266,14.824247360229492
1216094400,19.957130432128906,13.625072479248047
1216180800,23.12248420715332,16.678205490112305
1216267200,26.24923324584961,19.495914459228516
1216353600,25.747400283813477,20.224254608154297
1216612800,24.866003036499023,21.011445999145508
1216699200,26.287817001342773,23.799728393554688
1216785600,26.99552345275879,24.601634979248047
1216872000,25.181243896484375,22.541688919067383
1216958400,25.42572021484375,21.76185417175293
1217217600,24.229055404663086,20.64359474182129
1217304000,26.21706199645996,23.704090118408203
1217390400,26.74461555480957,24.726696014404297
1217476800,26.139856338500977,24.204357147216797
1217563200,26.223493576049805,24.520706176757812
1217822400,25.824607849121094,23.998367309570312
1217908800,26.95048713684082,24.704635620117188
1217995200,26.628807067871094,24.608997344970703
1218081600,25.612293243408203,23.189098358154297
1218168000,26.422935485839844,23.72616195678711
1218427200,26.95048713684082,24.5574951171875
1218513600,24.39633560180664,22.90218734741211
1218600000,23.746540069580078,21.232160568237305
1218686400,24.32556915283203,22.203269958496094
1218772800,24.492843627929688,22.58582305908203
1219032000,23.637182235717773,21.55586051940918
1219118400,22.890869140625,20.658309936523438
1219204800,23.8044490814209,21.548503875732422
1219291200,23.328357696533203,21.364578247070312
1219377600,24.235490798950195,22.225339889526367
1219636800,23.244718551635742,21.305721282958984
1219723200,23.553539276123047,21.349863052368164
1219809600,23.894514083862305,21.8133487701416
1219896000,25.013980865478516,23.12289047241211
1219982400,24.7630615234375,22.90953826904297
1220328000,25.084732055664062,24.005720138549805
1220414400,25.547962188720703,24.73362922668457
1220500800,24.389904022216797,22.9626522064209
1220587200,25.477201461791992,24.185827255249023
1220846400,26.73174476623535,26.061851501464844
1220932800,25.393556594848633,24.403444290161133
1221019200,25.348520278930664,24.313392639160156
1221105600,26.796092987060547,24.808664321899414
1221192000,26.487274169921875,25.31894874572754
1221451200,23.8044490814209,19.923477172851562
1221537600,26.210628509521484,22.174718856811523
1221624000,23.01310920715332,20.411243438720703
1221710400,25.92754554748535,22.947641372680664
1221796800,30.270244598388672,28.12548065185547
1222056000,26.24923324584961,25.626619338989258
1222142400,26.09481430053711,24.9887638092041
1222228800,26.05622100830078,24.816171646118164
1222315200,27.960582733154297,25.791696548461914
1222401600,31.035858154296875,27.54016876220703
1222660800,26.377891540527344,22.699996948242188
1222747200,30.045068740844727,26.264469146728516
1222833600,31.93012809753418,28.613264083862305
1222920000,32.31912612915039,27.29253387451172
1223006400,29.75823211669922,25.874250411987305
1223265600,28.526405334472656,24.178321838378906
1223352000,25.49223518371582,17.83732032775879
1223438400,25.479259490966797,16.58413314819336
1223524800,23.780656814575195,14.73061466217041
1223611200,26.996347427368164,15.661128997802734
1223870400,27.223268508911133,17.10191535949707
1223956800,26.393396377563477,19.908466339111328
1224043200,24.95412254333496,17.87483787536621
1224129600,26.250782012939453,18.197525024414062
1224216000,25.498714447021484,17.43960952758789
1224475200,26.360986709594727,18.310087203979492
1224561600,25.7645320892334,17.987401962280273
1224648000,24.098331451416016,17.00436019897461
1224734400,24.539182662963867,17.259511947631836
1224820800,22.970233917236328,15.811212539672852
1225080000,22.043132781982422,15.405988693237305
1225166400,24.377111434936523,17.27451515197754
1225252800,23.151769638061523,16.749221801757812
1225339200,24.390071868896484,17.09442138671875
1225425600,26.743501663208008,18.137489318847656
1225688400,26.406368255615234,17.717252731323242
1225774800,27.339967727661133,18.407638549804688
1225861200,25.427398681640625,16.321495056152344
1225947600,24.805004119873047,15.098318099975586
1226034000,24.47435760498047,15.375969886779785
1226293200,23.605602264404297,14.618056297302246
1226379600,23.56670379638672,14.025222778320312
1226466000,22.412673950195312,12.757026672363281
1226552400,24.11129379272461,12.832066535949707
1226638800,22.347843170166016,12.321785926818848
1226898000,21.245697021484375,11.278711318969727
1226984400,20.837242126464844,11.39877986907959
1227070800,18.457887649536133,9.800397872924805
1227157200,15.157896995544434,8.44214916229248
1227243600,14.730002403259277,8.607239723205566
1227502800,17.880863189697266,10.948530197143555
1227589200,19.300704956054688,11.106119155883789
1227675600,19.851778030395508,11.578877449035645
1227848400,20.52604103088379,12.194218635559082
1228107600,16.9343204498291,9.642812728881836
1228194000,18.49677848815918,10.783441543579102
1228280400,19.61190414428711,11.550943374633789
1228366800,20.150009155273438,11.00601577758789
1228453200,21.62171745300293,11.696764945983887
1228712400,23.657466888427734,13.692280769348145
1228798800,22.017194747924805,13.009198188781738
1228885200,21.731929779052734,12.809650421142578
1228971600,19.410921096801758,11.443493843078613
1229058000,20.059247970581055,11.45884895324707
1229317200,18.561609268188477,10.829490661621094
1229403600,20.973386764526367,11.589320182800293
1229490000,20.655710220336914,11.220917701721191
1229576400,19.585969924926758,10.714365005493164
1229662800,19.65728187561035,10.59156322479248
1229922000,19.33312225341797,10.384334564208984
1230008400,18.872798919677734,9.785682678222656
1230094800,19.352569580078125,10.384334564208984
1230267600,19.320148468017578,10.253862380981445
1230526800,19.307193756103516,9.931509017944336
1230613200,20.104639053344727,10.161763191223145
1230699600,20.44176483154297,10.806461334228516
1230872400,20.57300567626953,10.99834156036377
1231131600,19.194913864135742,10.729713439941406
1231218000,19.608346939086914,10.959968566894531
1231304400,18.43367576599121,10.522482872009277
1231390800,17.862756729125977,10.392010688781738
1231477200,17.042463302612305,9.969888687133789
1231736400,16.346851348876953,8.772575378417969
1231822800,17.291833877563477,8.17392349243164
1231909200,17.003080368041992,7.828542709350586
1231995600,15.972789764404297,6.385638236999512
1232082000,14.97530746459961,5.510682582855225
1232427600,11.871315956115723,3.914271354675293
1232514000,14.850627899169922,5.126931190490723
1232600400,15.159059524536133,4.382452011108398
1232686800,15.93342113494873,4.7892279624938965
1232946000,16.077791213989258,4.605027198791504
1233032400,16.44527816772461,4.9887800216674805
1233118800,18.151493072509766,5.671858310699463
1233205200,16.68808937072754,5.203681468963623
1233291600,16.740577697753906,5.050179481506348
1233550800,16.53715705871582,4.605027198791504
1233637200,15.782477378845215,4.067775726318359
1233723600,15.775923728942871,3.607272148132324
1233810000,16.104036331176758,3.714721441268921
1233896400,18.131799697875977,4.704805374145508
1234155600,17.902132034301758,5.28810453414917
1234242000,16.156530380249023,4.267323970794678
1234328400,17.121212005615234,4.658750534057617
1234414800,17.186832427978516,4.505250930786133
1234501200,16.202478408813477,4.275003910064697
1234846800,14.207517623901367,3.760772466659546
1234933200,14.115639686584473,3.507498025894165
1235019600,13.51846981048584,3.016294002532959
1235106000,13.059100151062012,2.9088423252105713
1235365200,12.803170204162598,3.000943183898926
1235451600,13.794088363647461,3.6302969455718994
1235538000,14.260016441345215,3.9603230953216553
1235624400,15.126250267028809,4.083123683929443
1235710800,14.994997024536133,3.0316426753997803
1235970000,13.88596248626709,2.786041498184204
1236056400,13.787529945373535,2.8013927936553955
1236142800,12.66536808013916,2.762911319732666
1236229200,10.893524169921875,2.439673900604248
1236315600,10.45384407043457,2.416585683822632
1236571200,10.434155464172363,2.8860483169555664
1236657600,12.79660415649414,3.686447858810425
1236744000,13.387227058410645,3.79419207572937
1236830400,15.224686622619629,4.502237319946289
1236916800,15.585614204406738,4.4329729080200195
1237176000,15.152495384216309,4.756208419799805
1237262400,16.497783660888672,4.825474262237549
1237348800,17.79056739807129,5.9029340744018555
1237435200,16.37310028076172,5.333417892456055
1237521600,15.191875457763672,4.763905048370361
1237780800,18.93898582458496,6.0029826164245605
1237867200,17.324636459350586,5.556607246398926
1237953600,18.742111206054688,5.926021099090576
1238040000,19.09648323059082,5.83366584777832
1238126400,17.98087501525879,5.648959636688232
1238385600,16.30747413635254,4.640766143798828
1238472000,17.442764282226562,5.248762130737305
1238558400,18.466495513916016,5.425771236419678
1238644800,18.512510299682617,5.571999549865723
1238731200,19.248804092407227,5.849059104919434
1238990400,18.538803100585938,5.756705284118652
1239076800,17.914274215698242,5.664353847503662
1239163200,18.032608032226562,5.433468341827393
1239249600,21.52999496459961,7.349806785583496
1239595200,22.15452766418457,8.481134414672852
1239681600,20.18231964111328,7.765397548675537
1239768000,21.405088424682617,8.034761428833008
1239854400,21.85212516784668,7.957797527313232
1239940800,21.865262985229492,8.1579008102417
1240200000,19.518335342407227,6.172297954559326
1240286400,21.38536834716797,6.741810321807861
1240372800,20.971200942993164,6.357004165649414
1240459200,21.832408905029297,6.787987232208252
1240545600,21.944164276123047,7.003476619720459
1240804800,21.54972267150879,6.86494779586792
1240891200,21.556289672851562,6.2723469734191895
1240977600,22.66730308532715,6.680242538452148
1241064000,21.69434928894043,6.872645378112793
1241150400,21.35907745361328,6.6956353187561035
1241409600,23.528505325317383,7.988580703735352
1241496000,22.890827178955078,8.342606544494629
1241582400,24.468591690063477,9.766392707824707
1241668800,23.166934967041016,10.39747428894043
1241755200,25.599321365356445,10.905418395996094
1242014400,23.554805755615234,9.958796501159668
1242100800,23.245820999145508,9.435457229614258
1242187200,22.38461685180664,8.47343635559082
1242273600,23.36414909362793,8.70432186126709
1242360000,22.949981689453125,8.211771965026855
1242619200,24.49489402770996,9.027565956115723
1242705600,23.541650772094727,8.658147811889648
1242792000,22.71331787109375,8.842851638793945
1242878400,22.943424224853516,8.78128433227539
1242964800,22.621295928955078,8.519615173339844
1243310400,24.02155113220215,8.450352668762207
1243396800,22.78563117980957,8.396477699279785
1243483200,24.0938777923584,8.696630477905273
1243569600,24.258222579956055,8.673539161682129
1243828800,23.738868713378906,8.627358436584473
1243915200,22.68045997619629,8.78128433227539
1244001600,22.338603973388672,8.634930610656738
1244088000,23.2392520904541,9.143321990966797
1244174400,22.71331787109375,9.13561725616455
1244433600,23.26554298400879,9.2896728515625
1244520000,23.180072784423828,9.2896728515625
1244606400,22.903980255126953,9.22805404663086
1244692800,22.969717025756836,9.990635871887207
1244779200,23.094619750976562,10.568352699279785
1245038400,22.351747512817383,10.2679443359375
1245124800,22.023052215576172,9.805768966674805
1245211200,21.516841888427734,9.474543571472168
1245297600,22.463512420654297,9.93671703338623
1245384000,23.0091552734375,10.183206558227539
1245643200,21.6088809967041,9.197237014770508
1245729600,22.06907081604004,9.420625686645508
1245816000,21.996746063232422,9.513060569763184
1245902400,22.44378662109375,9.513060569763184
1245988800,22.6475772857666,9.821175575256348
1246248000,22.746192932128906,10.160100936889648
1246334400,22.424074172973633,10.167803764343262
1246420800,22.233139038085938,10.052258491516113
1246507200,21.24558448791504,9.736445426940918
1246852800,21.462844848632812,9.359003067016602
1246939200,21.601104736328125,9.359003067016602
1247025600,21.535266876220703,9.120213508605957
1247112000,22.134374618530273,9.22035026550293
1247198400,21.29166603088379,9.151021957397461
1247457600,22.85200309753418,10.006040573120117
1247544000,22.845420837402344,9.94442081451416
1247630400,23.87247657775879,10.33726978302002
1247716800,23.786884307861328,10.144696235656738
1247803200,24.287248611450195,9.929014205932617
1248062400,24.346500396728516,9.428329467773438
1248148800,24.320159912109375,9.389811515808105
1248235200,24.247756958007812,9.420625686645508
1248321600,25.116804122924805,9.774959564208984
1248408000,24.965370178222656,9.636303901672363
1248667200,25.103618621826172,10.083072662353516
1248753600,25.070714950561523,10.275644302368164
1248840000,24.866621017456055,10.41429615020752
1248926400,25.327476501464844,10.7609224319458
1249012800,25.445981979370117,11.392562866210938
1249272000,26.071428298950195,11.80081558227539
1249358400,26.47303581237793,12.047307014465332
1249444800,27.506677627563477,12.833001136779785
1249531200,26.82855796813965,12.863811492919922
1249617600,27.888530731201172,12.648134231567383
1249876800,28.105798721313477,12.848413467407227
1249963200,27.151161193847656,12.209073066711426
1250049600,27.789783477783203,12.270691871643066
1250136000,28.244043350219727,13.09489631652832
1250222400,27.94777488708496,13.395310401916504
1250481600,26.815385818481445,12.755972862243652
1250568000,27.454004287719727,13.01786994934082
1250654400,27.263078689575195,12.902325630187988
1250740800,27.92802619934082,13.202738761901855
1250827200,28.74439811706543,13.449226379394531
1251086400,28.316469192504883,13.364500045776367
1251172800,28.691755294799805,13.672613143920898
1251259200,28.507396697998047,13.703428268432617
1251345600,28.60615348815918,13.803559303283691
1251432000,28.25720977783203,13.849784851074219
1251691200,28.612735748291016,13.549372673034668
1251777600,27.434246063232422,12.678945541381836
1251864000,26.900981903076172,12.54020881652832
1251950400,27.723939895629883,12.979538917541504
1252036800,27.875362396240234,13.17222785949707
1252382400,28.00704002380371,13.118276596069336
1252468800,28.217731475830078,13.133692741394043
1252555200,28.323062896728516,13.272425651550293
1252641600,27.980703353881836,13.079740524291992
1252900800,28.80367660522461,13.095151901245117
1252987200,28.434982299804688,12.940999031066895
1253073600,29.39621353149414,13.295547485351562
1253160000,29.60029411315918,13.57302474975586
1253246400,29.593706130981445,13.588433265686035
1253505600,29.330354690551758,13.295547485351562
1253592000,30.59442901611328,13.57302474975586
1253678400,29.666141510009766,13.488238334655762
1253764800,29.211851119995117,13.087442398071289
1253851200,28.73782730102539,12.7945556640625
1254110400,29.501535415649414,13.272425651550293
1254196800,29.547632217407227,13.226176261901855
1254283200,28.84975242614746,13.041200637817383
1254369600,27.23674201965332,12.493958473205566
1254456000,27.592693328857422,12.594159126281738
1254715200,28.87147331237793,13.072025299072266
1254801600,29.60316276550293,13.102859497070312
1254888000,30.123903274536133,13.372627258300781
1254974400,29.86023712158203,13.357202529907227
1255060800,30.222776412963867,13.488238334655762
1255320000,30.374372482299805,13.89674186706543
1255406400,30.097517013549805,13.727171897888184
1255492800,31.086273193359375,14.328357696533203
1255579200,31.086273193359375,13.950693130493164
1255665600,30.361194610595703,13.303257942199707
1255924800,30.308448791503906,13.226176261901855
1256011200,30.341411590576172,13.110566139221191
1256097600,29.431781768798828,12.725193977355957
1256184000,30.13050079345703,12.732894897460938
1256270400,29.8140926361084,12.501667022705078
1256529600,28.884660720825195,11.869649887084961
1256616000,28.937381744384766,11.908188819885254
1256702400,28.133209228515625,11.56905460357666
1256788800,29.234027862548828,12.124000549316406
1256875200,27.53337287902832,11.237629890441895
1257138000,28.067291259765625,11.276167869567871
1257224400,28.14639663696289,11.407195091247559
1257310800,27.823410034179688,11.330123901367188
1257397200,28.91761589050293,11.661543846130371
1257483600,28.660545349121094,11.599884986877441
1257742800,29.234027862548828,12.154831886291504
1257829200,29.11536407470703,12.355225563049316
1257915600,29.214250564575195,12.663531303405762
1258002000,28.541887283325195,12.378348350524902
1258088400,28.278223037719727,12.316686630249023
1258347600,28.370519638061523,12.231907844543457
1258434000,28.44960594177246,12.154831886291504
1258520400,28.594635009765625,12.601866722106934
1258606800,28.047513961791992,12.393763542175293
1258693200,27.988197326660156,12.401472091674805
1258952400,28.528715133666992,12.555624961853027
1259038800,28.00138282775879,12.4091796875
1259125200,27.790449142456055,12.293567657470703
1259298000,27.243343353271484,11.923602104187012
1259557200,28.007965087890625,12.216490745544434
1259643600,27.829999923706055,12.255024909973145
1259730000,27.638839721679688,12.06993293762207
1259816400,27.289480209350586,12.154766082763672
1259902800,27.513601303100586,12.555811882019043
1260162000,27.19060516357422,12.255026817321777
1260248400,27.164241790771484,11.8848295211792
1260334800,27.15105438232422,11.869406700134277
1260421200,27.203794479370117,11.730584144592285
1260507600,26.999454498291016,12.054503440856934
1260766800,27.53337287902832,12.054503440856934
1260853200,26.93352699279785,11.715157508850098
1260939600,27.26312255859375,11.78456974029541
1261026000,26.544628143310547,11.460647583007812
1261112400,26.99285888671875,11.591761589050293
1261371600,27.619077682495117,11.78456974029541
1261458000,27.64544105529785,11.823135375976562
1261544400,27.39495086669922,11.715157508850098
1261630800,27.612464904785156,11.761434555053711
1261976400,27.50042152404785,11.79228401184082
1262062800,27.34881019592285,11.661171913146973
1262149200,27.37516975402832,11.62260913848877
1262235600,27.46744728088379,11.614895820617676
1262581200,28.279193878173828,12.100778579711914
1262667600,28.826967239379883,12.494115829467773
1262754000,28.98536491394043,12.640653610229492
1262840400,29.55951499938965,13.057127952575684
1262926800,29.486928939819336,12.941434860229492
1263186000,29.38793182373047,13.057127952575684
1263272400,28.701581954956055,12.617512702941895
1263358800,29.203144073486328,12.818036079406738
1263445200,29.4935245513916,12.972284317016602
1263531600,28.826967239379883,12.540385246276855
1263877200,28.562992095947266,12.586662292480469
1263963600,28.642169952392578,12.717771530151367
1264050000,26.75470542907715,11.931107521057129
1264136400,25.84395980834961,11.491499900817871
1264395600,25.876953125,11.553199768066406
1264482000,25.368789672851562,11.39123821258545
1264568400,25.95615577697754,11.715157508850098
1264654800,26.05514907836914,11.853983879089355
1264741200,25.698759078979492,11.70744514465332
1265000400,26.15413475036621,11.892545700073242
1265086800,26.761306762695312,12.03136920928955
1265173200,26.5897159576416,11.977377891540527
1265259600,25.309391021728516,11.375810623168945
1265346000,25.276384353637695,11.568623542785645
1265605200,24.88042640686035,11.167579650878906
1265691600,25.335783004760742,11.159866333007812
1265778000,25.652570724487305,11.31411075592041
1265864400,25.751556396484375,11.283265113830566
1265950800,25.705366134643555,11.144436836242676
1266296400,26.444522857666016,11.69201946258545
1266382800,26.424724578857422,12.077642440795898
1266469200,26.668899536132812,12.247315406799316
1266555600,26.418123245239258,12.247315406799316
1266814800,26.95928382873535,12.501821517944336
1266901200,26.31912612915039,12.293590545654297
1266987600,26.95928382873535,12.594377517700195
1267074000,26.82069206237793,12.764050483703613
1267160400,27.698440551757812,12.848885536193848
1267419600,27.60604476928711,12.887442588806152
1267506000,27.467464447021484,12.694634437561035
1267592400,27.408058166503906,12.63289737701416
1267678800,27.665451049804688,12.65605354309082
1267765200,28.252822875976562,12.887563705444336
1268024400,28.10761833190918,12.91843032836914
1268110800,27.99541664123535,12.964737892150879
1268197200,28.331998825073242,13.203967094421387
1268283600,28.496992111206055,13.211684226989746
1268370000,28.477197647094727,13.003318786621094
1268625600,28.424394607543945,13.003318786621094
1268712000,28.536571502685547,13.142226219177246
1268798400,28.899572372436523,13.327439308166504
1268884800,28.800569534301758,13.180819511413574
1268971200,28.675180435180664,12.980168342590332
1269230400,28.86656951904297,13.08820629119873
1269316800,29.42091941833496,13.219402313232422
1269403200,29.65852165222168,13.558956146240234
1269489600,29.65852165222168,13.690145492553711
1269576000,29.71131706237793,13.81361198425293
1269835200,29.60572624206543,13.921656608581543
1269921600,29.42091941833496,13.705575942993164
1270008000,29.533130645751953,13.77502727508545
1270094400,29.850265502929688,13.921656608581543
1270440000,29.955968856811523,13.99111270904541
1270526400,30.286319732666016,14.268930435180664
1270612800,29.942760467529297,14.369241714477539
1270699200,30.23346710205078,14.3923978805542
1270785600,30.37879753112793,14.346094131469727
1271044800,30.484512329101562,14.400114059448242
1271131200,30.306137084960938,14.407832145690918
1271217600,31.535032272338867,14.971182823181152
1271304000,31.58787727355957,15.032919883728027
1271390400,30.094707489013672,14.20718765258789
1271649600,29.98899269104004,14.191754341125488
1271736000,30.312755584716797,14.361530303955078
1271822400,29.96256446838379,14.106867790222168
1271908800,29.559545516967773,14.307509422302246
1271995200,29.691694259643555,14.222622871398926
1272254400,28.997943878173828,13.929374694824219
1272340800,28.02013397216797,13.481780052185059
1272427200,28.713857650756836,13.721013069152832
1272513600,29.070634841918945,14.122302055358887
1272600000,28.132444381713867,13.759600639343262
1272859200,28.760108947753906,13.937085151672363
1272945600,28.059762954711914,13.551236152648926
1273032000,28.16547203063965,13.52808666229248
1273118400,26.9630069732666,12.563444137573242
1273204800,26.929973602294922,12.486273765563965
1273464000,27.716215133666992,13.350591659545898
1273550400,27.45193099975586,13.242549896240234
1273636800,27.544422149658203,13.173096656799316
1273723200,26.9630069732666,13.018752098083496
1273809600,26.35516929626465,12.609752655029297
1274068800,26.322132110595703,12.617465019226074
1274155200,25.78036117553711,12.308782577514648
1274241600,26.018220901489258,12.586596488952637
1274328000,24.994136810302734,11.807167053222656
1274414400,26.46087646484375,12.339649200439453
1274673600,25.51609230041504,11.884340286254883
1274760000,25.727506637573242,11.953789710998535
1274846400,25.62180519104004,11.938362121582031
1274932800,26.705345153808594,12.486273765563965
1275019200,26.15035057067871,12.146721839904785
1275364800,25.46323585510254,11.915205001831055
1275451200,26.130529403686523,12.270425796508789
1275537600,25.83323097229004,12.208649635314941
1275624000,24.855392456054688,11.853434562683105
1275883200,24.260759353637695,11.451884269714355
1275969600,24.96109962463379,11.837990760803223
1276056000,24.525043487548828,11.590877532958984
1276142400,25.29805564880371,11.938375473022461
1276228800,25.165916442871094,12.046485900878906
1276488000,24.663793563842773,11.899765968322754
1276574400,25.271635055541992,12.200922966003418
1276660800,25.450021743774414,12.254980087280273
1276747200,25.397159576416016,12.216371536254883
1276833600,25.886085510253906,12.216371536254883
1277092800,25.6812686920166,12.193202018737793
1277179200,25.324478149414062,12.031041145324707
1277265600,25.694482803344727,11.915205001831055
1277352000,25.12626838684082,11.598601341247559
1277438400,26.057863235473633,11.907488822937012
1277697600,25.46323585510254,11.768489837646484
1277784000,24.485408782958984,11.251110076904297
1277870400,24.18808937072754,11.096662521362305
1277956800,23.87051773071289,10.82639217376709
1278043200,23.705116271972656,10.687393188476562
1278388800,24.03592300415039,10.857280731201172
1278475200,25.240036010742188,11.359219551086426
1278561600,25.246646881103516,11.475046157836914
1278648000,25.703142166137695,11.668100357055664
1278907200,25.928096771240234,11.74532413482666
1278993600,26.78155517578125,12.100539207458496
1279080000,26.695558547973633,12.100539207458496
1279166400,26.76832389831543,11.884322166442871
1279252800,25.802391052246094,10.795503616333008
1279512000,25.8288631439209,10.509783744812012
1279598400,26.219202041625977,10.633343696594238
1279684800,25.418659210205078,10.316730499267578
1279771200,26.033952713012695,10.5483980178833
1279857600,26.351526260375977,10.610170364379883
1280116800,26.68231773376465,10.926776885986328
1280203200,26.920494079589844,10.957664489746094
1280289600,26.675697326660156,10.803220748901367
1280376000,26.602935791015625,10.834115982055664
1280462400,26.649240493774414,10.841835975646973
1280721600,27.54901123046875,11.150720596313477
1280808000,27.17852020263672,11.073497772216797
1280894400,27.31745147705078,10.957664489746094
1280980800,27.304224014282227,10.82639217376709
1281067200,26.75510025024414,10.780061721801758
1281326400,26.34489631652832,10.741445541381836
1281412800,25.914857864379883,10.525229454040527
1281499200,24.988636016845703,10.185456275939941
1281585600,25.01508903503418,10.085073471069336
1281672000,24.80999755859375,10.216347694396973
1281931200,24.935701370239258,10.185456275939941
1282017600,24.7967586517334,10.200900077819824
1282104000,25.068021774291992,10.285845756530762
1282190400,24.525508880615234,10.054182052612305
1282276800,24.571815490722656,9.93835163116455
1282536000,24.39980125427246,9.93835163116455
1282622400,23.956523895263672,9.760744094848633
1282708800,23.969762802124023,9.776188850402832
1282795200,23.572797775268555,9.629467010498047
1282881600,24.214553833007812,9.760744094848633
1283140800,23.718366622924805,9.513632774353027
1283227200,24.05576515197754,9.621745109558105
1283313600,24.968772888183594,10.209095001220703
1283400000,25.246646881103516,10.263193130493164
1283486400,25.914857864379883,10.433213233947754
1283832000,25.326032638549805,10.209095001220703
1283918400,25.881778717041016,10.332747459411621
1284004800,26.530153274536133,10.433213233947754
1284091200,26.305206298828125,10.4718599319458
1284350400,27.204988479614258,10.780984878540039
1284436800,26.940349578857422,10.572327613830566
1284523200,27.112354278564453,10.595511436462402
1284609600,27.118980407714844,10.4718599319458
1284696000,26.50368881225586,10.355934143066406
1284955200,27.251300811767578,10.618692398071289
1285041600,26.854331970214844,10.549139022827148
1285128000,26.42430305480957,10.371387481689453
1285214400,25.868549346923828,10.178182601928711
1285300800,26.2985897064209,10.510496139526367
1285560000,25.85532569885254,10.232278823852539
1285646400,25.76931381225586,10.255464553833008
1285732800,25.412050247192383,10.131810188293457
1285819200,25.180490493774414,10.1240873336792
1285905600,25.676698684692383,10.278648376464844
1286164800,25.802555084228516,10.162726402282715
1286251200,26.25965118408203,10.47958755493164
1286337600,26.431882858276367,10.348203659057617
1286424000,26.18016815185547,10.286376953125
1286510400,26.041038513183594,10.185908317565918
1286769600,26.319271087646484,10.162726402282715
1286856000,26.76310920715332,10.448674201965332
1286942400,26.392139434814453,10.270918846130371
1287028800,25.650190353393555,9.737668991088867
1287115200,24.610137939453125,9.258515357971191
1287374400,25.30571746826172,9.536728858947754
1287460800,24.967872619628906,9.119404792785645
1287547200,25.239477157592773,9.08076000213623
1287633600,24.974489212036133,8.7793550491333
1287720000,24.974489212036133,8.841182708740234
1287979200,24.557147979736328,8.624786376953125
1288065600,24.64326286315918,8.73298454284668
1288152000,24.868492126464844,8.918465614318848
1288238400,24.84861183166504,8.910738945007324
1288324800,24.92812728881836,8.848912239074707
1288584000,24.789005279541016,8.887556076049805
1288670400,24.48427391052246,8.810270309448242
1288756800,24.98774528503418,8.903013229370117
1288843200,26.36563491821289,9.374436378479004
1288929600,27.12083625793457,9.552186012268066
1289192400,26.835987091064453,9.737668991088867
1289278800,26.431882858276367,9.482634544372559
1289365200,26.908864974975586,9.71448040008545
1289451600,26.51136589050293,9.559919357299805
1289538000,26.23978042602539,9.36670970916748
1289797200,26.551124572753906,9.351252555847168
1289883600,26.23978042602539,9.227598190307617
1289970000,25.954917907714844,8.980292320251465
1290056400,26.272897720336914,9.042121887207031
1290142800,26.10728645324707,9.011205673217773
1290402000,25.511077880859375,8.73298454284668
1290488400,24.92812728881836,8.57068920135498
1290574800,25.279212951660156,8.717530250549316
1290747600,24.841999053955078,8.593879699707031
1291006800,25.113595962524414,8.740716934204102
1291093200,24.7757511138916,8.462496757507324
1291179600,25.272594451904297,8.733236312866211
1291266000,26.041038513183594,9.03491497039795
1291352400,26.23978042602539,9.174153327941895
1291611600,26.431882858276367,9.003976821899414
1291698000,26.001293182373047,8.949827194213867
1291784400,26.67037010192871,9.282444953918457
1291870800,27.034719467163086,9.785245895385742
1291957200,27.445436477661133,9.901275634765625
1292216400,27.49843406677246,9.700160026550293
1292302800,27.02147102355957,9.59185791015625
1292389200,26.63725471496582,9.50677490234375
1292475600,26.504764556884766,9.684685707092285
1292562000,26.27952766418457,9.723361015319824
1292821200,26.465002059936523,9.762041091918945
1292907600,27.160587310791016,10.040514945983887
1292994000,27.929031372070312,10.34992790222168
1293080400,27.87603759765625,10.102400779724121
1293426000,28.266876220703125,10.264838218688965
1293512400,28.22713279724121,10.318987846374512
1293598800,28.06151008605957,10.295780181884766
1293685200,27.97541046142578,10.272573471069336
1293771600,28.101259231567383,10.318987846374512
1294030800,28.869720458984375,10.976491928100586
1294117200,29.287551879882812,11.015172958374023
1294203600,29.645675659179688,11.216291427612305
1294290000,29.499773025512695,11.169878005981445
1294376400,28.942670822143555,11.022904396057129
1294635600,28.783504486083984,11.138934135437012
1294722000,28.9161434173584,11.363258361816406
1294808400,29.65230369567871,11.595320701599121
1294894800,29.479877471923828,11.425143241882324
1294981200,29.784954071044922,11.796443939208984
1295326800,29.6788387298584,11.603058815002441
1295413200,28.989076614379883,11.115731239318848
1295499600,29.6788387298584,11.247228622436523
1295586000,30.036983489990234,11.022904396057129
1295845200,29.857898712158203,10.7676362991333
1295931600,29.758419036865234,10.543313980102539
1296018000,29.83137321472168,10.481432914733887
1296104400,29.910951614379883,10.57425594329834
1296190800,29.539562225341797,10.520102500915527
1296450000,29.80484962463379,10.620665550231934
1296536400,30.46142578125,11.069317817687988
1296622800,30.143085479736328,11.015172958374023
1296709200,30.14971923828125,11.162138938903809
1296795600,29.572723388671875,11.053848266601562
1297054800,30.176244735717773,11.347792625427246
1297141200,30.335407257080078,11.30137825012207
1297227600,29.91759490966797,11.324584007263184
1297314000,30.196134567260742,11.208555221557617
1297400400,30.88589096069336,11.425143241882324
1297659600,30.865989685058594,11.51796817779541
1297746000,31.051687240600586,11.425143241882324
1297832400,31.79448127746582,11.479292869567871
1297918800,31.714902877807617,11.456084251403809
1298005200,31.83427619934082,11.409669876098633
1298350800,30.514490127563477,10.968757629394531
1298437200,30.4813232421875,10.961019515991211
1298523600,30.448156356811523,10.806316375732422
1298610000,30.958839416503906,10.984227180480957
1298869200,30.96547508239746,11.053848266601562
1298955600,30.242576599121094,10.775372505187988
1299042000,29.983917236328125,10.705709457397461
1299128400,30.560911178588867,11.046304702758789
1299214800,30.18951416015625,10.930192947387695
1299474000,29.97064971923828,10.86052417755127
1299560400,30.773134231567383,11.37142276763916
1299646800,30.879257202148438,11.294013977050781
1299733200,30.196134567260742,11.03856086730957
1299819600,30.335407257080078,11.131455421447754
1300075200,30.043594360351562,11.015339851379395
1300161600,29.58599281311035,10.806337356567383
1300248000,29.055416107177734,10.597332954406738
1300334400,29.55282974243164,10.821816444396973
1300420800,30.335407257080078,10.868265151977539
1300680000,30.262468338012695,10.876007080078125
1300766400,30.156349182128906,10.74441146850586
1300852800,30.242576599121094,10.566368103027344
1300939200,30.32878875732422,10.434771537780762
1301025600,30.414995193481445,10.326398849487305
1301284800,30.4813232421875,10.34962272644043
1301371200,30.52112579345703,10.334138870239258
1301457600,30.806289672851562,10.411552429199219
1301544000,30.57416534423828,10.3186616897583
1301630400,30.739980697631836,10.34962272644043
1301889600,30.90001678466797,10.403806686401367
1301976000,31.06004524230957,10.427031517028809
1302062400,31.766868591308594,10.620556831359863
1302148800,31.606840133666992,10.535402297973633
1302235200,31.23341178894043,10.434771537780762
1302494400,31.246761322021484,10.442512512207031
1302580800,31.10004997253418,10.427031517028809
1302667200,30.84000587463379,10.272215843200684
1302753600,29.986482620239258,10.163843154907227
1302840000,29.933137893676758,9.923873901367188
1303099200,29.313003540039062,9.614234924316406
1303185600,29.77310562133789,9.552303314208984
1303272000,29.71308708190918,9.498119354248047
1303358400,29.79311180114746,9.529084205627441
1303704000,29.746429443359375,9.629716873168945
1303790400,30.086509704589844,9.467154502868652
1303876800,30.339889526367188,9.54456615447998
1303963200,30.57328224182129,9.614234924316406
1304049600,30.42658042907715,9.505864143371582
1304308800,30.126514434814453,9.552303314208984
1304395200,30.619953155517578,9.753573417663574
1304481600,30.339889526367188,9.668420791625977
1304568000,30.119850158691406,9.521344184875488
1304654400,30.033161163330078,9.529084205627441
1304913600,29.979816436767578,9.428450584411621
1305000000,30.113178253173828,9.505864143371582
1305086400,29.493045806884766,9.48263931274414
1305172800,29.399686813354492,9.443934440612793
1305259200,28.772878646850586,9.234925270080566
1305518400,28.592844009399414,9.180743217468262
1305604800,29.212982177734375,9.211708068847656
1305691200,29.393014907836914,9.126557350158691
1305777600,29.339677810668945,9.049142837524414
1305864000,28.759565353393555,8.963994026184082
1306123200,28.3727970123291,8.840142250061035
1306209600,28.23276710510254,8.87110424041748
1306296000,28.186084747314453,8.80918025970459
1306382400,28.306129455566406,8.87110424041748
1306468800,28.532835006713867,9.049142837524414
1306814400,28.832902908325195,9.095595359802246
1306900800,27.846006393432617,8.708213806152344
1306987200,27.746004104614258,8.746953010559082
1307073600,27.71932029724121,8.739203453063965
1307332800,27.02584457397461,8.390564918518066
1307419200,27.15254020690918,8.251108169555664
1307505600,26.93248176574707,8.165886878967285
1307592000,27.32590103149414,8.251108169555664
1307678400,27.372587203979492,8.367324829101562
1307937600,27.786006927490234,8.499032974243164
1308024000,27.746004104614258,8.367324829101562
1308110400,27.125858306884766,8.134899139404297
1308196800,26.912494659423828,8.212372779846191
1308283200,27.205881118774414,8.2743558883667
1308542400,26.99249839782715,8.212372779846191
1308628800,27.279226303100586,8.390564918518066
1308715200,27.132530212402344,8.359579086303711
1308801600,26.71910285949707,8.297598838806152
1308888000,26.332359313964844,8.15039348602295
1309147200,26.592411041259766,8.406060218811035
1309233600,26.365703582763672,8.382817268371582
1309320000,26.972505569458008,8.630741119384766
1309406400,27.29923439025879,8.491283416748047
1309492800,27.896329879760742,8.592000961303711
1309838400,27.52735137939453,8.522274017333984
1309924800,27.21201515197754,8.320839881896973
1310011200,27.721904754638672,8.460294723510742
1310097600,27.332782745361328,8.289850234985352
1310356800,26.453889846801758,8.01868724822998
1310443200,26.427047729492188,7.910221576690674
1310529600,26.58135986328125,7.902474403381348
1310616000,27.071128845214844,7.801756381988525
1310702400,26.82288360595703,7.747520923614502
1310961600,26.72226333618164,7.5305938720703125
1311048000,27.09795570373535,7.414380073547363
1311134400,27.48038101196289,7.6313090324401855
1311220800,28.372690200805664,7.925717353820801
1311307200,28.305591583251953,7.848239898681641
1311566400,27.970149993896484,7.755268573760986
1311652800,27.802417755126953,7.747520923614502
1311739200,27.28581428527832,7.499601364135742
1311825600,27.292524337768555,7.584824085235596
1311912000,27.138225555419922,7.522846698760986
1312171200,27.131507873535156,7.600320339202881
1312257600,26.728967666625977,7.352397441864014
1312344000,26.76921844482422,7.391137599945068
1312430400,25.44082260131836,6.841061115264893
1312516800,25.226133346557617,6.3297271728515625
1312776000,22.851119995117188,5.043638229370117
1312862400,24.421043395996094,5.888116359710693
1312948800,23.059093475341797,5.2450737953186035
1313035200,24.61560821533203,5.616955280303955
1313121600,24.09229278564453,5.570468425750732
1313380800,24.743080139160156,6.012075901031494
1313467200,24.17281150817871,5.733166217803955
1313553600,24.53509521484375,5.779651641845703
1313640000,23.609254837036133,5.431014537811279
1313726400,23.045679092407227,5.400022983551025
1313985600,22.41503143310547,4.973908424377441
1314072000,23.334163665771484,4.880939483642578
1314158400,24.03862953186035,5.415518283843994
1314244800,23.96482276916504,5.926854610443115
1314331200,24.293563842773438,6.012075901031494
1314590400,25.25296401977539,6.500174522399902
1314676800,24.86384391784668,6.290988445281982
1314763200,25.199296951293945,6.337531089782715
1314849600,24.353952407836914,6.135845184326172
1314936000,23.23352813720703,5.623880386352539
1315281600,22.435150146484375,5.422195911407471
1315368000,23.36100196838379,5.80229377746582
1315454400,22.482120513916016,5.5850934982299805
1315540800,21.52272605895996,5.414438724517822
1315800000,21.750822067260742,5.468738079071045
1315886400,21.797792434692383,5.429953098297119
1315972800,22.005773544311523,5.468738079071045
1316059200,22.683393478393555,5.68593692779541
1316145600,22.42844581604004,5.608365058898926
1316404800,21.797792434692383,5.422195911407471
1316491200,21.63677215576172,5.352383136749268
1316577600,20.35533905029297,4.949013710021973
1316664000,19.63747215270996,4.700787544250488
1316750400,19.85216522216797,4.894717693328857
1317009600,21.23422622680664,5.11967134475708
1317096000,21.180553436279297,5.026584148406982
1317182400,20.442550659179688,4.778357028961182
1317268800,21.05978775024414,4.925741672515869
1317355200,20.20774269104004,4.747331619262695
1317614400,19.221506118774414,4.289664268493652
1317700800,20.480382919311523,4.468078136444092
1317787200,20.872936248779297,4.475832462310791
1317873600,21.915225982666016,4.871446132659912
1317960000,20.778175354003906,4.576674461364746
1318219200,21.861072540283203,4.871446132659912
1318305600,21.861072540283203,4.941256046295166
1318392000,22.470211029052734,5.104155540466309
1318478400,21.387306213378906,4.824901103973389
1318564800,21.58358383178711,4.801629066467285
1318824000,21.008296966552734,4.677516937255859
1318910400,22.246858596801758,5.150697708129883
1318996800,21.827238082885742,4.964529037475586
1319083200,22.422832489013672,5.018827438354492
1319169600,22.619112014770508,5.011068820953369
1319428800,23.397443771362305,5.212754249572754
1319515200,22.666488647460938,5.011068820953369
1319601600,23.133487701416016,5.111911773681641
1319688000,25.055631637573242,5.600607395172119
1319774400,24.832290649414062,5.701452732086182
1320033600,23.52604103088379,5.298083305358887
1320120000,22.138572692871094,4.964529037475586
1320206400,22.76801109313965,5.212754249572754
1320292800,23.26884651184082,5.3601393699646
1320379200,22.991363525390625,5.034344673156738
1320642000,23.17409896850586,5.003312587738037
1320728400,23.702007293701172,5.065371990203857
1320814800,22.023521423339844,4.778357028961182
1320901200,22.15888214111328,4.677516937255859
1320987600,22.524354934692383,4.817144870758057
1321246800,22.0302791595459,4.693031311035156
1321333200,22.13180160522461,4.755088806152344
1321419600,21.299320220947266,4.576674461364746
1321506000,20.636049270629883,4.499104976654053
1321592400,20.724031448364258,4.483588695526123
1321851600,20.24349594116211,4.258635520935059
1321938000,19.905086517333984,4.165550231933594
1322024400,19.20797348022461,3.9871366024017334
1322197200,19.275657653808594,4.010407447814941
1322456400,19.735891342163086,4.0724639892578125
1322542800,19.329792022705078,3.9405946731567383
1322629200,20.960918426513672,4.22817325592041
1322715600,20.61574363708496,4.298125267028809
1322802000,21.88138198852539,4.38361930847168
1323061200,22.680025100708008,4.5002055168151855
1323147600,22.490514755249023,4.492431640625
1323234000,23.011667251586914,4.577928066253662
1323320400,21.80693244934082,4.344756603240967
1323406800,22.456674575805664,4.445800304412842
1323666000,21.685108184814453,4.235945224761963
1323752400,21.177499771118164,4.1349029541015625
1323838800,21.326391220092773,4.064952850341797
1323925200,21.495595932006836,4.0882697105407715
1324011600,21.58358383178711,4.041634559631348
1324270800,20.778175354003906,3.878415107727051
1324357200,21.800167083740234,4.018317222595215
1324443600,21.87461280822754,4.064952850341797
1324530000,22.639413833618164,4.251490592956543
1324616400,22.720630645751953,4.352529525756836
1324962000,22.35515022277832,4.259261608123779
1325048400,22.097957611083984,4.111586093902588
1325134800,22.619112014770508,4.243718147277832
1325221200,22.50404930114746,4.321441650390625
1325566800,23.674938201904297,4.507979393005371
1325653200,23.824922561645508,4.515750408172607
1325739600,24.32253646850586,4.904371738433838
1325826000,24.104394912719727,4.803328037261963
1326085200,24.06350326538086,4.873281002044678
1326171600,24.57477569580078,5.153083801269531
1326258000,24.99059295654297,5.339621543884277
1326344400,25.120126724243164,5.2774434089660645
1326430800,24.48614501953125,5.137539863586426
1326776400,23.797639846801758,5.036500453948975
1326862800,24.908788681030273,5.285213470458984
1326949200,25.174650192260742,5.409574031829834
1327035600,25.467775344848633,5.495070457458496
1327294800,25.67228126525879,5.634972095489502
1327381200,25.67228126525879,5.6660637855529785
1327467600,25.631372451782227,5.712698459625244
1327554000,25.55638885498047,5.673833847045898
1327640400,25.36551856994629,5.6660637855529785
1327899600,25.229185104370117,5.495070457458496
1327986000,25.426862716674805,5.541703701019287
1328072400,25.631372451782227,5.7204694747924805
1328158800,25.5972957611084,5.790419578552246
1328245200,26.09493064880371,6.093544006347656
1328504400,25.999483108520508,6.194583415985107
1328590800,25.8154354095459,6.101315498352051
1328677200,26.108558654785156,6.318942546844482
1328763600,25.80861473083496,6.357802867889404
1328850000,25.638193130493164,6.272307872772217
1329109200,26.108558654785156,6.4122090339660645
1329195600,25.84951400756836,6.20235538482666
1329282000,25.495038986206055,6.046910762786865
1329368400,25.904052734375,6.287851810455322
1329454800,26.224443435668945,6.2334442138671875
1329800400,26.217626571655273,6.303396224975586
1329886800,25.95177459716797,6.179039001464844
1329973200,26.23808479309082,6.2334442138671875
1330059600,26.09493064880371,6.124632358551025
1330318800,26.62663459777832,6.248988151550293
1330405200,26.728891372680664,6.311169147491455
1330491600,26.74933624267578,6.2022223472595215
1330578000,27.51964569091797,6.318951606750488
1330664400,27.69689178466797,6.326733589172363
1330923600,27.540103912353516,6.2022223472595215
1331010000,26.80387306213379,5.99989128112793
1331096400,27.233341217041016,6.241130828857422
1331182800,27.567371368408203,6.272258281707764
1331269200,27.969558715820312,6.264479637145996
1331524800,27.635536193847656,6.217784881591797
1331611200,29.578338623046875,6.606883525848389
1331697600,29.707857131958008,6.8792524337768555
1331784000,30.47134017944336,7.190532207489014
1331870400,30.382728576660156,7.626321315765381
1332129600,30.675859451293945,7.416207790374756
1332216000,30.93489646911621,7.634103775024414
1332302400,30.75764274597168,7.641883850097656
1332388800,30.4372615814209,7.47068452835083
1332475200,30.7849063873291,7.6652302742004395
1332734400,31.473413467407227,7.727485656738281
1332820800,31.28253936767578,7.47068452835083
1332907200,31.541595458984375,7.587411403656006
1332993600,31.132572174072266,7.416207790374756
1333080000,31.343904495239258,7.447334289550781
1333339200,31.44614601135254,7.532936096191406
1333425600,31.16482162475586,7.385082244873047
1333512000,30.471826553344727,7.1594014167785645
1333598400,30.423797607421875,7.182748317718506
1333944000,30.115018844604492,6.949289321899414
1334030400,29.476900100708008,6.6457929611206055
1334116800,30.197368621826172,6.8948163986206055
1334203200,30.76686668395996,7.136059284210205
1334289600,29.6484432220459,6.7547430992126465
1334548800,29.73079490661621,6.840341091156006
1334635200,30.121889114379883,6.941509246826172
1334721600,29.703340530395508,6.941509246826172
1334808000,29.655317306518555,6.8247761726379395
1334894400,29.312240600585938,6.505716800689697
1335153600,29.40143585205078,6.3656415939331055
1335240000,29.696483612060547,6.388988971710205
1335326400,29.614139556884766,6.427900791168213
1335412800,30.053266525268555,6.4356818199157715
1335499200,29.737642288208008,6.420117378234863
1335758400,29.490629196166992,6.311169147491455
1335844800,30.046405792236328,6.466808795928955
1335931200,29.641578674316406,6.35007905960083
1336017600,29.511215209960938,6.2255682945251465
1336104000,28.646677017211914,6.023236274719238
1336363200,28.667255401611328,6.19443941116333
1336449600,28.39279556274414,6.062145233154297
1336536000,27.885042190551758,6.01545524597168
1336622400,27.953664779663086,5.992109298706055
1336708800,25.360031127929688,5.875380039215088
1336968000,24.55722999572754,5.719738960266113
1337054400,24.865989685058594,5.680830001831055
1337140800,24.33080291748047,5.532973289489746
1337227200,23.280996322631836,5.4318084716796875
1337313600,22.97909164428711,5.462935924530029
1337572800,22.306665420532227,5.315079689025879
1337659200,23.33588981628418,5.4318084716796875
1337745600,23.507427215576172,5.5796661376953125
1337832000,23.308441162109375,5.556319236755371
1337918400,22.985952377319336,5.564101696014404
1338264000,23.075145721435547,5.789778709411621
1338350400,22.615428924560547,5.610550880432129
1338436800,22.745800018310547,5.727437496185303
1338523200,21.9086971282959,5.47028923034668
1338782400,21.27058219909668,5.376779556274414
1338868800,21.949867248535156,5.532627105712891
1338955200,22.690914154052734,5.953418254852295
1339041600,22.512510299682617,5.781985759735107
1339128000,23.109460830688477,5.891079425811768
1339387200,22.519372940063477,5.672893047332764
1339473600,23.17121124267578,5.836532115936279
1339560000,23.534870147705078,5.844326019287109
1339646400,23.7750244140625,5.969004154205322
1339732800,24.03575897216797,6.156020641326904
1339992000,23.754440307617188,6.046929836273193
1340078400,24.275911331176758,6.3196635246276855
1340164800,25.010080337524414,6.343040466308594
1340251200,24.3651123046875,6.093682765960693
1340337600,24.694461822509766,6.187192440032959
1340596800,24.234737396240234,5.9222493171691895
1340683200,24.502347946166992,5.937834739685059
1340769600,25.236522674560547,6.054722309112549
1340856000,24.618988037109375,6.031342506408691
1340942400,24.516063690185547,6.374210834503174
1341201600,24.89344596862793,6.272909164428711
1341288000,24.824256896972656,6.280701160430908
1341460800,23.786455154418945,6.093682765960693
1341547200,23.45435333251953,5.969004154205322
1341806400,23.495872497558594,5.891079425811768
1341892800,23.696508407592773,5.82874059677124
1341979200,23.931743621826172,5.945624828338623
1342065600,23.551212310791016,5.82874059677124
1342152000,24.95571517944336,6.093682765960693
1342411200,24.27768325805664,6.085890769958496
1342497600,24.208492279052734,6.171607494354248
1342584000,24.18773651123047,5.867701530456543
1342670400,23.8417911529541,5.657307147979736
1342756800,23.45435333251953,5.509250164031982
1343016000,23.82796287536621,5.524835586547852
1343102400,24.028606414794922,5.485872745513916
1343188800,24.33302879333496,5.509250164031982
1343275200,24.775821685791016,5.587176322937012
1343361600,25.523040771484375,5.6962690353393555
1343620800,25.00413703918457,5.672893047332764
1343707200,24.907289505004883,5.719647407531738
1343793600,24.907289505004883,5.626135349273682
1343880000,24.33302879333496,5.594967365264893
1343966400,24.969541549682617,5.789778709411621
1344225600,25.114835739135742,5.953418254852295
1344312000,25.606069564819336,5.976796627044678
1344398400,25.70984649658203,5.976796627044678
1344484800,25.543794631958008,6.015756607055664
1344571200,25.578392028808594,6.031342506408691
1344830400,25.592233657836914,6.015756607055664
1344916800,25.6683349609375,6.062514305114746
1345003200,25.6475772857666,6.132645606994629
1345089600,25.6683349609375,6.17940092086792
1345176000,25.585311889648438,6.23394775390625
1345435200,25.855133056640625,6.350833415985107
1345521600,26.31868553161621,6.382003307342529
1345608000,26.173404693603516,6.4053802490234375
1345694400,25.758277893066406,6.350833415985107
1345780800,25.71675682067871,6.358626365661621
1346040000,25.758277893066406,6.288492679595947
1346126400,25.689096450805664,6.20277738571167
1346212800,25.806705474853516,6.23394775390625
1346299200,25.529964447021484,6.163814544677734
1346385600,25.69600486755371,6.226154327392578
1346731200,25.606069564819336,6.23394775390625
1346817600,25.67525863647461,6.202737331390381
1346904000,26.768402099609375,6.514825344085693
1346990400,27.19045066833496,6.865924835205078
1347249600,26.81682777404785,6.69427490234375
1347336000,27.39801025390625,7.045374870300293
1347422400,27.61941146850586,6.998560428619385
1347508800,28.64337921142578,7.334053993225098
1347595200,28.760986328125,7.4510908126831055
1347854400,28.498075485229492,7.256035327911377
1347940800,28.546512603759766,7.201418876647949
1348027200,28.60186004638672,7.248231887817383
1348113600,28.53958511352539,7.170209884643555
1348200000,28.283601760864258,7.107794284820557
1348459200,28.52576446533203,7.099989414215088
1348545600,28.055280685424805,6.967351913452148
1348632000,27.84080696105957,6.881529808044434
1348718400,28.145235061645508,6.998560428619385
1348804800,28.00684928894043,6.88932991027832
1349064000,28.34585952758789,6.990758895874023
1349150400,28.31126594543457,6.967351913452148
1349236800,28.478540420532227,7.107794284820557
1349323200,29.14764976501465,7.341855525970459
1349409600,29.07097625732422,7.271636009216309
1349668800,29.036128997802734,7.240429878234863
1349755200,28.840978622436523,7.1858110427856445
1349841600,29.112796783447266,7.1858110427856445
1349928000,29.342803955078125,7.287242412567139
1350014400,29.008251190185547,7.115592956542969
1350273600,29.5379581451416,7.36526346206665
1350360000,29.851600646972656,7.380867958068848
1350446400,30.19312286376953,7.36526346206665
1350532800,29.97704315185547,7.388673782348633
1350619200,29.49614143371582,7.36526346206665
1350878400,29.335832595825195,7.4510908126831055
1350964800,28.80611801147461,7.302845478057861
1351051200,29.07097625732422,7.2638373374938965
1351137600,29.043094635009766,7.209218502044678
1351224000,28.68763542175293,7.115592956542969
1351656000,29.050067901611328,7.271636009216309
1351742400,29.858570098876953,7.59932804107666
1351828800,29.565837860107422,7.685154914855957
1352091600,29.461301803588867,7.607131481170654
1352178000,29.88646125793457,7.755375862121582
1352264400,28.21369743347168,7.201418876647949
1352350800,28.157947540283203,7.326251983642578
1352437200,28.311275482177734,7.357460021972656
1352696400,28.283405303955078,7.326251983642578
1352782800,27.907033920288086,7.2794413566589355
1352869200,27.384294509887695,7.014163970947266
1352955600,27.453989028930664,7.092186450958252
1353042000,27.551563262939453,7.115592956542969
1353301200,28.290361404418945,7.404277801513672
1353387600,28.367029190063477,7.513504505157471
1353474000,28.387943267822266,7.622735023498535
1353646800,28.638856887817383,7.724161624908447
1353906000,28.492494583129883,7.677350044250488
1353992400,28.40187644958496,7.5369133949279785
1354078800,28.45765495300293,7.614932537078857
1354165200,28.729463577270508,7.669548511505127
1354251600,28.63188934326172,7.692954063415527
1354510800,28.44369125366211,7.646142959594727
1354597200,28.27642822265625,7.731969356536865
1354683600,28.71552085876465,8.169329643249512
1354770000,28.903705596923828,8.169329643249512
1354856400,29.66341209411621,8.309910774230957
1355115600,29.489166259765625,8.255241394042969
1355202000,29.71916961669922,8.208379745483398
1355288400,29.80978775024414,8.286480903625488
1355374800,29.816749572753906,8.231807708740234
1355461200,29.837657928466797,8.263052940368652
1355720400,30.304630279541016,8.591079711914062
1355806800,30.576461791992188,8.872238159179688
1355893200,30.339479446411133,8.73946475982666
1355979600,31.036460876464844,8.997200965881348
1356066000,30.667057037353516,8.817564010620117
1356325200,30.611309051513672,8.78632640838623
1356498000,30.639192581176758,9.01282024383545
1356584400,30.4091796875,8.958145141601562
1356670800,30.137361526489258,8.872238159179688
1356930000,30.646146774291992,9.067489624023438
1357102800,31.340896606445312,9.3955078125
1357189200,31.27775001525879,9.340842247009277
1357275600,31.83214569091797,9.457993507385254
1357534800,31.867225646972656,9.442373275756836
1357621200,31.930381774902344,9.356459617614746
1357707600,31.90932273864746,8.926913261413574
1357794000,32.386539459228516,9.200257301330566
1357880400,32.379520416259766,9.083108901977539
1358139600,32.197059631347656,8.958145141601562
1358226000,32.526893615722656,9.02062702178955
1358312400,32.856719970703125,9.200257301330566
1358398800,32.59006118774414,8.80975341796875
1358485200,32.604087829589844,8.700414657592773
1358830800,32.66023254394531,8.864428520202637
1358917200,32.44267272949219,8.919098854064941
1359003600,32.54092788696289,9.005009651184082
1359090000,33.09531784057617,9.075300216674805
1359349200,32.73038864135742,8.965953826904297
1359435600,33.06725311279297,8.97376823425293
1359522000,33.074256896972656,8.887855529785156
1359608400,33.01811981201172,8.840998649597168
1359694800,33.579532623291016,9.145590782165527
1359954000,33.46024703979492,8.965953826904297
1360040400,34.23920440673828,9.278360366821289
1360126800,34.11288833618164,9.317410469055176
1360213200,33.8462028503418,9.24712085723877
1360299600,34.12692642211914,9.184638977050781
1360558800,34.14796829223633,9.262740135192871
1360645200,34.48481369018555,9.567330360412598
1360731600,34.16200637817383,9.504852294921875
1360818000,34.54096603393555,9.473612785339355
1360904400,34.30236053466797,9.3955078125
1361250000,34.702369689941406,9.520471572875977
1361336400,34.11288833618164,9.21588134765625
1361422800,33.86024856567383,8.919098854064941
1361509200,34.323394775390625,8.93471908569336
1361768400,33.474273681640625,8.614501953125
1361854800,33.40410232543945,8.692604064941406
1361941200,34.583065032958984,8.8333101272583
1362027600,34.3304328918457,8.778595924377441
1362114000,34.323394775390625,8.864580154418945
1362373200,34.45674514770508,8.91930103302002
1362459600,34.730430603027344,9.028738021850586
1362546000,35.10940170288086,9.31796932220459
1362632400,35.530452728271484,9.58375072479248
1362718800,35.228675842285156,9.435229301452637
1362974400,35.42518997192383,9.497766494750977
1363060800,35.28482437133789,9.388323783874512
1363147200,35.20061492919922,9.427416801452637
1363233600,35.79010009765625,9.466495513916016
1363320000,35.10236358642578,9.826083183288574
1363579200,34.744476318359375,9.818265914916992
1363665600,34.52692413330078,9.935524940490723
1363752000,34.47078323364258,9.990239143371582
1363838400,33.93041229248047,9.826083183288574
1363924800,34.2321891784668,9.818265914916992
1364184000,34.04971694946289,9.69318962097168
1364270400,34.13394546508789,9.599388122558594
1364356800,33.52339172363281,9.560300827026367
1364443200,33.30583953857422,9.521215438842773
1364788800,33.565494537353516,9.497766494750977
1364875200,33.88129425048828,9.497766494750977
1364961600,33.083343505859375,9.231983184814453
1365048000,33.53528594970703,9.333605766296387
1365134400,33.83185577392578,9.35705852508545
1365393600,34.30499267578125,9.544669151306152
1365480000,34.375606536865234,9.575934410095215
1365566400,34.77811050415039,9.630657196044922
1365652800,34.82048797607422,9.591570854187012
1365739200,34.608638763427734,9.51340103149414
1365998400,33.84598922729492,9.364875793457031
1366084800,34.24142837524414,9.599388122558594
1366171200,33.040977478027344,9.145998001098633
1366257600,32.9350471496582,8.942750930786133
1366344000,33.351680755615234,9.114727020263672
1366603200,33.43641662597656,9.16163158416748
1366689600,34.01546859741211,9.435229301452637
1366776000,34.40385055541992,9.62283706665039
1366862400,34.60157775878906,9.724462509155273
1366948800,34.516845703125,9.708824157714844
1367208000,34.54508590698242,9.677560806274414
1367294400,34.608638763427734,9.62283706665039
1367380800,33.90248107910156,9.489949226379395
1367467200,33.95191955566406,9.529035568237305
1367553600,33.591773986816406,9.568119049072266
1367812800,34.02253723144531,10.068411827087402
1367899200,34.7004280090332,10.084050178527832
1367985600,35.13825225830078,10.177851676940918
1368072000,34.62982940673828,10.091862678527832
1368158400,34.57332992553711,10.177851676940918
1368417600,35.074703216552734,10.146585464477539
1368504000,35.47014236450195,10.428003311157227
1368590400,36.07744216918945,10.506173133850098
1368676800,35.99270248413086,10.443634033203125
1368763200,36.931880950927734,10.498353958129883
1369022400,36.9248161315918,10.560890197753906
1369108800,37.44031524658203,10.506173133850098
1369195200,37.87107467651367,10.404548645019531
1369281600,37.67335891723633,10.326375961303711
1369368000,37.892269134521484,10.349827766418457
1369713600,38.55603790283203,10.435815811157227
1369800000,38.605464935302734,10.537435531616211
1369886400,39.276309967041016,10.811037063598633
1369972800,38.54896926879883,10.678146362304688
1370232000,38.478370666503906,10.592159271240234
1370318400,38.16059875488281,10.443634033203125
1370404800,37.4473762512207,10.24023723602295
1370491200,37.779266357421875,10.32629108428955
1370577600,38.3230094909668,10.467103958129883
1370836800,38.386566162109375,10.40451717376709
1370923200,37.772216796875,10.26370906829834
1371009600,37.55330276489258,10.216767311096191
1371096000,38.25239181518555,10.334111213684082
1371182400,37.51799011230469,10.224587440490723
1371441600,38.02641296386719,10.334111213684082
1371528000,38.210018157958984,10.381050109863281
1371614400,37.8145751953125,10.31846809387207
1371700800,37.058990478515625,10.083781242370605
1371787200,36.6917839050293,9.927316665649414
1372046400,35.95738983154297,9.622225761413574
1372132800,36.77653121948242,9.91167163848877
1372219200,37.073116302490234,9.982086181640625
1372305600,37.53211212158203,10.177654266357422
1372392000,37.277896881103516,10.060312271118164
1372651200,37.06605529785156,10.115069389343262
1372737600,37.556854248046875,10.091604232788086
1372824000,37.5355224609375,10.036839485168457
1372996800,38.40330505371094,10.216767311096191
1373256000,38.9083366394043,10.388873100280762
1373342400,39.04346466064453,10.584446907043457
1373428800,39.00079345703125,10.45927906036377
1373515200,39.22132110595703,10.56879997253418
1373601600,39.10038757324219,10.78001594543457
1373860800,39.04346466064453,10.858248710632324
1373947200,39.12883377075195,10.889542579650879
1374033600,39.31375503540039,11.194636344909668
1374120000,40.09621047973633,11.546669960021973
1374206400,39.946834564208984,11.53884506225586
1374465600,40.231361389160156,11.671835899353027
1374552000,40.309600830078125,11.687481880187988
1374638400,40.281150817871094,11.507552146911621
1374724800,40.188682556152344,11.601428985595703
1374811200,39.868595123291016,11.523200035095215
1375070400,39.61252975463867,11.358919143676758
1375156800,39.3564453125,11.358919143676758
1375243200,39.64097213745117,11.421501159667969
1375329600,40.217132568359375,11.695303916931152
1375416000,40.18156814575195,11.609253883361816
1375675200,39.904151916503906,11.577960968017578
1375761600,39.470279693603516,11.45279312133789
1375848000,39.335105895996094,11.366743087768555
1375934400,39.00079345703125,11.429326057434082
1376020800,38.78028869628906,11.304159164428711
1376280000,38.474449157714844,11.272869110107422
1376366400,38.61668395996094,11.35109806060791
1376452800,38.51711654663086,11.421501159667969
1376539200,37.905391693115234,11.202458381652832
1376625600,37.905391693115234,11.280686378479004
1376884800,36.86689376831055,11.069467544555664
1376971200,37.07316589355469,11.17898941040039
1377057600,36.72462463378906,11.218106269836426
1377144000,37.137176513671875,11.398032188415527
1377230400,37.21543502807617,11.398032188415527
1377489600,36.84553909301758,11.335450172424316
1377576000,35.991981506347656,11.038179397583008
1377662400,35.97776794433594,11.046001434326172
1377748800,36.0631103515625,11.085115432739258
1377835200,35.94218063354492,11.046001434326172
1378180800,36.36897659301758,11.147697448730469
1378267200,36.89533996582031,11.21032428741455
1378353600,37.0660514831543,11.249467849731445
1378440000,37.38614273071289,11.241639137268066
1378699200,37.59953308105469,11.335577964782715
1378785600,38.175682067871094,11.43735122680664
1378872000,37.88404846191406,11.468661308288574
1378958400,37.15852355957031,11.335577964782715
1379044800,37.407474517822266,11.343412399291992
1379304000,37.79868698120117,11.374723434448242
1379390400,37.76313400268555,11.390382766723633
1379476800,37.99074172973633,11.51563549041748
1379563200,37.52127456665039,11.43735122680664
1379649600,37.556854248046875,11.304265975952148
1379908800,36.60371017456055,11.069415092468262
1379995200,35.792816162109375,11.0302734375
1380081600,36.77442169189453,11.069415092468262
1380168000,36.90956497192383,11.022442817687988
1380254400,37.15852355957031,10.881532669067383
1380513600,36.767303466796875,10.803247451782227
1380600000,36.9593620300293,10.881532669067383
1380686400,37.324790954589844,11.006787300109863
1380772800,37.217308044433594,10.95981502532959
1380859200,37.740386962890625,10.998955726623535
1381118400,37.13850021362305,10.811075210571289
1381204800,36.45060729980469,10.717135429382324
1381291200,36.3646354675293,10.834562301635742
1381377600,37.63288879394531,11.139869689941406
1381464000,37.62574005126953,11.108555793762207
1381723200,37.769046783447266,11.233808517456055
1381809600,37.482425689697266,11.147701263427734
1381896000,38.693389892578125,11.398211479187012
1381982400,38.84387969970703,11.476491928100586
1382068800,38.908355712890625,11.45300579071045
1382328000,38.88685607910156,11.366894721984863
1382414400,38.42111587524414,11.366894721984863
1382500800,37.79770278930664,11.124215126037598
1382587200,37.6042366027832,11.092900276184082
1382673600,37.812049865722656,11.163354873657227
1382932800,37.747562408447266,11.139869689941406
1383019200,37.78338623046875,11.077239990234375
1383105600,37.69022750854492,11.092900276184082
1383192000,36.93069076538086,10.936330795288086
1383278400,37.62574005126953,10.975475311279297
1383541200,37.288970947265625,10.991132736206055
1383627600,37.224483489990234,10.905016899108887
1383714000,37.33195495605469,10.92850399017334
1383800400,37.009517669677734,10.803247451782227
1383886800,38.664737701416016,11.21032428741455
1384146000,38.765045166015625,11.27295207977295
1384232400,38.67189407348633,11.21032428741455
1384318800,38.793704986572266,11.460833549499512
1384405200,38.98002243041992,11.586090087890625
1384491600,39.31679153442383,11.680033683776855
1384750800,39.94017791748047,11.680033683776855
1384837200,40.233978271484375,11.899229049682617
1384923600,40.1981315612793,11.85225772857666
1385010000,41.00065994262695,12.204537391662598
1385096400,41.17262649536133,12.243681907653809
1385355600,41.30878829956055,12.376763343811035
1385442000,40.96484375,12.431564331054688
1385528400,41.18695831298828,12.392422676086426
1385701200,41.00065994262695,12.384592056274414
1385960400,40.828697204589844,12.31413745880127
1386046800,40.742706298828125,12.165397644042969
1386133200,40.97917556762695,12.243729591369629
1386219600,39.99750518798828,12.087060928344727
1386306000,40.169471740722656,12.188899040222168
1386565200,40.491920471191406,12.204564094543457
1386651600,40.628055572509766,12.188899040222168
1386738000,40.176639556884766,11.94605827331543
1386824400,40.348609924316406,11.94605827331543
1386910800,40.248294830322266,11.891222953796387
1387170000,40.42744064331055,11.938225746154785
1387256400,39.92584228515625,11.891222953796387
1387342800,41.01499557495117,12.290730476379395
1387429200,41.007835388183594,12.33773136138916
1387515600,41.34461212158203,12.220233917236328
1387774800,41.731544494628906,12.290730476379395
1387861200,41.73869705200195,12.298561096191406
1388034000,41.702884674072266,12.259395599365234
1388120400,41.659873962402344,12.275063514709473
1388379600,41.52375411987305,12.173230171203613
1388466000,41.90350341796875,12.196730613708496
1388638800,41.98283767700195,12.611905097961426
1388725200,42.30741500854492,12.854743957519531
1388984400,42.55261993408203,13.050575256347656
1389070800,42.06217956542969,12.92524242401123
1389157200,42.45885467529297,12.987911224365234
1389243600,42.379520416259766,13.183747291564941
1389330000,42.18479537963867,13.13674545288086
1389589200,41.61502456665039,12.870408058166504
1389675600,41.64387512207031,13.13674545288086
1389762000,42.906036376953125,13.434417724609375
1389848400,42.545406341552734,13.379587173461914
1389934800,41.91071701049805,13.324749946594238
1390280400,41.954002380371094,13.324749946594238
1390366800,41.53569030761719,13.434417724609375
1390453200,40.7279052734375,13.207247734069824
1390539600,39.732608795166016,12.886075019836426
1390798800,39.732608795166016,12.776410102844238
1390885200,40.20140838623047,13.105412483215332
1390971600,40.049949645996094,13.066248893737793
1391058000,40.3889274597168,13.262085914611816
1391144400,39.92733383178711,13.121081352233887
1391403600,39.1700553894043,12.807741165161133
1391490000,39.631629943847656,12.807741165161133
1391576400,39.81916046142578,12.846911430358887
1391662800,40.73511505126953,13.074078559875488
1391749200,40.836090087890625,13.17591381072998
1392008400,40.922637939453125,13.097577095031738
1392094800,41.4202880859375,13.222916603088379
1392181200,41.485191345214844,13.121081352233887
1392267600,41.85302734375,13.121081352233887
1392354000,41.93956756591797,13.08191204071045
1392699600,42.18479537963867,12.901738166809082
1392786000,41.29767990112305,12.690240859985352
1392872400,41.52847671508789,12.768573760986328
1392958800,41.550106048583984,12.760744094848633
1393218000,41.85302734375,12.948741912841797
1393304400,41.13179397583008,12.799906730651855
1393390800,40.92984390258789,12.792075157165527
1393477200,40.88658142089844,12.917404174804688
1393563600,40.98033142089844,12.948741912841797
1393822800,40.54037857055664,12.768573760986328
1393909200,41.29767990112305,13.105412483215332
1393995600,41.94679641723633,13.520832061767578
1394082000,42.480506896972656,13.599217414855957
1394168400,42.84111785888672,13.583540916442871
1394424000,42.696861267089844,13.693277359008789
1394510400,41.96842956542969,13.53651237487793
1394596800,41.7736930847168,13.544350624084473
1394683200,41.41307067871094,13.45029354095459
1394769600,40.96590805053711,13.168121337890625
1395028800,41.52847671508789,13.411104202270508
1395115200,41.87466049194336,13.473808288574219
1395201600,42.04775619506836,13.669758796691895
1395288000,43.353187561035156,14.04599380493164
1395374400,43.396453857421875,13.763816833496094
1395633600,44.04557418823242,13.614892959594727
1395720000,43.944602966308594,13.489484786987305
1395806400,43.20173263549805,13.46596908569336
1395892800,43.21615219116211,13.332717895507812
1395979200,43.30271911621094,13.30920696258545
1396238400,43.78592300415039,13.481647491455078
1396324800,43.7570686340332,13.591379165649414
1396411200,43.89497756958008,13.50516128540039
1396497600,44.025611877441406,13.442455291748047
1396584000,43.4087028503418,13.105412483215332
1396843200,42.82081985473633,12.838919639587402
1396929600,42.71195602416992,12.885946273803711
1397016000,43.01677703857422,13.027030944824219
1397102400,41.65958023071289,12.635123252868652
1397188800,40.135440826416016,12.360788345336914
1397448000,39.88867950439453,12.541061401367188
1397534400,39.77256774902344,12.84675407409668
1397620800,40.10641098022461,12.642960548400879
1397707200,40.077396392822266,12.658638000488281
1398052800,39.93948745727539,12.61160945892334
1398139200,40.50559997558594,12.76837158203125
1398225600,40.67978286743164,12.831077575683594
1398312000,40.781394958496094,12.807561874389648
1398398400,40.425758361816406,12.501877784729004
1398657600,40.27336502075195,11.718060493469238
1398744000,40.716064453125,11.94536304473877
1398830400,40.62897491455078,11.866983413696289
1398916800,40.440269470214844,11.827791213989258
1399003200,40.33867263793945,11.953201293945312
1399262400,39.35161590576172,11.819954872131348
1399348800,38.712921142578125,11.54561710357666
1399435200,39.22822189331055,11.600485801696777
1399521600,39.453216552734375,11.702383995056152
1399608000,39.199195861816406,11.553458213806152
1399867200,39.6636848449707,11.812111854553223
1399953600,39.64191436767578,11.780759811401367
1400040000,39.453216552734375,11.631841659545898
1400126400,38.83631134033203,11.40453052520752
1400212800,38.6911506652832,11.373177528381348
1400472000,39.06856155395508,11.49858570098877
1400558400,38.98872375488281,11.388853073120117
1400644800,39.279029846191406,11.451559066772461
1400731200,39.591129302978516,11.529947280883789
1400817600,39.57661437988281,11.537778854370117
1401163200,40.019344329833984,11.9296875
1401249600,40.24430847167969,11.866983413696289
1401336000,40.440269470214844,11.8748197555542
1401422400,40.33140563964844,11.866983413696289
1401681600,40.17172622680664,11.961038589477539
1401768000,40.353179931640625,11.921850204467773
1401854400,40.41123962402344,11.921850204467773
1401940800,41.100738525390625,12.094286918640137
1402027200,41.347496032714844,12.21970272064209
1402286400,41.6740837097168,12.415655136108398
1402372800,42.02247619628906,12.478358268737793
1402459200,41.56522750854492,12.21970272064209
1402545600,41.39830780029297,12.08644962310791
1402632000,41.39830780029297,12.102129936218262
1402891200,41.274925231933594,11.976716995239258
1402977600,41.6740837097168,12.21970272064209
1403064000,41.93537902832031,12.266729354858398
1403150400,41.58701705932617,12.188348770141602
1403236800,41.7684440612793,12.117759704589844
1403496000,42.232948303222656,12.26678466796875
1403582400,41.6740837097168,12.149129867553711
1403668800,41.75393295288086,12.133444786071777
1403755200,41.652320861816406,12.086387634277344
1403841600,41.75393295288086,12.023639678955078
1404100800,41.81924819946289,12.055011749267578
1404187200,42.07505798339844,12.235404968261719
1404273600,41.63654708862305,12.431488990783691
1404360000,41.69500732421875,12.572665214538574
1404705600,41.41728973388672,12.5020751953125
1404792000,40.7522087097168,12.219719886779785
1404878400,40.942230224609375,12.235404968261719
1404964800,40.60605239868164,12.109916687011719
1405051200,40.78144836425781,12.062856674194336
1405310400,41.13957214355469,12.21187973022461
1405396800,42.58664321899414,12.400115013122559
1405483200,42.90822219848633,12.16481876373291
1405569600,42.28699493408203,11.921680450439453
1405656000,42.557403564453125,12.149129867553711
1405915200,42.564720153808594,12.172658920288086
1406001600,42.87897872924805,12.172658920288086
1406088000,43.12016677856445,12.172658920288086
1406174400,43.244407653808594,12.25109577178955
1406260800,43.12746047973633,12.227564811706543
1406520000,43.2590217590332,12.156976699829102
1406606400,42.85706329345703,12.03148365020752
1406692800,43.05439758300781,12.219719886779785
1406779200,42.148128509521484,11.960892677307129
1406865600,41.27842330932617,11.749129295349121
1407124800,41.402679443359375,11.80402660369873
1407211200,40.97146224975586,11.764812469482422
1407297600,41.09572219848633,11.921680450439453
1407384000,40.8618278503418,11.858930587768555
1407470400,41.17611312866211,11.921680450439453
1407729600,41.161495208740234,11.937363624572754
1407816000,41.18341064453125,11.929521560668945
1407902400,41.45381546020508,11.960892677307129
1407988800,41.64383316040039,12.015799522399902
1408075200,41.47575378417969,11.937363624572754
1408334400,41.82656478881836,12.117759704589844
1408420800,42.067745208740234,12.117759704589844
1408507200,42.126216888427734,12.172658920288086
1408593600,42.754737854003906,12.674626350402832
1408680000,42.747432708740234,12.651094436645508
1408939200,43.36865997314453,12.776589393615723
1409025600,43.6609992980957,12.807960510253906
1409112000,43.551368713378906,12.706001281738281
1409198400,43.23710632324219,12.556976318359375
1409284800,43.44905471801758,12.619725227355957
1409630400,43.609840393066406,12.76090145111084
1409716800,43.63176727294922,12.666495323181152
1409803200,43.63908004760742,12.674361228942871
1409889600,43.78524398803711,12.603555679321289
1410148800,43.77062225341797,12.863177299499512
1410235200,43.164024353027344,12.69796371459961
1410321600,43.28093719482422,12.871045112609863
1410408000,43.67561721801758,13.036262512207031
1410494400,43.87294006347656,13.209346771240234
1410753600,43.80715560913086,13.170007705688477
1410840000,43.84370422363281,13.146406173706055
1410926400,44.07757568359375,13.193610191345215
1411012800,44.81574249267578,13.406027793884277
1411099200,44.66226577758789,13.335224151611328
1411358400,44.51609802246094,13.398164749145508
1411444800,44.53802490234375,13.413893699645996
1411531200,45.04228973388672,13.5161714553833
1411617600,43.96065139770508,13.256550788879395
1411704000,44.260292053222656,13.398164749145508
1411963200,44.09219741821289,13.382427215576172
1412049600,44.026424407958984,13.413893699645996
1412136000,43.682918548583984,13.23294448852539
1412222400,43.292964935302734,13.280146598815918
1412308800,44.36719512939453,13.602713584899902
1412568000,44.27889633178711,13.602713584899902
1412654400,43.609336853027344,13.280146598815918
1412740800,44.440773010253906,13.468966484069824
1412827200,43.46955871582031,13.051995277404785
1412913600,43.057525634765625,12.965455055236816
1413172800,42.79264450073242,12.902515411376953
1413259200,42.66755294799805,12.996923446655273
1413345600,40.8575439453125,12.399003028869629
1413432000,40.526451110839844,12.650757789611816
1413518400,41.35050964355469,12.753033638000488
1413777600,41.66691589355469,12.792372703552246
1413864000,42.623409271240234,13.059858322143555
1413950400,42.270233154296875,12.902515411376953
1414036800,42.719051361083984,13.059858322143555
1414123200,43.21937942504883,13.154271125793457
1414382400,43.145809173583984,13.051995277404785
1414468800,43.874210357666016,13.217209815979004
1414555200,43.624053955078125,13.366691589355469
1414641600,43.6976318359375,13.398164749145508
1414728000,44.499629974365234,13.500435829162598
1414990800,44.79393768310547,13.586981773376465
1415077200,44.33039855957031,13.53977108001709
1415163600,44.99260711669922,13.642048835754395
1415250000,45.051456451416016,13.657787322998047
1415336400,45.228050231933594,13.657787322998047
1415595600,45.566505432128906,13.665647506713867
1415682000,45.15447235107422,13.626311302185059
1415768400,44.55849075317383,13.602713584899902
1415854800,44.315673828125,13.547639846801758
1415941200,44.352481842041016,13.484703063964844
1416200400,44.426063537597656,13.44536304473877
1416286800,44.53641128540039,13.484703063964844
1416373200,44.58792495727539,13.421759605407715
1416459600,44.234745025634766,13.374555587768555
1416546000,44.47755432128906,13.468966484069824
1416805200,44.85280227661133,13.5161714553833
1416891600,44.36719512939453,13.45323371887207
1416978000,44.39661407470703,13.461100578308105
1417150800,44.26417922973633,13.406027793884277
1417410000,44.1464729309082,13.209346771240234
1417496400,44.94109344482422,13.492568016052246
1417582800,45.279563903808594,13.642488479614258
1417669200,45.16183090209961,13.579361915588379
1417755600,46.13304901123047,13.950211524963379
1418014800,46.110984802246094,13.934430122375488
1418101200,45.94910430908203,13.855521202087402
1418187600,44.646785736083984,13.71349811553955
1418274000,44.98523712158203,13.784514427185059
1418360400,44.17588806152344,13.516239166259766
1418619600,43.52841567993164,13.295310974121094
1418706000,42.991302490234375,13.192733764648438
1418792400,43.977230072021484,13.618817329406738
1418878800,45.23540496826172,13.831853866577148
1418965200,45.566505432128906,13.90286922454834
1419224400,45.5738639831543,13.973882675170898
1419310800,45.9711799621582,14.14747142791748
1419397200,45.9711799621582,14.186921119689941
1419570000,46.022682189941406,14.186921119689941
1419829200,46.32435607910156,14.289501190185547
1419915600,46.464149475097656,14.305279731750488
1420002000,46.04475402832031,14.115912437438965
1420174800,46.27431106567383,14.123799324035645
1420434000,44.837730407714844,13.71349811553955
1420520400,43.675132751464844,13.303204536437988
1420606800,43.74177551269531,13.36632251739502
1420693200,44.719261169433594,13.642488479614258
1420779600,43.94172286987305,13.397886276245117
1421038800,43.564064025878906,13.161173820495605
1421125200,43.57146453857422,12.979695320129395
1421211600,42.0682258605957,12.656190872192383
1421298000,40.72050857543945,11.993396759033203
1421384400,41.416587829589844,12.135421752929688
1421730000,41.25367736816406,12.040739059448242
1421816400,41.3869514465332,12.15909194946289
1421902800,42.64583969116211,12.695640563964844
1421989200,41.97196578979492,12.41158390045166
1422248400,42.03860855102539,12.506274223327637
1422334800,41.61651611328125,12.332679748535156
1422421200,40.542789459228516,11.993396759033203
1422507600,41.22405242919922,12.174874305725098
1422594000,40.268802642822266,11.95394229888916
1422853200,41.075958251953125,12.19854736328125
1422939600,42.00157928466797,12.537832260131836
1423026000,41.749820709228516,12.4589262008667
1423112400,42.03860855102539,12.600954055786133
1423198800,42.86798095703125,13.011256217956543
1423458000,42.81613540649414,12.900789260864258
1423544400,43.29007339477539,12.956025123596191
1423630800,43.22342300415039,12.908679008483887
1423717200,44.11203384399414,13.15328311920166
1423803600,44.18608474731445,13.10594367980957
1424149200,44.50450897216797,13.121720314025879
1424235600,43.963924407958984,12.86133861541748
1424322000,43.860260009765625,12.790323257446289
1424408400,44.282352447509766,12.92446517944336
1424667600,43.949127197265625,12.782432556152344
1424754000,45.03765869140625,12.92446517944336
1424840400,45.27462387084961,13.011256217956543
1424926800,45.6004524230957,12.656190872192383
1425013200,45.3783073425293,12.474708557128906
1425272400,45.74114227294922,12.63251781463623
1425358800,45.88924026489258,12.656190872192383
1425445200,46.00773239135742,12.537461280822754
1425531600,45.911468505859375,12.664103507995605
1425618000,45.08949661254883,12.838234901428223
1425873600,45.54120635986328,12.798657417297363
1425960000,44.40082550048828,12.497885704040527
1426046400,44.60818099975586,12.751168251037598
1426132800,45.444942474365234,12.73534107208252
1426219200,45.17095947265625,12.73534107208252
1426478400,45.800384521484375,12.766998291015625
1426564800,45.62266159057617,12.73534107208252
1426651200,45.7263298034668,12.648271560668945
1426737600,45.31907653808594,12.355415344238281
1426824000,45.7263298034668,12.537461280822754
1427083200,45.27462387084961,12.44248104095459
1427169600,44.77107620239258,12.355415344238281
1427256000,44.141639709472656,12.197113990783691
1427342400,44.089813232421875,12.20503044128418
1427428800,44.09721755981445,12.117964744567871
1427688000,45.14133834838867,12.284178733825684
1427774400,44.85994338989258,12.181282043457031
1427860800,44.6884880065918,12.197113990783691
1427947200,45.113399505615234,12.300008773803711
1428292800,45.07611846923828,12.276263236999512
1428379200,45.35938262939453,12.23669147491455
1428465600,45.50847244262695,12.355415344238281
1428552000,45.821556091308594,12.434566497802734
1428638400,45.99299240112305,12.44248104095459
1428897600,46.268802642822266,12.505799293518066
1428984000,46.991859436035156,12.52163028717041
1429070400,47.86402130126953,12.379162788391113
1429156800,47.56585693359375,12.497885704040527
1429243200,46.84279251098633,12.315839767456055
1429502400,47.140960693359375,12.32375431060791
1429588800,46.447715759277344,12.26834774017334
1429675200,46.91732406616211,12.458313941955566
1429761600,46.81297302246094,12.41873550415039
1429848000,46.66388702392578,12.379162788391113
1430107200,46.47006607055664,12.315839767456055
1430193600,46.78315734863281,12.387073516845703
1430280000,47.4093132019043,12.648271560668945
1430366400,47.15585708618164,12.608698844909668
1430452800,47.41675567626953,12.751168251037598
1430712000,48.24419403076172,13.01236629486084
1430798400,48.00565719604492,12.94112777709961
1430884800,47.64784622192383,12.89363956451416
1430971200,48.0801887512207,12.854063987731934
1431057600,48.81816864013672,13.020282745361328
1431316800,48.7883415222168,13.051941871643066
1431403200,48.72126770019531,13.004450798034668
1431489600,48.84052276611328,13.03610897064209
1431576000,49.2356071472168,13.075687408447266
1431662400,49.10890197753906,12.94112777709961
1431921600,49.511436462402344,13.067770957946777
1432008000,49.951229095458984,13.27356243133545
1432094400,49.55615234375,13.2498197555542
1432180800,49.68286895751953,13.241903305053711
1432267200,49.54869842529297,13.257735252380371
1432612800,48.9970817565918,13.059853553771973
1432699200,49.54869842529297,13.2498197555542
1432785600,49.34742736816406,13.194414138793945
1432872000,49.034332275390625,13.059853553771973
1433131200,49.257972717285156,13.0994291305542
1433217600,49.21324157714844,13.233986854553223
1433304000,49.72014236450195,13.440400123596191
1433390400,49.444339752197266,13.321313858032227
1433476800,50.256858825683594,13.64680290222168
1433736000,49.861785888671875,13.559478759765625
1433822400,50.07794952392578,13.742069244384766
1433908800,50.88301467895508,13.96435546875
1433995200,51.07683181762695,13.884970664978027
1434081600,50.875553131103516,13.884970664978027
1434340800,50.68174362182617,13.86909294128418
1434427200,50.96501922607422,13.932602882385254
1434513600,50.79356002807617,13.789703369140625
1434600000,51.270633697509766,13.79764175415039
1434686400,50.74882125854492,13.630925178527832
1434945600,51.40481185913086,13.86909294128418
1435032000,51.99369430541992,14.02786922454834
1435118400,51.44953918457031,13.884970664978027
1435204800,51.17374038696289,13.789703369140625
1435291200,51.39735412597656,13.821460723876953
1435550400,50.092864990234375,13.408644676208496
1435636800,50.51030731201172,13.511845588684082
1435723200,51.073036193847656,13.670621871948242
1435809600,50.66034698486328,13.51978874206543
1436155200,50.5178108215332,13.448333740234375
1436241600,50.120140075683594,13.249862670898438
1436328000,49.09223175048828,12.90056037902832
1436414400,49.602439880371094,13.083148956298828
1436500800,50.30772399902344,13.257804870605469
1436760000,51.08802795410156,13.511845588684082
1436846400,51.800819396972656,13.59917163848877
1436932800,51.913368225097656,14.035806655883789
1437019200,52.19095993041992,14.250150680541992
1437105600,51.92837142944336,14.36923599243164
1437364800,51.965877532958984,14.385115623474121
1437451200,51.8458366394043,14.353355407714844
1437537600,52.581146240234375,14.647095680236816
1437624000,52.25099563598633,14.432748794555664
1437710400,51.70329666137695,14.210456848144531
1437969600,51.02799987792969,14.02786922454834
1438056000,51.05802536010742,14.194578170776367
1438142400,51.72578048706055,14.4168701171875
1438228800,51.800819396972656,14.393049240112305
1438315200,51.41814041137695,14.194578170776367
1438574400,51.41814041137695,14.107254981994629
1438660800,51.36564636230469,14.131071090698242
1438747200,51.568214416503906,14.18664836883545
1438833600,51.208091735839844,14.139007568359375
1438920000,51.05802536010742,14.091375350952148
1439179200,51.68828201293945,14.321610450744629
1439265600,51.19307327270508,14.123136520385742
1439352000,50.45026397705078,13.908784866333008
1439438400,50.682857513427734,13.988174438476562
1439524800,50.9379768371582,14.051685333251953
1439784000,51.073036193847656,14.107254981994629
1439870400,51.17805862426758,14.043745040893555
1439956800,50.720375061035156,13.861153602600098
1440043200,49.47488784790039,13.273679733276367
1440129600,47.719181060791016,12.781471252441406
1440388800,45.20566940307617,12.138431549072266
1440475200,44.95056915283203,12.114614486694336
1440561600,47.201473236083984,12.749720573425293
1440648000,48.37945556640625,13.051395416259766
1440734400,48.11684799194336,12.987881660461426
1440993600,48.09433364868164,12.972006797790527
1441080000,46.10603332519531,12.368654251098633
1441166400,46.94636917114258,12.623519897460938
1441252800,47.02888870239258,12.695196151733398
1441339200,46.14353942871094,12.46423053741455
1441684800,47.38905334472656,12.870410919189453
1441771200,46.65375900268555,12.663339614868164
1441857600,47.01389694213867,12.774840354919434
1441944000,46.93885803222656,12.774840354919434
1442203200,46.80379867553711,12.711124420166016
1442289600,47.70417404174805,12.98987865447998
1442376000,48.12434005737305,13.005805015563965
1442462400,47.00639724731445,12.631481170654297
1442548800,45.72338104248047,12.39255142211914
1442808000,46.10603332519531,12.504051208496094
1442894400,45.70087432861328,12.400516510009766
1442980800,45.498291015625,12.519981384277344
1443067200,45.183170318603516,12.384587287902832
1443153600,46.121036529541016,12.655374526977539
1443412800,45.003089904785156,12.320871353149414
1443499200,44.89803695678711,12.225300788879395
1443585600,45.745880126953125,12.408475875854492
1443672000,46.08353042602539,12.384587287902832
1443758400,45.95504379272461,12.24919319152832
1444017600,46.86945724487305,12.496086120605469
1444104000,46.892127990722656,12.496086120605469
1444190400,46.952598571777344,12.543869972229004
1444276800,46.952598571777344,12.543869972229004
1444363200,46.801448822021484,12.408475875854492
1444622400,46.64275360107422,12.360692977905273
1444708800,46.5142822265625,12.360692977905273
1444795200,45.33536148071289,12.456268310546875
1444881600,46.77121353149414,12.894306182861328
1444968000,47.17930221557617,12.838554382324219
1445227200,47.02061462402344,12.854483604431152
1445313600,47.24732971191406,12.902271270751953
1445400000,46.899696350097656,12.663339614868164
1445486400,47.75364685058594,12.870410919189453
1445572800,48.267539978027344,13.15713119506836
1445832000,48.29020309448242,13.149165153503418
1445918400,48.093719482421875,13.061553001403809
1446004800,49.49936294555664,13.762422561645508
1446091200,49.28020477294922,13.611098289489746
1446177600,48.554710388183594,13.3641996383667
1446440400,49.529571533203125,13.587202072143555
1446526800,49.710941314697266,13.682782173156738
1446613200,49.76385498046875,13.547385215759277
1446699600,50.209720611572266,13.78631591796875
1446786000,51.736270904541016,14.296030044555664
1447045200,50.92765426635742,14.080997467041016
1447131600,51.14681625366211,14.216388702392578
1447218000,50.89741516113281,14.136749267578125
1447304400,49.87721252441406,13.834099769592285
1447390800,49.5446891784668,13.698704719543457
1447650000,50.262611389160156,13.88188648223877
1447736400,49.975460052490234,13.873922348022461
1447822800,50.97298812866211,14.20842170715332
1447909200,51.13169479370117,14.088957786560059
1447995600,51.041011810302734,14.05710506439209
1448254800,50.542232513427734,13.91374397277832
1448341200,50.46665954589844,13.91374397277832
1448427600,50.52713394165039,13.889850616455078
1448600400,50.76140594482422,13.921707153320312
1448859600,50.391090393066406,13.88188648223877
1448946000,51.09391784667969,14.184528350830078
1449032400,50.37599182128906,14.072717666625977
1449118800,49.72606658935547,13.817139625549316
1449205200,51.30552291870117,14.216479301452637
1449464400,50.63292694091797,14.008824348449707
1449550800,49.846981048583984,13.72928524017334
1449637200,49.469112396240234,13.657404899597168
1449723600,49.582489013671875,13.73726749420166
1449810000,48.41868209838867,13.361893653869629
1450069200,48.56981658935547,13.417803764343262
1450155600,49.95278549194336,13.912981986999512
1450242000,51.03345489501953,14.17654800415039
1450328400,50.08881759643555,13.817139625549316
1450414800,48.668052673339844,13.38585376739502
1450674000,49.529571533203125,13.553573608398438
1450760400,49.635379791259766,13.641429901123047
1450846800,50.428890228271484,13.849087715148926
1450933200,50.330631256103516,13.793180465698242
1451278800,50.16437911987305,13.681366920471191
1451365200,50.685821533203125,13.801170349121094
1451451600,50.323081970214844,13.617471694946289
1451538000,49.89987564086914,13.441762924194336
1451883600,48.40113067626953,13.12229061126709
1451970000,48.48481750488281,13.12229061126709
1452056400,47.78490447998047,12.842752456665039
1452142800,45.852500915527344,12.37951946258545
1452229200,44.825443267822266,12.139915466308594
1452488400,44.75697708129883,12.227770805358887
1452574800,44.85588455200195,12.227770805358887
1452661200,43.6234016418457,11.900313377380371
1452747600,44.27767562866211,11.972192764282227
1452834000,43.39516830444336,11.5488920211792
1453179600,43.37234115600586,11.373185157775879
1453266000,42.231178283691406,10.933908462524414
1453352400,42.033363342285156,10.670347213745117
1453438800,43.32670211791992,10.83008098602295
1453698000,42.34528732299805,10.350875854492188
1453784400,43.42559814453125,10.630413055419922
1453870800,43.39516830444336,10.670347213745117
1453957200,43.577754974365234,10.806120872497559
1454043600,45.266700744628906,11.293317794799805
1454302800,44.77980422973633,11.149554252624512
1454389200,43.3875617980957,10.566516876220703
1454475600,43.67665481567383,10.406779289245605
1454562000,44.42984390258789,10.582491874694824
1454648400,43.93532943725586,10.342885971069336
1454907600,43.01478576660156,9.799788475036621
1454994000,42.756107330322266,9.743880271911621
1455080400,42.238773345947266,9.568166732788086
1455166800,40.37486267089844,8.913252830505371
1455253200,43.737525939941406,9.544211387634277
1455598800,44.39179229736328,9.7838134765625
1455685200,44.71132278442383,10.031405448913574
1455771600,43.98097610473633,9.775827407836914
1455858000,43.98857498168945,9.687973976135254
1456117200,44.55916213989258,10.01542854309082
1456203600,42.69524002075195,9.711929321289062
1456290000,42.71044921875,9.687973976135254
1456376400,43.37234115600586,9.839716911315918
1456462800,43.77555847167969,10.143219947814941
1456722000,42.83218002319336,9.999456405639648
1456808400,45.0384635925293,10.53456974029541
1456894800,45.464515686035156,10.7510347366333
1456981200,45.61665725708008,10.823190689086914
1457067600,45.68513488769531,10.855257987976074
1457326800,45.60144805908203,10.847241401672363
1457413200,44.71893310546875,10.470434188842773
1457499600,44.977596282958984,10.534571647644043
1457586000,44.58960723876953,10.6387939453125
1457672400,45.14496994018555,11.055688858032227
1457928000,44.977596282958984,10.935431480407715
1458014400,45.0384635925293,10.87930965423584
1458100800,44.825443267822266,10.670863151550293
1458187200,44.69611740112305,10.743017196655273
1458273600,46.01227569580078,11.055688858032227
1458532800,45.997047424316406,11.095771789550781
1458619200,45.82967758178711,11.031638145446777
1458705600,45.60144805908203,10.919395446777344
1458792000,45.251487731933594,10.967497825622559
1459137600,45.19062042236328,10.919395446777344
1459224000,44.90913772583008,10.759051322937012
1459310400,45.42646789550781,10.80715274810791
1459396800,45.05367660522461,10.839223861694336
1459483200,45.548187255859375,10.871293067932129
1459742400,45.37190246582031,10.831204414367676
1459828800,44.72812271118164,10.57465648651123
1459915200,45.07301712036133,10.6387939453125
1460001600,43.9310417175293,10.302071571350098
1460088000,44.2529411315918,10.326126098632812
1460347200,44.605499267578125,10.398280143737793
1460433600,45.4332275390625,10.6387939453125
1460520000,47.35693359375,11.055688858032227
1460606400,47.970062255859375,11.336291313171387
1460692800,47.41824722290039,11.224045753479004
1460952000,47.724822998046875,11.360340118408203
1461038400,48.52955627441406,11.584819793701172
1461124800,49.234657287597656,11.969645500183105
1461211200,48.74415969848633,11.945595741271973
1461297600,49.027740478515625,12.113956451416016
1461556800,48.74415969848633,11.993699073791504
1461643200,48.9970703125,12.097922325134277
1461729600,49.1350212097168,12.041797637939453
1461816000,48.74415969848633,11.857407569885254
1461902400,48.43759536743164,11.673012733459473
1462161600,48.889766693115234,11.841371536254883
1462248000,47.94708251953125,11.512666702270508
1462334400,47.18832015991211,11.328271865844727
1462420800,46.93540954589844,11.26413345336914
1462507200,47.2113151550293,11.312236785888672
1462766400,46.91240310668945,11.21603012084961
1462852800,47.54853439331055,11.464563369750977
1462939200,47.372257232666016,11.384389877319336
1463025600,47.341609954833984,11.336291313171387
1463112000,46.904747009277344,11.127843856811523
1463371200,47.25729751586914,11.167928695678711
1463457600,47.25729751586914,11.23206615447998
1463544000,49.08136749267578,11.777231216430664
1463630400,48.58319854736328,11.648957252502441
1463716800,48.67515563964844,11.64094066619873
1463976000,48.6368522644043,11.600854873657227
1464062400,49.46458435058594,11.769216537475586
1464148800,50.215667724609375,11.961627960205078
1464235200,49.840126037597656,11.785249710083008
1464321600,50.14669418334961,11.929559707641602
1464667200,50.0240592956543,11.857407569885254
1464753600,50.3459587097168,11.953936576843262
1464840000,50.437923431396484,12.018296241760254
1464926400,49.54122543334961,11.599985122680664
1465185600,50.031734466552734,11.680428504943848
1465272000,49.863128662109375,11.54367733001709
1465358400,50.008731842041016,11.608031272888184
1465444800,49.62553405761719,11.414963722229004
1465531200,48.9280891418457,11.125368118286133
1465790400,48.49123764038086,10.940345764160156
1465876800,47.57919692993164,10.666836738586426
1465963200,47.49488830566406,10.731192588806152
1466049600,47.68649673461914,10.707061767578125
1466136000,47.73248291015625,10.779458999633789
1466395200,47.801456451416016,10.892080307006836
1466481600,48.2459716796875,10.956435203552246
1466568000,48.062049865722656,10.94839096069336
1466654400,49.08905029296875,11.294299125671387
1466740800,45.67847442626953,10.457685470581055
1467000000,44.15330505371094,9.798046112060547
1467086400,45.61716842651367,10.216354370117188
1467172800,46.904747009277344,10.610526084899902
1467259200,47.62519836425781,10.674881935119629
1467345600,47.316226959228516,10.538132667541504
1467691200,45.99545669555664,10.248531341552734
1467777600,46.489776611328125,10.345064163208008
1467864000,46.7910041809082,10.465725898742676
1467950400,47.7564811706543,10.594437599182129
1468209600,48.09634780883789,10.626617431640625
1468296000,48.81466293334961,10.892080307006836
1468382400,48.78376007080078,10.811637878417969
1468468800,49.52524185180664,10.980568885803223
1468555200,49.571598052978516,10.988614082336426
1468814400,49.40166091918945,11.350608825683594
1468900800,49.32442855834961,11.471277236938477
1468987200,49.37849426269531,11.583897590637207
1469073600,49.193115234375,11.47931957244873
1469160000,49.46345138549805,11.567808151245117
1469419200,49.3321533203125,11.559764862060547
1469505600,49.53297424316406,11.68847370147705
1469592000,49.687442779541016,11.768917083740234
1469678400,49.50979995727539,11.809139251708984
1469764800,49.409385681152344,11.656294822692871
1470024000,49.27806854248047,11.527582168579102
1470110400,49.1622314453125,11.366701126098633
1470196800,49.94233703613281,11.648253440856934
1470283200,49.865089416503906,11.648253440856934
1470369600,51.20904541015625,12.106781005859375
1470628800,51.0545768737793,12.171136856079102
1470715200,50.876922607421875,12.219403266906738
1470801600,50.42120361328125,11.913717269897461
1470888000,50.56023025512695,11.970025062561035
1470974400,50.452110290527344,11.994159698486328
1471233600,50.76105880737305,12.082647323608398
1471320000,50.75333023071289,12.203313827514648
1471406400,50.89236068725586,12.187226295471191
1471492800,50.9387092590332,12.195268630981445
1471579200,50.86919021606445,12.243535995483398
1471838400,50.82284164428711,12.211358070373535
1471924800,50.799678802490234,12.348114967346191
1472011200,50.9387092590332,12.388333320617676
1472097600,51.03139114379883,12.492912292480469
1472184000,51.14725112915039,12.70206356048584
1472443200,51.71108627319336,12.742284774780273
1472529600,52.13589096069336,13.02384090423584
1472616000,52.13589096069336,13.044042587280273
1472702400,51.911903381347656,12.91473388671875
1472788800,52.128170013427734,12.930900573730469
1473134400,52.089569091796875,12.753098487854004
1473220800,51.873294830322266,12.688444137573242
1473307200,51.94281005859375,12.817753791809082
1473393600,51.4793815612793,12.720771789550781
1473652800,51.79603958129883,12.850082397460938
1473739200,51.386695861816406,12.704607009887695
1473825600,51.286277770996094,12.63187313079834
1473912000,51.47163772583008,12.66419792175293
1473998400,50.83829879760742,12.518723487854004
1474257600,51.12409210205078,12.599546432495117
1474344000,51.33262252807617,12.607626914978027
1474430400,51.626121520996094,12.648032188415527
1474516800,52.05093765258789,12.607626914978027
1474603200,51.94281005859375,12.54296875
1474862400,50.80739974975586,12.195452690124512
1474948800,51.255393981933594,12.357090950012207
1475035200,51.525726318359375,12.429827690124512
1475121600,50.70698928833008,12.252026557922363
1475208000,51.43303298950195,12.648032188415527
1475467200,51.37123489379883,12.63187313079834
1475553600,51.81468963623047,12.769262313842773
1475640000,52.6627197265625,13.019797325134277
1475726400,52.802772521972656,13.108698844909668
1475812800,52.989479064941406,13.035959243774414
1476072000,53.40182113647461,13.173352241516113
1476158400,53.14507293701172,13.019797325134277
1476244800,53.00502014160156,12.955145835876465
1476331200,52.70161437988281,12.79350757598877
1476417600,52.530452728271484,12.930900573730469
1476676800,52.2581672668457,12.971308708190918
1476763200,52.67048263549805,13.141026496887207
1476849600,53.176204681396484,13.310742378234863
1476936000,53.10616683959961,13.3834810256958
1477022400,53.28512191772461,13.472382545471191
1477281600,53.58075714111328,13.553196907043457
1477368000,53.52629852294922,13.512786865234375
1477454400,53.78303909301758,13.634016036987305
1477540800,53.86083984375,13.66634464263916
1477627200,53.767478942871094,13.480462074279785
1477886400,53.88417434692383,13.334986686706543
1477972800,53.65855407714844,13.4238920211792
1478059200,53.43292999267578,13.318826675415039
1478145600,53.199527740478516,13.318826675415039
1478232000,52.717185974121094,13.37539291381836
1478494800,54.366554260253906,13.747163772583008
1478581200,54.48323440551758,13.73907470703125
1478667600,56.98837661743164,14.5230131149292
1478754000,59.63359069824219,15.161479949951172
1478840400,59.664703369140625,15.371611595153809
1479099600,61.85866928100586,16.2282772064209
1479186000,61.74196243286133,16.29292869567871
1479272400,60.217079162597656,15.961577415466309
1479358800,60.69944763183594,16.2282772064209
1479445200,60.45825958251953,16.163625717163086
1479704400,60.7227897644043,16.43031883239746
1479790800,61.096214294433594,16.406078338623047
1479877200,61.352962493896484,16.616201400756836
1480050000,61.32963943481445,16.85865592956543
1480309200,60.93282699584961,16.406078338623047
1480395600,61.39965057373047,16.397998809814453
1480482000,62.372135162353516,17.132112503051758
1480568400,63.632503509521484,17.440366744995117
1480654800,63.484676361083984,17.22134017944336
1480914000,64.77616119384766,17.716167449951172
1481000400,65.11070251464844,17.975740432739258
1481086800,65.40630340576172,18.308324813842773
1481173200,66.22323608398438,18.6165771484375
1481259600,66.5110855102539,18.730134963989258
1481518800,65.91983795166016,18.34076690673828
1481605200,65.94317626953125,18.34076690673828
1481691600,65.91983795166016,18.389434814453125
1481778000,66.90786743164062,18.78692054748535
1481864400,66.08319854736328,18.381330490112305
1482123600,66.46441650390625,18.235319137573242
1482210000,67.3202133178711,18.42188835144043
1482296400,67.49134826660156,18.356996536254883
1482382800,67.60027313232422,18.283985137939453
1482469200,67.72477722167969,18.332664489746094
1482814800,67.7870101928711,18.34076690673828
1482901200,67.296875,18.113637924194336
1482987600,66.82229614257812,17.845949172973633
1483074000,67.13346862792969,17.92706871032715
1483419600,67.86480712890625,18.275876998901367
1483506000,67.989990234375,18.6165771484375
1483592400,67.36412811279297,18.397558212280273
1483678800,67.3719711303711,18.397558212280273
1483938000,67.41890716552734,18.292098999023438
1484024400,67.6144790649414,18.60845947265625
1484110800,68.12297821044922,18.713912963867188
1484197200,67.46581268310547,18.59223175048828
1484283600,67.82569885253906,18.665237426757812
1484629200,65.36141967773438,17.886507034301758
1484715600,65.66654205322266,18.356996536254883
1484802000,65.16586303710938,18.275876998901367
1484888400,65.45531463623047,18.365108489990234
1485147600,65.48661804199219,18.300214767456055
1485234000,66.27672576904297,18.6165771484375
1485320400,67.30152130126953,18.957271575927734
1485406800,67.86480712890625,19.01405143737793
1485493200,68.00562286376953,18.949159622192383
1485752400,67.30152130126953,18.6165771484375
1485838800,66.20631408691406,18.365108489990234
1485925200,66.45664978027344,18.567899703979492
1486011600,66.1750259399414,18.42999839782715
1486098000,68.2011947631836,18.892383575439453
1486357200,67.88043212890625,18.75447654724121
1486443600,67.8413314819336,18.576013565063477
1486530000,67.24679565429688,18.389434814453125
1486616400,68.21685028076172,18.75447654724121
1486702800,68.06038665771484,18.722023010253906
1486962000,68.96002197265625,18.98160171508789
1487048400,70.0630874633789,19.516984939575195
1487134800,70.86885833740234,19.938793182373047
1487221200,70.82190704345703,19.938793182373047
1487307600,70.58721923828125,19.890119552612305
1487653200,71.19740295410156,20.101028442382812
1487739600,71.23652648925781,20.109140396118164
1487826000,71.29126739501953,19.938793182373047
1487912400,70.66545867919922,19.654882431030273
1488171600,70.74366760253906,19.930681228637695
1488258000,70.8923110961914,20.019914627075195
1488344400,73.22360229492188,20.74812889099121
1488430800,72.0814208984375,20.528444290161133
1488517200,72.59774017333984,20.699312210083008
1488776400,71.9093246459961,20.544723510742188
1488862800,71.51036071777344,20.512168884277344
1488949200,71.35387420654297,20.552860260009766
1489035600,71.63550567626953,20.626083374023438
1489122000,71.40863037109375,20.593534469604492
1489377600,71.47122955322266,20.58539581298828
1489464000,71.58856964111328,20.60167694091797
1489550400,71.76068878173828,20.487762451171875
1489636800,71.69025421142578,20.52030372619629
1489723200,70.93925476074219,20.227394104003906
1489982400,70.43077087402344,19.885658264160156
1490068800,68.36547088623047,18.730274200439453
1490155200,68.4749984741211,18.665176391601562
1490241600,68.36547088623047,18.77095603942871
1490328000,68.28722381591797,18.8116397857666
1490587200,68.24812316894531,18.738407135009766
1490673600,69.31208801269531,19.104549407958984
1490760000,69.05390930175781,18.998779296875
1490846400,69.64846801757812,19.421876907348633
1490932800,68.71752166748047,19.194055557250977
1491192000,68.4671859741211,19.194055557250977
1491278400,68.69535064697266,19.072004318237305
1491364800,67.81414031982422,18.852317810058594
1491451200,68.04232788085938,18.925548553466797
1491537600,67.80628204345703,18.844181060791016
1491796800,67.57022857666016,18.730274200439453
1491883200,67.45221710205078,18.648902893066406
1491969600,67.19256591796875,18.42922019958496
1492056000,66.40576934814453,18.176984786987305
1492401600,67.55448150634766,18.55940818786621
1492488000,67.00373077392578,18.47804069519043
1492574400,66.4529800415039,18.502452850341797
1492660800,67.31058502197266,18.77095603942871
1492747200,66.50019073486328,18.47804069519043
1493006400,68.84484100341797,19.22660255432129
1493092800,69.44281005859375,19.511377334594727
1493179200,69.57657623291016,19.43815040588379
1493265600,68.93138885498047,19.242870330810547
1493352000,68.45146179199219,18.990642547607422
1493611200,68.49864959716797,19.210330963134766
1493697600,68.05805969238281,19.14523696899414
1493784000,68.45146179199219,19.34051513671875
1493870400,68.53013610839844,19.405603408813477
1493956800,68.45146179199219,19.316102981567383
1494216000,68.53013610839844,19.495105743408203
1494302400,68.2547607421875,19.511377334594727
1494388800,68.78976440429688,19.649696350097656
1494475200,68.57732391357422,19.584606170654297
1494561600,68.38851928710938,19.527652740478516
1494820800,68.71894073486328,19.57647132873535
1494907200,68.93138885498047,19.519514083862305
1494993600,66.3034896850586,18.36412811279297
1495080000,66.05960083007812,18.502452850341797
1495166400,66.70475769042969,18.754684448242188
1495425600,66.64179992675781,18.74654197692871
1495512000,67.4758071899414,19.031326293945312
1495598400,67.43645477294922,19.006912231445312
1495684800,67.1532211303711,18.91741180419922
1495771200,67.16110229492188,18.909276962280273
1496116800,66.01236724853516,18.640769958496094
1496203200,64.63546752929688,18.293838500976562
1496289600,65.35145568847656,18.473419189453125
1496376000,65.02101135253906,18.32648468017578
1496635200,65.13902282714844,18.293838500976562
1496721600,65.27278137207031,18.146894454956055
1496808000,66.02022552490234,18.448928833007812
1496894400,66.8385009765625,18.7509765625
1496980800,68.41996002197266,19.32239532470703
1497240000,68.43572235107422,19.412200927734375
1497326400,68.66390228271484,19.404033660888672
1497412800,68.52226257324219,19.395872116088867
1497499200,68.11310577392578,19.216278076171875
1497585600,67.80628204345703,19.126480102539062
1497844800,69.29332733154297,19.518314361572266
1497931200,68.8605728149414,19.175460815429688
1498017600,68.54586791992188,18.881589889526367
1498104000,68.4671859741211,18.71832275390625
1498190400,68.34129333496094,18.628528594970703
1498449600,68.64026641845703,18.6856746673584
1498536000,69.27759552001953,18.99587059020996
1498622400,70.67021179199219,19.493833541870117
1498708800,71.71666717529297,19.853008270263672
1498795200,71.91337585449219,19.804031372070312
1499054400,73.37696838378906,20.14689064025879
1499227200,74.11268615722656,20.342805862426758
1499313600,73.87532806396484,20.17138671875
1499400000,74.24718475341797,20.26934242248535
1499659200,73.72502899169922,20.31831169128418
1499745600,73.44025421142578,20.081586837768555
1499832000,73.18707275390625,19.877504348754883
1499918400,73.65381622314453,20.097911834716797
1500004800,72.98138427734375,19.763219833374023
1500264000,72.30101013183594,19.608116149902344
1500350400,72.0478515625,19.51015853881836
1500436800,72.15071105957031,19.640766143798828
1500523200,72.15071105957031,19.54281234741211
1500609600,71.90544128417969,19.428525924682617
1500868800,72.21398162841797,19.518314361572266
1500955200,73.41650390625,19.983623504638672
1501041600,72.72821807861328,19.763219833374023
1501128000,72.42760467529297,19.68158721923828
1501214400,72.21398162841797,19.61627960205078
1501473600,72.6253890991211,19.68975067138672
1501560000,73.59846496582031,19.959136962890625
1501646400,73.6617660522461,20.073415756225586
1501732800,73.17913818359375,19.893827438354492
1501819200,74.09686279296875,20.38362693786621
1502078400,74.38165283203125,20.375463485717773
1502164800,74.11268615722656,20.32647705078125
1502251200,73.99400329589844,20.195873260498047
1502337600,72.93390655517578,19.68975067138672
1502424000,72.32473754882812,19.47750473022461
1502683200,73.1712417602539,19.93464469909668
1502769600,73.36112213134766,19.97545623779297
1502856000,72.85480499267578,19.746891021728516
1502942400,71.71558380126953,19.297916412353516
1503028800,71.78677368164062,19.281591415405273
1503288000,71.69976043701172,19.08567237854004
1503374400,72.43550109863281,19.45301628112793
1503460800,72.5225601196289,19.395872116088867
1503547200,72.40385437011719,19.46117401123047
1503633600,72.69657897949219,19.404033660888672
1503892800,72.46714782714844,19.363216400146484
1503979200,72.07160186767578,19.248931884765625
1504065600,72.23773193359375,19.58533477783203
1504152000,71.90544128417969,19.60174560546875
1504238400,72.5462646484375,19.765846252441406
1504584000,70.81366729736328,19.12586212158203
1504670400,71.28837585449219,19.207910537719727
1504756800,70.03842163085938,18.846885681152344
1504843200,69.95136260986328,18.781251907348633
1505102400,71.03520202636719,19.166881561279297
1505188800,71.90544128417969,19.65097999572754
1505275200,72.11116790771484,19.9627628326416
1505361600,71.9687271118164,19.8889217376709
1505448000,72.48298645019531,20.003793716430664
1505707200,73.51142120361328,20.2663516998291
1505793600,74.31836700439453,20.397632598876953
1505880000,74.84054565429688,20.561731338500977
1505966400,75.18071746826172,20.643781661987305
1506052800,75.0224838256836,20.528907775878906
1506312000,74.4607925415039,20.31558609008789
1506398400,74.12850189208984,20.356603622436523
1506484800,75.29939270019531,20.848905563354492
1506571200,75.45759582519531,20.881731033325195
1506657600,75.5604476928711,20.791473388671875
1506916800,76.61263275146484,21.02121353149414
1507003200,77.0161361694336,21.21813201904297
1507089600,76.2328872680664,21.095056533813477
1507176000,77.2594223022461,21.439666748046875
1507262400,77.12415313720703,21.505308151245117
1507521600,76.71831512451172,21.20992660522461
1507608000,77.291259765625,21.275571823120117
1507694400,77.06048583984375,21.193523406982422
1507780800,76.38408660888672,20.881731033325195
1507867200,76.28065490722656,21.193523406982422
1508126400,77.85626220703125,21.529922485351562
1508212800,77.68116760253906,21.497102737426758
1508299200,77.97559356689453,21.726844787597656
1508385600,78.07109832763672,21.808895111083984
1508472000,79.18514251708984,22.292987823486328
1508731200,79.04985809326172,22.2847843170166
1508817600,80.30714416503906,22.71143913269043
1508904000,80.38671875,22.670419692993164
1508990400,80.95965576171875,22.76066780090332
1509076800,80.9835205078125,22.80990219116211
1509336000,80.69706726074219,22.64580726623535
1509422400,80.06045532226562,22.473495483398438
1509508800,80.30714416503906,22.58836555480957
1509595200,80.84027862548828,22.86733627319336
1509681600,80.69706726074219,22.826316833496094
1509944400,80.19571685791016,22.76888084411621
1510030800,78.58037567138672,22.301193237304688
1510117200,77.69708251953125,21.981197357177734
1510203600,77.68913269042969,21.735050201416016
1510290000,77.59363555908203,21.751461029052734
1510549200,77.87215423583984,21.661205291748047
1510635600,77.40265655517578,21.529922485351562
1510722000,78.13475799560547,21.981197357177734
1510808400,78.35755920410156,21.956584930419922
1510894800,78.09495544433594,21.84170913696289
1511154000,78.78726196289062,21.940170288085938
1511240400,78.72361755371094,21.93196678161621
1511326800,78.49284362792969,21.874534606933594
1511499600,78.23820495605469,21.81709861755371
1511758800,77.92786407470703,21.81709861755371
1511845200,80.65727996826172,22.678621292114258
1511931600,82.543212890625,23.20374298095703
1512018000,83.17184448242188,23.211986541748047
1512104400,83.38671112060547,23.1543025970459
1512363600,85.10551452636719,23.945343017578125
1512450000,84.12675476074219,23.838220596313477
1512536400,83.49812316894531,23.599260330200195
1512622800,83.25141906738281,23.71462059020996
1512709200,84.2938461303711,23.93709945678711
1512968400,84.04718017578125,23.84646224975586
1513054800,85.02596282958984,24.159578323364258
1513141200,83.95966339111328,23.76405906677246
1513227600,83.28324127197266,23.673419952392578
1513314000,84.4609603881836,23.928857803344727
1513573200,85.11347198486328,24.291419982910156
1513659600,84.75537872314453,24.266700744628906
1513746000,84.4609603881836,24.291419982910156
1513832400,85.8057861328125,24.571575164794922
1513918800,85.50338745117188,24.621013641357422
1514264400,85.1612319946289,24.538618087768555
1514350800,85.32035827636719,24.497421264648438
1514437200,85.77395629882812,24.555103302001953
1514523600,85.09757995605469,24.324378967285156
1514869200,85.90129089355469,24.637496948242188
1514955600,85.98880767822266,24.555103302001953
1515042000,87.22064971923828,24.8764591217041
1515128400,86.66071319580078,24.991809844970703
1515387600,86.78872680664062,24.81877899169922
1515474000,87.2286376953125,24.94237518310547
1515560400,88.18853759765625,25.173091888427734
1515646800,88.66043853759766,25.263736724853516
1515733200,90.124267578125,25.70045280456543
1516078800,89.80429077148438,25.741649627685547
1516165200,90.38023376464844,25.692214965820312
1516251600,90.5962142944336,25.939409255981445
1516338000,90.39623260498047,26.13716697692871
1516597200,91.45211791992188,26.31844711303711
1516683600,91.35608673095703,26.30196762084961
1516770000,92.52394104003906,26.442049026489258
1516856400,92.5479507446289,26.442049026489258
1516942800,93.04389953613281,26.532691955566406
1517202000,92.94789123535156,26.598609924316406
1517288400,92.07601165771484,26.269006729125977
1517374800,92.52394104003906,26.367883682250977
1517461200,93.48383331298828,26.779888153076172
1517547600,91.41209411621094,26.326692581176758
1517806800,87.0286636352539,24.934131622314453
1517893200,89.67632293701172,25.708688735961914
1517979600,90.28424835205078,25.749895095825195
1518066000,86.29276275634766,24.505653381347656
1518152400,88.02054595947266,24.991809844970703
1518411600,89.38036346435547,25.642772674560547
1518498000,89.93228149414062,25.692214965820312
1518584400,92.01203155517578,26.367883682250977
1518670800,92.39598083496094,26.540924072265625
1518757200,91.73207092285156,26.343170166015625
1519102800,91.75607299804688,26.31020736694336
1519189200,92.14002227783203,26.260770797729492
1519275600,91.97203826904297,26.11244773864746
1519362000,93.83577728271484,26.392608642578125
1519621200,95.00362396240234,26.713970184326172
1519707600,93.87580871582031,26.63981056213379
1519794000,92.38798522949219,26.450286865234375
1519880400,90.7322006225586,26.036745071411133
1519966800,90.64420318603516,26.16080665588379
1520226000,92.03602600097656,26.574352264404297
1520312400,92.11599731445312,26.55781364440918
1520398800,91.77204132080078,26.615711212158203
1520485200,91.78005981445312,26.632253646850586
1520571600,94.41972351074219,27.062335968017578
1520827200,94.11575317382812,27.16158103942871
1520913600,92.98789978027344,26.764583587646484
1521000000,91.94802856445312,26.582624435424805
1521086400,92.18001556396484,26.549541473388672
1521172800,92.33998107910156,26.607439041137695
1521432000,91.6120834350586,26.450288772583008
1521518400,91.7000503540039,26.450288772583008
1521604800,91.78005981445312,26.359312057495117
1521691200,87.94853973388672,25.267547607421875
1521777600,85.59687042236328,24.126169204711914
1522036800,88.23652648925781,25.17658042907715
1522123200,86.52474975585938,24.415653228759766
1522209600,86.38874816894531,24.308134078979492
1522296000,87.96454620361328,24.804386138916016
1522641600,86.26876831054688,24.241962432861328
1522728000,87.45262145996094,24.473539352416992
1522814400,88.78046417236328,24.713403701782227
1522900800,89.94615173339844,25.077329635620117
1522987200,87.703125,24.50663185119629
1523246400,88.75633239746094,24.705135345458984
1523332800,90.45268249511719,25.20965576171875
1523419200,88.93319702148438,24.729949951171875
1523505600,91.14408111572266,25.350261688232422
1523592000,88.6759262084961,24.647241592407227
1523851200,88.60356903076172,24.754762649536133
1523937600,88.60356903076172,24.845739364624023
1524024000,87.8880615234375,24.423925399780273
1524110400,89.81755828857422,24.96153450012207
1524196800,89.6165542602539,25.02769660949707
1524456000,89.18240356445312,25.077329635620117
1524542400,88.76435852050781,24.969806671142578
1524628800,88.42671203613281,24.928447723388672
1524715200,88.51514434814453,24.870548248291016
1524801600,87.95236206054688,24.93671417236328
1525060800,87.45391845703125,24.746488571166992
1525147200,87.45391845703125,24.771303176879883
1525233600,86.76251983642578,24.465280532836914
1525320000,86.21585083007812,24.150978088378906
1525406400,87.17255401611328,24.233694076538086
1525665600,87.92826080322266,24.51490020751953
1525752000,89.23067474365234,24.754762649536133
1525838400,91.17622375488281,25.408159255981445
1525924800,91.88372039794922,25.548757553100586
1526011200,91.53799438476562,25.573572158813477
1526270400,91.5701675415039,25.73899269104004
1526356800,90.8707046508789,25.821706771850586
1526443200,91.11991882324219,25.689367294311523
1526529600,90.81444549560547,25.482595443725586
1526616000,89.34319305419922,25.02769660949707
1526875200,90.16322326660156,25.267547607421875
1526961600,90.8546371459961,25.548757553100586
1527048000,90.43659210205078,25.17658042907715
1527134400,89.4236068725586,24.986345291137695
1527220800,88.96534729003906,24.944988250732422
1527566400,85.16266632080078,23.952482223510742
1527652800,87.10822296142578,24.390838623046875
1527739200,86.03091430664062,24.116785049438477
1527825600,87.14842987060547,24.415752410888672
1528084800,87.1886215209961,24.415752410888672
1528171200,86.69818878173828,24.183225631713867
1528257600,88.72416687011719,24.947254180908203
1528344000,89.07789611816406,24.988780975341797
1528430400,89.32713317871094,24.92233657836914
1528689600,89.10204315185547,24.9638614654541
1528776000,88.5875015258789,24.830989837646484
1528862400,88.41063690185547,24.781158447265625
1528948800,86.8509750366211,24.498794555664062
1529035200,86.7464370727539,24.31609535217285
1529294400,86.9715576171875,24.415752410888672
1529380800,86.46507263183594,24.29948616027832
1529467200,86.45702362060547,24.28287696838379
1529553600,86.43289947509766,24.32440185546875
1529640000,85.01793670654297,24.07526206970215
1529899200,84.24614715576172,23.65172004699707
1529985600,84.30243682861328,23.701549530029297
1530072000,83.0000228881836,23.452409744262695
1530158400,84.35872650146484,23.80950927734375
1530244800,83.7718276977539,23.410884857177734
1530504000,84.47930145263672,23.485628128051758
1530590400,83.29749298095703,23.070390701293945
1530763200,83.83906555175781,23.186662673950195
1530849600,84.11387634277344,23.278017044067383
1531108800,86.71670532226562,24.125089645385742
1531195200,86.18318176269531,23.942386627197266
1531281600,85.99726867675781,23.81781578063965
1531368000,86.36911010742188,23.89255714416504
1531454400,85.97303009033203,23.709856033325195
1531713600,89.3841323852539,24.73133087158203
1531800000,89.3194580078125,24.92233657836914
1531886400,90.15203857421875,25.021989822387695
1531972800,88.82640075683594,24.639982223510742
1532059200,89.94998931884766,25.021989822387695
1532318400,91.6231918334961,25.536884307861328
1532404800,92.26986694335938,25.603322982788086
1532491200,93.10243225097656,25.802635192871094
1532577600,92.835693359375,25.694671630859375
1532664000,93.78949737548828,25.794326782226562
1532923200,94.3553237915039,26.00194549560547
1533009600,92.91648864746094,25.64484405517578
1533096000,93.49040222167969,25.95212173461914
1533182400,93.88648986816406,25.977031707763672
1533268800,94.64631652832031,26.168039321899414
1533528000,94.67057037353516,26.17634391784668
1533614400,95.01815032958984,26.168039321899414
1533700800,95.21215057373047,26.408876419067383
1533787200,94.47659301757812,26.242782592773438
1533873600,93.5469970703125,25.90229034423828
1534132800,92.0596923828125,25.312658309936523
1534219200,92.67401123046875,25.570106506347656
1534305600,91.90609741210938,25.212997436523438
1534392000,92.7710189819336,25.511972427368164
1534478400,92.7710189819336,25.528581619262695
1534737600,92.64976501464844,25.636537551879883
1534824000,93.21559143066406,25.761112213134766
1534910400,92.93268585205078,25.72789192199707
1534996800,92.7386703491211,25.611621856689453
1535083200,92.6982650756836,25.65314292907715
1535342400,94.33914184570312,26.00194549560547
1535428800,93.87841796875,25.968732833862305
1535515200,93.57124328613281,25.86076545715332
1535601600,93.11051177978516,25.752805709838867
1535688000,92.617431640625,25.686372756958008
1536033600,93.07816314697266,25.86076545715332
1536120000,92.6255111694336,25.89398765563965
1536206400,92.22943878173828,25.7437744140625
1536292800,92.40725708007812,25.752120971679688
1536552000,91.91419982910156,25.7187442779541
1536638400,92.49620056152344,25.7437744140625
1536724800,91.40494537353516,25.39329719543457
1536811200,91.76060485839844,25.151294708251953
1536897600,91.74444580078125,25.343223571777344
1537156800,92.0192642211914,25.26812171936035
1537243200,92.39111328125,25.2097110748291
1537329600,95.07473754882812,25.868947982788086
1537416000,95.89114379882812,26.027503967285156
1537502400,95.26065063476562,25.893985748291016
1537761600,94.34724426269531,25.65198516845703
1537848000,94.08049011230469,25.59357452392578
1537934400,92.97308349609375,25.1429500579834
1538020800,92.56893920898438,24.984394073486328
1538107200,91.21094512939453,24.583847045898438
1538366400,91.74444580078125,24.74239730834961
1538452800,92.12434387207031,24.683992385864258
1538539200,92.98926544189453,25.034467697143555
1538625600,93.8276596069336,25.39329719543457
1538712000,93.29856872558594,25.226396560668945
1538971200,93.86836242675781,25.259777069091797
1539057600,93.2171859741211,25.01778221130371
1539144000,90.73453521728516,24.400259017944336
1539230400,88.01580810546875,23.665912628173828
1539316800,87.05532836914062,23.749361038208008
1539576000,86.55880737304688,23.29874610900879
1539662400,88.41468811035156,23.80777359008789
1539748800,89.39958190917969,24.11653709411621
1539835200,87.98326873779297,23.574125289916992
1539921600,87.83674621582031,23.63254165649414
1540180800,86.57508850097656,22.848121643066406
1540267200,85.67155456542969,22.547712326049805
1540353600,84.07615661621094,21.855091094970703
1540440000,85.35411071777344,22.18888282775879
1540526400,84.18196868896484,22.021982192993164
1540785600,85.34596252441406,22.20557403564453
1540872000,86.85185241699219,22.34743881225586
1540958400,88.74028778076172,22.94826316833496
1541044800,88.70772552490234,23.206951141357422
1541131200,88.21932983398438,23.273712158203125
1541394000,88.7972412109375,23.415573120117188
1541480400,89.21236419677734,23.540742874145508
1541566800,90.74266815185547,23.816123962402344
1541653200,91.4752426147461,24.091506958007812
1541739600,90.58802795410156,23.7994327545166
1541998800,88.68330383300781,23.15688705444336
1542085200,89.20423126220703,23.16522789001465
1542171600,87.36465454101562,22.706262588500977
1542258000,89.59495544433594,23.282052993774414
1542344400,89.52983093261719,23.15688705444336
1542603600,90.21356964111328,23.15688705444336
1542690000,88.27631378173828,22.848121643066406
1542776400,87.61698150634766,22.756332397460938
1542949200,86.8111343383789,22.5059871673584
1543208400,88.93562316894531,22.99833106994629
1543294800,89.3100357055664,23.148534774780273
1543381200,90.3031234741211,23.72433090209961
1543467600,89.58682250976562,23.398881912231445
1543554000,90.50659942626953,23.699295043945312
1543813200,91.36128997802734,23.816123962402344
1543899600,87.28324127197266,22.522674560546875
1544072400,85.62272644042969,22.052753448486328
1544158800,84.07615661621094,21.339479446411133
1544418000,82.50517272949219,20.777250289916992
1544504400,81.6993179321289,20.626201629638672
1544590800,82.22840881347656,20.575851440429688
1544677200,82.30982971191406,20.47515869140625
1544763600,81.63420867919922,20.54229164123535
1545022800,80.5923080444336,20.53390121459961
1545109200,80.20973205566406,20.53390121459961
1545195600,79.19225311279297,20.29054832458496
1545282000,78.5085220336914,20.2318115234375
1545368400,76.65264129638672,19.610843658447266
1545627600,75.0002670288086,19.07378578186035
1545800400,78.10968017578125,20.2318115234375
1545886800,78.98877716064453,20.44998550415039
1545973200,78.8178482055664,20.466766357421875
1546232400,79.46090698242188,20.67655372619629
1546405200,80.8365249633789,20.94508171081543
1546491600,79.68769073486328,20.60942268371582
1546578000,82.62540435791016,21.465351104736328
1546837200,82.68283081054688,21.44856834411621
1546923600,82.52693176269531,21.4066162109375
1547010000,82.38742065429688,21.61639976501465
1547096400,82.37921905517578,21.591222763061523
1547182800,81.9853515625,21.842967987060547
1547442000,82.83055877685547,22.128280639648438
1547528400,83.43779754638672,22.279327392578125
1547614800,84.11066436767578,23.873703002929688
1547701200,84.45531463623047,24.326841354370117
1547787600,85.82569122314453,24.586971282958984
1548133200,84.47174072265625,24.41075325012207
1548219600,84.25837707519531,24.26810073852539
1548306000,84.3076171875,24.402360916137695
1548392400,84.84100341796875,24.821935653686523
1548651600,85.24311065673828,24.863889694213867
1548738000,85.48104858398438,24.662498474121094
1548824400,85.67799377441406,24.393972396850586
1548910800,84.93126678466797,23.89048194885254
1548997200,85.24311065673828,23.814958572387695
1549256400,85.54670715332031,24.23453140258789
1549342800,85.16925048828125,24.150615692138672
1549429200,85.12821197509766,24.108667373657227
1549515600,84.01219940185547,23.697479248046875
1549602000,83.17520141601562,23.739437103271484
1549861200,82.78130340576172,23.840131759643555
1549947600,84.19273376464844,24.07509422302246
1550034000,84.5948257446289,24.083486557006836
1550120400,84.04502868652344,23.82335090637207
1550206800,86.61347198486328,24.427536010742188
1550552400,86.30989074707031,24.444318771362305
1550638800,86.72834777832031,24.67928123474121
1550725200,86.5478286743164,24.578588485717773
1550811600,86.16214752197266,24.402360916137695
1551070800,87.06478118896484,24.561803817749023
1551157200,86.4001235961914,24.578588485717773
1551243600,86.29344177246094,24.77997589111328
1551330000,85.636962890625,24.52695083618164
1551416400,85.69441223144531,24.720937728881836
1551675600,85.49748229980469,24.484777450561523
1551762000,85.43180847167969,24.52695083618164
1551848400,85.11177062988281,24.324527740478516
1551934800,84.496337890625,24.079931259155273
1552021200,84.5291748046875,24.164274215698242
1552276800,85.62877655029297,24.40886878967285
1552363200,85.37439727783203,24.40886878967285
1552449600,85.66161346435547,24.704071044921875
1552536000,86.44114685058594,24.847448348999023
1552622400,87.43407440185547,24.712501525878906
1552881600,87.95923614501953,25.151081085205078
1552968000,87.63921356201172,25.007701873779297
1553054400,85.76824951171875,24.155841827392578
1553140800,84.414306640625,23.76786231994629
1553227200,81.86224365234375,22.781047821044922
1553486400,81.18116760253906,22.63766860961914
1553572800,81.9935531616211,22.949731826782227
1553659200,81.71453094482422,22.797922134399414
1553745600,82.64181518554688,23.050947189331055
1553832000,83.06851959228516,23.270233154296875
1554091200,85.86673736572266,24.071500778198242
1554177600,86.27703857421875,24.34983253479004
1554264000,86.44934844970703,24.324527740478516
1554350400,87.28449249267578,24.585987091064453
1554436800,87.07777404785156,24.52695083618164
1554696000,87.3589096069336,24.60285758972168
1554782400,86.71395874023438,24.366689682006836
1554868800,87.10257720947266,24.51851463317871
1554955200,87.83851623535156,24.51851463317871
1555041600,91.95631408691406,25.446292877197266
1555300800,90.90621185302734,25.167957305908203
1555387200,91.86536407470703,25.201684951782227
1555473600,94.51136016845703,25.328208923339844
1555560000,93.81678771972656,25.328208923339844
1555905600,93.93254089355469,25.345077514648438
1555992000,94.04829406738281,25.361948013305664
1556078400,93.89119720458984,25.319774627685547
1556164800,93.94080352783203,25.370380401611328
1556251200,94.65192413330078,25.598106384277344
1556510400,96.01624298095703,25.95235252380371
1556596800,95.95838165283203,25.79209327697754
1556683200,95.22245788574219,25.52219581604004
1556769600,95.42916107177734,25.724620819091797
1556856000,96.01624298095703,25.901737213134766
1557115200,95.16458129882812,25.699317932128906
1557201600,93.61006927490234,25.235427856445312
1557288000,93.1139144897461,25.134220123291016
1557374400,93.0395278930664,25.058307647705078
1557460800,93.03125,24.94866371154785
1557720000,90.50102996826172,23.826902389526367
1557806400,91.22042083740234,24.13897132873535
1557892800,90.87313842773438,23.86064338684082
1557979200,92.03900146484375,24.113664627075195
1558065600,91.59249114990234,23.95341682434082
1558324800,92.07206726074219,23.95341682434082
1558411200,92.38629150390625,24.19801139831543
1558497600,91.63382720947266,24.029325485229492
1558584000,89.83126831054688,23.41362190246582
1558670400,90.71603393554688,23.76786231994629
1559016000,89.73204040527344,23.531702041625977
1559102400,89.48400115966797,23.405189514160156
1559188800,88.52481079101562,22.907560348510742
1559275200,87.61524963378906,22.435243606567383
1559534400,88.02867889404297,22.502717971801758
1559620800,90.74081420898438,23.548568725585938
1559707200,91.06331634521484,23.540132522583008
1559793600,91.26174926757812,23.641897201538086
1559880000,90.26123046875,23.345096588134766
1560139200,91.23693084716797,23.80301284790039
1560225600,91.5180892944336,23.947166442871094
1560312000,90.35218048095703,23.701257705688477
1560398400,90.575439453125,23.692773818969727
1560484800,90.80697631835938,23.777570724487305
1560744000,90.31083679199219,23.684295654296875
1560830400,91.54288482666016,24.269407272338867
1560916800,90.88137817382812,24.015010833740234
1561003200,91.11293029785156,23.972610473632812
1561089600,90.4927749633789,23.845407485961914
1561348800,89.8478012084961,23.72669219970703
1561435200,89.10362243652344,23.54013442993164
1561521600,89.69896697998047,23.667341232299805
1561608000,89.99663543701172,23.92173194885254
1561694400,92.44416809082031,24.591638565063477
1561953600,93.99869537353516,24.947797775268555
1562040000,94.09793090820312,24.718839645385742
1562126400,93.94802856445312,24.634042739868164
1562299200,94.50595092773438,24.81212043762207
1562558400,93.98965454101562,24.76123809814453
1562644800,94.3893814086914,24.88843536376953
1562731200,94.11456298828125,24.60860252380371
1562817600,95.01390075683594,24.896915435791016
1562904000,96.01317596435547,24.973236083984375
1563163200,94.84738159179688,24.7781982421875
1563249600,95.8633041381836,24.583162307739258
1563336000,94.92230987548828,24.752758026123047
1563422400,95.48856353759766,24.998680114746094
1563508800,94.54759979248047,24.93083953857422
1563768000,95.15545654296875,25.074995040893555
1563854400,96.8958740234375,25.651622772216797
1563940800,97.28724670410156,26.00777816772461
1564027200,96.35459899902344,25.727943420410156
1564113600,96.77928161621094,26.092586517333984
1564372800,96.47117614746094,25.88058090209961
1564459200,96.25469207763672,26.1943359375
1564545600,96.59609985351562,26.016260147094727
1564632000,94.04798126220703,25.00715446472168
1564718400,94.03960418701172,24.913877487182617
1564977600,91.24166107177734,23.811492919921875
1565064000,91.95780181884766,24.099807739257812
1565150400,89.95927429199219,23.650373458862305
1565236800,91.48316955566406,24.065881729125977
1565323200,91.38322448730469,24.023487091064453
1565582400,89.66781616210938,23.438373565673828
1565668800,91.05014038085938,23.50621795654297
1565755200,87.26958465576172,22.403837203979492
1565841600,87.6026611328125,22.259675979614258
1565928000,89.70112609863281,22.921106338500977
1566187200,90.50888061523438,23.124624252319336
1566273600,89.35969543457031,22.65822982788086
1566360000,89.60952758789062,22.836305618286133
1566446400,90.53385162353516,23.056781768798828
1566532800,88.28549194335938,22.446226119995117
1566792000,88.99333190917969,22.709108352661133
1566878400,88.05233764648438,22.446226119995117
1566964800,88.93502807617188,22.768470764160156
1567051200,90.95022583007812,23.175506591796875
1567137600,91.48316955566406,23.32813835144043
1567483200,90.40064239501953,22.938066482543945
1567569600,91.49149322509766,23.311176300048828
1567656000,93.57330322265625,24.002573013305664
1567742400,93.77316284179688,23.669677734375
1568001600,96.09644317626953,24.437898635864258
1568088000,97.32056427001953,25.052474975585938
1568174400,97.58702087402344,25.1463680267334
1568260800,98.18659973144531,25.325620651245117
1568347200,100.11851501464844,25.752412796020508
1568606400,99.22750854492188,25.71826171875
1568692800,98.73619079589844,25.55607795715332
1568779200,99.72714233398438,25.6072998046875
1568865600,99.41069030761719,25.45365333557129
1568952000,99.01101684570312,25.2573299407959
1569211200,98.99433898925781,25.197586059570312
1569297600,97.70362854003906,24.70250701904297
1569384000,98.26155090332031,24.96711540222168
1569470400,97.45381164550781,24.864686965942383
1569556800,98.02839660644531,25.052474975585938
1569816000,98.00341033935547,24.898834228515625
1569902400,96.22136688232422,24.27572250366211
1569988800,94.30610656738281,23.763578414916992
1570075200,94.17180633544922,23.73797035217285
1570161600,96.21153259277344,24.21596908569336
1570420800,96.00169372558594,24.164756774902344
1570507200,93.8612289428711,23.58432388305664
1570593600,94.5411376953125,23.80625343322754
1570680000,95.86735534667969,24.284257888793945
1570766400,97.4874267578125,24.67690086364746
1571025600,97.74761962890625,24.87322235107422
1571112000,100.69390869140625,25.3768367767334
1571198400,100.45884704589844,25.752412796020508
1571284800,101.02124786376953,25.8292293548584
1571371200,101.19754028320312,25.90605354309082
1571630400,103.70734405517578,26.477951049804688
1571716800,104.7481918334961,26.631595611572266
1571803200,105.02517700195312,26.819377899169922
1571889600,104.94963836669922,26.76816177368164
1571976000,105.78903198242188,27.07545280456543
1572235200,106.19195556640625,27.177881240844727
1572321600,106.12480163574219,27.374204635620117
1572408000,105.5372085571289,26.990097045898438
1572494400,104.85730743408203,26.69134521484375
1572580800,107.2747802734375,27.143739700317383
1572843600,108.13096618652344,27.655885696411133
1572930000,108.365966796875,28.014387130737305
1573016400,108.53388214111328,27.988779067993164
1573102800,109.1214370727539,28.36435317993164
1573189200,109.44039916992188,28.389957427978516
1573448400,109.05427551269531,28.32166862487793
1573534800,108.41634368896484,28.24485206604004
1573621200,107.84553527832031,27.988779067993164
1573707600,107.94628143310547,27.911956787109375
1573794000,108.72692108154297,28.10828399658203
1574053200,109.64183807373047,28.133886337280273
1574139600,109.60826873779297,28.11681365966797
1574226000,108.81085205078125,27.903417587280273
1574312400,109.06266021728516,28.03145408630371
1574398800,109.78453826904297,28.32166862487793
1574658000,110.37213897705078,28.5692138671875
1574744400,110.52323913574219,28.46678352355957
1574830800,110.85057067871094,28.526535034179688
1575003600,110.5987548828125,28.441171646118164
1575262800,110.35533142089844,28.53506851196289
1575349200,108.93677520751953,28.03145408630371
1575435600,111.08561706542969,28.29606819152832
1575522000,111.69000244140625,28.3990535736084
1575608400,113.35195922851562,28.896831512451172
1575867600,112.82317352294922,28.7595157623291
1575954000,112.89871215820312,28.776676177978516
1576040400,112.63008880615234,28.871078491210938
1576126800,115.85340118408203,29.763656616210938
1576213200,114.83773040771484,29.557676315307617
1576472400,115.2825927734375,29.780820846557617
1576558800,115.9876708984375,30.07261848449707
1576645200,115.87020874023438,30.1326961517334
1576731600,115.29100799560547,29.995370864868164
1576818000,115.19864654541016,30.003957748413086
1577077200,115.16512298583984,30.18419647216797
1577163600,115.48405456542969,30.22709846496582
1577336400,116.70958709716797,30.48457145690918
1577422800,116.79348754882812,30.338672637939453
1577682000,116.36543273925781,30.16701889038086
1577768400,117.01175689697266,30.22709846496582
1577941200,118.43033599853516,30.58755874633789
1578027600,116.86747741699219,29.952463150024414
1578286800,116.7745361328125,29.90955352783203
1578373200,114.7893295288086,29.712160110473633
1578459600,115.68479919433594,30.012542724609375
1578546000,116.1071548461914,30.06403350830078
1578632400,114.94982147216797,29.81514549255371
1578891600,115.9044189453125,30.08978271484375
1578978000,117.25607299804688,30.312923431396484
1579064400,115.49894714355469,29.75507354736328
1579150800,115.94669342041016,29.797983169555664
1579237200,116.74919128417969,29.789403915405273
1579582800,115.60030364990234,29.40319061279297
1579669200,115.46511840820312,29.48902130126953
1579755600,115.34687042236328,29.28304100036621
1579842000,112.48304748535156,28.78526496887207
1580101200,111.53688049316406,28.193082809448242
1580187600,113.56439208984375,28.527790069580078
1580274000,113.39542388916016,28.330394744873047
1580360400,114.79774475097656,28.7337703704834
1580446800,111.815673828125,28.175912857055664
1580706000,112.66890716552734,28.296070098876953
1580792400,114.29086303710938,28.85392189025879
1580878800,116.23392486572266,29.789403915405273
1580965200,116.25080871582031,29.75507354736328
1581051600,115.87905883789062,29.703575134277344
1581310800,116.36061096191406,29.772226333618164
1581397200,116.58023071289062,29.840892791748047
1581483600,116.58023071289062,29.969623565673828
1581570000,116.47889709472656,29.96104621887207
1581656400,116.12408447265625,29.90955352783203
1582002000,114.58654022216797,29.41177749633789
1582088400,116.14940643310547,29.797983169555664
1582174800,116.14940643310547,29.90955352783203
1582261200,114.73015594482422,29.48902130126953
1582520400,111.6467056274414,28.090091705322266
1582606800,106.66248321533203,26.673999786376953
1582693200,106.98351287841797,26.287792205810547
1582779600,102.53148651123047,25.000436782836914
1582866000,98.08792114257812,24.459747314453125
1583125200,102.658203125,25.206417083740234
1583211600,98.80597686767578,23.816072463989258
1583298000,101.24742889404297,24.365341186523438
1583384400,96.28006744384766,23.130231857299805
1583470800,91.30431365966797,22.206058502197266
1583726400,78.93666076660156,18.94122886657715
1583812800,85.0698013305664,20.392261505126953
1583899200,81.06550598144531,19.580371856689453
1583985600,74.38326263427734,17.714750289916992
1584072000,87.78155517578125,20.867305755615234
1584331200,74.6451416015625,17.654294967651367
1584417600,79.20698547363281,18.984407424926758
1584504000,70.86895751953125,17.95659065246582
1584590400,72.06011199951172,18.310712814331055
1584676800,70.53950500488281,16.989234924316406
1584936000,66.76334381103516,15.615931510925293
1585022400,74.70429992675781,18.16388511657715
1585108800,77.49208068847656,18.224342346191406
1585195200,82.89025115966797,19.623558044433594
1585281600,76.98521423339844,18.656200408935547
1585540800,78.98735046386719,19.036230087280273
1585627200,76.05591583251953,18.336626052856445
1585713600,71.2660140991211,17.075603485107422
1585800000,73.92709350585938,17.76657485961914
1585886400,71.741943359375,17.300172805786133
1586145600,76.3597183227539,18.474817276000977
1586232000,77.36695098876953,19.122600555419922
1586318400,80.49098205566406,20.254070281982422
1586404800,87.71212005615234,21.471906661987305
1586750400,83.81134796142578,20.66001319885254
1586836800,81.51526641845703,20.495901107788086
1586923200,77.4949722290039,19.16579246520996
1587009600,74.54165649414062,18.500732421875
1587096000,81.24211883544922,20.107240676879883
1587355200,78.28025817871094,19.433544158935547
1587441600,76.00978088378906,18.690750122070312
1587528000,76.25730895996094,18.828941345214844
1587614400,76.29999542236328,18.889404296875
1587700800,77.42668151855469,19.157154083251953
1587960000,80.76412963867188,20.27134132385254
1588046400,81.33602142333984,20.634103775024414
1588132800,83.52967071533203,21.402807235717773
1588219200,81.73719787597656,20.772294998168945
1588305600,79.59473419189453,19.934492111206055
1588564800,78.64727783203125,19.80493927001953
1588651200,78.52778625488281,19.571733474731445
1588737600,77.05111694335938,19.303987503051758
1588824000,77.85346984863281,19.727205276489258
1588910400,79.12530517578125,20.357715606689453
1589169600,76.7950439453125,19.502639770507812
1589256000,74.28557586669922,18.889404296875
1589342400,71.72488403320312,18.025691986083984
1589428800,74.70382690429688,18.75120735168457
1589515200,73.32105255126953,18.518003463745117
1589774400,77.20475769042969,19.80493927001953
1589860800,75.68541717529297,19.18306541442871
1589947200,77.9559097290039,19.787662506103516
1590033600,76.96578216552734,19.779027938842773
1590120000,76.36825561523438,19.571733474731445
1590465600,81.78841400146484,20.970951080322266
1590552000,86.5256576538086,22.43926429748535
1590638400,85.23681640625,21.471906661987305
1590724800,83.06021881103516,20.8327579498291
1590984000,84.16132354736328,21.255979537963867
1591070400,84.44298553466797,21.454627990722656
1591156800,89.00098419189453,22.447898864746094
1591243200,90.85322570800781,23.291545867919922
1591329600,94.94178771972656,24.448293685913086
1591588800,96.83670806884766,24.822282791137695
1591675200,94.35283660888672,24.54396629333496
1591761600,90.52888488769531,23.134992599487305
1591848000,82.97483825683594,20.812793731689453
1591934400,85.2453384399414,21.552074432373047
1592193600,86.42324829101562,21.873872756958008
1592280000,87.1146240234375,22.4392032623291
1592366400,84.91242980957031,21.743412017822266
1592452800,84.4515151977539,21.77820587158203
1592539200,83.48698425292969,21.96084213256836
1592798400,82.58222198486328,21.412912368774414
1592884800,83.58941650390625,21.560766220092773
1592971200,80.79826354980469,20.70842742919922
1593057600,83.61502075195312,21.499887466430664
1593144000,79.03138732910156,20.134403228759766
1593403200,79.38135528564453,20.3431339263916
1593489600,80.2861328125,20.656246185302734
1593576000,79.6032943725586,20.230072021484375
1593662400,79.86186218261719,20.256162643432617
1594008000,81.87864685058594,20.57796859741211
1594094400,79.56880950927734,20.012636184692383
1594180800,80.4134521484375,20.090913772583008
1594267200,78.67243957519531,19.80390167236328
1594353600,82.97323608398438,20.89107322692871
1594612800,84.16262817382812,21.038925170898438
1594699200,84.645263671875,20.995437622070312
1594785600,85.95533752441406,21.395523071289062
1594872000,86.19666290283203,20.812793731689453
1594958400,84.60218811035156,20.195280075073242
1595217600,83.86095428466797,20.508386611938477
1595304000,85.6795425415039,21.238967895507812
1595390400,85.05899047851562,21.143293380737305
1595476800,85.30894470214844,21.343338012695312
1595563200,84.70561981201172,21.17808723449707
1595822400,83.51622009277344,20.995437622070312
1595908800,83.87820434570312,21.186777114868164
1595995200,85.91226196289062,21.978242874145508
1596081600,83.61964416503906,21.60425567626953
1596168000,83.2921142578125,21.6390438079834
1596427200,82.82670593261719,21.73471450805664
1596513600,82.3526840209961,21.752111434936523
1596600000,83.78338623046875,22.082609176635742
1596686400,83.80925750732422,22.152196884155273
1596772800,85.65367889404297,22.70882225036621
1597032000,86.73963928222656,23.100204467773438
1597118400,89.48043823242188,23.413311004638672
1597204800,88.72198486328125,23.24806022644043
1597291200,88.2306900024414,22.917556762695312
1597377600,88.26517486572266,23.021923065185547
1597636800,85.93809509277344,22.52617645263672
1597723200,84.7400894165039,22.204376220703125
1597809600,84.9383316040039,22.17828369140625
1597896000,83.92131805419922,21.830392837524414
1597982400,83.87820434570312,21.72602081298828
1598241600,86.23976135253906,22.343534469604492
1598328000,86.61900329589844,22.613147735595703
1598414400,85.40373229980469,22.230466842651367
1598500800,88.21347045898438,22.65663719177246
1598587200,88.5754623413086,22.874069213867188
1598846400,86.35179138183594,22.387020111083984
1598932800,86.3087158203125,22.360923767089844
1599019200,87.61016845703125,22.630544662475586
1599105600,87.33434295654297,22.472904205322266
1599192000,89.22186279296875,23.24360466003418
1599537600,86.11910247802734,22.31525993347168
1599624000,86.9378890991211,22.34153175354004
1599710400,86.04155731201172,22.017486572265625
1599796800,87.11026000976562,22.332778930664062
1600056000,88.31690216064453,22.55172348022461
1600142400,85.5674819946289,22.140100479125977
1600228800,85.92947387695312,22.42035484313965
1600315200,84.94693756103516,22.201406478881836
1600401600,84.7659683227539,22.078794479370117
1600660800,82.14582061767578,21.43070411682129
1600747200,81.24947357177734,20.966537475585938
1600833600,79.93079376220703,20.370990753173828
1600920000,79.86186218261719,20.441057205200195
1601006400,80.55997467041016,20.57242774963379
1601265600,82.87843322753906,21.097902297973633
1601352000,82.18030548095703,20.817649841308594
1601438400,82.97323608398438,21.097902297973633
1601524800,83.5765609741211,21.106657028198242
1601611200,84.36946868896484,21.203001022338867
1601870400,86.1527328491211,21.562074661254883
1601956800,85.26545715332031,21.343124389648438
1602043200,86.75296020507812,21.789785385131836
1602129600,88.53620910644531,22.10506820678711
1602216000,88.03166961669922,22.210159301757812
1602475200,89.11033630371094,22.490415573120117
1602561600,87.66632080078125,21.851091384887695
1602648000,87.17918395996094,20.686281204223633
1602734400,88.48401641845703,21.15045166015625
1602820800,88.30133819580078,21.22927474975586
1603080000,86.81383514404297,20.773855209350586
1603166400,87.3096694946289,21.14168930053711
1603252800,86.4397964477539,21.0628719329834
1603339200,89.4930648803711,21.781023025512695
1603425600,90.30204010009766,21.80729866027832
1603684800,88.06645202636719,21.492015838623047
1603771200,86.40499877929688,20.887714385986328
1603857600,83.97804260253906,20.554906845092773
1603944000,84.52605438232422,20.6162166595459
1604030400,85.28285217285156,20.756345748901367
1604293200,87.20527648925781,21.089141845703125
1604379600,89.9541015625,21.62337875366211
1604466000,87.20527648925781,20.73882484436035
1604552400,90.77178192138672,21.553319931030273
1604638800,89.56266021728516,21.29057502746582
1604898000,101.68875122070312,24.312074661254883
1604984400,101.35818481445312,24.224491119384766
1605070800,99.84461212158203,23.944236755371094
1605157200,98.61808013916016,23.374967575073242
1605243600,99.2357177734375,23.646469116210938
1605502800,102.03669738769531,24.154430389404297
1605589200,101.00154113769531,24.128156661987305
1605675600,100.25344848632812,23.628950119018555
1605762000,100.52313232421875,23.628950119018555
1605848400,99.66192626953125,23.480066299438477
1606107600,102.53253173828125,23.9880313873291
1606194000,107.27338409423828,25.38054084777832
1606280400,106.1512222290039,25.424333572387695
1606453200,105.4466323852539,25.389297485351562
1606712400,102.54124450683594,24.662391662597656
1606798800,104.1592025756836,25.126558303833008
1606885200,106.1599349975586,25.450603485107422
1606971600,105.4640121459961,25.47704315185547
1607058000,106.42089080810547,25.811922073364258
1607317200,106.0207748413086,25.635663986206055
1607403600,106.1251449584961,25.494665145874023
1607490000,105.29875946044922,25.380102157592773
1607576400,104.62025451660156,25.65329360961914
1607662800,104.00263214111328,25.177413940429688
1607922000,102.90657806396484,24.868980407714844
1608008400,104.66373443603516,25.239107131958008
1608094800,104.96820068359375,25.30959701538086
1608181200,104.09832000732422,25.40654182434082
1608267600,103.58507537841797,25.265546798706055
1608526800,107.47344207763672,26.20848274230957
1608613200,105.83807373046875,25.74141502380371
1608699600,108.79564666748047,26.481672286987305
1608786000,108.31722259521484,26.402360916137695
1609131600,109.03052520751953,26.552175521850586
1609218000,108.74346160888672,26.446422576904297
1609304400,109.04793548583984,26.419981002807617
1609390800,110.53540802001953,26.710796356201172
1609736400,109.49156951904297,26.464046478271484
1609822800,110.08734893798828,26.666736602783203
1609909200,115.2565689086914,28.33230972290039
1609995600,119.0415267944336,28.95799446105957
1610082000,119.17292022705078,28.667179107666016
1610341200,120.95148468017578,29.143056869506836
1610427600,122.8527603149414,29.663000106811523
1610514000,122.96660614013672,29.486745834350586
1610600400,123.68505859375,29.953811645507812
1610686800,121.46842193603516,29.090179443359375
1611032400,120.9427490234375,28.878684997558594
1611118800,119.129150390625,28.499740600585938
1611205200,118.13031768798828,27.9974308013916
1611291600,117.21913146972656,27.803550720214844
1611550800,115.75595092773438,27.45985984802246
1611637200,115.28289794921875,27.265989303588867
1611723600,112.02361297607422,26.287797927856445
1611810000,113.99492645263672,26.7196102142334
1611896400,112.73328399658203,26.129173278808594
1612155600,113.56563568115234,26.402360916137695
1612242000,117.06141662597656,27.34529685974121
1612328400,118.40191650390625,27.829992294311523
1612414800,121.12673950195312,28.6407413482666
1612501200,120.89019775390625,28.52617835998535
1612760400,122.78266906738281,29.160682678222656
1612846800,122.29199981689453,29.037303924560547
1612933200,122.36210632324219,29.06374740600586
1613019600,122.02037811279297,28.975618362426758
1613106000,123.7552261352539,29.407432556152344
1613451600,126.73403930664062,30.2005615234375
1613538000,127.12830352783203,30.323936462402344
1613624400,127.55764770507812,30.13005828857422
1613710800,129.6866455078125,30.43850326538086
1613970000,130.904541015625,30.976064682006836
1614056400,131.95582580566406,31.302127838134766
1614142800,134.27764892578125,32.06001663208008
1614229200,132.4552764892578,31.663436889648438
1614315600,128.9419708251953,30.588314056396484
1614574800,131.85948181152344,31.54006576538086
1614661200,131.43017578125,31.310937881469727
1614747600,133.9709930419922,32.095252990722656
1614834000,131.9120635986328,32.32552719116211
1614920400,132.21871948242188,32.70634078979492
1615179600,133.9709930419922,32.88346862792969
1615266000,133.02474975585938,32.166107177734375
1615352400,135.916015625,33.09601974487305
1615438800,135.2063446044922,32.98088836669922
1615525200,136.80972290039062,33.6008186340332
1615780800,136.1262969970703,33.432559967041016
1615867200,134.49664306640625,33.33513641357422
1615953600,135.8809814453125,33.60969161987305
1616040000,138.1239013671875,34.48645782470703
1616126400,135.92478942871094,34.12335205078125
1616385600,132.27127075195312,33.35285568237305
1616472000,130.94830322265625,32.67977523803711
1616558400,131.96463012695312,32.67977523803711
1616644800,133.65560913085938,33.35285568237305
1616731200,135.8809814453125,34.256187438964844
1616990400,133.76947021484375,33.92851257324219
1617076800,135.34654235839844,34.53074264526367
1617163200,133.375244140625,34.265045166015625
1617249600,134.67193603515625,34.97356033325195
1617595200,135.3857879638672,35.24810791015625
1617681600,134.43397521972656,35.15068054199219
1617768000,136.54026794433594,35.469520568847656
1617854400,136.70773315429688,35.1595458984375
1617940800,137.73001098632812,35.41637420654297
1618200000,137.43922424316406,35.478370666503906
1618286400,135.79998779296875,34.822994232177734
1618372800,133.2618408203125,35.31895446777344
1618459200,134.10787963867188,34.30934143066406
1618545600,135.103759765625,34.67243957519531
1618804800,134.53086853027344,34.690162658691406
1618891200,131.5520782470703,33.724815368652344
1618977600,132.67132568359375,34.291622161865234
1619064000,129.87759399414062,33.97279739379883
1619150400,132.36285400390625,34.699012756347656
1619409600,132.68896484375,34.9027099609375
1619496000,133.29713439941406,35.31895446777344
1619582400,134.16075134277344,35.45180130004883
1619668800,136.7694091796875,36.40827560424805
1619755200,135.55319213867188,35.89461135864258
1620014400,135.15664672851562,35.921180725097656
1620100800,137.02500915527344,36.31085968017578
1620187200,138.8228302001953,36.656253814697266
1620273600,141.6165771484375,37.205345153808594
1620360000,142.101318359375,37.35590362548828
1620619200,142.08364868164062,37.24077606201172
1620705600,139.7217559814453,36.8156623840332
1620792000,138.76113891601562,36.47027587890625
1620878400,142.33042907714844,37.05479049682617
1620964800,144.54251098632812,37.51531982421875
1621224000,145.1241455078125,37.85186004638672
1621310400,143.0795440673828,37.33818817138672
1621396800,141.98670959472656,37.169921875
1621483200,141.73997497558594,37.081356048583984
1621569600,143.35276794433594,37.55074691772461
1621828800,144.1282958984375,37.75444412231445
1621915200,142.6388702392578,37.205345153808594
1622001600,142.6212921142578,37.231910705566406
1622088000,144.84214782714844,37.68357849121094
1622174400,144.7451934814453,37.5418815612793
1622520000,146.34039306640625,38.01126480102539
1622606400,146.34915161132812,38.02898025512695
1622692800,146.4461212158203,38.46477127075195
1622779200,146.68408203125,38.4825553894043
1623038400,145.9966278076172,38.34914779663086
1623124800,145.4149932861328,38.13570022583008
1623211200,143.5995330810547,37.63766098022461
1623297600,141.36102294921875,37.077369689941406
1623384000,141.26405334472656,37.22856140136719
1623643200,138.86691284179688,36.78387451171875
1623729600,136.7605743408203,36.8105583190918
1623816000,137.72125244140625,37.015113830566406
1623902400,133.7465362548828,35.39647674560547
1623988800,130.3623504638672,34.48933410644531
1624248000,132.57437133789062,35.35200881958008
1624334400,132.3805389404297,35.54766082763672
1624420800,133.18247985839844,35.75222396850586
1624507200,134.4075164794922,36.31252670288086
1624593600,135.76473999023438,37.015113830566406
1624852800,136.0115203857422,36.96175765991211
1624939200,135.84400939941406,36.36587905883789
1625025600,137.0778350830078,36.66825485229492
1625112000,138.4351043701172,36.943965911865234
1625198400,138.30213928222656,36.59711456298828
1625544000,135.9798126220703,35.63660430908203
1625630400,136.1393280029297,35.35200881958008
1625716800,133.79043579101562,34.48933410644531
1625803200,138.0716552734375,35.60993194580078
1626062400,140.0482940673828,36.1346435546875
1626148800,137.9652862548828,35.449851989746094
1626235200,137.4955291748047,34.560482025146484
1626321600,137.79685974121094,34.53380584716797
1626408000,134.65020751953125,33.724483489990234
1626667200,130.271484375,32.84401321411133
1626753600,132.7001953125,33.51993179321289
1626840000,135.49227905273438,34.204734802246094
1626926400,133.78155517578125,33.760066986083984
1627012800,133.5245361328125,33.52882766723633
1627272000,134.41978454589844,33.911251068115234
1627358400,134.24246215820312,33.7778434753418
1627444800,134.46409606933594,33.911251068115234
1627531200,135.6163787841797,34.400394439697266
1627617600,134.53497314453125,34.11579895019531
1627876800,133.99429321289062,33.760066986083984
1627963200,135.5188751220703,34.2847900390625
1628049600,134.0563507080078,34.035762786865234
1628136000,135.74937438964844,34.70278549194336
1628222400,139.60507202148438,35.707763671875
1628481600,139.45443725585938,36.170223236083984
1628568000,141.16514587402344,36.846134185791016
1628654400,142.8492431640625,37.308597564697266
1628740800,143.40765380859375,37.48646926879883
1628827200,141.80331420898438,37.024009704589844
1629086400,140.87261962890625,36.72162628173828
1629172800,139.1707763671875,36.54376220703125
1629259200,137.90322875976562,36.27695083618164
1629345600,136.75096130371094,35.74332809448242
1629432000,137.14096069335938,35.903411865234375
1629691200,138.89601135253906,36.383663177490234
1629777600,139.75576782226562,36.8906135559082
1629864000,142.636474609375,37.48646926879883
1629950400,143.37222290039062,37.38864517211914
1630036800,144.5245361328125,37.78885269165039
1630296000,142.21104431152344,37.050689697265625
1630382400,141.7767333984375,37.130733489990234
1630468800,141.57289123535156,36.6326904296875
1630555200,142.22879028320312,36.66844940185547
1630641600,141.36898803710938,36.695255279541016
1630987200,141.1208038330078,36.93662643432617
1631073600,140.4915008544922,36.45391082763672
1631160000,141.10308837890625,36.58799362182617
1631246400,139.48098754882812,35.998008728027344
1631505600,141.6969757080078,36.59693145751953
1631592000,139.2239532470703,35.6136360168457
1631678400,140.19009399414062,35.881797790527344
1631764800,140.1280517578125,36.15892028808594
1631851200,139.7646484375,36.20361328125
1632110400,135.5808868408203,34.961063385009766
1632196800,135.5986328125,34.97894287109375
1632283200,138.1957550048828,35.881797790527344
1632369600,142.86695861816406,37.26737594604492
1632456000,144.5156707763672,37.66963195800781
1632715200,148.00799560546875,38.67081832885742
1632801600,147.2102508544922,38.581424713134766
1632888000,147.0950164794922,38.500972747802734
1632974400,145.09176635742188,37.946754455566406
1633060800,148.1409454345703,38.509910583496094
1633320000,147.98143005371094,38.742332458496094
1633406400,150.39797973632812,39.52898406982422
1633492800,150.71897888183594,39.54685974121094
1633579200,151.6731414794922,39.4395866394043
1633665600,151.78904724121094,39.636253356933594
1633924800,148.59669494628906,39.13565444946289
1634011200,147.4552459716797,38.92110824584961
1634097600,143.56736755371094,38.56354522705078
1634184000,145.76991271972656,40.2888069152832
1634270400,148.56993103027344,41.45090103149414
1634529600,148.51644897460938,41.37044906616211
1634616000,150.31771850585938,41.549224853515625
1634702400,152.34190368652344,42.09450912475586
1634788800,151.14700317382812,41.86211013793945
1634875200,153.18016052246094,42.52360153198242
1635134400,152.43112182617188,42.46995544433594
1635220800,152.84127807617188,42.87222671508789
1635307200,149.65786743164062,42.04982376098633
1635393600,151.91390991210938,42.71131134033203
1635480000,151.49476623535156,42.71131134033203
1635739200,151.41455078125,42.773895263671875
1635825600,152.011962890625,42.80071258544922
1635912000,152.0654754638672,43.238739013671875
1635998400,150.06800842285156,42.30905532836914
1636084800,149.85403442382812,41.987247467041016
1636347600,150.754638671875,42.31800079345703
1636434000,149.61322021484375,41.906795501708984
1636520400,149.47059631347656,42.219661712646484
1636606800,149.461669921875,42.45209503173828
1636693200,148.79286193847656,41.93362045288086
1636952400,148.5253448486328,42.05876159667969
1637038800,147.4552459716797,42.085575103759766
1637125200,146.66163635253906,41.57604217529297
1637211600,145.39540100097656,41.40620040893555
1637298000,143.49603271484375,40.58380126953125
1637557200,146.55465698242188,41.37044906616211
1637643600,150.0591278076172,42.46101760864258
1637730000,148.8820343017578,42.57722854614258
1637902800,144.3966522216797,40.90560531616211
1638162000,143.77249145507812,40.75364303588867
1638248400,141.63233947753906,39.75246810913086
1638334800,140.7941131591797,39.18928909301758
1638421200,143.75462341308594,40.321044921875
1638507600,141.1508026123047,39.40485763549805
1638766800,142.81832885742188,39.6563606262207
1638853200,144.96739196777344,40.159358978271484
1638939600,143.30880737304688,39.66535186767578
1639026000,143.0858612060547,39.96176528930664
1639112400,142.51512145996094,39.988704681396484
1639371600,140.82086181640625,39.14438247680664
1639458000,141.89984130859375,39.638397216796875
1639544400,140.8387451171875,39.467742919921875
1639630800,143.041259765625,40.41984939575195
1639717200,139.7864532470703,39.41385269165039
1639976400,137.2718048095703,38.767127990722656
1640062800,139.18898010253906,39.69229507446289
1640149200,139.7329559326172,39.77313232421875
1640235600,140.23231506347656,39.898887634277344
1640581200,141.03488159179688,40.09648895263672
1640667600,141.462890625,40.15038299560547
1640754000,141.3915557861328,40.08750915527344
1640840400,141.32022094726562,39.9976921081543
1640926800,141.20433044433594,39.96176528930664
1641186000,144.19158935546875,41.47975158691406
1641272400,149.65786743164062,43.10552978515625
1641358800,146.9217987060547,42.377967834472656
1641445200,148.48268127441406,43.23127365112305
1641531600,149.95387268066406,44.17440414428711
1641790800,150.09739685058594,43.949851989746094
1641877200,150.2499237060547,44.201351165771484
1641963600,151.10211181640625,43.88697052001953
1642050000,150.9137420654297,43.79715347290039
1642136400,141.63804626464844,43.03365707397461
1642482000,135.69944763183594,41.55160140991211
1642568400,133.6002960205078,41.713287353515625
1642654800,132.46104431152344,41.0935173034668
1642741200,130.14662170410156,40.34798049926758
1643000400,130.02996826171875,40.01565170288086
1643086800,131.44735717773438,40.80609130859375
1643173200,132.69432067871094,41.22825241088867
1643259600,130.35292053222656,40.84201431274414
1643346000,131.51913452148438,41.2012939453125
1643605200,133.30429077148438,41.443817138671875
1643691600,135.59181213378906,42.16239547729492
1643778000,134.50636291503906,42.11748504638672
1643864400,133.3939971923828,41.70429611206055
1643950800,136.85667419433594,43.366004943847656
1644210000,137.314208984375,43.57260513305664
1644296400,139.8977508544922,44.35404968261719
1644382800,140.48085021972656,44.26422882080078
1644469200,139.8977508544922,44.05763626098633
1644555600,138.07669067382812,43.042640686035156
1644814800,136.79388427734375,42.593536376953125
1644901200,138.79434204101562,42.92587661743164
1644987600,139.04554748535156,42.82707214355469
1645074000,135.84298706054688,41.380943298339844
1645160400,136.4799041748047,41.282142639160156
1645506000,136.23768615722656,40.922855377197266
1645592400,133.38504028320312,40.22224426269531
1645678800,129.67115783691406,39.16233825683594
1645765200,132.7391357421875,40.437808990478516
1646024400,127.20423889160156,39.70127868652344
1646110800,122.40491485595703,38.147361755371094
1646197200,124.94363403320312,38.767127990722656
1646283600,124.05553436279297,38.351924896240234
1646370000,120.56593322753906,36.961910247802734
1646629200,115.91015625,34.60608673095703
1646715600,115.09381866455078,34.83174133300781
1646802000,119.70474243164062,37.04314422607422
1646888400,118.2873764038086,36.709171295166016
1646974800,115.62308502197266,36.402286529541016
1647230400,116.77131652832031,37.18756103515625
1647316800,118.84355926513672,37.458335876464844
1647403200,124.15420532226562,38.63172912597656
1647489600,125.72406768798828,38.83934020996094
1647576000,125.67921447753906,38.72199249267578
1647835200,125.27550506591797,38.6678352355957
1647921600,127.93983459472656,39.87733459472656
1648008000,125.39215087890625,38.89349365234375
1648094400,126.20848083496094,38.87543869018555
1648180800,127.3118896484375,39.471168518066406
1648440000,126.36994171142578,39.30869674682617
1648526400,126.6480484008789,39.20940017700195
1648612800,126.07388305664062,38.812259674072266
1648699200,122.28829193115234,37.20561218261719
1648785600,121.38227844238281,36.91677474975586
1649044800,121.92050170898438,36.85359573364258
1649131200,120.50164794921875,36.23079299926758
1649217600,118.82978057861328,35.83363723754883
1649304000,118.46829986572266,35.5538330078125
1649390400,120.6372299194336,35.806556701660156
1649649600,120.19441223144531,35.734352111816406
1649736000,118.87495422363281,35.355255126953125
1649822400,115.04322052001953,35.039337158203125
1649908800,113.97683715820312,33.91108322143555
1650254400,116.09152221679688,35.06642150878906
1650340800,118.49542236328125,35.7162971496582
1650427200,118.9111328125,35.79753494262695
1650513600,117.98934173583984,35.120582580566406
1650600000,114.60040283203125,33.90205001831055
1650859200,114.56424713134766,33.65834045410156
1650945600,111.17529296875,32.90015411376953
1651032000,109.72933959960938,32.71963882446289
1651118400,111.46449279785156,33.22509002685547
1651204800,107.86767578125,32.205142974853516
1651464000,108.85274505615234,32.62035369873047
1651550400,111.18434143066406,33.51393508911133
1651636800,114.86245727539062,34.85882568359375
1651723200,111.98866271972656,33.884002685546875
1651809600,111.80791473388672,33.80276107788086
1652068800,110.12698364257812,32.827945709228516
1652155200,107.44295501708984,32.27735900878906
1652241600,106.7651596069336,32.105857849121094
1652328000,106.6748046875,31.654552459716797
1652414400,107.62368774414062,31.74481773376465
1652673600,106.87361907958984,31.41988182067871
1652760000,110.41618347167969,32.48495864868164
1652846400,108.52742004394531,31.483057022094727
1652932800,106.91878509521484,31.09493637084961
1653019200,106.04216766357422,30.5623836517334
1653278400,112.60316467285156,32.376644134521484
1653364800,114.19371795654297,32.178062438964844
1653451200,114.9889907836914,32.34956359863281
1653537600,116.97718811035156,33.09872817993164
1653624000,118.63099670410156,33.41464614868164
1653969600,119.49851989746094,33.577110290527344
1654056000,117.40191650390625,33.09872817993164
1654142400,119.29066467285156,33.31660842895508
1654228800,117.62785339355469,32.85361862182617
1654488000,117.23924255371094,32.81730651855469
1654574400,117.5465087890625,32.998870849609375
1654660800,115.67581176757812,32.58128356933594
1654747200,113.24479675292969,31.32850456237793
1654833600,108.03941345214844,30.112035751342773
1655092800,104.8221664428711,29.068058013916016
1655179200,103.07799530029297,28.55967903137207
1655265600,104.29801940917969,29.095293045043945
1655352000,102.50865936279297,28.913728713989258
1655438400,102.14716339111328,28.977275848388672
1655784000,104.67759704589844,29.8215389251709
1655870400,104.09016418457031,29.594587326049805
1655956800,102.95147705078125,29.122528076171875
1656043200,106.02411651611328,29.331323623657227
1656302400,105.17462158203125,29.367633819580078
1656388800,104.66854095458984,29.285930633544922
1656475200,104.1986083984375,28.922807693481445
1656561600,101.76761627197266,28.260103225708008
1656648000,103.06895446777344,28.65046501159668
1656993600,102.67693328857422,28.359966278076172
1657080000,102.0113754272461,28.12393569946289
1657166400,104.59151458740234,28.922807693481445
1657252800,104.26329040527344,28.859264373779297
1657512000,102.89573669433594,28.55967903137207
1657598400,102.99602508544922,28.468900680541992
1657684800,102.02961730957031,27.996837615966797
1657771200,98.46480560302734,27.352296829223633
1657857600,102.977783203125,29.276853561401367
1658116800,101.92019653320312,29.285930633544922
1658203200,104.44564056396484,30.275442123413086
1658289600,104.42741394042969,30.28452491760254
1658376000,105.1385498046875,30.547786712646484
1658462400,104.62798309326172,30.348073959350586
1658721600,105.04737091064453,30.62041664123535
1658808000,103.40628051757812,30.00310516357422
1658894400,105.06560516357422,30.493324279785156
1658980800,104.67355346679688,30.248210906982422
1659067200,105.1750259399414,30.693035125732422
1659326400,104.12654113769531,30.60225486755371
1659412800,102.50370788574219,29.99403190612793
1659499200,103.57951354980469,30.538707733154297
1659585600,102.43988037109375,30.320838928222656
1659672000,105.53968811035156,30.82921028137207
1659931200,104.2541732788086,30.402536392211914
1660017600,105.19324493408203,30.792892456054688
1660104000,107.9375,31.836875915527344
1660190400,109.53300476074219,32.59943389892578
1660276800,111.3472900390625,32.953487396240234
1660536000,111.6481704711914,32.90809631347656
1660622400,112.71485137939453,33.26213836669922
1660708800,111.76667022705078,33.05333709716797
1660795200,110.90055847167969,32.935325622558594
1660881600,108.15631866455078,32.209075927734375
1661140800,106.36935424804688,31.51914405822754
1661227200,105.32087707519531,31.23772430419922
1661313600,105.57617950439453,31.33757972717285
1661400000,108.0833740234375,31.900423049926758
1661486400,104.54593658447266,30.89275360107422
1661745600,104.29066467285156,30.77474594116211
1661832000,104.30889129638672,30.947221755981445
1661918400,103.68892669677734,30.511476516723633
1662004800,104.40007019042969,30.584575653076172
1662091200,103.67068481445312,30.548030853271484
1662436800,103.69803619384766,30.209924697875977
1662523200,105.6673355102539,30.675952911376953
1662609600,108.12895965576172,31.6628475189209
1662696000,108.64863586425781,31.92784309387207
1662955200,109.93415069580078,32.229400634765625
1663041600,106.11407470703125,31.06888198852539
1663128000,105.86791229248047,30.950096130371094
1663214400,107.46342468261719,31.5349178314209
1663300800,106.7431640625,31.17854118347168
1663560000,107.7278060913086,31.699399948120117
1663646400,105.60352325439453,31.224231719970703
1663732800,102.55839538574219,30.292165756225586
1663819200,101.39142608642578,29.69820213317871
1663905600,99.504150390625,28.994579315185547
1664164800,97.36164093017578,28.35492706298828
1664251200,96.50462341308594,27.934581756591797
1664337600,98.45569610595703,28.391477584838867
1664424000,96.78726959228516,28.016822814941406
1664510400,95.2738265991211,27.59648323059082
1664769600,98.21865844726562,28.409753799438477
1664856000,102.81367492675781,29.588550567626953
1664942400,101.54424285888672,29.168201446533203
1665028800,99.47455596923828,28.747854232788086
1665115200,97.48763275146484,28.09906578063965
1665374400,96.57697296142578,28.016822814941406
1665460800,93.78976440429688,27.20355224609375
1665547200,95.30757141113281,27.28579330444336
1665633600,100.60598754882812,28.958030700683594
1665720000,102.28015899658203,28.96717071533203
1665979200,106.5759506225586,30.721649169921875
1666065600,109.31714630126953,31.873014450073242
1666152000,107.17385864257812,30.99578285217285
1666238400,106.82429504394531,30.794750213623047
1666324800,112.43550109863281,31.936986923217773
1666584000,112.573486328125,32.0466423034668
1666670400,112.86784362792969,32.33905029296875
1666756800,114.16486358642578,32.62232971191406
1666843200,114.61559295654297,32.77766799926758
1666929600,115.97698974609375,33.06094741821289
1667188800,115.79301452636719,32.933021545410156
1667275200,117.8811264038086,33.079227447509766
1667361600,116.79566955566406,32.97870635986328
1667448000,117.00724792480469,32.79595184326172
1667534400,120.2083969116211,33.61836242675781
1667797200,120.84308624267578,33.819400787353516
1667883600,120.91667938232422,33.91077423095703
1667970000,119.34373474121094,33.37164306640625
1668056400,124.25578308105469,34.84284210205078
1668142800,124.45817565917969,35.09870529174805
1668402000,123.17957305908203,34.504737854003906
1668488400,122.28730773925781,34.449913024902344
1668574800,122.45285034179688,34.13922882080078
1668661200,121.91932678222656,33.965599060058594
1668747600,123.11515045166016,33.9838752746582
1669006800,122.38849639892578,34.093528747558594
1669093200,124.218994140625,34.25801467895508
1669179600,125.54363250732422,34.367679595947266
1669352400,125.7828140258789,34.449913024902344
1669611600,123.58433532714844,33.682334899902344
1669698000,125.61720275878906,33.810264587402344
1669784400,127.10740661621094,34.58697509765625
1669870800,125.32286071777344,33.59431457519531
1669957200,124.32940673828125,33.16233444213867
1670216400,120.84308624267578,31.682518005371094
1670302800,121.04547882080078,30.33139419555664
1670389200,120.96268463134766,30.09242057800293
1670475600,122.23211669921875,29.816679000854492
1670562000,121.5698013305664,29.761537551879883
1670821200,123.45555114746094,30.08323097229004
1670907600,123.3359375,30.101612091064453
1670994000,122.71963500976562,29.669618606567383
1671080400,119.67488098144531,29.20085906982422
1671166800,118.92977905273438,29.136524200439453
1671426000,119.63806915283203,29.467411041259766
1671512400,120.21760559082031,29.586896896362305
1671598800,121.5698013305664,30.037273406982422
1671685200,120.19001770019531,29.770723342895508
1671771600,120.76030731201172,29.844255447387695
1672117200,121.18347930908203,29.89940071105957
1672203600,121.84574127197266,30.119997024536133
1672290000,122.54486846923828,30.4600772857666
1672376400,123.35433197021484,30.441694259643555
1672722000,124.29259490966797,30.800155639648438
1672808400,125.45162963867188,31.37920379638672
1672894800,125.4238510131836,31.314865112304688
1672981200,127.82390594482422,31.627376556396484
1673240400,127.2956771850586,31.149431228637695
1673326800,128.4355010986328,31.360822677612305
1673413200,129.38995361328125,31.59979248046875
1673499600,129.26023864746094,31.682518005371094
1673586000,132.5220489501953,32.38106155395508
1673931600,130.4741668701172,31.728473663330078
1674018000,126.55438232421875,30.993167877197266
1674104400,124.86785125732422,30.542800903320312
1674190800,125.17362976074219,31.112653732299805
1674450000,127.20304107666016,31.54464340209961
1674536400,128.29647827148438,31.774425506591797
1674622800,128.91737365722656,32.05017852783203
1674709200,129.71429443359375,32.48217010498047
1674795600,130.0293731689453,32.583274841308594
1675054800,128.9266357421875,32.44540023803711
1675141200,129.69577026367188,32.61083984375
1675227600,129.3529052734375,33.015262603759766
1675314000,128.75057983398438,33.20828628540039
1675400400,130.74290466308594,33.48401641845703
1675659600,131.51202392578125,33.42886734008789
1675746000,133.11514282226562,33.796531677246094
1675832400,132.17921447753906,33.54836654663086
1675918800,130.12200927734375,32.83143615722656
1676005200,130.69654846191406,32.7027587890625
1676264400,132.11434936523438,32.767093658447266
1676350800,132.69813537597656,32.73952102661133
1676437200,133.25413513183594,32.684383392333984
1676523600,131.4193572998047,32.42701721191406
1676610000,131.8085174560547,32.49135208129883
1676955600,129.38995361328125,31.728473663330078
1677042000,128.39842224121094,31.517074584960938
1677128400,129.42703247070312,31.489498138427734
1677214800,130.59461975097656,31.443540573120117
1677474000,131.73440551757812,31.443540573120117
1677560400,132.83717346191406,31.526264190673828
1677646800,132.09580993652344,31.37920379638672
1677733200,130.72434997558594,30.98141860961914
1677819600,133.12442016601562,31.60123062133789
1678078800,132.3460235595703,31.53647232055664
1678165200,128.4540252685547,30.528114318847656
1678251600,127.69416809082031,30.121078491210938
1678338000,120.78125,28.25238800048828
1678424400,123.8485107421875,28.00261116027832
1678680000,121.62450408935547,26.37444305419922
1678766400,124.74736785888672,26.6057186126709
1678852800,118.85377502441406,26.355939865112305
1678939200,121.16118621826172,26.799989700317383
1679025600,116.5834732055664,25.736127853393555
1679284800,117.81595611572266,25.671371459960938
1679371200,120.97587585449219,26.448453903198242
1679457600,117.85299682617188,25.569610595703125
1679544000,117.5379409790039,24.949796676635742
1679630400,115.74946594238281,25.107067108154297
1679889600,119.06693267822266,26.355939865112305
1679976000,119.42832946777344,26.01365852355957
1680062400,119.66924285888672,26.522457122802734
1680148800,119.307861328125,26.18017578125
1680235200,120.7534408569336,26.45770263671875
1680494400,120.61445617675781,26.448453903198242
1680580800,119.00206756591797,25.884145736694336
1680667200,119.17951965332031,25.569610595703125
1680753600,119.04875946044922,25.75463104248047
1681099200,119.44100952148438,25.84714126586914
1681185600,120.02938842773438,26.559463500976562
1681272000,120.01071166992188,26.346691131591797
1681358400,120.46834564208984,26.42070198059082
1681444800,129.5648651123047,27.30879020690918
1681704000,130.59222412109375,28.09511947631836
1681790400,132.0584716796875,28.270883560180664
1681876800,131.89041137695312,27.808340072631836
1681963200,131.50746154785156,27.66032600402832
1682049600,131.2552947998047,27.632572174072266
1682308800,131.4327392578125,27.530813217163086
1682395200,128.57492065429688,26.679723739624023
1682481600,126.29609680175781,26.309690475463867
1682568000,127.99588012695312,26.725982666015625
1682654400,129.10726928710938,27.086767196655273
1682913600,131.8717041015625,26.86474609375
1683000000,129.74232482910156,26.050662994384766
1683086400,126.99652862548828,25.773134231567383
1683172800,125.25943756103516,24.968299865722656
1683259200,127.70634460449219,25.63436508178711
1683518400,128.01454162597656,25.615863800048828
1683604800,127.39814758300781,25.588111877441406
1683691200,127.46350860595703,25.27358055114746
1683777600,127.06193542480469,25.338335037231445
1683864000,125.2407455444336,25.060808181762695
1684123200,126.29609680175781,25.578861236572266
1684209600,125.44623565673828,25.310583114624023
1684296000,129.30340576171875,26.429950714111328
1684382400,130.28402709960938,26.337440490722656
1684468800,129.98513793945312,26.004405975341797
1684728000,128.9111328125,26.21717643737793
1684814400,127.56626892089844,26.43920135498047
1684900800,126.39881134033203,25.995155334472656
1684987200,126.70703125,26.059911727905273
1685073600,127.89311218261719,26.189422607421875
1685419200,128.3787841796875,26.143165588378906
1685505600,126.74440002441406,25.708375930786133
1685592000,128.49085998535156,25.90419578552246
1685678400,131.18994140625,26.77139663696289
1685937600,129.90109252929688,26.61288070678711
1686024000,130.13458251953125,27.25628662109375
1686110400,131.39540100097656,27.489404678344727
1686196800,131.4327392578125,27.25628662109375
1686283200,131.69424438476562,27.2935848236084
1686542400,131.68487548828125,27.16303825378418
1686628800,132.63754272460938,27.41480827331543
1686715200,132.14254760742188,27.153715133666992
1686801600,133.63682556152344,27.386837005615234
1686888000,133.7955780029297,27.2189884185791
1687233600,133.11383056640625,26.920595169067383
1687320000,132.91770935058594,26.640851974487305
1687406400,130.3587188720703,26.072040557861328
1687492800,129.6769561767578,25.876218795776367
1687752000,129.99447631835938,26.193262100219727
1687838400,130.00384521484375,26.333131790161133
1687924800,129.4341278076172,26.174610137939453
1688011200,133.95436096191406,26.724775314331055
1688097600,135.83155822753906,26.752750396728516
1688356800,136.92431640625,27.228313446044922
1688529600,136.01214599609375,27.116411209106445
1688616000,134.66744995117188,26.370433807373047
1688702400,135.73004150390625,26.60355567932129
1688961600,136.49172973632812,26.724775314331055
1689048000,138.62632751464844,27.060468673706055
1689134400,139.31277465820312,27.37751007080078
1689220800,139.98980712890625,27.666576385498047
1689307200,140.83615112304688,27.14438819885254
1689566400,144.23081970214844,27.41480827331543
1689652800,144.49411010742188,28.62702751159668
1689739200,145.04891967773438,29.400983810424805
1689825600,146.83555603027344,29.5501766204834
1689912000,145.70712280273438,29.82059669494629
1690171200,148.5752410888672,30.445356369018555
1690257600,147.46560668945312,29.9791202545166
1690344000,148.3495330810547,30.221561431884766
1690430400,146.71331787109375,29.792625427246094
1690516800,147.5502166748047,29.746000289916992
1690776000,148.53761291503906,29.83924674987793
1690862400,147.8041229248047,29.484905242919922
1690948800,146.13031005859375,29.083940505981445
1691035200,147.02365112304688,29.28908920288086
1691121600,146.71331787109375,29.186508178710938
1691380800,147.40919494628906,29.72735023498535
1691467200,146.5816650390625,29.158538818359375
1691553600,144.61634826660156,28.77622413635254
1691640000,144.4000701904297,28.8508243560791
1691726400,145.23699951171875,29.17719078063965
1691985600,145.5378875732422,28.841501235961914
1692072000,141.83290100097656,27.918344497680664
1692158400,141.23109436035156,27.312236785888672
1692244800,139.76416015625,27.302913665771484
1692331200,140.08387756347656,27.14438819885254
1692590400,140.5634307861328,27.181686401367188
1692676800,137.64833068847656,26.519630432128906
1692763200,138.5792999267578,26.528955459594727
1692849600,138.44764709472656,26.687477111816406
1692936000,138.2783966064453,26.575578689575195
1693195200,138.75796508789062,26.818021774291992
1693281600,139.88636779785156,27.20033836364746
1693368000,139.32217407226562,27.079118728637695
1693454400,137.6013641357422,26.956884384155273
1693540800,138.0620880126953,27.248361587524414
1693886400,136.53875732421875,26.93808364868164
1693972800,136.31304931640625,26.69361686706543
1694059200,135.14703369140625,26.44915199279785
1694145600,135.25047302246094,26.665407180786133
1694404800,135.84288024902344,26.778234481811523
1694491200,137.61074829101562,27.23896026611328
1694577600,137.6765899658203,27.15433692932129
1694664000,140.34715270996094,27.455215454101562
1694750400,139.93338012695312,27.11672592163086
1695009600,140.22491455078125,27.041505813598633
1695096000,140.04623413085938,26.93808364868164
1695182400,139.4538116455078,26.844053268432617
1695268800,138.36302185058594,26.373931884765625
1695355200,137.03712463378906,25.98843002319336
1695614400,137.7141876220703,25.95081901550293
1695700800,136.2848663330078,25.54651641845703
1695787200,137.0841064453125,25.64053726196289
1695873600,138.7861785888672,25.913209915161133
1695960000,136.36949157714844,25.74396514892578
1696219200,135.19403076171875,25.104597091674805
1696305600,134.19728088378906,24.36180305480957
1696392000,134.79908752441406,24.390010833740234
1696478400,135.36746215820312,24.502840042114258
1696564800,137.4514923095703,24.512239456176758
1696824000,137.13888549804688,24.737899780273438
1696910400,137.9725341796875,25.396074295043945
1696996800,138.4461669921875,25.40547752380371
1697083200,138.1240692138672,25.292646408081055
1697169600,140.19862365722656,25.161012649536133
1697428800,140.05653381347656,25.37727165222168
1697515200,139.75341796875,25.96962547302246
1697601600,138.21881103515625,25.678150177001953
1697688000,137.63148498535156,25.34906005859375
1697774400,135.41482543945312,24.737899780273438
1698033600,133.56761169433594,24.042116165161133
1698120000,133.72866821289062,23.94809341430664
1698206400,132.99923706054688,24.0233097076416
1698292800,133.3402557373047,24.559253692626953
1698379200,128.53750610351562,23.6660213470459
1698638400,130.17633056640625,24.154949188232422
1698724800,131.72988891601562,24.7661075592041
1698811200,131.6162109375,24.822525024414062
1698897600,133.96546936035156,25.96962547302246
1698984000,135.4622039794922,26.72182273864746
1699246800,136.4852752685547,26.637203216552734
1699333200,136.4189453125,26.477357864379883
1699419600,137.091552734375,26.223491668701172
1699506000,136.68417358398438,25.8850040435791
1699592400,138.71139526367188,26.02604103088379
1699851600,138.0956268310547,26.04484748840332
1699938000,140.61544799804688,27.47402000427246
1700024400,141.846923828125,27.850116729736328
1700110800,143.46678161621094,27.77490234375
1700197200,144.7645721435547,28.188610076904297
1700456400,145.2097930908203,28.216814041137695
1700542800,144.90664672851562,27.88772964477539
1700629200,145.24769592285156,27.859519958496094
1700802000,145.44662475585938,27.953548431396484
1701061200,145.1150665283203,27.793703079223633
1701147600,145.44662475585938,27.765499114990234
1701234000,146.1855010986328,28.49888801574707
1701320400,147.85272216796875,28.89694595336914
1701406800,148.57266235351562,29.342390060424805
1701666000,149.66204833984375,29.209701538085938
1701752400,149.6431121826172,28.98224449157715
1701838800,148.0706024169922,28.93485450744629
1701925200,148.5253143310547,29.05806541442871
1702011600,150.1641082763672,29.342390060424805
1702270800,150.71353149414062,29.238134384155273
1702357200,152.05868530273438,29.133882522583008
1702443600,152.5702362060547,30.3659610748291
1702530000,155.3457794189453,32.166683197021484
1702616400,156.52041625976562,31.84444808959961
1702875600,157.46771240234375,31.683332443237305
1702962000,159.57064819335938,31.759151458740234
1703048400,157.7708282470703,31.25684928894043
1703134800,158.67074584960938,31.46535301208496
1703221200,158.5760498046875,31.683332443237305
1703566800,159.5138397216797,32.09087371826172
1703653200,160.47059631347656,32.0719108581543
1703739600,161.3231658935547,32.10982131958008
1703826000,161.13369750976562,31.910791397094727
1704171600,163.00933837890625,32.128780364990234
1704258000,162.29885864257812,31.77811050415039
1704344400,163.3759307861328,32.03400421142578
1704430800,164.1956024169922,32.63108444213867
1704690000,163.95730590820312,32.37519836425781
1704776400,162.6610870361328,31.87288475036621
1704862800,163.00421142578125,31.84444808959961
1704949200,162.31793212890625,31.41796112060547
1705035600,161.1265106201172,31.086252212524414
1705381200,160.11619567871094,30.44178009033203
1705467600,159.25836181640625,30.138500213623047
1705554000,159.5729217529297,30.072154998779297
1705640400,162.32745361328125,30.53655433654785
1705899600,162.1368408203125,30.84930992126465
1705986000,161.06935119628906,31.05782127380371
1706072400,162.50856018066406,31.25684928894043
1706158800,164.83419799804688,31.645429611206055
1706245200,164.20510864257812,31.683332443237305
1706504400,164.634033203125,31.85392951965332
1706590800,168.00811767578125,32.9722785949707
1706677200,166.18763732910156,32.2330322265625
1706763600,165.587158203125,31.79706573486328
1706850000,166.54031372070312,31.72124671936035
1707109200,166.32107543945312,31.266326904296875
1707195600,166.89295959472656,31.31371307373047
1707282000,167.20748901367188,31.44639015197754
1707368400,166.60702514648438,31.389530181884766
1707454800,166.80718994140625,31.342144012451172
1707714000,167.55062866210938,31.863407135009766
1707800400,166.0923309326172,31.038864135742188
1707886800,167.77935791015625,31.399011611938477
1707973200,171.4393768310547,32.28990173339844
1708059600,170.6387481689453,32.30885314941406
1708405200,171.3059539794922,32.185646057128906
1708491600,172.42111206054688,31.939228057861328
1708578000,174.48941040039062,31.85392951965332
1708664400,175.3662872314453,32.147735595703125
1708923600,174.76580810546875,31.85392951965332
1709010000,174.85159301757812,32.488929748535156
1709096400,175.73802185058594,32.517364501953125
1709182800,177.33924865722656,32.94684600830078
1709269200,176.60533142089844,32.78459548950195
1709528400,177.93017578125,33.54813766479492
1709614800,179.71253967285156,33.77720260620117
1709701200,180.64659118652344,33.80583190917969
1709787600,179.06442260742188,34.006263732910156
1709874000,179.3980255126953,33.977630615234375
1710129600,179.4647216796875,34.254417419433594
1710216000,180.94207763671875,34.32122802734375
1710302400,182.409912109375,34.43575668334961
1710388800,179.15975952148438,34.06352615356445
1710475200,181.38052368164062,33.79629135131836
1710734400,183.62991333007812,34.36894226074219
1710820800,184.70692443847656,34.38803482055664
1710907200,187.12789916992188,35.07522201538086
1710993600,189.72994995117188,35.80058670043945
1711080000,187.40431213378906,35.361549377441406
1711339200,185.6886749267578,35.18021011352539
1711425600,186.55599975585938,35.39972686767578
1711512000,190.1684112548828,36.0869140625
1711598400,190.9118194580078,36.1919059753418
1711944000,189.6155548095703,35.81013488769531
1712030400,189.53932189941406,35.60015869140625
1712116800,189.00558471679688,35.73377990722656
1712203200,187.56753540039062,35.23747253417969
1712289600,189.29318237304688,35.4188117980957
1712548800,190.28062438964844,35.79104232788086
1712635200,189.0055694580078,36.01055908203125
1712721600,187.39495849609375,34.97978210449219
1712808000,187.3566131591797,34.693450927734375
1712894400,175.23876953125,34.15897750854492
1713153600,175.33465576171875,34.31167984008789
1713240000,173.3309783935547,33.09955596923828
1713326400,172.6407470703125,33.624488830566406
1713412800,173.7623748779297,34.13988494873047
1713499200,178.1244354248047,35.28519821166992
1713758400,181.58529663085938,36.01055908203125
1713844800,184.20252990722656,36.62139892578125
1713931200,185.1036834716797,36.573673248291016
1714017600,185.3817138671875,36.1823616027832
1714104000,185.4967498779297,36.10600662231445
1714363200,185.29544067382812,35.83876419067383
1714449600,183.81907653808594,35.32337188720703
1714536000,183.93409729003906,35.26610565185547
1714622400,183.74237060546875,35.19929504394531
1714708800,182.63986206054688,35.55244064331055
1714968000,184.06829833984375,35.972381591796875
1715054400,183.82864379882812,36.11554718017578
1715140800,187.56753540039062,35.99147033691406
1715227200,189.3411102294922,36.535499572753906
1715313600,190.55865478515625,36.697750091552734
1715572800,190.52029418945312,36.468685150146484
1715659200,193.18544006347656,36.735931396484375
1715745600,193.7606658935547,37.13678741455078
1715832000,194.10577392578125,37.43265151977539
1715918400,196.32992553710938,37.49946975708008
1716177600,187.50039672851562,37.05088806152344
1716264000,191.27767944335938,37.84306335449219
1716350400,190.11764526367188,37.94804382324219
1716436800,188.78506469726562,37.38492965698242
1716523200,192.4185028076172,37.89078140258789
1716868800,191.25848388671875,37.52810287475586
1716955200,189.92591857910156,36.9554443359375
1717041600,191.09547424316406,36.869544982910156
1717128000,194.25917053222656,38.16756820678711
1717387200,193.48265075683594,38.06258010864258
1717473600,190.93252563476562,37.87169647216797
1717560000,189.1110076904297,38.13893508911133
1717646400,188.77545166015625,37.89078140258789
1717732800,191.68988037109375,38.19805908203125
1717992000,191.36395263671875,38.09242630004883
1718078400,186.33082580566406,37.31464767456055
1718164800,183.61773681640625,37.8427734375
1718251200,185.65975952148438,37.69873809814453
1718337600,185.77476501464844,37.679534912109375
1718596800,186.9252166748047,37.93879699707031
1718683200,188.86175537109375,38.39971160888672
1718856000,190.4627685546875,38.39971160888672
1718942400,188.190673828125,37.919593811035156
1719201600,190.6641082763672,38.42851257324219
1719288000,189.88755798339844,37.81396484375
1719374400,189.27398681640625,37.44907760620117
1719460800,190.94212341308594,37.68913650512695
1719547200,193.90447998046875,38.18846130371094
1719806400,196.96267700195312,38.418914794921875
1719892800,200.20306396484375,39.30232238769531
1719979200,200.06883239746094,39.27351760864258
1720152000,197.41781616210938,38.80300521850586
1720411200,197.7841339111328,39.0046501159668
1720497600,200.1555938720703,39.7728385925293
1720584000,200.31948852539062,40.08012008666992
1720670400,199.9820556640625,40.1473388671875
1720756800,197.56243896484375,39.93608093261719
1721016000,202.4884796142578,40.224151611328125
1721102400,205.92994689941406,42.37506866455078
1721188800,209.0629425048828,42.23103713989258
1721275200,202.42098999023438,41.29961013793945
1721361600,202.22817993164062,41.19398880004883
1721620800,202.710205078125,40.61784362792969
1721707200,202.75839233398438,40.723472595214844
1721793600,201.08103942871094,40.51222229003906
1721880000,201.1581268310547,40.02250289916992
1721966400,204.59963989257812,40.01289367675781
1722225600,203.2596893310547,39.455963134765625
1722312000,207.44345092773438,39.63840866088867
1722398400,205.13949584960938,38.70698547363281
1722484800,200.47373962402344,37.92919158935547
1722571200,191.9712371826172,36.08554458618164
1722830400,187.88385009765625,35.192535400390625
1722916800,193.12799072265625,35.4517936706543
1723003200,193.1858673095703,35.81668472290039
1723089600,196.71409606933594,36.69049072265625
1723176000,198.39146423339844,36.75770950317383
1723435200,198.76742553710938,36.65208053588867
1723521600,200.45443725585938,36.93054962158203
1723608000,202.67164611816406,37.26663589477539
1723694400,203.93447875976562,37.47788619995117
1723780800,206.26736450195312,37.77555847167969
1724040000,207.69406127929688,38.09242630004883
1724126400,206.79757690429688,37.15140151977539
1724212800,206.8746795654297,37.209014892578125
1724299200,208.8316192626953,37.679534912109375
1724385600,210.45111083984375,38.18846130371094
1724644800,211.2801513671875,38.33248519897461
1724731200,212.25379943847656,38.09242630004883
1724817600,213.3238525390625,38.361297607421875
1724904000,214.2107391357422,38.572547912597656
1724990400,216.70751953125,39.129478454589844
1725336000,212.36949157714844,39.08147430419922
1725422400,211.4344024658203,38.889427185058594
1725508800,209.79562377929688,38.543739318847656
1725595200,204.8117218017578,37.46126937866211
1725854400,209.00514221191406,38.147483825683594
1725940800,198.1601104736328,37.96384811401367
1726027200,199.7699737548828,37.6932258605957
1726113600,199.1626739501953,37.48059844970703
1726200000,196.96475219726562,37.354957580566406
1726459200,200.3773193359375,37.78987503051758
1726545600,201.71728515625,38.22480010986328
1726632000,200.0592041015625,38.29245376586914
1726718400,202.90301513671875,39.500572204589844
1726804800,203.4910125732422,38.920677185058594
1727064000,203.8284149169922,38.534080505371094
1727150400,203.97303771972656,38.12815475463867
1727236800,202.6234588623047,37.934852600097656
1727323200,202.22817993164062,38.1958122253418
1727409600,202.92227172851562,38.079833984375
1727668800,203.26931762695312,38.3504524230957
1727755200,199.58685302734375,37.90585708618164
1727841600,199.82781982421875,37.91551971435547
1727928000,197.84197998046875,37.934852600097656
1728014400,204.8641357421875,38.76604080200195
1728273600,204.58282470703125,38.621063232421875
1728360000,204.40826416015625,38.592071533203125
1728446400,206.99790954589844,38.843353271484375
1728532800,206.43536376953125,38.630733489990234
1728619200,215.6009979248047,40.54438400268555
1728878400,214.8153839111328,40.5057258605957
1728964800,215.697998046875,40.7280158996582
1729051200,216.91038513183594,41.365901947021484
1729137600,217.6669158935547,41.172603607177734
1729224000,218.58831787109375,40.9019889831543
1729483200,216.28964233398438,40.360748291015625
1729569600,217.3759307861328,40.88265609741211
1729656000,216.68731689453125,40.92131805419922
1729742400,218.21005249023438,41.22092819213867
1729828800,215.62039184570312,40.486392974853516
1730088000,218.7144012451172,41.191932678222656
1730174400,216.19265747070312,41.104949951171875
1730260800,217.65721130371094,40.8923225402832
1730347200,215.2421417236328,40.418739318847656
1730433600,216.2314453125,40.360748291015625
1730696400,213.16653442382812,39.94516372680664
1730782800,214.82508850097656,40.47673416137695
1730869200,239.62564086914062,43.888450622558594
1730955600,229.2670440673828,43.269893646240234
1731042000,229.84898376464844,43.617828369140625
1731301200,232.08944702148438,44.53600311279297
1731387600,232.35133361816406,44.32337951660156
1731474000,233.9031982421875,44.333038330078125
1731560400,234.59181213378906,44.36203384399414
1731646800,237.92831420898438,45.18355178833008
1731906000,237.65673828125,45.15456008911133
1731992400,235.77513122558594,44.854942321777344
1732078800,233.53460693359375,44.51667022705078
1732165200,237.39486694335938,44.90327072143555
1732251600,241.07083129882812,45.425174713134766
1732510800,242.7584686279297,45.90842056274414
1732597200,242.44808959960938,46.15004348754883
1732683600,242.2734832763672,46.169376373291016
1732856400,242.20562744140625,45.918087005615234
1733115600,238.84002685546875,45.46383285522461
1733202000,237.4530487060547,45.25120544433594
1733288400,236.07579040527344,44.816287994384766
1733374800,238.0931854248047,45.425174713134766
1733461200,239.9166259765625,45.43489074707031
1733720400,236.4734649658203,44.618526458740234
1733806800,235.55203247070312,44.4630241394043
1733893200,236.20187377929688,44.78374099731445
1733979600,234.26205444335938,44.78374099731445
1734066000,232.71990966796875,44.38526916503906
1734325200,232.3707275390625,44.19090270996094
1734411600,231.18743896484375,43.78271484375
1734498000,223.43788146972656,42.27631759643555
1734584400,225.949951171875,42.15969467163086
1734670800,230.4503173828125,42.927467346191406
1734930000,231.216552734375,42.65534591674805
1735016400,235.01858520507812,43.13156509399414
1735189200,235.8236083984375,43.29677963256836
1735275600,233.9128875732422,43.092689514160156
1735534800,232.1185760498047,42.674781799316406
1735621200,232.496826171875,42.713661193847656
1735794000,232.77810668945312,43.04409408569336
1735880400,235.95938110351562,43.549468994140625
1736139600,234.80899047851562,44.122867584228516
1736226000,237.07081604003906,44.78374099731445
1736312400,237.03179931640625,44.91008377075195
1736485200,233.85357666015625,43.841026306152344
1736744400,238.08473205566406,43.79243469238281
1736830800,241.262939453125,44.492183685302734
1736917200,246.0205535888672,45.775047302246094
1737003600,247.8923797607422,45.3279914855957
1737090000,252.65975952148438,45.2210807800293
1737435600,256.43267822265625,45.34742736816406
1737522000,256.2474670410156,44.501895904541016
1737608400,259.2794494628906,45.08502197265625
1737694800,258.1972961425781,45.211368560791016
1737954000,259.18194580078125,45.76532745361328
1738040400,260.43963623046875,45.52235794067383
1738126800,259.89361572265625,45.43489074707031
1738213200,261.50225830078125,45.40573501586914
1738299600,260.5955810546875,44.99755096435547
1738558800,260.11785888671875,44.91008377075195
1738645200,261.21954345703125,45.396018981933594
1738731600,263.6470642089844,45.784767150878906
1738818000,269.95477294921875,46.39704513549805
1738904400,268.88238525390625,46.066612243652344
1739163600,264.2417907714844,45.357139587402344
1739250000,268.0926818847656,45.4737663269043
1739336400,268.5411682128906,44.91008377075195
1739422800,269.38934326171875,45.02670669555664
1739509200,269.6525573730469,45.63898468017578
1739854800,272.92828369140625,45.2210807800293
1739941200,272.2458190917969,44.71570587158203
1740027600,260.10809326171875,44.02568435668945
1740114000,257.6123352050781,43.549468994140625
1740373200,254.78504943847656,43.20931625366211
1740459600,250.94387817382812,42.70393371582031
1740546000,252.2989959716797,42.70393371582031
1740632400,252.55247497558594,42.878875732421875
1740718800,258.01202392578125,44.80317306518555
1740978000,254.08311462402344,44.27836608886719
1741064400,243.9732208251953,41.469661712646484
1741150800,245.22109985351562,41.10036087036133
1741237200,240.35626220703125,40.293704986572266
1741323600,236.20314025878906,40.48930740356445
1741579200,226.39544677734375,38.95384216308594
1741665600,223.3927001953125,38.738677978515625
1741752000,222.18380737304688,39.032081604003906
1741838400,219.54176330566406,38.797359466552734
1741924800,226.60992431640625,39.99052047729492
1742184000,228.06256103515625,40.52842330932617
1742270400,229.0764923095703,40.73380661010742
1742356800,233.1126251220703,41.28148651123047
1742443200,233.01513671875,41.54554748535156
1742529600,235.56944274902344,41.535770416259766
1742788800,241.838134765625,42.12256622314453
1742875200,244.83114624023438,42.32794952392578
1742961600,244.73367309570312,41.87806701660156
1743048000,241.89663696289062,41.62379455566406
1743134400,236.7588348388672,40.34260177612305
1743393600,239.14736938476562,40.81204605102539
1743480000,237.54852294921875,40.577327728271484
1743566400,239.6543426513672,40.92940902709961
1743652800,222.95399475097656,36.40126037597656
1743739200,206.2684783935547,33.63350296020508
1743998400,210.34913635253906,34.79733657836914
1744084800,212.73277282714844,34.259422302246094
1744171200,229.86949157714844,36.33279800415039
1744257600,222.77743530273438,35.0613899230957
1744344000,231.6940155029297,35.1591911315918
1744603200,230.24224853515625,35.86334991455078
1744689600,228.6825714111328,37.15431594848633
1744776000,225.229736328125,36.50883483886719
1744862400,227.534912109375,36.58707809448242
1745208000,224.62156677246094,36.107852935791016
1745294400,231.09564208984375,37.47705841064453
1745380800,236.28472900390625,37.89759826660156
1745467200,239.97300720214844,38.70934295654297
1745553600,238.90379333496094,38.81692123413086
1745812800,238.580078125,38.904937744140625
1745899200,239.95338439941406,39.110321044921875
1745985600,239.95338439941406,39.00274658203125
1746072000,242.18008422851562,39.28636169433594
1746158400,247.69285583496094,40.16656494140625
1746417600,247.7418975830078,40.2154655456543
1746504000,244.49505615234375,39.941627502441406
1746590400,244.63238525390625,40.02964401245117
1746676800,248.63455200195312,40.68490219116211
1746763200,248.2519989013672,40.870723724365234
1747022400,255.08900451660156,42.40618896484375
1747108800,257.9925537109375,43.30595016479492
1747195200,260.5724182128906,43.755836486816406
1747281600,262.3870544433594,43.40375518798828
1747368000,262.4557800292969,43.706932067871094
1747627200,259.826904296875,43.78517532348633
1747713600,260.61163330078125,43.706932067871094
1747800000,256.0601501464844,42.29861068725586
1747886400,255.6972198486328,42.35729217529297
1747972800,255.7364044189453,42.24971008300781
1748318400,260.22906494140625,43.24727249145508
1748404800,258.4634094238281,43.090797424316406
1748491200,259.3266296386719,43.2668342590332
1748577600,258.96368408203125,43.15925598144531
1748836800,259.611083984375,43.110355377197266
1748923200,261.1903381347656,43.667816162109375
1749009600,259.1794738769531,43.384193420410156
1749096000,256.9527893066406,43.40375518798828
1749182400,260.6606750488281,44.23995590209961
1749441600,261.65142822265625,44.14157485961914
1749528000,263.4759216308594,44.35800552368164
1749614400,263.03448486328125,44.003849029541016
1749700800,263.1227722167969,43.895633697509766
1749787200,259.89556884765625,43.37424087524414
1750046400,265.20233154296875,43.68904113769531
1750132800,264.37835693359375,43.511966705322266
1750219200,268.7336730957031,44.328495025634766
1750392000,269.7538146972656,44.761348724365234
1750651200,272.96142578125,45.548362731933594
1750737600,275.8944091796875,45.90251922607422
1750824000,278.6409912109375,46.08943176269531
1750910400,283.2414855957031,46.68953323364258
1750996800,281.6327819824219,46.35505294799805
1751256000,284.37939453125,46.55180358886719
1751342400,284.8698425292969,47.36833190917969
1751428800,286.42950439453125,47.91923904418945
1751515200,291.75201416015625,48.13566589355469
1751860800,287.77984619140625,47.87004470825195
1751947200,278.72174072265625,46.38456344604492
1752033600,279.0963134765625,46.07959747314453
1752120000,284.0540771484375,46.20748519897461
1752206400,282.7431640625,45.971378326416016
1752465600,284.5567932128906,46.30585861206055
1752552000,282.4376525878906,45.40079879760742
1752638400,281.7181396484375,45.282745361328125
1752724800,285.73956298828125,46.256675720214844
1752811200,287.08990478515625,46.55180358886719
1753070400,286.794189453125,46.70920944213867
1753156800,287.24761962890625,46.99449920654297
1753243200,292.5011291503906,47.358489990234375
1753329600,292.29412841796875,47.60443115234375
1753416000,294.3344421386719,47.66345977783203
1753675200,293.9992980957031,47.44702911376953
1753761600,292.777099609375,47.17157745361328
1753848000,295.3299255371094,47.18141555786133
1753934400,291.9885559082031,46.50261688232422
1754020800,285.2171630859375,44.91875457763672
1754280000,290.0369873046875,45.10566711425781
1754366400,287.1884460449219,44.820377349853516
1754452800,287.1687316894531,44.682647705078125
1754539200,282.8220520019531,44.190765380859375
1754625600,284.615966796875,45.26306915283203
1754884800,285.4044494628906,45.41063690185547
1754971200,288.6472473144531,46.728885650634766
1755057600,286.36053466796875,46.473106384277344
1755144000,289.9384460449219,46.93547058105469
1755230400,286.3210754394531,46.17797088623047
1755489600,287.3461608886719,47.14206314086914
1755576000,286.4886779785156,47.29946517944336
1755662400,288.04595947265625,47.56507873535156
1755748800,287.2870178222656,47.476539611816406
1755835200,291.9885559082031,48.676734924316406
1756094400,290.6678161621094,48.676734924316406
1756180800,294.2851257324219,49.434234619140625
1756267200,294.9849548339844,49.56212615966797
1756353600,296.749267578125,49.670345306396484
1756440000,297.0942687988281,49.916282653808594
1756785600,295.39892578125,49.60147476196289
1756872000,295.211669921875,49.247318267822266
1756958400,299.4598083496094,49.7982292175293
1757044800,290.1552734375,49.23436737060547
1757304000,288.70635986328125,48.92770004272461
1757390400,293.57550048828125,49.7487678527832
1757476800,296.22686767578125,49.590492248535156
1757563200,301.1748352050781,50.203819274902344
1757649600,302.5054626464844,50.035648345947266
1757908800,304.46685791015625,50.0455436706543
1757995200,304.7527160644531,50.11478805541992
1758081600,307.2760009765625,50.846824645996094
1758168000,308.7347717285156,51.5689697265625
1758254400,310.26251220703125,51.68767547607422
1758513600,307.9560852050781,51.36122512817383
1758600000,308.25177001953125,51.14359664916992
1758686400,308.92205810546875,51.14359664916992
1758772800,308.9516296386719,51.29197692871094
1758859200,311.52410888671875,51.64810562133789
1759118400,311.1594543457031,51.8558464050293
1759204800,310.9031677246094,51.03478240966797
1759291200,306.25091552734375,50.13457489013672
1759377600,303.1362609863281,49.93672561645508
1759464000,305.5806884765625,50.095001220703125
1759723200,306.2244567871094,49.847694396972656
1759809600,304.7486877441406,49.7487678527832
1759896000,301.1236877441406,49.303611755371094
1759982400,302.6093444824219,49.254150390625
1760068800,298.01373291015625,48.12642288208008
1760328000,305.0260314941406,48.33415985107422
1760414400,299.19232177734375,49.550926208496094
1760500800,302.767822265625,51.71735382080078
1760587200,295.6861572265625,49.897151947021484
1760673600,294.7155456542969,50.72811508178711
1760932800,299.4696350097656,51.47993850708008
1761019200,294.2500305175781,50.96553421020508
1761105600,291.2984924316406,50.550052642822266
1761192000,291.72442626953125,51.202945709228516
1761278400,297.5680236816406,52.004234313964844
1761537600,301.2425231933594,52.44939041137695
1761624000,302.4409484863281,52.301002502441406
1761710400,302.58953857421875,52.01412582397461
1761796800,306.48199462890625,52.45927810668945
1761883200,308.1459045410156,52.87476348876953
1762146000,306.3928527832031,52.98358154296875
1762232400,306.2937927246094,52.96379470825195
1762318800,308.7005615234375,51.88552474975586
1762405200,310.4239501953125,52.71648406982422
1762491600,311.20635986328125,52.6274528503418
1762750800,313.8607482910156,52.84508514404297
1762837200,312.6028747558594,53.052825927734375
1762923600,317.34710693359375,53.52765655517578
1763010000,306.5216064453125,52.301002502441406
1763096400,300.7076721191406,52.043800354003906
1763355600,297.4986572265625,50.92596435546875
1763442000,296.5478515625,51.0842399597168
1763528400,300.3709411621094,51.46015167236328
1763614800,295.5277099609375,50.45112609863281
1763701200,295.171142578125,51.005104064941406
1763960400,295.1513366699219,51.37112045288086
1764046800,300.103515625,51.915199279785156
1764133200,304.6991882324219,52.41971206665039
1764306000,310.087158203125,53.07261276245117
1764565200,305.9669494628906,52.667022705078125
1764651600,304.9368896484375,52.617557525634766
1764738000,309.1462707519531,53.507877349853516
1764824400,313.0783386230469,53.57712173461914
1764910800,312.0284729003906,53.646728515625
1765170000,312.1968078613281,53.597007751464844
1765256400,297.6373596191406,53.23903274536133
1765342800,307.1455383300781,53.775997161865234
1765429200,314.3460693359375,54.253299713134766
1765515600,315.4751892089844,54.83003616333008
1765774800,316.9608154296875,55.01897048950195
1765861200,312.5335693359375,54.50189208984375
1765947600,311.9690246582031,54.24335479736328
1766034000,310.0079345703125,53.95498275756836
1766120400,314.17767333984375,54.95930862426758
1766379600,320.0014953613281,55.565879821777344
1766466000,322.8143310546875,55.655372619628906
1766552400,326.02337646484375,55.93379592895508
1766725200,324.7754211425781,55.854244232177734
1766984400,320.6551818847656,55.038856506347656
1767070800,320.328369140625,54.9692497253418
1767157200,319.1398010253906,54.69082260131836
1767330000,322.36865234375,55.6354866027832
1767589200,330.8468322753906,56.57019805908203
1767675600,332.90625,56.92817687988281
1767762000,325.3250732421875,55.32722473144531
1767848400,328.11083984375,55.864192962646484
1767934800,327.5138854980469,55.53604507446289
1768194000,322.8377990722656,54.879756927490234
1768280400,309.3169860839844,54.2334098815918
1768366800,306.30242919921875,52.18498992919922
1768453200,307.68536376953125,52.29437255859375
1768539600,310.8789978027344,52.672237396240234
1768885200,301.19854736328125,51.807125091552734
1768971600,300.50213623046875,51.77729415893555
1769058000,302.0840148925781,52.15515899658203
1769144400,296.2041015625,51.429264068603516
1769403600,299.5072021484375,51.727577209472656
1769490000,298.7809143066406,51.876731872558594
1769576400,299.2385559082031,51.51875686645508
1769662800,304.8598327636719,52.781620025634766
1769749200,304.33251953125,52.900943756103516
1770008400,306.5710754394531,53.72627639770508
1770094800,313.24688720703125,54.143917083740234
1770181200,315.654541015625,55.06869125366211
1770267600,308.5807800292969,54.631160736083984
1770354000,320.7584533691406,56.212223052978516
1770613200,320.4599914550781,56.092899322509766
1770699600,316.659423828125,55.07863235473633
1770786000,309.2374267578125,53.54728698730469
1770872400,301.09906005859375,52.22476577758789
1770958800,301.0094909667969,52.25459671020508
1771304400,305.5661926269531,52.44353103637695
1771390800,307.2077941894531,53.06004333496094
1771477200,306.48150634765625,52.47336196899414
1771563600,309.20758056640625,52.7617301940918
1771822800,296.1543884277344,50.78291702270508
1771909200,295.7862243652344,50.126625061035156
1771995600,301.75567626953125,51.39942932128906
1772082000,304.5712890625,52.00600051879883
1772168400,298.7709655761719,49.549888610839844
1772427600,296.044921875,49.53000259399414
1772514000,298.7311706542969,49.68910217285156
1772600400,297.8656311035156,50.017242431640625
1772686800,292.0553283691406,49.53000259399414
1772773200,288.0060729980469,48.63999938964844
1773028800,288.44384765625,47.900001525878906
1773115200,287.2598876953125,48.560001373291016
1773201600,286.0560302734375,48.52000045776367
1773288000,281.44964599609375,47.130001068115234
1773374400,281.996826171875,46.720001220703125
1773633600,284.7029724121094,47.060001373291016
1773720000,285.42926025390625,47.279998779296875
1773806400,286.27490234375,46.83000183105469
1773892800,286.5037536621094,47.0099983215332
1773979200,285.1009216308594,47.15999984741211
1774238400,288.4338684082031,47.52000045776367
1774324800,290.91119384765625,48.13999938964844
1774411200,293.91583251953125,48.75
1774497600,290.1749572753906,48.2400016784668
1774584000,281.3998718261719,46.970001220703125
1774843200,282.32513427734375,47.22999954223633
1774929600,292.6622314453125,48.75
1775016000,293.87603759765625,49.27000045776367
1775102400,293.1000061035156,49.380001068115234
1775448000,295.45001220703125,50.060001373291016
1775534400,297.3999938964844,50.279998779296875
1775620800,307.9700012207031,51.880001068115234
1775707200,310.3299865722656,52.709999084472656
1775793600,309.8699951171875,52.540000915527344
1776052800,313.67999267578125,53.349998474121094
1776139200,311.1199951171875,53.349998474121094
1776225600,305.92999267578125,54.31999969482422
1776312000,309.95001220703125,53.5099983215332
1776398400,310.2900085449219,53.90999984741211
1776657600,316.989990234375,53.95000076293945
1776744000,313.0,53.47999954223633
1776830400,313.0199890136719,53.119998931884766
1776916800,311.69000244140625,52.470001220703125
1777003200,308.2799987792969,52.04999923706055
1777262400,311.6300048828125,52.630001068115234
1777348800,311.45001220703125,52.65999984741211
1777435200,309.25,52.880001068115234
1777521600,313.2300109863281,53.459999084472656
1777608000,312.4700012207031,53.2400016784668
1777867200,307.6499938964844,52.189998626708984
1777953600,309.3999938964844,53.119998931884766
1778040000,314.8999938964844,53.599998474121094
1778126400,306.2699890136719,52.75
1778212800,302.1000061035156,51.310001373291016
1778472000,300.0,50.54999923706055
1778558400,304.8800048828125,50.779998779296875
1778644800,300.25,49.84000015258789
1778731200,299.9100036621094,49.849998474121094
1778817600,297.80999755859375,49.77000045776367
