timestamp,HD,LOW
1147752000,23.24142837524414,22.08716583251953
1147838400,22.975479125976562,21.649030685424805
1147924800,23.217256546020508,21.73030662536621
1148011200,23.537612915039062,22.133100509643555
1148270400,23.26561164855957,21.136690139770508
1148356800,22.87271499633789,20.991825103759766
1148443200,22.975479125976562,21.433494567871094
1148529600,23.211214065551758,21.92110252380371
1148616000,23.374418258666992,21.853975296020508
1148961600,22.788089752197266,21.550094604492188
1149048000,23.041955947875977,22.005908966064453
1149134400,23.301889419555664,22.422849655151367
1149220800,22.969432830810547,22.422849655151367
1149480000,22.643020629882812,21.949363708496094
1149566400,22.49129295349121,21.73383140563965
1149652800,22.27888298034668,21.550094604492188
1149739200,22.60660743713379,21.949363708496094
1149825600,22.424537658691406,21.98823356628418
1150084800,22.00579261779785,21.659639358520508
1150171200,22.02399253845215,21.822162628173828
1150257600,22.303163528442383,22.00237274169922
1150344000,22.679443359375,22.30624008178711
1150430400,22.4002685546875,21.99176788330078
1150689600,22.369918823242188,21.758567810058594
1150776000,22.10288429260254,21.62076187133789
1150862400,22.24853515625,21.839828491210938
1150948800,22.139297485351562,21.60663414001465
1151035200,22.096817016601562,21.504165649414062
1151294400,22.23641014099121,21.910499572753906
1151380800,22.07254409790039,21.553632736206055
1151467200,21.945083618164062,21.391096115112305
1151553600,22.127161026000977,21.832773208618164
1151640000,21.720550537109375,21.437028884887695
1151899200,21.708412170410156,21.49709701538086
1152072000,21.56276512145996,21.490028381347656
1152158400,21.526338577270508,21.398164749145508
1152244800,21.465662002563477,20.465356826782227
1152504000,21.241113662719727,20.281618118286133
1152590400,20.864830017089844,20.161483764648438
1152676800,20.39752960205078,19.39120101928711
1152763200,20.67670440673828,19.758678436279297
1152849600,20.537118911743164,19.702138900756836
1153108800,20.391460418701172,19.74454689025879
1153195200,20.106224060058594,19.624412536621094
1153281600,20.84662628173828,20.304040908813477
1153368000,20.62207794189453,19.942981719970703
1153454400,20.543182373046875,19.900497436523438
1153713600,21.004425048828125,20.424392700195312
1153800000,21.386762619018555,20.750043869018555
1153886400,21.05904197692871,20.353593826293945
1153972800,20.6463565826416,20.141216278076172
1154059200,20.992286682128906,20.318193435668945
1154318400,21.065114974975586,20.070417404174805
1154404800,20.71918296813965,19.92882537841797
1154491200,20.700973510742188,20.176612854003906
1154577600,20.980148315429688,20.53766632080078
1154664000,21.065114974975586,20.374834060668945
1154923200,21.052974700927734,20.28279685974121
1155009600,20.83449363708496,20.042098999023438
1155096000,20.270090103149414,19.390783309936523
1155182400,20.39752960205078,19.8367919921875
1155268800,20.191186904907227,19.89342498779297
1155528000,20.185117721557617,19.89342498779297
1155614400,20.90125274658203,20.275724411010742
1155700800,20.937667846679688,20.424392700195312
1155787200,21.071178436279297,20.849159240722656
1155873600,21.10152816772461,20.898719787597656
1156132800,20.816280364990234,20.070417404174805
1156219200,20.67063331604004,19.7659969329834
1156305600,20.42180633544922,19.19255828857422
1156392000,20.27614974975586,18.668672561645508
1156478400,20.318628311157227,18.937692642211914
1156737600,20.446073532104492,19.206714630126953
1156824000,20.688846588134766,19.27750587463379
1156910400,20.707050323486328,19.291671752929688
1156996800,20.810213088989258,19.157148361206055
1157083200,21.02263069152832,19.348299026489258
1157428800,21.193302154541016,19.695199966430664
1157515200,20.827571868896484,19.43326187133789
1157601600,20.931190490722656,19.178396224975586
1157688000,20.89461898803711,19.284587860107422
1157947200,21.370052337646484,19.7235107421875
1158033600,22.345298767089844,20.424392700195312
1158120000,22.656160354614258,20.502262115478516
1158206400,22.686635971069336,20.76420783996582
1158292800,22.686635971069336,20.778366088867188
1158552000,22.296541213989258,20.44562339782715
1158638400,22.113676071166992,20.21908187866211
1158724800,22.174636840820312,20.042098999023438
1158811200,21.851587295532227,20.084562301635742
1158897600,21.91863250732422,20.056251525878906
1159156800,22.296541213989258,20.417316436767578
1159243200,22.3209228515625,20.424392700195312
1159329600,22.2233943939209,20.084562301635742
1159416000,22.36968421936035,20.28279685974121
1159502400,22.107585906982422,19.865110397338867
1159761600,22.150253295898438,19.935895919799805
1159848000,22.44892692565918,20.26864242553711
1159934400,22.851221084594727,21.21021270751953
1160020800,22.711017608642578,21.273927688598633
1160107200,22.637863159179688,20.679258346557617
1160366400,22.979215621948242,21.054466247558594
1160452800,23.015789031982422,21.380123138427734
1160539200,23.11330223083496,21.59250831604004
1160625600,23.101118087768555,22.003122329711914
1160712000,22.491594314575195,21.91109275817871
1160971200,22.156349182128906,22.045604705810547
1161057600,21.796728134155273,21.62790870666504
1161144000,21.875965118408203,22.19519805908203
1161230400,21.888151168823242,21.62790870666504
1161316800,21.93691635131836,21.450634002685547
1161576000,22.08930206298828,21.90445899963379
1161662400,22.247772216796875,21.59244728088379
1161748800,22.308734893798828,21.273351669311523
1161835200,22.78415298461914,21.727176666259766
1161921600,22.595203399658203,21.514450073242188
1162184400,22.704927444458008,21.479000091552734
1162270800,22.75368881225586,21.372623443603516
1162357200,22.765872955322266,21.003890991210938
1162443600,22.674449920654297,20.897518157958984
1162530000,22.674449920654297,20.599699020385742
1162789200,22.686635971069336,20.436607360839844
1162875600,22.692739486694336,20.79824447631836
1162962000,22.704927444458008,20.932981491088867
1163048400,22.461111068725586,20.63515281677246
1163134800,22.333114624023438,20.68478775024414
1163394000,22.186830520629883,20.564247131347656
1163480400,23.137693405151367,21.436452865600586
1163566800,22.930444717407227,21.656261444091797
1163653200,23.046262741088867,21.77682113647461
1163739600,23.332733154296875,21.613723754882812
1163998800,23.411983489990234,21.684642791748047
1164085200,23.11330223083496,21.75554847717285
1164171600,23.2230167388916,21.514450073242188
1164344400,22.99139404296875,21.273351669311523
1164603600,22.91216278076172,21.556995391845703
1164690000,22.73126983642578,21.216617584228516
1164776400,23.068523406982422,21.34426498413086
1164862800,23.28315544128418,21.38681411743164
1164949200,23.896343231201172,21.90445899963379
1165208400,24.037389755249023,21.833553314208984
1165294800,24.14162826538086,22.152650833129883
1165381200,24.47888946533203,22.43629264831543
1165467600,23.8718204498291,21.890274047851562
1165554000,23.79210090637207,21.847732543945312
1165813200,23.785972595214844,21.911561965942383
1165899600,23.730789184570312,21.720088958740234
1165986000,23.982194900512695,21.663362503051758
1166072400,24.509546279907227,22.30866050720215
1166158800,24.460493087768555,22.2731990814209
1166418000,24.5034122467041,22.039196014404297
1166504400,24.307193756103516,21.939916610717773
1166590800,23.994464874267578,21.635000228881836
1166677200,23.859554290771484,21.436452865600586
1166763600,23.847286224365234,21.578277587890625
1167109200,23.9515323638916,21.698820114135742
1167195600,24.25814437866211,22.124284744262695
1167282000,24.362382888793945,22.152650833129883
1167368400,24.62605857849121,22.088829040527344
1167800400,25.184072494506836,22.719938278198242
1167886800,24.877471923828125,22.8192195892334
1167973200,24.399168014526367,22.542665481567383
1168232400,24.21522331237793,22.478843688964844
1168318800,24.11097526550293,22.59939193725586
1168405200,24.393028259277344,23.024858474731445
1168491600,24.576993942260742,23.436140060424805
1168578000,24.59539794921875,23.443233489990234
1168923600,24.705780029296875,23.684343338012695
1169010000,24.705780029296875,23.57780647277832
1169096400,25.061420440673828,23.85477638244629
1169182800,24.865201950073242,23.939998626708984
1169442000,24.558603286743164,23.74114418029785
1169528400,24.7916202545166,23.890277862548828
1169614800,24.9510498046875,23.85477638244629
1169701200,24.58313751220703,23.49258804321289
1169787600,24.491151809692383,23.13749885559082
1170046800,24.47275733947754,23.201416015625
1170133200,24.63217544555664,23.080678939819336
1170219600,24.981712341308594,23.939998626708984
1170306000,25.190200805664062,24.31639289855957
1170392400,25.036897659301758,24.252479553222656
1170651600,25.159536361694336,24.224077224731445
1170738000,25.30670928955078,24.231170654296875
1170824400,25.36189842224121,24.19565773010254
1170910800,25.196325302124023,23.968399047851562
1170997200,25.14113426208496,23.734045028686523
1171256400,25.41094970703125,23.790861129760742
1171342800,25.607168197631836,23.86897850036621
1171429200,25.588781356811523,23.74824333190918
1171515600,25.545854568481445,24.060731887817383
1171602000,25.41094970703125,23.62751579284668
1171947600,25.349620819091797,23.954200744628906
1172034000,25.325096130371094,23.954200744628906
1172120400,25.25151252746582,23.88318634033203
1172206800,25.11661720275879,24.80640983581543
1172466000,25.012367248535156,24.38741683959961
1172552400,24.417570114135742,23.62041664123535
1172638800,24.276538848876953,23.116193771362305
1172725200,24.190692901611328,22.874738693237305
1172811600,23.920881271362305,22.682994842529297
1173070800,23.712392807006836,22.562253952026367
1173157200,23.931344985961914,23.09488868713379
1173243600,23.87584114074707,23.13749885559082
1173330000,23.931344985961914,23.101987838745117
1173416400,23.851171493530273,22.96706199645996
1173672000,23.54277801513672,22.96706199645996
1173758400,23.03700828552246,21.83077049255371
1173844800,23.166542053222656,22.036724090576172
1173931200,23.12335777282715,22.164562225341797
1174017600,23.135690689086914,21.965707778930664
1174276800,23.265213012695312,22.107742309570312
1174363200,23.394746780395508,22.221372604370117
1174449600,23.89435577392578,22.910242080688477
1174536000,23.64145851135254,22.896038055419922
1174622400,23.57361602783203,22.988357543945312
1174881600,23.382413864135742,22.82501220703125
1174968000,23.030834197998047,22.540950775146484
1175054400,22.679262161254883,22.029624938964844
1175140800,22.71010971069336,22.114850997924805
1175227200,22.660762786865234,22.363407135009766
1175486400,22.691598892211914,22.072235107421875
1175572800,23.209707260131836,22.51254653930664
1175659200,23.505760192871094,22.278186798095703
1175745600,23.45025062561035,22.292381286621094
1176091200,23.487262725830078,22.370508193969727
1176177600,23.579784393310547,22.44862174987793
1176264000,23.419422149658203,22.171659469604492
1176350400,23.45025062561035,22.221372604370117
1176436800,23.370065689086914,22.114850997924805
1176696000,23.78331756591797,22.235565185546875
1176782400,24.326093673706055,22.611967086791992
1176868800,24.079376220703125,22.419919967651367
1176955200,23.99919319152832,22.412805557250977
1177041600,24.18422508239746,22.77557373046875
1177300800,24.18422508239746,22.44124984741211
1177387200,24.24591064453125,22.121171951293945
1177473600,24.36309814453125,22.1567440032959
1177560000,24.048532485961914,22.02870750427246
1177646400,23.727811813354492,21.943355560302734
1177905600,23.357738494873047,21.737075805664062
1177992000,23.70313262939453,21.83666229248047
1178078400,23.9005069732666,21.822433471679688
1178164800,24.09170913696289,21.708621978759766
1178251200,23.993024826049805,21.658842086791992
1178510400,23.95602035522461,21.829540252685547
1178596800,23.826499938964844,21.822433471679688
1178683200,24.16572380065918,22.562175750732422
1178769600,23.925182342529297,22.106948852539062
1178856000,23.968347549438477,21.95757293701172
1179115200,24.060880661010742,22.042938232421875
1179201600,23.622966766357422,21.9718074798584
1179288000,23.666135787963867,22.249204635620117
1179374400,23.622966766357422,22.28477668762207
1179460800,23.98070526123047,23.237903594970703
1179720000,23.826499938964844,22.67598533630371
1179806400,23.764814376831055,22.569290161132812
1179892800,23.91901206970215,22.61197280883789
1179979200,24.02387237548828,22.80401611328125
1180065600,23.67229652404785,22.853811264038086
1180411200,23.838834762573242,22.77557373046875
1180497600,23.869672775268555,22.974727630615234
1180584000,23.97452163696289,23.344594955444336
1180670400,24.18422508239746,23.230785369873047
1180929600,24.548131942749023,23.465511322021484
1181016000,24.104631423950195,23.060075759887695
1181102400,23.75726890563965,22.86091423034668
1181188800,23.36027717590332,22.562175750732422
1181275200,23.54014778137207,22.796905517578125
1181534400,23.391286849975586,22.619081497192383
1181620800,23.17418670654297,22.306110382080078
1181707200,23.403690338134766,22.448366165161133
1181793600,23.440914154052734,22.405689239501953
1181880000,23.54014778137207,22.44124984741211
1182139200,23.54636001586914,22.51238250732422
1182225600,23.738658905029297,22.462596893310547
1182312000,24.830379486083984,22.51238250732422
1182398400,24.780742645263672,22.690208435058594
1182484800,24.414777755737305,22.078502655029297
1182744000,24.303123474121094,22.20652961730957
1182830400,24.284515380859375,22.135404586791992
1182916800,24.662885665893555,22.227867126464844
1183003200,24.514022827148438,21.8651065826416
1183089600,24.408578872680664,21.829540252685547
1183348800,24.420974731445312,21.843772888183594
1183435200,24.31553077697754,21.900676727294922
1183608000,24.706317901611328,21.8935604095459
1183694400,24.99785041809082,22.1282901763916
1183953600,24.954431533813477,21.8651065826416
1184040000,24.966829299926758,21.32452964782715
1184126400,25.109498977661133,21.352983474731445
1184212800,25.394834518432617,21.843772888183594
1184299200,25.351411819458008,21.87934112548828
1184558400,25.171537399291992,21.459674835205078
1184644800,24.904813766479492,21.239171981811523
1184731200,24.836578369140625,21.167856216430664
1184817600,24.625673294067383,21.167856216430664
1184904000,24.433380126953125,21.132192611694336
1185163200,24.16665267944336,20.989547729492188
1185249600,23.54014778137207,20.62582015991211
1185336000,23.59598159790039,20.418991088867188
1185422400,23.136960983276367,20.226436614990234
1185508800,22.79580307006836,19.80564308166504
1185768000,23.453319549560547,20.119443893432617
1185854400,23.056324005126953,19.976808547973633
1185940800,23.428512573242188,20.190765380859375
1186027200,23.459508895874023,20.304880142211914
1186113600,22.44844627380371,19.577411651611328
1186372800,22.882644653320312,19.998205184936523
1186459200,22.578704833984375,19.912620544433594
1186545600,23.447120666503906,20.304880142211914
1186632000,22.200328826904297,19.56315040588379
1186718400,22.280969619750977,19.798513412475586
1186977600,21.859167098999023,19.6416072845459
1187064000,20.79225730895996,19.078176498413086
1187150400,20.693002700805664,18.778623580932617
1187236800,20.35805892944336,19.120960235595703
1187323200,20.66199493408203,19.163755416870117
1187582400,20.959732055664062,20.326269149780273
1187668800,21.276090621948242,20.61868667602539
1187755200,21.567626953125,21.267698287963867
1187841600,21.102399826049805,21.132192611694336
1187928000,21.511796951293945,21.538719177246094
1188187200,21.865360260009766,21.125062942504883
1188273600,21.880971908569336,20.668611526489258
1188360000,22.81739044189453,21.50305938720703
1188446400,23.123291015625,21.58864402770996
1188532800,23.916128158569336,22.152076721191406
1188878400,22.698781967163086,22.009437561035156
1188964800,22.792415618896484,21.524452209472656
1189051200,21.987098693847656,21.545856475830078
1189137600,21.356584548950195,20.989547729492188
1189396800,21.106868743896484,21.22491455078125
1189483200,21.768604278564453,21.453134536743164
1189569600,21.90594482421875,21.217782974243164
1189656000,22.230567932128906,21.873929977416992
1189742400,22.274263381958008,21.966642379760742
1190001600,22.086990356445312,21.93811798095703
1190088000,22.698781967163086,22.744029998779297
1190174400,22.586406707763672,22.765432357788086
1190260800,22.049535751342773,22.15921401977539
1190347200,21.518890380859375,21.838258743286133
1190606400,21.15056610107422,21.7883358001709
1190692800,20.651140213012695,20.333410263061523
1190779200,20.594961166381836,20.36907196044922
1190865600,20.451370239257812,20.18363380432129
1190952000,20.25161361694336,19.983928680419922
1191211200,20.701091766357422,20.468914031982422
1191297600,20.82594108581543,20.476043701171875
1191384000,21.144325256347656,20.632953643798828
1191470400,21.06316375732422,20.42612648010254
1191556800,21.362823486328125,20.88970947265625
1191816000,21.18178367614746,20.51170539855957
1191902400,21.10062599182129,20.690006256103516
1191988800,21.00697898864746,20.732799530029297
1192075200,20.86963653564453,20.66147804260254
1192161600,20.87588119506836,20.632953643798828
1192420800,20.607444763183594,20.083789825439453
1192507200,20.29529571533203,19.791372299194336
1192593600,19.83957862854004,19.583938598632812
1192680000,19.777149200439453,19.369365692138672
1192766400,19.20281410217285,18.68986701965332
1193025600,19.277740478515625,19.254915237426758
1193112000,19.302696228027344,19.111865997314453
1193198400,19.277740478515625,19.44089698791504
1193284800,19.165359497070312,19.29068946838379
1193371200,19.571138381958008,19.4194393157959
1193630400,19.60235023498535,19.4552001953125
1193716800,19.639806747436523,19.30499839782715
1193803200,19.67102813720703,19.233474731445312
1193889600,19.159120559692383,18.704166412353516
1193976000,18.978069305419922,18.596885681152344
1194238800,18.6035099029541,17.974607467651367
1194325200,18.765817642211914,17.688491821289062
1194411600,18.31634521484375,17.43815040588379
1194498000,18.160268783569336,17.545446395874023
1194584400,17.511016845703125,17.109132766723633
1194843600,17.76697540283203,17.430997848510742
1194930000,18.178997039794922,17.91737937927246
1195016400,18.12281608581543,17.76717185974121
1195102800,18.091598510742188,17.91737937927246
1195189200,18.14778709411621,17.888771057128906
1195448400,17.598419189453125,16.53692054748535
1195534800,17.79194450378418,16.100605010986328
1195621200,17.511016845703125,15.814494132995605
1195794000,18.07286834716797,15.928943634033203
1196053200,17.161434173583984,15.621379852294922
1196139600,17.089038848876953,15.800199508666992
1196226000,17.79400062561035,16.78725814819336
1196312400,17.548526763916016,16.908859252929688
1196398800,17.976543426513672,17.45960807800293
1196658000,17.932477951049805,17.25933074951172
1196744400,18.121305465698242,17.36662483215332
1196830800,18.23459815979004,17.55259895324707
1196917200,18.56190299987793,17.874467849731445
1197003600,18.56190299987793,17.9388370513916
1197262800,18.62485122680664,17.910232543945312
1197349200,17.875823974609375,16.8802433013916
1197435600,17.932477951049805,16.758655548095703
1197522000,17.397459030151367,16.508312225341797
1197608400,16.761735916137695,16.250816345214844
1197867600,16.327430725097656,16.265119552612305
1197954000,16.66101837158203,16.46539306640625
1198040400,16.516267776489258,16.329492568969727
1198126800,16.53513526916504,16.350954055786133
1198213200,16.78061866760254,16.70142364501953
1198472400,17.000919342041016,16.78725814819336
1198645200,16.98832893371582,16.586984634399414
1198731600,16.8498592376709,16.56553077697754
1198818000,16.793203353881836,16.207902908325195
1199077200,16.956857681274414,16.179292678833008
1199250000,16.434431076049805,15.86457347869873
1199336400,16.251893997192383,15.56415843963623
1199422800,15.71058177947998,15.077777862548828
1199682000,15.968657493591309,15.099231719970703
1199768400,15.572118759155273,14.677228927612305
1199854800,15.565818786621094,14.777361869812012
1199941200,15.912004470825195,14.863197326660156
1200027600,15.553226470947266,14.527020454406738
1200286800,15.981244087219238,14.906118392944336
1200373200,15.968657493591309,14.856053352355957
1200459600,16.579204559326172,15.52381706237793
1200546000,16.522554397583008,15.645874977111816
1200632400,16.54143524169922,15.933094024658203
1200978000,17.74993896484375,17.62047004699707
1201064400,18.8514461517334,18.697507858276367
1201150800,18.605966567993164,18.245149612426758
1201237200,17.957656860351562,17.74253273010254
1201496400,18.34160614013672,18.237966537475586
1201582800,18.70038414001465,18.51799964904785
1201669200,18.492671966552734,18.19489097595215
1201755600,19.285751342773438,18.977535247802734
1201842000,19.16615867614746,18.34567642211914
1202101200,18.47378158569336,17.79279327392578
1202187600,17.617759704589844,17.297346115112305
1202274000,17.40375518798828,16.995779037475586
1202360400,17.875823974609375,17.21837043762207
1202446800,17.605167388916016,16.952699661254883
1202706000,18.05836296081543,17.426597595214844
1202792400,17.86324119567871,17.369155883789062
1202878800,17.838058471679688,17.35479164123535
1202965200,17.315635681152344,16.909608840942383
1203051600,17.321931838989258,16.751646041870117
1203397200,17.189748764038086,16.615222930908203
1203483600,17.44782066345215,16.73729133605957
1203570000,17.240095138549805,16.679840087890625
1203656400,17.479284286499023,16.938339233398438
1203915600,18.14018440246582,17.59174156188965
1204002000,18.146488189697266,17.943580627441406
1204088400,18.196836471557617,18.30258560180664
1204174800,17.441513061523438,17.72098731994629
1204261200,16.71138572692871,17.211185455322266
1204520400,17.05126953125,17.46967315673828
1204606800,16.91279411315918,17.28298568725586
1204693200,16.843564987182617,17.053220748901367
1204779600,16.21412467956543,16.2490291595459
1204866000,16.289663314819336,16.083881378173828
1205121600,15.735760688781738,15.516636848449707
1205208000,16.64084815979004,15.947447776794434
1205294400,16.596376419067383,15.660240173339844
1205380800,16.818696975708008,15.552538871765137
1205467200,16.35503387451172,15.164801597595215
1205726400,16.323278427124023,14.741169929504395
1205812800,17.269641876220703,16.06233787536621
1205899200,17.047334671020508,15.789487838745117
1205985600,17.822219848632812,16.679840087890625
1206331200,18.584400177001953,17.440959930419922
1206417600,18.266828536987305,17.002965927124023
1206504000,17.885738372802734,16.665483474731445
1206590400,17.650728225708008,16.529056549072266
1206676800,17.390321731567383,16.27775001525879
1206936000,17.765058517456055,16.47161293029785
1207022400,18.73048210144043,17.584558486938477
1207108800,18.520885467529297,17.649185180664062
1207195200,18.558990478515625,17.462501525878906
1207281600,18.285879135131836,17.419416427612305
1207540800,18.101682662963867,17.383520126342773
1207627200,17.8984375,17.247085571289062
1207713600,17.574514389038086,16.751646041870117
1207800000,18.025466918945312,17.6132869720459
1207886400,17.892087936401367,17.225542068481445
1208145600,17.726945877075195,17.254270553588867
1208232000,17.73965835571289,17.376331329345703
1208318400,17.796817779541016,17.635683059692383
1208404800,17.860336303710938,17.671701431274414
1208491200,18.21600914001465,17.902236938476562
1208750400,18.40655517578125,17.88782501220703
1208836800,18.114381790161133,17.520418167114258
1208923200,17.866676330566406,17.59966468811035
1209009600,18.368450164794922,18.024702072143555
1209096000,18.9146728515625,18.7451114654541
1209355200,18.882917404174805,18.471359252929688
1209441600,18.647905349731445,18.38491439819336
1209528000,18.292226791381836,18.14716911315918
1209614400,18.97183609008789,18.92521858215332
1209700800,19.13062858581543,18.82436180114746
1209960000,18.654264450073242,18.334474563598633
1210046400,18.597103118896484,18.305662155151367
1210132800,18.139795303344727,17.95986557006836
1210219200,17.733301162719727,17.38353729248047
1210305600,17.771413803100586,17.43396759033203
1210564800,18.190601348876953,17.786964416503906
1210651200,18.26047134399414,17.570842742919922
1210737600,18.4954833984375,17.938255310058594
1210824000,18.755887985229492,18.11115074157715
1210910400,18.48277473449707,17.931045532226562
1211169600,18.33669090270996,17.469993591308594
1211256000,17.383970260620117,17.116985321044922
1211342400,17.104507446289062,16.84322738647461
1211428800,17.091800689697266,16.900863647460938
1211515200,17.002883911132812,16.78558921813965
1211860800,17.32680320739746,16.936885833740234
1211947200,17.422073364257812,17.4051513671875
1212033600,17.599918365478516,17.570842742919922
1212120000,17.37761878967285,17.289884567260742
1212379200,17.250595092773438,17.333105087280273
1212465600,17.349863052368164,17.26827049255371
1212552000,17.407501220703125,17.318710327148438
1212638400,17.87502670288086,17.736547470092773
1212724800,17.407501220703125,16.944082260131836
1212984000,16.99761390686035,16.73516845703125
1213070400,17.106489181518555,16.792802810668945
1213156800,16.594118118286133,16.461410522460938
1213243200,16.959186553955078,16.771198272705078
1213329600,17.63165283203125,17.390737533569336
1213588800,17.61244773864746,17.32590675354004
1213675200,17.208959579467773,16.88645362854004
1213761600,17.00401496887207,16.677526473999023
1213848000,17.407501220703125,16.9801025390625
1213934400,16.81187629699707,16.447004318237305
1214193600,16.049732208251953,15.690569877624512
1214280000,16.209857940673828,15.78422737121582
1214366400,16.31232261657715,15.942712783813477
1214452800,15.793556213378906,15.272732734680176
1214539200,15.383674621582031,15.034998893737793
1214798400,14.99940299987793,14.948553085327148
1214884800,14.864900588989258,14.847692489624023
1214971200,14.422985076904297,14.573925018310547
1215057600,14.435796737670898,14.566728591918945
1215403200,14.294901847839355,14.473071098327637
1215489600,14.75602912902832,14.998968124389648
1215576000,14.326929092407227,14.566728591918945
1215662400,14.00670337677002,13.99039363861084
1215748800,13.820964813232422,13.615784645080566
1216008000,13.788942337036133,13.687824249267578
1216094400,13.744109153747559,13.169136047363281
1216180800,14.52546501159668,13.990617752075195
1216267200,14.97378158569336,14.547921180725098
1216353600,15.012207984924316,14.424878120422363
1216612800,14.807262420654297,14.294605255126953
1216699200,15.33884048461914,14.938765525817871
1216785600,16.030521392822266,15.344084739685059
1216872000,15.383674621582031,14.757817268371582
1216958400,15.242765426635742,14.46107292175293
1217217600,14.832880020141602,14.214993476867676
1217304000,15.582212448120117,14.996662139892578
1217390400,15.204337120056152,14.844672203063965
1217476800,15.261985778808594,14.707159042358398
1217563200,15.306809425354004,14.692676544189453
1217822400,15.300411224365234,14.794008255004883
1217908800,15.940863609313965,15.525026321411133
1217995200,15.947271347045898,15.373029708862305
1218081600,15.678281784057617,15.15589714050293
1218168000,16.88873291015625,16.487648010253906
1218427200,17.618852615356445,17.233135223388672
1218513600,17.59963607788086,17.414077758789062
1218600000,16.984800338745117,16.704784393310547
1218686400,17.401092529296875,17.233135223388672
1218772800,17.63165283203125,17.732542037963867
1219032000,17.266597747802734,17.761497497558594
1219118400,16.626144409179688,17.262094497680664
1219204800,16.632558822631836,17.587785720825195
1219291200,17.016822814941406,17.78321075439453
1219377600,17.362668991088867,17.993099212646484
1219636800,17.010421752929688,17.471986770629883
1219723200,17.30502700805664,17.775976181030273
1219809600,17.401092529296875,17.804916381835938
1219896000,17.561206817626953,18.022050857543945
1219982400,17.369075775146484,17.833873748779297
1220328000,18.127899169921875,19.05706024169922
1220414400,18.941619873046875,19.33209228515625
1220500800,18.45079803466797,18.65174102783203
1220587200,18.463722229003906,18.63726234436035
1220846400,19.47764015197754,19.802547454833984
1220932800,18.825374603271484,18.56489372253418
1221019200,18.79308319091797,18.260910034179688
1221105600,19.051410675048828,18.29709243774414
1221192000,18.599340438842773,18.398414611816406
1221451200,18.405593872070312,17.74702262878418
1221537600,17.811452865600586,17.66016387939453
1221624000,16.545669555664062,16.42251205444336
1221710400,17.40459632873535,17.421321868896484
1221796800,17.67583656311035,18.478036880493164
1222056000,16.545669555664062,17.21866226196289
1222142400,16.313173294067383,17.095624923706055
1222228800,16.158178329467773,17.13181495666504
1222315200,16.661909103393555,17.28380012512207
1222401600,17.08814239501953,17.70359230041504
1222660800,16.1387996673584,16.617929458618164
1222747200,16.720033645629883,17.146284103393555
1222833600,16.739404678344727,16.8133487701416
1222920000,16.054847717285156,16.234333038330078
1223006400,15.376744270324707,15.57568359375
1223265600,14.737397193908691,14.982192993164062
1223352000,14.136789321899414,14.135369300842285
1223438400,13.671812057495117,13.83862590789795
1223524800,12.871001243591309,13.208938598632812
1223611200,12.754755973815918,12.955615043640137
1223870400,14.020540237426758,14.475542068481445
1223956800,13.607229232788086,13.874815940856934
1224043200,12.806425094604492,13.187797546386719
1224129600,12.722468376159668,13.340466499328613
1224216000,13.051830291748047,14.038389205932617
1224475200,13.419947624206543,14.358270645141602
1224561600,13.252031326293945,13.972960472106934
1224648000,12.573929786682129,13.347737312316895
1224734400,12.309144973754883,13.165986061096191
1224820800,11.953949928283691,12.504413604736328
1225080000,12.2122802734375,12.24996280670166
1225166400,13.930129051208496,14.271028518676758
1225252800,13.981804847717285,14.074737548828125
1225339200,14.672807693481445,14.598179817199707
1225425600,15.234674453735352,15.775919914245605
1225688400,14.349909782409668,15.041648864746094
1225774800,15.105507850646973,15.71776008605957
1225861200,14.304701805114746,14.910783767700195
1225947600,13.516813278198242,13.885710716247559
1226034000,13.600765228271484,14.292837142944336
1226293200,13.3941068649292,14.118351936340332
1226379600,13.245576858520508,13.84936809539795
1226466000,12.787047386169434,13.340466499328613
1226552400,14.356369018554688,14.34372329711914
1226638800,13.264949798583984,13.253228187561035
1226898000,12.916214942932129,13.805749893188477
1226984400,13.374732971191406,13.885710716247559
1227070800,12.76121997833252,13.115097045898438
1227157200,11.960413932800293,12.228151321411133
1227243600,12.457687377929688,12.468066215515137
1227502800,13.833263397216797,14.147430419921875
1227589200,14.369284629821777,14.910783767700195
1227675600,15.208840370178223,15.45604133605957
1227848400,14.92467975616455,15.01983642578125
1228107600,13.697635650634766,13.813016891479492
1228194000,14.262253761291504,14.358270645141602
1228280400,14.856245994567871,15.45604133605957
1228366800,15.156505584716797,15.615974426269531
1228453200,15.926730155944824,16.24119758605957
1228712400,15.828808784484863,16.61924934387207
1228798800,15.143448829650879,16.0594482421875
1228885200,15.854930877685547,16.568359375
1228971600,15.006378173828125,15.645049095153809
1229058000,15.319680213928223,15.986748695373535
1229317200,15.280522346496582,15.950407028198242
1229403600,15.874510765075684,16.3866024017334
1229490000,16.1225528717041,16.70648193359375
1229576400,15.959362983703613,16.502920150756836
1229662800,15.809235572814941,16.3866024017334
1229922000,15.489395141601562,15.521471977233887
1230008400,15.417601585388184,15.346991539001465
1230094800,15.489395141601562,15.441497802734375
1230267600,15.378426551818848,15.36152458190918
1230526800,15.247888565063477,15.448771476745605
1230613200,15.084705352783203,15.645049095153809
1230699600,15.025962829589844,15.645049095153809
1230872400,15.75048828125,16.45929527282715
1231131600,16.12908363342285,16.691938400268555
1231218000,16.488082885742188,16.691938400268555
1231304400,16.037694931030273,16.088529586791992
1231390800,15.920199394226074,15.957666397094727
1231477200,15.574258804321289,15.405146598815918
1231736400,14.99331283569336,14.707218170166016
1231822800,14.693058967590332,14.7581148147583
1231909200,14.301420211791992,14.279928207397461
1231995600,14.888880729675293,14.995388984680176
1232082000,15.143448829650879,15.360411643981934
1232427600,14.353642463684082,14.506241798400879
1232514000,14.542927742004395,14.783668518066406
1232600400,14.340581893920898,14.812872886657715
1232686800,14.177404403686523,14.637663841247559
1232946000,14.836664199829102,15.07569408416748
1233032400,14.438496589660645,14.557348251342773
1233118800,15.012896537780762,14.557348251342773
1233205200,14.360164642333984,14.14122200012207
1233291600,14.05337905883789,13.338150978088379
1233550800,14.079485893249512,13.440356254577637
1233637200,14.307944297790527,13.827293395996094
1233723600,14.18393325805664,13.440356254577637
1233810000,14.621257781982422,13.746989250183105
1233896400,15.35885238647461,14.046313285827637
1234155600,15.071646690368652,13.878396034240723
1234242000,14.497241020202637,13.279747009277344
1234328400,14.451546669006348,13.338150978088379
1234414800,14.347112655639648,13.527972221374512
1234501200,13.851036071777344,12.995025634765625
1234846800,13.015533447265625,12.462084770202637
1234933200,12.924148559570312,12.330678939819336
1235019600,13.159137725830078,12.396381378173828
1235106000,12.702215194702148,11.578717231750488
1235365200,12.212665557861328,11.016570091247559
1235451600,13.492027282714844,11.396200180053711
1235538000,13.257040977478027,11.220986366271973
1235624400,13.472448348999023,11.622516632080078
1235710800,13.63563060760498,11.564114570617676
1235970000,13.002476692199707,10.731850624084473
1236056400,12.330157279968262,10.323019981384277
1236142800,12.408489227294922,10.337617874145508
1236229200,11.847136497497559,9.797375679016113
1236315600,11.749228477478027,9.775470733642578
1236571200,11.899357795715332,9.987189292907715
1236657600,12.834517478942871,10.680745124816895
1236744000,13.006351470947266,11.023871421813965
1236830400,13.435931205749512,11.396200180053711
1236916800,13.68705940246582,11.600618362426758
1237176000,13.3103609085083,11.28669261932373
1237262400,14.195955276489258,11.987547874450684
1237348800,14.922938346862793,12.54969310760498
1237435200,14.830408096313477,12.856318473815918
1237521600,14.645360946655273,12.432883262634277
1237780800,15.365729331970215,13.184844017028809
1237867200,15.167470932006836,13.031537055969238
1237953600,15.3855619430542,13.476861953735352
1238040000,15.953927993774414,13.95870304107666
1238126400,15.616876602172852,13.732386589050293
1238385600,15.451651573181152,13.469563484191895
1238472000,15.57060718536377,13.323554992675781
1238558400,15.74905776977539,13.491466522216797
1238644800,16.370290756225586,14.119318008422852
1238731200,16.522294998168945,13.95870304107666
1238990400,16.423158645629883,14.163117408752441
1239076800,16.10593032836914,13.586377143859863
1239163200,16.60159683227539,14.199620246887207
1239249600,17.117101669311523,14.834771156311035
1239595200,17.156749725341797,14.805571556091309
1239681600,16.74699592590332,14.477046012878418
1239768000,16.965087890625,14.246089935302734
1239854400,17.163358688354492,14.759324073791504
1239940800,17.249271392822266,15.199247360229492
1240200000,16.621423721313477,14.458712577819824
1240286400,17.097274780273438,15.067268371582031
1240372800,17.295536041259766,15.323887825012207
1240459200,17.024566650390625,14.935294151306152
1240545600,17.388059616088867,15.463202476501465
1240804800,17.103879928588867,15.257902145385742
1240891200,17.229446411132812,15.514521598815918
1240977600,17.40789031982422,15.587847709655762
1241064000,17.39467430114746,15.763808250427246
1241150400,17.031179428100586,15.287233352661133
1241409600,17.321979522705078,15.411872863769531
1241496000,17.308753967285156,15.411872863769531
1241582400,17.20962142944336,15.287233352661133
1241668800,16.925434112548828,14.935294151306152
1241755200,16.852741241455078,14.517367362976074
1242014400,16.476036071777344,13.952802658081055
1242100800,16.28436851501465,14.099447250366211
1242187200,16.409944534301758,13.87215518951416
1242273600,16.211671829223633,13.83549690246582
1242360000,16.125762939453125,13.527547836303711
1242619200,17.196407318115234,14.620017051696777
1242705600,16.277759552001953,14.70067310333252
1242792000,15.74905776977539,14.458712577819824
1242878400,15.12781047821045,14.150774002075195
1242964800,15.107983589172363,14.20209789276123
1243310400,15.729225158691406,14.693339347839355
1243396800,15.41860294342041,14.392724990844727
1243483200,15.002248764038086,13.945470809936523
1243569600,15.306249618530273,13.938140869140625
1243828800,15.967146873474121,14.795987129211426
1243915200,16.19184684753418,15.096602439880371
1244001600,16.10593032836914,14.883963584899902
1244088000,16.238109588623047,14.729998588562012
1244174400,15.973758697509766,14.693339347839355
1244433600,16.231502532958984,14.744661331176758
1244520000,16.24150848388672,15.001286506652832
1244606400,16.268184661865234,14.935294151306152
1244692800,16.161468505859375,14.627349853515625
1244779200,16.10810089111328,14.554031372070312
1245038400,15.908005714416504,14.41472053527832
1245124800,15.474459648132324,14.004129409790039
1245211200,15.774603843688965,13.945470809936523
1245297600,15.574509620666504,13.498217582702637
1245384000,15.687891006469727,13.76950454711914
1245643200,15.507798194885254,13.681525230407715
1245729600,15.261011123657227,13.424901008605957
1245816000,15.127614974975586,13.329590797424316
1245902400,15.721250534057617,13.83549690246582
1245988800,15.74792194366455,14.092114448547363
1246248000,15.921344757080078,14.275411605834961
1246334400,15.761266708374023,14.231424331665039
1246420800,15.81462574005127,14.30473518371582
1246507200,15.214327812194824,13.652190208435059
1246852800,15.261011123657227,13.83549690246582
1246939200,14.940851211547852,13.659525871276855
1247025600,15.114274978637695,13.820830345153809
1247112000,15.127614974975586,13.894147872924805
1247198400,15.020894050598145,13.820830345153809
1247457600,15.414419174194336,14.121443748474121
1247544000,15.79461669921875,14.348732948303223
1247630400,16.06141471862793,14.753862380981445
1247716800,16.274852752685547,14.805418968200684
1247803200,16.454944610595703,15.041125297546387
1248062400,16.541654586791992,15.284204483032227
1248148800,16.31487274169922,15.14425277709961
1248235200,16.521650314331055,15.284204483032227
1248321600,16.861818313598633,15.947124481201172
1248408000,16.888498306274414,16.20494270324707
1248667200,16.781782150268555,15.674593925476074
1248753600,16.93518829345703,15.917668342590332
1248840000,16.93518829345703,15.93976879119873
1248926400,17.242008209228516,16.3154239654541
1249012800,17.302032470703125,16.54376220703125
1249272000,17.555505752563477,16.750003814697266
1249358400,17.535493850708008,16.654253005981445
1249444800,17.562164306640625,16.55113983154297
1249531200,17.702241897583008,16.742645263671875
1249617600,18.18248176574707,17.567623138427734
1249876800,18.075763702392578,17.184593200683594
1249963200,17.93569564819336,17.133039474487305
1250049600,18.142465591430664,16.83103370666504
1250136000,18.462629318237305,17.169864654541016
1250222400,18.102447509765625,16.816301345825195
1250481600,17.415428161621094,15.077958106994629
1250568000,17.962371826171875,14.724383354187012
1250654400,17.842317581176758,14.893799781799316
1250740800,17.795618057250977,15.019030570983887
1250827200,18.342561721801758,15.586204528808594
1251086400,18.02907371520996,15.262104034423828
1251172800,18.222509384155273,15.519901275634766
1251259200,18.389253616333008,15.902932167053223
1251345600,18.37590789794922,15.983963012695312
1251432000,18.46929359436035,15.983963012695312
1251691200,18.202495574951172,15.836637496948242
1251777600,17.983919143676758,15.36522388458252
1251864000,17.842681884765625,15.36522388458252
1251950400,18.091522216796875,15.696690559387207
1252036800,18.178953170776367,15.925036430358887
1252382400,18.481599807739258,16.035518646240234
1252468800,18.41434669494629,15.998690605163574
1252555200,18.51523208618164,16.10181999206543
1252641600,18.387441635131836,15.785078048706055
1252900800,18.501773834228516,15.733519554138184
1252987200,18.434518814086914,15.62303638458252
1253073600,18.87166976928711,15.910294532775879
1253160000,18.777524948120117,15.954498291015625
1253246400,18.986011505126953,16.182838439941406
1253505600,18.925479888916016,16.168102264404297
1253592000,18.575759887695312,15.519901275634766
1253678400,18.394168853759766,15.858738899230957
1253764800,18.18568229675293,15.755610466003418
1253851200,18.057897567749023,15.50517463684082
1254110400,18.33363914489746,15.652496337890625
1254196800,18.044445037841797,15.62303638458252
1254283200,17.91666603088379,15.424150466918945
1254369600,17.701440811157227,14.996930122375488
1254456000,17.506410598754883,14.753862380981445
1254715200,17.58711051940918,15.070587158203125
1254801600,17.68126678466797,15.23263931274414
1254888000,17.580385208129883,14.879079818725586
1254974400,18.084802627563477,15.306294441223145
1255060800,18.131877899169922,15.424150466918945
1255320000,18.18568229675293,15.475711822509766
1255406400,18.51523208618164,15.79980754852295
1255492800,18.41434669494629,16.07349967956543
1255579200,18.360538482666016,16.01432228088379
1255665600,18.33363914489746,15.799805641174316
1255924800,18.58247947692871,16.09569549560547
1256011200,18.138601303100586,15.822002410888672
1256097600,17.701440811157227,15.356000900268555
1256184000,17.97046661376953,15.659265518188477
1256270400,17.667821884155273,15.319008827209473
1256529600,17.553483963012695,15.045327186584473
1256616000,17.486228942871094,14.74205493927002
1256702400,16.954914093017578,14.423991203308105
1256788800,17.42569923400879,14.779038429260254
1256875200,16.874208450317383,14.47576904296875
1257138000,16.854034423828125,14.483159065246582
1257224400,16.813678741455078,14.38699722290039
1257310800,16.78678321838379,14.431382179260254
1257397200,17.237382888793945,14.845611572265625
1257483600,17.54003143310547,15.489145278930664
1257742800,18.030994415283203,15.718445777893066
1257829200,18.037723541259766,15.540922164916992
1257915600,18.36726951599121,15.755427360534668
1258002000,18.320188522338867,15.881183624267578
1258088400,18.387441635131836,16.162263870239258
1258347600,18.595930099487305,16.080902099609375
1258434000,18.152050018310547,15.88857650756836
1258520400,18.353818893432617,15.969943046569824
1258606800,18.23276138305664,15.895971298217773
1258693200,18.279842376708984,15.7924165725708
1258952400,18.501773834228516,16.18445587158203
1259038800,18.535398483276367,16.280609130859375
1259125200,18.730440139770508,16.384164810180664
1259298000,18.569026947021484,16.24363136291504
1259557200,18.400896072387695,16.13266944885254
1259643600,18.98747444152832,16.702232360839844
1259730000,19.211246490478516,16.754011154174805
1259816400,18.94000816345215,16.62826156616211
1259902800,19.04172134399414,16.92413902282715
1260162000,19.136661529541016,16.850173950195312
1260248400,18.763694763183594,16.79839515686035
1260334800,18.682315826416016,16.872364044189453
1260421200,18.98068618774414,17.079479217529297
1260507600,19.319751739501953,17.663837432861328
1260766800,19.577438354492188,17.87834930419922
1260853200,19.679162979125977,17.752593994140625
1260939600,19.638469696044922,17.52329444885254
1261026000,19.529970169067383,17.52329444885254
1261112400,19.428255081176758,17.47151756286621
1261371600,19.638469696044922,17.634246826171875
1261458000,19.86224937438965,17.649038314819336
1261544400,19.66559600830078,17.4271297454834
1261630800,19.78087615966797,17.49370574951172
1261976400,19.787656784057617,17.49370574951172
1262062800,19.84869384765625,17.46411895751953
1262149200,19.753755569458008,17.40494155883789
1262235600,19.618125915527344,17.3013916015625
1262581200,19.44182014465332,17.131256103515625
1262667600,19.58422088623047,16.953731536865234
1262754000,19.516414642333984,16.998109817504883
1262840400,19.746973037719727,17.486310958862305
1262926800,19.65203857421875,17.449325561523438
1263186000,19.095975875854492,17.3013916015625
1263272400,18.97391128540039,17.256999969482422
1263358800,19.07562828063965,17.17564582824707
1263445200,19.190908432006836,17.153451919555664
1263531600,19.374004364013672,17.175722122192383
1263877200,19.58422088623047,17.160879135131836
1263963600,19.43503761291504,16.9306640625
1264050000,19.312969207763672,16.99750328063965
1264136400,18.797588348388672,16.566810607910156
1264395600,18.729782104492188,16.42572784423828
1264482000,18.804378509521484,16.306909561157227
1264568400,18.878971099853516,16.42572784423828
1264654800,18.53990364074707,16.32176971435547
1264741200,18.994251251220703,16.076719284057617
1265000400,19.251937866210938,16.329198837280273
1265086800,19.685943603515625,16.767316818237305
1265173200,19.30619239807129,16.418302536010742
1265259600,18.94000816345215,16.03959083557129
1265346000,18.97391128540039,16.03216552734375
1265605200,19.387563705444336,16.158401489257812
1265691600,19.577438354492188,16.217803955078125
1265778000,19.428255081176758,16.188098907470703
1265864400,19.6588134765625,16.462858200073242
1265950800,19.66559600830078,16.455427169799805
1266296400,19.963970184326172,16.88612174987793
1266382800,20.35728645324707,17.116315841674805
1266469200,20.547155380249023,17.190576553344727
1266555600,20.4454345703125,17.175722122192383
1266814800,20.560712814331055,17.13117218017578
1266901200,20.852313995361328,16.938098907470703
1266987600,21.265966415405273,17.554439544677734
1267074000,21.265966415405273,17.6881046295166
1267160400,21.157470703125,17.606420516967773
1267419600,21.31343650817871,17.806913375854492
1267506000,21.265966415405273,17.591569900512695
1267592400,21.340553283691406,17.539588928222656
1267678800,21.320220947265625,17.66582679748535
1267765200,21.564342498779297,17.858884811401367
1268024400,21.672840118408203,17.784635543823242
1268110800,21.642784118652344,17.829191207885742
1268197200,21.66326904296875,18.0371150970459
1268283600,21.950206756591797,18.25988006591797
1268370000,22.168821334838867,18.527204513549805
1268625600,22.332782745361328,18.594038009643555
1268712000,22.237140655517578,18.60146713256836
1268798400,22.216638565063477,18.683143615722656
1268884800,22.134668350219727,18.490079879760742
1268971200,22.107330322265625,18.40097427368164
1269230400,22.319116592407227,18.497507095336914
1269316800,22.264467239379883,18.43810272216797
1269403200,22.08000946044922,18.10394287109375
1269489600,22.284957885742188,18.074241638183594
1269576000,22.37377166748047,18.178197860717773
1269835200,22.271303176879883,18.051963806152344
1269921600,22.332782745361328,18.074241638183594
1270008000,22.100502014160156,17.99997901916504
1270094400,22.121002197265625,18.222761154174805
1270440000,22.312286376953125,18.46780014038086
1270526400,22.237140655517578,18.549482345581055
1270612800,22.27813148498535,18.749984741210938
1270699200,22.524070739746094,19.002464294433594
1270785600,22.71535873413086,19.03215217590332
1271044800,22.872499465942383,19.0098819732666
1271131200,23.460012435913086,19.470272064208984
1271217600,23.897245407104492,19.74502944946289
1271304000,24.00655174255371,19.797008514404297
1271390400,23.917739868164062,19.522260665893555
1271649600,24.02703285217285,19.70853614807129
1271736000,24.03386878967285,19.83521270751953
1271822400,24.095352172851562,19.86501693725586
1271908800,24.402790069580078,20.51327896118164
1271995200,24.860502243041992,21.027402877807617
1272254400,24.928836822509766,20.98269271850586
1272340800,24.10902976989746,20.11835479736328
1272427200,24.040706634521484,20.140708923339844
1272513600,24.29347801208496,20.416410446166992
1272600000,24.06803321838379,20.20777130126953
1272859200,24.50526237487793,20.669748306274414
1272945600,24.197834014892578,20.095996856689453
1273032000,24.074865341186523,19.857568740844727
1273118400,23.200407028198242,19.01557159423828
1273204800,22.83832550048828,18.859100341796875
1273464000,24.10902976989746,19.894826889038086
1273550400,24.341297149658203,20.19286346435547
1273636800,24.51892852783203,20.163063049316406
1273723200,24.095352172851562,19.559513092041016
1273809600,24.04753875732422,19.425392150878906
1274068800,24.313982009887695,18.821836471557617
1274155200,23.726442337036133,18.404571533203125
1274241600,23.487335205078125,18.493988037109375
1274328000,22.46941566467285,17.65944480895996
1274414400,22.558231353759766,18.032014846801758
1274673600,22.69486427307129,18.01709747314453
1274760000,23.214073181152344,18.195934295654297
1274846400,23.25505828857422,18.13632583618164
1274932800,23.603477478027344,18.717525482177734
1275019200,23.132089614868164,18.44182777404785
1275364800,23.07429313659668,18.09907341003418
1275451200,23.30132484436035,18.203386306762695
1275537600,22.998628616333008,18.210838317871094
1275624000,22.118032455444336,17.52532196044922
1275883200,21.70525360107422,17.428462982177734
1275969600,21.884119033813477,17.413557052612305
1276056000,21.849727630615234,17.346494674682617
1276142400,22.510181427001953,17.763765335083008
1276228800,22.166189193725586,17.495519638061523
1276488000,22.056116104125977,17.473163604736328
1276574400,22.193708419799805,17.830820083618164
1276660800,22.111148834228516,17.286882400512695
1276747200,21.952924728393555,16.899417877197266
1276833600,21.97355842590332,16.85470962524414
1277092800,21.622697830200195,16.77274513244629
1277179200,21.058563232421875,16.213905334472656
1277265600,20.982892990112305,16.280973434448242
1277352000,20.41187858581543,15.826435089111328
1277438400,20.77650260925293,15.8934965133667
1277697600,20.35684585571289,15.818990707397461
1277784000,19.696401596069336,15.349555969238281
1277870400,19.311140060424805,15.215437889099121
1277956800,19.20793914794922,15.20798397064209
1278043200,19.09787368774414,15.10366439819336
1278388800,18.808927536010742,14.87268352508545
1278475200,19.269859313964844,15.19308853149414
1278561600,19.366178512573242,15.07386302947998
1278648000,19.441850662231445,15.22288703918457
1278907200,19.47625160217285,15.17072582244873
1278993600,19.703283309936523,15.766824722290039
1279080000,19.455615997314453,15.55074691772461
1279166400,19.49689292907715,15.558195114135742
1279252800,18.65069580078125,14.932290077209473
1279512000,18.623172760009766,14.93228816986084
1279598400,19.21483039855957,15.23198413848877
1279684800,18.898365020751953,14.969751358032227
1279771200,19.414329528808594,15.606598854064941
1279857600,19.434974670410156,15.816385269165039
1280116800,19.94407081604004,16.333351135253906
1280203200,19.661996841430664,15.846358299255371
1280289600,19.318025588989258,15.509201049804688
1280376000,19.29737663269043,15.344376564025879
1280462400,19.613847732543945,15.53917121887207
1280721600,20.033506393432617,15.981222152709961
1280808000,19.57256317138672,15.53917121887207
1280894400,19.758316040039062,15.591614723205566
1280980800,19.75143051147461,15.53917121887207
1281067200,19.730796813964844,15.194522857666016
1281326400,19.744558334350586,15.217000961303711
1281412800,19.428098678588867,14.924798965454102
1281499200,19.063472747802734,14.842382431030273
1281585600,18.994678497314453,14.789933204650879
1281672000,18.788291931152344,14.677546501159668
1281931200,18.836444854736328,14.759964942932129
1282017600,19.47625160217285,14.977246284484863
1282104000,19.854625701904297,15.576638221740723
1282190400,19.414329528808594,15.28443717956543
1282276800,19.379932403564453,15.464254379272461
1282536000,19.146026611328125,15.157062530517578
1282622400,19.11162757873535,15.149567604064941
1282708800,19.490001678466797,15.516700744628906
1282795200,19.524412155151367,15.4717435836792
1282881600,19.772077560424805,15.808902740478516
1283140800,19.25609588623047,15.329388618469238
1283227200,19.301895141601562,15.194522857666016
1283313600,19.891630172729492,15.913787841796875
1283400000,20.40505599975586,16.438257217407227
1283486400,20.710330963134766,16.453237533569336
1283832000,20.349546432495117,16.131071090698242
1283918400,20.432811737060547,16.138566970825195
1284004800,20.40505599975586,16.161029815673828
1284091200,20.592384338378906,16.12358283996582
1284350400,20.807466506958008,16.26592254638672
1284436800,20.793594360351562,16.131071090698242
1284523200,20.772781372070312,16.093605041503906
1284609600,20.77971839904785,15.966241836547852
1284696000,20.73809051513672,15.74896240234375
1284955200,21.265384674072266,16.07862091064453
1285041600,21.44577980041504,16.250951766967773
1285128000,21.42496681213379,16.303394317626953
1285214400,21.397214889526367,16.12358283996582
1285300800,21.9522647857666,16.842849731445312
1285560000,21.924518585205078,16.68550682067871
1285646400,22.070207595825195,16.7903995513916
1285732800,22.070207595825195,16.625572204589844
1285819200,21.98001480102539,16.700498580932617
1285905600,22.0771541595459,16.74544334411621
1286164800,21.973068237304688,16.663026809692383
1286251200,22.02164649963379,16.985197067260742
1286337600,22.02164649963379,16.985197067260742
1286424000,22.02164649963379,16.955232620239258
1286510400,22.125717163085938,17.007673263549805
1286769600,22.056337356567383,16.92525863647461
1286856000,21.792688369750977,16.513179779052734
1286942400,21.508224487304688,16.40079689025879
1287028800,21.37640380859375,16.243453979492188
1287115200,21.300081253051758,16.153545379638672
1287374400,21.182126998901367,15.85232162475586
1287460800,21.0988712310791,15.85232162475586
1287547200,21.32089614868164,16.304161071777344
1287633600,22.070207595825195,16.605392456054688
1287720000,21.84125328063965,16.567750930786133
1287979200,21.785749435424805,16.462312698364258
1288065600,21.709426879882812,16.35687255859375
1288152000,21.4388427734375,16.16107177734375
1288238400,21.640045166015625,16.10083770751953
1288324800,21.4388427734375,16.07070541381836
1288584000,21.30701446533203,15.957745552062988
1288670400,21.862060546875,16.507492065429688
1288756800,21.827375411987305,16.507492065429688
1288843200,22.160404205322266,16.79366111755371
1288929600,22.146530151367188,16.786136627197266
1289192400,21.848190307617188,16.635515213012695
1289278800,21.834312438964844,16.304161071777344
1289365200,21.98001480102539,16.462312698364258
1289451600,21.99388885498047,16.79366111755371
1289538000,21.813505172729492,16.334287643432617
1289797200,21.778812408447266,16.16107177734375
1289883600,22.000825881958008,16.243911743164062
1289970000,21.390268325805664,16.206262588500977
1290056400,21.41802978515625,16.296628952026367
1290142800,21.660856246948242,16.635515213012695
1290402000,21.570663452148438,16.81625747680664
1290488400,21.44577980041504,16.620452880859375
1290574800,21.619237899780273,17.064767837524414
1290747600,21.508224487304688,16.748470306396484
1291006800,21.293140411376953,16.838848114013672
1291093200,21.122533798217773,17.094890594482422
1291179600,22.10140037536621,17.885629653930664
1291266000,23.32499122619629,18.766738891601562
1291352400,23.408885955810547,18.721555709838867
1291611600,23.310998916625977,18.69142723083496
1291698000,23.45782470703125,18.939926147460938
1291784400,23.793445587158203,19.32400894165039
1291870800,23.996213912963867,18.9625301361084
1291957200,24.05215072631836,18.992650985717773
1292216400,24.16401481628418,18.82698631286621
1292302800,24.275880813598633,18.909812927246094
1292389200,24.324825286865234,18.947465896606445
1292475600,24.555559158325195,19.165864944458008
1292562000,24.54157066345215,18.954998016357422
1292821200,24.611495971679688,19.248701095581055
1292907600,24.5275936126709,19.33906364440918
1292994000,24.597509384155273,19.331539154052734
1293080400,24.534584045410156,19.218576431274414
1293426000,24.639463424682617,19.18844985961914
1293512400,24.534584045410156,18.939926147460938
1293598800,24.39474868774414,18.84956932067871
1293685200,24.37377166748047,18.819448471069336
1293771600,24.51360511779785,18.887231826782227
1294030800,24.68840789794922,18.947465896606445
1294117200,24.24092674255371,18.49562644958496
1294203600,24.16401481628418,18.585988998413086
1294290000,24.066125869750977,18.17179298400879
1294376400,24.038162231445312,18.066370010375977
1294635600,24.04514503479004,18.307350158691406
1294722000,24.37377166748047,18.367599487304688
1294808400,24.352798461914062,18.40525245666504
1294894800,24.660438537597656,18.48809051513672
1294981200,25.093929290771484,18.911706924438477
1295326800,25.184829711914062,18.919282913208008
1295413200,24.912147521972656,18.45783042907715
1295499600,25.513452529907227,19.13864517211914
1295586000,25.527435302734375,18.919282913208008
1295845200,25.62531852722168,18.96466827392578
1295931600,25.981908798217773,19.335338592529297
1296018000,26.163700103759766,19.554716110229492
1296104400,26.55525016784668,19.849733352661133
1296190800,25.660289764404297,19.100828170776367
1296450000,25.709228515625,18.760414123535156
1296536400,25.863040924072266,18.911706924438477
1296622800,25.562395095825195,18.351932525634766
1296709200,25.660289764404297,18.53347396850586
1296795600,25.730199813842773,18.692337036132812
1297054800,25.59036636352539,18.624258041381836
1297141200,25.981908798217773,18.722597122192383
1297227600,25.9888973236084,18.51078224182129
1297314000,26.086780548095703,18.480527877807617
1297400400,26.205650329589844,18.979793548583984
1297659600,26.275569915771484,19.040313720703125
1297746000,26.352479934692383,19.350461959838867
1297832400,26.471343994140625,19.509334564208984
1297918800,26.695083618164062,19.774084091186523
1298005200,26.904842376708984,19.89512062072754
1298350800,26.632165908813477,19.66061782836914
1298437200,26.079795837402344,19.463937759399414
1298523600,25.967927932739258,18.994930267333984
1298610000,25.925966262817383,19.115968704223633
1298869200,26.19866943359375,19.796775817871094
1298955600,25.70223617553711,19.289955139160156
1299042000,25.6323184967041,19.501760482788086
1299128400,26.254581451416016,19.880001068115234
1299214800,26.023860931396484,19.849733352661133
1299474000,25.77914810180664,19.66818618774414
1299560400,26.074806213378906,20.12963104248047
1299646800,26.518295288085938,20.28848648071289
1299733200,26.095930099487305,20.18257713317871
1299819600,26.145204544067383,20.379262924194336
1300075200,25.821382522583008,20.280921936035156
1300161600,25.546833038330078,20.152318954467773
1300248000,25.117416381835938,19.66818618774414
1300334400,25.173723220825195,19.72870445251465
1300420800,25.342687606811523,19.819475173950195
1300680000,25.64539337158203,19.910253524780273
1300766400,25.546833038330078,20.008594512939453
1300852800,25.779150009155273,20.40195655822754
1300939200,26.300077438354492,20.636465072631836
1301025600,26.342315673828125,20.568378448486328
1301284800,25.800256729125977,20.212844848632812
1301371200,26.53942108154297,20.371700286865234
1301457600,26.447914123535156,20.40195655822754
1301544000,26.088884353637695,19.99346351623535
1301630400,26.44086265563965,20.22797203063965
1301889600,26.377519607543945,20.106945037841797
1301976000,26.46902084350586,20.258230209350586
1302062400,26.39862632751465,20.175020217895508
1302148800,26.630939483642578,20.1220645904541
1302235200,26.370473861694336,20.28848648071289
1302494400,26.46902084350586,20.258230209350586
1302580800,26.581655502319336,20.492733001708984
1302667200,26.518295288085938,20.3565673828125
1302753600,26.637983322143555,20.492733001708984
1302840000,26.87028694152832,20.462478637695312
1303099200,26.581655502319336,20.097881317138672
1303185600,26.588708877563477,20.249794006347656
1303272000,26.708372116088867,20.249794006347656
1303358400,26.609821319580078,20.257394790649414
1303704000,26.44086265563965,20.006732940673828
1303790400,26.194475173950195,19.95357322692871
1303876800,26.27191734313965,20.310562133789062
1303963200,26.377519607543945,20.204225540161133
1304049600,26.152233123779297,19.938385009765625
1304308800,26.293033599853516,20.037120819091797
1304395200,26.293033599853516,19.78646469116211
1304481600,26.18039894104004,19.566192626953125
1304568000,26.053686141967773,19.566192626953125
1304654400,26.039600372314453,19.475055694580078
1304913600,26.01848793029785,19.566192626953125
1305000000,26.236719131469727,19.90799903869629
1305086400,26.20856285095215,19.702917098999023
1305172800,26.25079917907715,19.73330307006836
1305259200,26.053686141967773,19.566192626953125
1305518400,26.032562255859375,18.867406845092773
1305604800,26.328235626220703,18.799043655395508
1305691200,26.370473861694336,19.02690887451172
1305777600,26.32118797302246,18.821823120117188
1305864000,26.08185386657715,18.578771591186523
1306123200,25.91994285583496,18.518007278442383
1306209600,25.729862213134766,18.343305587768555
1306296000,25.786176681518555,18.48762321472168
1306382400,25.476430892944336,18.46483612060547
1306468800,25.342687606811523,18.419267654418945
1306814400,25.539794921875,18.33571434020996
1306900800,24.92030906677246,18.01670265197754
1306987200,24.70207405090332,17.917959213256836
1307073600,24.378250122070312,17.773645401000977
1307332800,24.13890838623047,17.371078491210938
1307419200,24.167055130004883,17.46222686767578
1307505600,24.005157470703125,17.257143020629883
1307592000,24.167055130004883,17.29511833190918
1307678400,23.561655044555664,16.907752990722656
1307937600,23.589815139770508,16.748241424560547
1308024000,24.646608352661133,17.257143020629883
1308110400,24.02956199645996,16.793813705444336
1308196800,24.469289779663086,17.226757049560547
1308283200,24.490570068359375,17.340696334838867
1308542400,24.660795211791992,17.553375244140625
1308628800,25.128902435302734,17.986316680908203
1308715200,24.774267196655273,17.614133834838867
1308801600,25.28493881225586,18.009103775024414
1308888000,24.880664825439453,17.659704208374023
1309147200,24.965770721435547,17.583755493164062
1309233600,25.575733184814453,17.826805114746094
1309320000,25.51898956298828,17.758445739746094
1309406400,25.689207077026367,17.705284118652344
1309492800,26.05093002319336,18.0926570892334
1309838400,25.951637268066406,17.834407806396484
1309924800,25.937450408935547,17.667308807373047
1310011200,26.27790069580078,18.221778869628906
1310097600,25.972925186157227,17.93314552307129
1310356800,25.788496017456055,17.606538772583008
1310443200,25.611186981201172,17.606538772583008
1310529600,25.625375747680664,17.682493209838867
1310616000,25.504806518554688,17.553375244140625
1310702400,25.46933937072754,17.363479614257812
1310961600,25.31330108642578,17.195348739624023
1311048000,25.611186981201172,17.546892166137695
1311134400,25.823970794677734,17.401691436767578
1311220800,26.043832778930664,17.53160858154297
1311307200,25.901996612548828,17.287052154541016
1311566400,25.994186401367188,17.279417037963867
1311652800,25.809791564941406,17.45519256591797
1311739200,25.270750045776367,17.164775848388672
1311825600,24.930307388305664,16.652740478515625
1311912000,24.774267196655273,16.492246627807617
1312171200,24.291973114013672,16.11777687072754
1312257600,23.27775001525879,15.636303901672363
1312344000,23.369949340820312,15.60573673248291
1312430400,22.483383178710938,15.452880859375
1312516800,21.802490234375,15.399388313293457
1312776000,20.518739700317383,14.26832103729248
1312862400,21.38404083251953,14.65043830871582
1312948800,20.220861434936523,13.840346336364746
1313035200,21.313112258911133,14.58929443359375
1313121600,21.68901252746582,14.910276412963867
1313380800,22.313159942626953,15.040201187133789
1313467200,23.490520477294922,15.353535652160645
1313553600,23.696210861206055,15.361173629760742
1313640000,22.80963897705078,14.96376895904541
1313726400,22.611042022705078,14.757434844970703
1313985600,22.894746780395508,14.925564765930176
1314072000,23.483430862426758,15.376462936401367
1314158400,24.377086639404297,15.544598579406738
1314244800,24.00118637084961,15.36882495880127
1314331200,24.11466407775879,15.468170166015625
1314590400,24.10757827758789,15.659231185913086
1314676800,23.986099243164062,15.3076810836792
1314763200,23.850357055664062,15.231255531311035
1314849600,23.528820037841797,15.139554023742676
1314936000,22.992937088012695,14.474664688110352
1315281600,22.900047302246094,14.681007385253906
1315368000,23.485950469970703,15.024917602539062
1315454400,23.19300079345703,14.96376895904541
1315540800,22.771438598632812,14.489946365356445
1315800000,23.114404678344727,14.61987018585205
1315886400,23.335899353027344,14.635153770446777
1315972800,23.964672088623047,14.96376895904541
1316059200,24.49340057373047,15.277109146118164
1316145600,24.729190826416016,15.57516860961914
1316404800,24.543418884277344,15.292397499084473
1316491200,24.872095108032227,15.223616600036621
1316577600,24.17902183532715,14.658077239990234
1316664000,23.61455535888672,14.444096565246582
1316750400,24.093280792236328,15.086053848266602
1317009600,24.293344497680664,15.147196769714355
1317096000,24.207611083984375,15.468170166015625
1317182400,24.00754165649414,15.19305419921875
1317268800,24.1433048248291,15.300033569335938
1317355200,23.485950469970703,14.780360221862793
1317614400,22.571380615234375,14.505236625671387
1317700800,23.200138092041016,15.024917602539062
1317787200,23.457366943359375,15.086053848266602
1317873600,23.850357055664062,15.468170166015625
1317960000,24.236188888549805,15.544598579406738
1318219200,24.76491928100586,15.942002296447754
1318305600,24.800642013549805,15.689802169799805
1318392000,24.807790756225586,15.758580207824707
1318478400,24.58629035949707,15.628662109375
1318564800,25.04358673095703,15.99549388885498
1318824000,24.75777816772461,16.072431564331055
1318910400,25.686643600463867,16.53406524658203
1318996800,25.293664932250977,16.187841415405273
1319083200,25.52944564819336,16.557144165039062
1319169600,26.336849212646484,17.026464462280273
1319428800,26.2225341796875,16.757186889648438
1319515200,25.750953674316406,16.549448013305664
1319601600,26.115337371826172,16.64946937561035
1319688000,26.594066619873047,16.84950828552246
1319774400,25.80810546875,16.441740036010742
1320033600,25.579463958740234,16.172452926635742
1320120000,25.39369010925293,15.84931468963623
1320206400,25.71522331237793,16.41096305847168
1320292800,26.043893814086914,16.641782760620117
1320379200,26.00103187561035,16.572534561157227
1320642000,26.679811477661133,17.16495132446289
1320728400,27.10851287841797,17.51888084411621
1320814800,26.551206588745117,17.080322265625
1320901200,26.57977294921875,17.280372619628906
1320987600,27.194259643554688,17.780466079711914
1321246800,27.330013275146484,18.080520629882812
1321333200,27.2014102935791,17.84971046447754
1321419600,27.037065505981445,18.07283592224121
1321506000,26.87986946105957,17.988197326660156
1321592400,27.065645217895508,17.934343338012695
1321851600,26.47974967956543,17.765073776245117
1321938000,26.508331298828125,17.549654006958008
1322024400,26.09392547607422,17.295747756958008
1322197200,26.058181762695312,17.449636459350586
1322456400,26.65123176574707,17.972816467285156
1322542800,28.05545425415039,18.696033477783203
1322629200,28.24267578125,18.472911834716797
1322715600,28.329084396362305,18.36520004272461
1322802000,28.761157989501953,18.703723907470703
1323061200,28.9699764251709,18.73450469970703
1323147600,29.034772872924805,19.057640075683594
1323234000,29.330028533935547,19.38848304748535
1323320400,28.73954200744629,19.142271041870117
1323406800,28.9699764251709,19.211519241333008
1323666000,28.840349197387695,18.996097564697266
1323752400,28.451499938964844,18.603702545166016
1323838800,28.185068130493164,18.834514617919922
1323925200,28.386688232421875,18.973012924194336
1324011600,29.106792449951172,19.249988555908203
1324270800,28.948381423950195,19.0191707611084
1324357200,30.20855712890625,19.796253204345703
1324443600,30.244571685791016,19.973215103149414
1324530000,30.186962127685547,19.588518142700195
1324616400,30.309385299682617,19.442344665527344
1324962000,30.40300178527832,19.650070190429688
1325048400,29.9061222076416,19.280763626098633
1325134800,30.251768112182617,19.757780075073242
1325221200,30.273380279541016,19.526973724365234
1325566800,30.34539794921875,19.634681701660156
1325653200,30.77745819091797,20.365604400634766
1325739600,31.02947998046875,20.288654327392578
1325826000,31.108705520629883,20.265575408935547
1326085200,31.130313873291016,20.080928802490234
1326171600,31.346338272094727,20.334823608398438
1326258000,31.295936584472656,20.41176414489746
1326344400,31.245532989501953,20.304052352905273
1326430800,31.331932067871094,20.250186920166016
1326776400,31.4975643157959,20.619495391845703
1326862800,32.31848907470703,21.127294540405273
1326949200,32.70014190673828,21.02726936340332
1327035600,32.05202865600586,20.41176414489746
1327294800,32.31848907470703,20.365352630615234
1327381200,32.376094818115234,20.79075813293457
1327467600,32.59212112426758,20.8139591217041
1327554000,32.36890411376953,20.84490203857422
1327640400,32.311279296875,20.8139591217041
1327899600,32.239288330078125,20.744346618652344
1327986000,31.96563720703125,20.75208854675293
1328072400,32.02325439453125,20.79075813293457
1328158800,32.01604461669922,20.744346618652344
1328245200,32.52732849121094,21.038267135620117
1328504400,32.54892349243164,20.891305923461914
1328590800,32.73615264892578,20.85263442993164
1328677200,32.52732849121094,20.79075813293457
1328763600,32.59931945800781,20.8139591217041
1328850000,32.64253616333008,20.95318031311035
1329109200,33.07461166381836,21.185222625732422
1329195600,33.168212890625,21.030534744262695
1329282000,32.916168212890625,21.21616554260254
1329368400,33.07461166381836,21.123348236083984
1329454800,33.63627624511719,21.409528732299805
1329800400,33.78750228881836,21.47140884399414
1329886800,33.53546142578125,20.84490203857422
1329973200,33.809112548828125,20.929981231689453
1330059600,33.830711364746094,21.007328033447266
1330318800,33.79472351074219,21.146554946899414
1330405200,34.01074981689453,21.4327335357666
1330491600,34.25557327270508,21.950958251953125
1330578000,34.176368713378906,21.950958251953125
1330664400,34.14036560058594,21.75759506225586
1330923600,34.12594985961914,21.84267234802246
1331010000,33.61152267456055,21.533287048339844
1331096400,34.33607864379883,22.32996368408203
1331182800,34.64762878417969,22.70895767211914
1331269200,34.850502014160156,23.026073455810547
1331524800,35.20550537109375,23.080217361450195
1331611200,35.60401916503906,23.381872177124023
1331697600,35.8431282043457,23.582971572875977
1331784000,35.64749526977539,23.73766326904297
1331870400,35.5388069152832,23.521087646484375
1332129600,35.379425048828125,23.61391258239746
1332216000,35.77791213989258,23.660320281982422
1332302400,36.07496643066406,23.869157791137695
1332388800,35.99528121948242,23.938766479492188
1332475200,35.893836975097656,23.776334762573242
1332734400,36.321327209472656,24.11665916442871
1332820800,36.25611114501953,24.11665916442871
1332907200,36.161930084228516,24.14759635925293
1332993600,36.161930084228516,24.139863967895508
1333080000,36.451744079589844,24.27135467529297
1333339200,36.219886779785156,24.27135467529297
1333425600,36.227115631103516,24.031572341918945
1333512000,36.118446350097656,24.186269760131836
1333598400,36.676353454589844,24.248151779174805
1333944000,36.647369384765625,24.047048568725586
1334030400,35.763427734375,23.459218978881836
1334116800,36.04600143432617,23.992904663085938
1334203200,36.683589935302734,24.364164352416992
1334289600,36.922691345214844,24.511127471923828
1334548800,37.45161056518555,24.789573669433594
1334635200,37.69795608520508,24.812782287597656
1334721600,37.5385627746582,24.71996307373047
1334808000,37.357421875,24.750898361206055
1334894400,37.28496551513672,24.480195999145508
1335153600,37.02411651611328,24.177196502685547
1335240000,37.11833572387695,24.379194259643555
1335326400,37.61101150512695,24.651111602783203
1335412800,37.582027435302734,24.418041229248047
1335499200,37.639984130859375,24.557872772216797
1335758400,37.5240592956543,24.449106216430664
1335844800,37.908077239990234,24.557872772216797
1335931200,38.19063186645508,24.93856430053711
1336017600,38.016754150390625,24.596725463867188
1336104000,37.64724349975586,24.15389060974121
1336363200,37.234249114990234,23.92082405090332
1336449600,36.676353454589844,23.827587127685547
1336536000,36.306827545166016,23.571212768554688
1336622400,36.676353454589844,23.446914672851562
1336708800,36.47346115112305,23.011856079101562
1336968000,36.14018249511719,22.96523094177246
1337054400,35.26350021362305,22.55347442626953
1337140800,35.335933685302734,22.778778076171875
1337227200,34.067996978759766,22.040725708007812
1337313600,34.08972930908203,22.126176834106445
1337572800,34.4954719543457,19.888702392578125
1337659200,34.9664306640625,19.803245544433594
1337745600,35.314205169677734,20.347068786621094
1337832000,36.01701354980469,21.05404281616211
1337918400,35.82137680053711,21.162818908691406
1338264000,36.28053283691406,21.357040405273438
1338350400,36.22952651977539,20.968589782714844
1338436800,35.95986557006836,20.758827209472656
1338523200,34.9540901184082,20.479143142700195
1338782400,35.537147521972656,20.71221923828125
1338868800,35.65373611450195,20.533525466918945
1338955200,36.878170013427734,21.349271774291992
1339041600,37.34463119506836,21.51242446899414
1339128000,38.15360641479492,21.69110679626465
1339387200,37.424781799316406,20.9608211517334
1339473600,38.073429107666016,21.318199157714844
1339560000,37.1478271484375,20.883129119873047
1339646400,38.01513671875,21.574573516845703
1339732800,37.80377197265625,21.79210662841797
1339992000,38.13174819946289,22.08732795715332
1340078400,38.605472564697266,22.172794342041016
1340164800,38.50343704223633,22.242708206176758
1340251200,37.35918426513672,21.36480140686035
1340337600,37.91310501098633,21.21720314025879
1340596800,37.54868698120117,20.921981811523438
1340683200,37.8110466003418,21.178348541259766
1340769600,37.57054901123047,21.209426879882812
1340856000,37.672584533691406,21.162818908691406
1340942400,38.62005615234375,22.095094680786133
1341201600,38.63462829589844,22.234941482543945
1341288000,37.6434326171875,21.458044052124023
1341460800,37.978694915771484,21.426963806152344
1341547200,38.00782775878906,21.63672637939453
1341806400,37.985984802246094,21.193891525268555
1341892800,38.058860778808594,21.108434677124023
1341979200,37.65801239013672,20.719985961914062
1342065600,37.57054901123047,20.64228630065918
1342152000,37.964107513427734,20.758827209472656
1342411200,37.49767303466797,20.044076919555664
1342497600,36.96562957763672,19.849849700927734
1342584000,37.104103088378906,19.935312271118164
1342670400,37.14054489135742,20.222759246826172
1342756800,36.951053619384766,20.03631019592285
1343016000,37.14054489135742,20.1457576751709
1343102400,37.293601989746094,20.1457576751709
1343188800,37.220726013183594,20.012861251831055
1343275200,38.56174087524414,20.79461097717285
1343361600,39.14480209350586,21.162031173706055
1343620800,38.809539794921875,20.997861862182617
1343707200,38.029701232910156,19.833051681518555
1343793600,37.66530990600586,19.65325164794922
1343880000,37.453941345214844,19.426546096801758
1343966400,38.10988235473633,19.926870346069336
1344225600,37.89851760864258,19.864322662353516
1344312000,38.19004821777344,20.30210304260254
1344398400,38.47427749633789,20.653888702392578
1344484800,38.73666000366211,21.036949157714844
1344571200,38.671058654785156,20.927499771118164
1344830400,38.49615478515625,20.755523681640625
1344916800,39.87360382080078,20.747703552246094
1345003200,40.0849723815918,20.974416732788086
1345089600,41.03972244262695,21.45909881591797
1345176000,41.345821380615234,21.78743553161621
1345435200,41.229209899902344,20.5288143157959
1345521600,41.0470085144043,20.66170883178711
1345608000,41.28023147583008,21.294931411743164
1345694400,41.21465301513672,21.38873863220215
1345780800,41.51344680786133,21.67798614501953
1346040000,41.30210494995117,21.6545352935791
1346126400,41.41197967529297,21.77179718017578
1346212800,41.639076232910156,22.15485382080078
1346299200,41.47789764404297,22.02977752685547
1346385600,41.57314682006836,22.26430320739746
1346731200,41.602439880371094,22.225210189819336
1346817600,41.4193000793457,21.967235565185547
1346904000,42.232460021972656,22.186126708984375
1346990400,41.94675064086914,22.13922691345215
1347249600,41.9760627746582,22.4284725189209
1347336000,41.55116653442383,22.35810661315918
1347422400,41.79291534423828,22.061052322387695
1347508800,42.70862579345703,22.686445236206055
1347595200,43.55841064453125,22.983510971069336
1347854400,43.155494689941406,22.850614547729492
1347940800,43.11886215209961,22.811525344848633
1348027200,43.56572341918945,23.13204574584961
1348113600,43.42654037475586,23.45256996154785
1348200000,43.52909851074219,23.601104736328125
1348459200,43.50712966918945,23.296213150024414
1348545600,43.748878479003906,23.1945858001709
1348632000,43.34595489501953,23.46038055419922
1348718400,43.866085052490234,23.655820846557617
1348804800,44.225040435791016,23.640186309814453
1349064000,44.371559143066406,23.694908142089844
1349150400,44.19573211669922,23.679277420043945
1349236800,45.2506217956543,23.99979591369629
1349323200,45.22865295410156,24.195236206054688
1349409600,46.2982063293457,24.83626365661621
1349668800,45.33120346069336,24.66427230834961
1349755200,44.64991760253906,24.33594512939453
1349841600,43.763526916503906,24.148317337036133
1349928000,43.22875213623047,24.054513931274414
1350014400,43.631656646728516,24.375028610229492
1350273600,44.430152893066406,25.172422409057617
1350360000,44.58399963378906,25.28968048095703
1350446400,44.97226333618164,25.6336612701416
1350532800,45.272613525390625,25.4616641998291
1350619200,45.33853530883789,25.516393661499023
1350878400,45.44841766357422,25.69707489013672
1350964800,45.235984802246094,25.37498664855957
1351051200,44.891666412353516,25.36712646484375
1351137600,44.30562210083008,24.974323272705078
1351224000,43.983280181884766,24.636512756347656
1351656000,44.964927673339844,25.437828063964844
1351742400,45.60957717895508,25.893484115600586
1351828800,45.43375778198242,26.04275131225586
1352091600,45.69749069213867,25.972034454345703
1352178000,45.8733024597168,26.152732849121094
1352264400,45.411800384521484,25.744216918945312
1352350800,44.58399963378906,25.217853546142578
1352437200,44.65725326538086,24.722932815551758
1352696400,44.80376052856445,25.123586654663086
1352782800,46.4300537109375,25.115732192993164
1352869200,45.03085708618164,25.123586654663086
1352955600,44.86968994140625,24.667936325073242
1353042000,45.50702667236328,25.123586654663086
1353301200,46.39342498779297,26.6790828704834
1353387600,46.752384185791016,27.06403350830078
1353474000,46.95018768310547,27.142574310302734
1353646800,47.484954833984375,27.613950729370117
1353906000,47.375064849853516,27.771068572998047
1353992400,47.21317672729492,27.763216018676758
1354078800,47.706199645996094,28.10102653503418
1354165200,47.27205276489258,27.975332260131836
1354251600,47.88282012939453,28.352426528930664
1354510800,47.816585540771484,28.313140869140625
1354597200,47.27205276489258,27.983184814453125
1354683600,47.110164642333984,27.653236389160156
1354770000,47.345645904541016,27.629655838012695
1354856400,47.426597595214844,27.582530975341797
1355115600,46.3890266418457,27.346839904785156
1355202000,46.278629302978516,27.354694366455078
1355288400,46.30807113647461,27.28400230407715
1355374800,45.92542266845703,27.126876831054688
1355461200,45.66786193847656,27.071889877319336
1355720400,46.58769226074219,28.16386604309082
1355806800,46.35957717895508,28.148157119750977
1355893200,45.45445251464844,27.582530975341797
1355979600,45.60164260864258,27.794645309448242
1356066000,45.12333297729492,27.527530670166016
1356325200,45.30728530883789,27.684654235839844
1356498000,44.99086380004883,27.653236389160156
1356584400,44.93936538696289,27.598237991333008
1356670800,44.63028335571289,27.48038673400879
1356930000,45.51332473754883,27.904617309570312
1357102800,46.71278762817383,28.430980682373047
1357189200,46.58033752441406,28.16386604309082
1357275600,46.492034912109375,27.95176887512207
1357534800,46.2418327331543,27.307558059692383
1357621200,46.5214729309082,27.323284149169922
1357707600,46.48467254638672,27.401838302612305
1357794000,46.81582260131836,27.928190231323242
1357880400,46.87469482421875,28.148157119750977
1358139600,46.71278762817383,27.794645309448242
1358226000,47.058631896972656,28.226730346679688
1358312400,46.9924201965332,28.10102653503418
1358398800,47.86811065673828,29.06732177734375
1358485200,48.17717742919922,29.1856746673584
1358830800,48.383209228515625,29.54073143005371
1358917200,48.90568542480469,29.88789176940918
1359003600,49.56059265136719,30.306068420410156
1359090000,49.90644073486328,30.440196990966797
1359349200,49.7298698425293,30.258731842041016
1359435600,49.450218200683594,30.16404914855957
1359522000,49.479652404785156,30.148273468017578
1359608400,49.24416732788086,30.132497787475586
1359694800,49.523799896240234,30.424413681030273
1359954000,48.83209228515625,29.93522834777832
1360040400,48.85416030883789,30.242948532104492
1360126800,49.0601921081543,30.511201858520508
1360213200,48.79529571533203,30.590118408203125
1360299600,49.31039047241211,30.79526710510254
1360558800,48.8468132019043,30.818933486938477
1360645200,49.53851318359375,31.394922256469727
1360731600,49.63418197631836,31.379131317138672
1360818000,49.55323791503906,31.221317291259766
1360904400,49.6856803894043,30.882049560546875
1361250000,49.70778274536133,31.095088958740234
1361336400,48.89094924926758,30.48754119873047
1361422800,47.375064849853516,29.722196578979492
1361509200,48.25810241699219,29.722196578979492
1361768400,47.03656005859375,28.29408073425293
1361854800,49.71513748168945,28.870059967041016
1361941200,50.08304977416992,29.753761291503906
1362027600,50.406829833984375,30.100936889648438
1362114000,50.79684829711914,30.28238868713379
1362373200,51.72404098510742,30.321853637695312
1362459600,51.85649871826172,30.58222770690918
1362546000,51.863853454589844,30.63747215270996
1362632400,51.694618225097656,30.534896850585938
1362718800,52.51877975463867,31.016183853149414
1362974400,52.48197937011719,31.30023193359375
1363060800,52.34880065917969,30.803159713745117
1363147200,52.356197357177734,31.087190628051758
1363233600,51.971439361572266,30.92937469482422
1363320000,51.09096145629883,30.62167739868164
1363579200,51.312931060791016,30.566444396972656
1363665600,50.89857482910156,30.171945571899414
1363752000,50.96516036987305,30.306068420410156
1363838400,51.01694869995117,29.793210983276367
1363924800,51.46831130981445,29.848440170288086
1364184000,51.401702880859375,30.07724952697754
1364270400,51.830848693847656,30.156156539916992
1364356800,51.53490447998047,30.124601364135742
1364443200,51.63108825683594,29.919450759887695
1364788800,51.54970169067383,29.60383415222168
1364875200,52.54859161376953,29.998367309570312
1364961600,52.06024169921875,29.880002975463867
1365048000,52.30441665649414,30.479652404785156
1365134400,51.838233947753906,30.290285110473633
1365393600,52.696556091308594,30.75579833984375
1365480000,52.68177032470703,30.669023513793945
1365566400,53.044342041015625,30.77947235107422
1365652800,53.1996955871582,30.645347595214844
1365739200,54.47234344482422,30.708459854125977
1365998400,53.44388198852539,29.91156768798828
1366084800,53.61404800415039,29.974687576293945
1366171200,53.865631103515625,29.659076690673828
1366257600,53.628841400146484,29.446046829223633
1366344000,54.75351333618164,30.07724952697754
1366603200,54.64991760253906,29.86332893371582
1366689600,54.294769287109375,30.116870880126953
1366776000,54.22079086303711,29.87917137145996
1366862400,54.28736114501953,29.94256591796875
1366948800,54.27259063720703,29.871248245239258
1367208000,54.50936508178711,30.30702018737793
1367294400,54.27259063720703,30.441736221313477
1367380800,53.83604049682617,30.251575469970703
1367467200,54.25777053833008,30.79828643798828
1367553600,54.72389602661133,31.368762969970703
1367812800,55.6858024597168,32.33543395996094
1367899200,55.54521942138672,31.923404693603516
1367985600,55.804203033447266,33.55562973022461
1368072000,56.13717269897461,33.09607696533203
1368158400,56.24074935913086,33.333770751953125
1368417600,56.72907638549805,33.34962844848633
1368504000,57.21001052856445,33.89634323120117
1368590400,57.62437438964844,34.252906799316406
1368676800,56.78827667236328,33.880489349365234
1368763200,56.86967086791992,33.80918884277344
1369022400,56.79568099975586,33.57941436767578
1369108800,58.23851776123047,33.63486099243164
1369195200,58.96363067626953,34.04689025878906
1369281600,58.38648223876953,33.82502746582031
1369368000,58.445674896240234,33.78541564941406
1369713600,59.0598030090332,33.959716796875
1369800000,58.81562805175781,34.14198684692383
1369886400,58.77864074707031,33.801265716552734
1369972800,58.20149230957031,33.36547088623047
1370232000,58.51225280761719,33.56355667114258
1370318400,56.980491638183594,32.47804260253906
1370404800,55.84282684326172,31.37668800354004
1370491200,57.44896697998047,32.24826431274414
1370577600,58.549434661865234,32.96137619018555
1370836800,57.79842758178711,32.62858963012695
1370923200,57.709197998046875,32.398807525634766
1371009600,56.80946731567383,32.176971435546875
1371096000,56.9061279296875,32.62858963012695
1371182400,56.95074462890625,32.61273956298828
1371441600,56.61613082885742,32.779144287109375
1371528000,57.396907806396484,32.85044479370117
1371614400,56.45997619628906,32.50973892211914
1371700800,54.928218841552734,31.5510196685791
1371787200,54.89101791381836,31.337085723876953
1372046400,54.66050720214844,31.257858276367188
1372132800,55.12898635864258,31.30537986755371
1372219200,56.26667785644531,32.113582611083984
1372305600,56.712799072265625,32.60482406616211
1372392000,57.60512161254883,32.40673828125
1372651200,57.15895080566406,32.53350830078125
1372737600,57.486122131347656,33.57147979736328
1372824000,57.79842758178711,33.531856536865234
1372996800,58.21485137939453,33.89634323120117
1373256000,58.906375885009766,34.46682357788086
1373342400,59.26328659057617,34.71244430541992
1373428800,59.040225982666016,34.379661560058594
1373515200,59.382266998291016,34.36381530761719
1373601600,59.88788986206055,34.728294372558594
1373860800,59.7838020324707,34.66489791870117
1373947200,59.649932861328125,34.696598052978516
1374033600,59.81355285644531,35.068992614746094
1374120000,59.501220703125,35.092777252197266
1374206400,59.40455627441406,35.07691955566406
1374465600,59.48637390136719,35.546321868896484
1374552000,59.627647399902344,35.880462646484375
1374638400,59.687137603759766,35.60198974609375
1374724800,58.73531723022461,35.10874938964844
1374811200,58.549434661865234,34.981441497802734
1375070400,58.497379302978516,34.55979919433594
1375156800,58.44535446166992,35.037139892578125
1375243200,58.76508712768555,35.46676254272461
1375329600,58.47510528564453,35.83271789550781
1375416000,59.65739059448242,35.79294204711914
1375675200,59.23353958129883,36.17481994628906
1375761600,59.523536682128906,35.697471618652344
1375848000,58.61635208129883,35.243995666503906
1375934400,59.51608657836914,36.72377014160156
1376020800,58.72045135498047,36.3419075012207
1376280000,58.89148712158203,36.4373664855957
1376366400,59.06996536254883,36.69990539550781
1376452800,57.58280563354492,35.80089569091797
1376539200,55.87257385253906,34.885990142822266
1376625600,56.05099868774414,34.97350311279297
1376884800,55.924617767333984,34.742794036865234
1376971200,55.240509033203125,35.06896209716797
1377057600,54.82413101196289,36.44532012939453
1377144000,55.024879455566406,37.70231628417969
1377230400,54.943084716796875,37.37614440917969
1377489600,56.08820343017578,37.384098052978516
1377576000,55.11410903930664,36.59647750854492
1377662400,55.790771484375,36.89879608154297
1377748800,55.80563735961914,36.93062210083008
1377835200,55.389244079589844,36.45328140258789
1378180800,55.23973846435547,36.28620529174805
1378267200,55.41913986206055,36.57260513305664
1378353600,54.55952453613281,36.48511505126953
1378440000,54.342735290527344,36.27824783325195
1378699200,55.00053024291992,37.097686767578125
1378785600,55.762969970703125,37.51140213012695
1378872000,56.09187698364258,37.6864128112793
1378958400,56.36097717285156,37.384098052978516
1379044800,56.144195556640625,37.28067398071289
1379304000,56.465633392333984,37.264747619628906
1379390400,56.659976959228516,37.272701263427734
1379476800,57.83354568481445,37.98873519897461
1379563200,58.68568801879883,38.96729278564453
1379649600,57.55696487426758,38.060340881347656
1379908800,56.7421875,37.60685729980469
1379995200,56.83937072753906,38.21945571899414
1380081600,56.4506950378418,37.8216667175293
1380168000,56.86178207397461,38.1001091003418
1380254400,56.77957534790039,38.0046501159668
1380513600,56.69733810424805,37.87733459472656
1380600000,57.003822326660156,38.338775634765625
1380686400,57.048675537109375,38.51380157470703
1380772800,56.719764709472656,38.131927490234375
1380859200,56.6450309753418,38.29901123046875
1381118400,56.15916061401367,37.598899841308594
1381204800,55.51630401611328,37.01812744140625
1381291200,55.41913986206055,37.07382583618164
1381377600,56.44319152832031,38.04442596435547
1381464000,57.048675537109375,38.8240852355957
1381723200,57.071083068847656,38.887733459472656
1381809600,56.19654083251953,38.54563903808594
1381896000,56.01713562011719,38.56154251098633
1381982400,56.61511993408203,38.99911880493164
1382068800,55.83025360107422,37.91712951660156
1382328000,55.77794647216797,38.34838104248047
1382414400,55.957313537597656,38.48412322998047
1382500800,56.12179183959961,39.33063888549805
1382587200,57.39251708984375,40.28095626831055
1382673600,56.996341705322266,40.4007453918457
1382932800,56.85430908203125,40.017425537109375
1383019200,57.93070983886719,40.416717529296875
1383105600,58.214778900146484,40.04936981201172
1383192000,58.222225189208984,39.75388717651367
1383278400,57.54949951171875,39.27473068237305
1383541200,57.55696487426758,39.745906829833984
1383627600,57.29533386230469,40.07331848144531
1383714000,57.123416900634766,39.90562057495117
1383800400,56.5777702331543,39.1869010925293
1383886800,56.420772552490234,38.90739059448242
1384146000,56.33855056762695,39.21084976196289
1384232400,56.94404602050781,40.02541732788086
1384318800,58.005470275878906,40.951786041259766
1384405200,59.007102966308594,41.48683166503906
1384491600,59.821861267089844,41.34309005737305
1384750800,59.552772521972656,40.64032745361328
1384837200,60.08351516723633,40.28095626831055
1384923600,59.612579345703125,37.797332763671875
1385010000,59.67237854003906,38.49211883544922
1385096400,59.18647384643555,38.25253677368164
1385355600,59.612579345703125,38.13275146484375
1385442000,60.061073303222656,38.340396881103516
1385528400,60.29280471801758,38.244544982910156
1385701200,60.30023956298828,37.91714096069336
1385960400,59.62752151489258,37.39804458618164
1386046800,59.12425994873047,37.13450241088867
1386133200,58.89139175415039,37.42200469970703
1386219600,58.99653625488281,37.22236251831055
1386306000,59.97305679321289,38.31642532348633
1386565200,59.79277038574219,38.1407356262207
1386651600,59.049137115478516,37.8212890625
1386738000,59.342079162597656,37.7813835144043
1386824400,58.98904037475586,37.44596862792969
1386910800,59.34959411621094,37.62165069580078
1387170000,59.417205810546875,37.63762283325195
1387256400,59.056640625,37.25429916381836
1387342800,60.13080978393555,38.58794403076172
1387429200,60.05569839477539,38.64384460449219
1387515600,60.123313903808594,38.308448791503906
1387774800,60.513893127441406,38.6518440246582
1387861200,60.573974609375,38.89140701293945
1388034000,61.2575569152832,39.15495681762695
1388120400,61.32515335083008,38.99522018432617
1388379600,61.55049133300781,39.33063888549805
1388466000,61.85096740722656,39.57021713256836
1388638800,61.610595703125,39.48236846923828
1388725200,61.5129508972168,39.09105682373047
1388984400,60.9195442199707,38.5400276184082
1389070800,61.21999740600586,38.635860443115234
1389157200,61.54298400878906,38.77162551879883
1389243600,61.27256393432617,38.931339263916016
1389330000,61.60308837890625,39.67403793334961
1389589200,60.821868896484375,38.85947799682617
1389675600,60.85191345214844,39.051124572753906
1389762000,60.89698791503906,38.56399154663086
1389848400,61.03970718383789,38.47614669799805
1389934800,60.84443283081055,38.163516998291016
1390280400,60.438777923583984,38.33185958862305
1390366800,60.24348068237305,38.2757453918457
1390453200,60.273529052734375,38.59638595581055
1390539600,59.462257385253906,38.33988571166992
1390798800,59.29700469970703,38.476158142089844
1390885200,58.99653625488281,37.64249038696289
1390971600,57.5993766784668,36.84892654418945
1391058000,57.78717803955078,37.273765563964844
1391144400,57.727073669433594,37.105430603027344
1391403600,56.4050407409668,36.55233383178711
1391490000,56.31488800048828,35.991241455078125
1391576400,56.532718658447266,36.4962272644043
1391662800,57.208770751953125,37.337886810302734
1391749200,57.42659378051758,36.92909240722656
1392008400,57.396568298339844,36.96916198730469
1392094800,57.61439895629883,37.482181549072266
1392181200,58.050079345703125,37.41804885864258
1392267600,58.28294372558594,37.38597869873047
1392354000,58.538330078125,37.89900207519531
1392699600,58.267921447753906,37.61845779418945
1392786000,57.42659378051758,37.30582809448242
1392872400,58.200294494628906,37.40200424194336
1392958800,58.395591735839844,37.72266387939453
1393218000,58.49325942993164,37.85091018676758
1393304400,60.82939529418945,38.56431579589844
1393390800,61.3702278137207,40.65646743774414
1393477200,61.57304000854492,40.73662185668945
1393563600,61.618080139160156,40.10336685180664
1393822800,61.5955810546875,40.23161315917969
1393909200,62.24909973144531,40.584320068359375
1393995600,62.27912902832031,40.35987091064453
1394082000,61.903560638427734,40.151458740234375
1394168400,62.00873565673828,40.41598892211914
1394424000,61.730812072753906,40.07129669189453
1394510400,61.41347122192383,39.64646530151367
1394596800,60.861968994140625,39.58232498168945
1394683200,59.53232192993164,39.04526901245117
1394769600,59.97049331665039,39.349884033203125
1395028800,60.1215934753418,39.66249465942383
1395115200,60.30293655395508,39.94305419921875
1395201600,60.250030517578125,39.74265670776367
1395288000,60.50689697265625,39.718597412109375
1395374400,60.7562141418457,39.47813034057617
1395633600,60.182037353515625,39.4220085144043
1395720000,60.03852462768555,38.764713287353516
1395806400,59.58518981933594,38.90098571777344
1395892800,59.441680908203125,38.90900802612305
1395979200,59.471866607666016,39.213600158691406
1396238400,59.78163528442383,39.19756317138672
1396324800,59.97049331665039,39.622406005859375
1396411200,60.40114212036133,39.69455337524414
1396497600,59.98563766479492,39.31781768798828
1396584000,59.471866607666016,38.828826904296875
1396843200,58.27064895629883,37.49020004272461
1396929600,58.25553894042969,37.4581413269043
1397016000,58.74660110473633,38.107425689697266
1397102400,58.006248474121094,37.5062255859375
1397188800,57.19032669067383,37.121463775634766
1397448000,57.39429473876953,37.38597869873047
1397534400,57.3338623046875,37.44210433959961
1397620800,57.85512161254883,37.4581413269043
1397707200,58.24043655395508,37.51424026489258
1398052800,58.89772415161133,37.562522888183594
1398139200,60.189613342285156,38.254554748535156
1398225600,59.32078170776367,37.19237518310547
1398312000,60.265140533447266,37.948760986328125
1398398400,59.97049331665039,37.32111740112305
1398657600,60.56731414794922,37.32111740112305
1398744000,60.076263427734375,37.36134719848633
1398830400,60.068729400634766,36.942909240722656
1398916800,59.932716369628906,37.313079833984375
1399003200,59.98563766479492,37.80392074584961
1399262400,59.449214935302734,37.24870681762695
1399348800,58.48974609375,36.52449417114258
1399435200,58.232887268066406,36.299171447753906
1399521600,58.21021270751953,36.226749420166016
1399608000,58.70882034301758,36.781978607177734
1399867200,59.131893157958984,37.24064636230469
1399953600,58.37641906738281,36.82221221923828
1400040000,57.6511344909668,36.34745788574219
1400126400,57.5982780456543,35.91292953491211
1400212800,58.444400787353516,36.50033950805664
1400472000,57.794708251953125,36.65324020385742
1400558400,58.89772415161133,36.62908935546875
1400644800,58.98835754394531,36.54058074951172
1400731200,59.5172233581543,37.73151779174805
1400817600,59.819400787353516,37.86830520629883
1401163200,60.204708099365234,38.44767379760742
1401249600,60.19716262817383,37.58666229248047
1401336000,60.36336898803711,37.82807540893555
1401422400,60.612674713134766,37.88438415527344
1401681600,61.07350158691406,37.82807540893555
1401768000,61.301475524902344,37.997047424316406
1401854400,61.202693939208984,37.95682144165039
1401940800,61.08110809326172,38.14189529418945
1402027200,61.27869415283203,38.439640045166016
1402286400,61.25591278076172,38.310874938964844
1402372800,61.35465621948242,38.294776916503906
1402459200,60.64795684814453,37.747615814208984
1402545600,59.599308013916016,36.65324020385742
1402632000,59.32571792602539,36.5727653503418
1402891200,59.95643615722656,36.54862594604492
1402977600,60.80752944946289,36.886592864990234
1403064000,61.33188247680664,36.886592864990234
1403150400,61.126705169677734,36.934871673583984
1403236800,60.92152404785156,37.03144073486328
1403496000,61.27869415283203,37.0797233581543
1403582400,61.11908721923828,37.42573547363281
1403668800,61.195091247558594,37.5786247253418
1403755200,61.36225509643555,37.98094940185547
1403841600,61.651023864746094,38.15799331665039
1404100800,61.521854400634766,38.61665725708008
1404187200,62.17536926269531,38.729312896728516
1404273600,62.296974182128906,38.721275329589844
1404360000,62.350135803222656,38.80977249145508
1404705600,61.87141418457031,38.7936897277832
1404792000,61.369873046875,38.47984313964844
1404878400,61.347076416015625,38.51203918457031
1404964800,60.33640670776367,37.98094940185547
1405051200,60.49599838256836,38.17408752441406
1405310400,60.381980895996094,37.997047424316406
1405396800,60.685977935791016,38.230411529541016
1405483200,60.53398513793945,38.35110855102539
1405569600,60.45039749145508,38.06142807006836
1405656000,60.8531608581543,38.4718132019043
1405915200,60.571983337402344,38.47182846069336
1406001600,61.202693939208984,38.641605377197266
1406088000,61.56745910644531,38.7386360168457
1406174400,61.7042236328125,38.81140899658203
1406260800,61.575042724609375,38.5688362121582
1406520000,61.605438232421875,38.560760498046875
1406606400,61.53704071044922,38.84376525878906
1406692800,62.12980651855469,39.191429138183594
1406779200,61.43825912475586,38.69012451171875
1406865600,60.60237121582031,38.479896545410156
1407124800,60.81515121459961,38.7386360168457
1407211200,60.81515121459961,38.52032470703125
1407297600,61.187496185302734,38.89225769042969
1407384000,61.149513244628906,38.746726989746094
1407470400,62.638916015625,40.20215606689453
1407729600,62.9808349609375,40.31534957885742
1407816000,63.01126480102539,40.29110336303711
1407902400,63.163246154785156,40.3072624206543
1407988800,63.7255859375,40.76007080078125
1408075200,63.596405029296875,40.42856979370117
1408334400,63.52040100097656,40.792415618896484
1408420800,67.04637145996094,41.65757751464844
1408507200,68.96133422851562,42.312522888183594
1408593600,69.2652587890625,42.587440490722656
1408680000,69.17408752441406,42.4742431640625
1408939200,69.3032455444336,42.611690521240234
1409025600,69.63003540039062,42.514678955078125
1409112000,69.8124008178711,42.466163635253906
1409198400,70.29873657226562,42.482330322265625
1409284800,71.05107116699219,42.458065032958984
1409630400,69.61520385742188,42.53892517089844
1409716800,67.97315979003906,42.781494140625
1409803200,68.68343353271484,43.34750747680664
1409889600,69.96652221679688,43.751773834228516
1410148800,69.3631820678711,43.2908935546875
1410235200,67.91969299316406,42.87852096557617
1410321600,68.16412353515625,43.16960906982422
1410408000,68.1412124633789,42.9189567565918
1410494400,67.85098266601562,42.830013275146484
1410753600,68.26336669921875,42.95937728881836
1410840000,68.94312286376953,43.42026901245117
1410926400,69.66867065429688,43.54964828491211
1411012800,70.33313751220703,43.784122467041016
1411099200,70.52405548095703,43.73560333251953
1411358400,70.18040466308594,43.22622299194336
1411444800,69.87484741210938,42.951297760009766
1411531200,71.04342651367188,43.363670349121094
1411617600,70.1880111694336,42.91087341308594
1411704000,70.90596008300781,42.999813079833984
1411963200,70.93648529052734,43.13726806640625
1412049600,70.06581115722656,42.789588928222656
1412136000,69.51590728759766,42.53083801269531
1412222400,70.44770050048828,42.87852096557617
1412308800,71.4405517578125,43.331321716308594
1412568000,71.22671508789062,43.339412689208984
1412654400,70.62335968017578,42.999813079833984
1412740800,71.86063385009766,43.937767028808594
1412827200,71.08160400390625,43.590065002441406
1412913600,70.68445587158203,43.42026901245117
1413172800,69.19515991210938,42.42572784423828
1413259200,68.8132553100586,42.053768157958984
1413345600,67.09486389160156,41.40690994262695
1413432000,67.88153839111328,41.56865310668945
1413518400,68.92023468017578,42.458065032958984
1413777600,70.14983367919922,43.44075012207031
1413864000,71.94462585449219,44.33409118652344
1413950400,71.28782653808594,43.80619430541992
1414036800,72.40286254882812,44.634586334228516
1414123200,72.54800415039062,44.935054779052734
1414382400,72.91455078125,45.04876708984375
1414468800,73.76995086669922,45.527915954589844
1414555200,73.64014434814453,45.32487869262695
1414641600,74.48027038574219,45.69845962524414
1414728000,74.48027038574219,46.453739166259766
1414990800,73.38811492919922,46.65676498413086
1415077200,73.2887954711914,46.50246810913086
1415163600,73.1513442993164,46.242591857910156
1415250000,74.30462646484375,46.75422286987305
1415336400,74.57955169677734,46.851680755615234
1415595600,74.96904754638672,46.965389251708984
1415682000,74.95376586914062,47.10344696044922
1415768400,75.22108459472656,47.2821159362793
1415854800,75.61058807373047,47.59883117675781
1415941200,75.0301513671875,47.57448196411133
1416200400,74.8697738647461,47.82624816894531
1416286800,73.30410766601562,47.533870697021484
1416373200,73.85399627685547,50.5631217956543
1416459600,74.51847839355469,50.701175689697266
1416546000,75.06072235107422,51.3752326965332
1416805200,75.1523666381836,51.683841705322266
1416891600,74.09075164794922,51.12348556518555
1416978000,74.61775970458984,51.05038070678711
1417150800,75.91609191894531,51.8381462097168
1417410000,75.51895904541016,51.29402542114258
1417496400,75.32710266113281,51.951847076416016
1417582800,75.65706634521484,52.219852447509766
1417669200,75.93333435058594,52.422882080078125
1417755600,76.46282958984375,52.67464828491211
1418014800,77.06909942626953,53.67355728149414
1418101200,76.46282958984375,53.470516204833984
1418187600,75.9256820678711,52.893917083740234
1418274000,76.94628143310547,53.405574798583984
1418360400,76.57025909423828,52.682762145996094
1418619600,76.7774887084961,53.0482292175293
1418706000,74.48298645019531,52.154884338378906
1418792400,75.9256820678711,53.55986404418945
1418878800,77.25325012207031,54.10400390625
1418965200,78.22018432617188,54.33138656616211
1419224400,79.42496490478516,55.09477615356445
1419310800,79.62450408935547,55.17601013183594
1419397200,79.47102355957031,54.82676696777344
1419570000,79.6168212890625,54.818668365478516
1419829200,80.21540069580078,55.6876335144043
1419915600,80.01586151123047,55.671424865722656
1420002000,80.55304718017578,55.87443161010742
1420174800,79.37123107910156,54.98108673095703
1420434000,77.70600891113281,53.665435791015625
1420520400,77.4681167602539,53.78725814819336
1420606800,80.1233139038086,55.38713836669922
1420693200,81.89598846435547,56.556636810302734
1420779600,80.49165344238281,55.49272155761719
1421038800,80.13097381591797,55.102901458740234
1421125200,79.60148620605469,55.11103820800781
1421211600,78.76498413085938,54.72932434082031
1421298000,77.51419067382812,53.88471603393555
1421384400,79.9007568359375,55.408660888671875
1421730000,79.2331314086914,54.210697174072266
1421816400,79.447998046875,54.8626594543457
1421902800,81.39718627929688,56.680015563964844
1421989200,80.86000061035156,56.81039047241211
1422248400,81.61973571777344,57.40532302856445
1422334800,80.69882202148438,56.92449188232422
1422421200,80.37652587890625,56.41105651855469
1422507600,82.5866470336914,56.98968505859375
1422594000,80.13097381591797,55.22124099731445
1422853200,80.13866424560547,55.7509651184082
1422939600,82.29499053955078,56.745208740234375
1423026000,83.19286346435547,57.59273147583008
1423112400,83.63796997070312,58.24470901489258
1423198800,83.67632293701172,58.59514236450195
1423458000,83.13912963867188,57.82093811035156
1423544400,84.92716217041016,58.48107147216797
1423630800,84.65091705322266,58.21210479736328
1423717200,86.07059478759766,58.831478118896484
1423803600,85.8634033203125,58.71741485595703
1424149200,85.94780731201172,59.05965042114258
1424235600,85.94012451171875,59.10041427612305
1424322000,85.1343765258789,58.912994384765625
1424408400,86.13197326660156,59.94794464111328
1424667600,86.16266632080078,60.08650207519531
1424754000,89.5928955078125,60.836246490478516
1424840400,89.25523376464844,60.656978607177734
1424926800,88.54158782958984,60.388038635253906
1425013200,88.05814361572266,60.37989044189453
1425272400,89.10945129394531,61.194854736328125
1425358800,89.07108306884766,61.129642486572266
1425445200,88.06581115722656,60.32284927368164
1425531600,88.94829559326172,60.76291275024414
1425618000,87.82791137695312,59.907203674316406
1425873600,88.44181060791016,60.518436431884766
1425960000,86.82200622558594,59.54045486450195
1426046400,87.21540069580078,59.54863739013672
1426132800,89.55254364013672,61.072601318359375
1426219200,88.56523132324219,60.436946868896484
1426478400,89.861083984375,61.4800910949707
1426564800,89.15145111083984,60.77105712890625
1426651200,89.5371322631836,60.730323791503906
1426737600,88.82749938964844,60.76291275024414
1426824000,90.62471008300781,61.308937072753906
1427083200,89.52941131591797,61.42304992675781
1427169600,89.59114074707031,61.618629455566406
1427256000,87.6859130859375,60.518436431884766
1427342400,86.67544555664062,59.37750244140625
1427428800,87.82474517822266,60.0376091003418
1427688000,88.41868591308594,60.95851516723633
1427774400,87.63190460205078,60.62437438964844
1427860800,87.26168823242188,60.62437438964844
1427947200,88.34925842285156,60.99110794067383
1428292800,88.6655044555664,61.170387268066406
1428379200,88.16413879394531,60.396183013916016
1428465600,89.15918731689453,60.96665573120117
1428552000,88.37242889404297,60.51028823852539
1428638400,88.88919067382812,61.040000915527344
1428897600,88.27212524414062,60.15169143676758
1428984000,87.97130584716797,60.2902717590332
1429070400,87.50848388671875,59.825714111328125
1429156800,87.44678497314453,60.37173080444336
1429243200,86.46717071533203,59.12487030029297
1429502400,87.05341339111328,59.3782844543457
1429588800,87.29249572753906,59.877017974853516
1429675200,87.15367889404297,59.73802185058594
1429761600,87.90189361572266,59.9832878112793
1429848000,87.70133972167969,59.81161117553711
1430107200,85.91952514648438,58.732444763183594
1430193600,85.29472351074219,58.650691986083984
1430280000,83.85235595703125,57.587890625
1430366400,82.5179443359375,56.29616928100586
1430452800,84.5002670288086,57.80044174194336
1430712000,84.8936538696289,58.25008773803711
1430798400,83.35098266601562,57.5797004699707
1430884800,83.5438003540039,57.85767364501953
1430971200,84.87821197509766,59.10035705566406
1431057600,86.75257110595703,59.893367767333984
1431316800,86.31293487548828,59.860652923583984
1431403200,86.7911605834961,60.228546142578125
1431489600,85.7652816772461,59.77072525024414
1431576000,86.34378051757812,59.07579040527344
1431662400,87.43136596679688,59.75437545776367
1431921600,88.18726348876953,59.72980880737305
1432008000,86.65232849121094,58.72425079345703
1432094400,86.46717071533203,56.001827239990234
1432180800,86.39777374267578,56.18171310424805
1432267200,86.51347351074219,56.85207748413086
1432612800,85.56474304199219,56.88478469848633
1432699200,86.51347351074219,57.8167839050293
1432785600,86.53659057617188,57.59606170654297
1432872000,85.94269561767578,57.21180725097656
1433131200,86.1355209350586,57.342620849609375
1433217600,86.531005859375,57.35078048706055
1433304000,87.74844360351562,57.759578704833984
1433390400,86.43018341064453,57.342620849609375
1433476800,85.58495330810547,57.05649948120117
1433736000,85.24378204345703,56.149017333984375
1433822400,84.9335708618164,56.026397705078125
1433908800,86.05796813964844,56.549591064453125
1433995200,86.29834747314453,56.44331741333008
1434081600,85.7633056640625,56.435150146484375
1434340800,85.30579376220703,56.50053024291992
1434427200,85.47639465332031,56.73763656616211
1434513600,85.66249084472656,56.95836639404297
1434600000,86.73261260986328,57.35078048706055
1434686400,87.18235778808594,57.21998596191406
1434945600,87.67863464355469,57.46525955200195
1435032000,87.7639389038086,57.71869659423828
1435118400,87.12033081054688,57.29357147216797
1435204800,87.03502655029297,56.95022201538086
1435291200,87.31417083740234,56.091773986816406
1435550400,85.71678161621094,55.208831787109375
1435636800,86.1742935180664,54.750999450683594
1435723200,86.90321350097656,54.97172927856445
1435809600,86.45347595214844,54.53028106689453
1436155200,86.32160949707031,54.1623649597168
1436241600,87.1590805053711,55.07801818847656
1436328000,86.07347869873047,54.39128875732422
1436414400,86.3681411743164,54.79188537597656
1436500800,87.70189666748047,55.470420837402344
1436760000,89.09768676757812,55.83833312988281
1436846400,89.45438385009766,55.911922454833984
1436932800,89.62498474121094,55.81379318237305
1437019200,88.96588134765625,55.78110885620117
1437105600,88.7642593383789,55.208831787109375
1437364800,87.94229888916016,54.75730895996094
1437451200,88.29122924804688,54.50283432006836
1437537600,89.09768676757812,55.36480712890625
1437624000,88.8572998046875,55.578243255615234
1437710400,88.0818862915039,55.15135955810547
1437969600,87.67863464355469,55.03642272949219
1438056000,89.05115509033203,55.66032028198242
1438142400,90.23757934570312,56.43201446533203
1438228800,90.30736541748047,56.530548095703125
1438315200,90.74935913085938,56.94102096557617
1438574400,90.64078521728516,56.57158660888672
1438660800,91.13709259033203,56.94102096557617
1438747200,91.5015640258789,57.41714859008789
1438833600,90.38492584228516,56.89996337890625
1438920000,90.67179870605469,57.08057403564453
1439179200,91.19135284423828,57.11343765258789
1439265600,91.2611312866211,56.990299224853516
1439352000,91.2611312866211,56.62084197998047
1439438400,92.29248046875,58.45979309082031
1439524800,92.85857391357422,59.198631286621094
1439784000,92.81979370117188,59.50236511230469
1439870400,95.22362518310547,59.94569778442383
1439956800,95.19261932373047,61.053977966308594
1440043200,93.47114562988281,60.07706069946289
1440129600,90.0747299194336,58.377689361572266
1440388800,87.26766204833984,56.07904052734375
1440475200,86.05023956298828,54.99536895751953
1440561600,89.89640808105469,56.44024658203125
1440648000,91.23786926269531,56.69473648071289
1440734400,91.12932586669922,56.193946838378906
1440993600,90.30736541748047,56.7850456237793
1441080000,88.1250991821289,55.619300842285156
1441166400,90.78279113769531,56.678314208984375
1441252800,90.87628936767578,56.72755813598633
1441339200,89.17725372314453,55.66032028198242
1441684800,90.74383544921875,56.89996337890625
1441771200,88.8265380859375,55.914825439453125
1441857600,89.23180389404297,55.7670783996582
1441944000,89.97222900390625,56.341739654541016
1442203200,89.41889190673828,55.94766616821289
1442289600,90.54895782470703,57.00670623779297
1442376000,91.82715606689453,57.52389907836914
1442462400,91.8973159790039,57.86050033569336
1442548800,89.72279357910156,55.98052215576172
1442808000,90.8607406616211,57.138057708740234
1442894400,90.25279998779297,56.374568939208984
1442980800,90.54119110107422,56.423831939697266
1443067200,90.67366790771484,56.21860122680664
1443153600,90.98543548583984,56.39098358154297
1443412800,88.92786407470703,55.12672805786133
1443499200,88.0003890991211,54.81475830078125
1443585600,90.01119995117188,56.57981491088867
1443672000,91.21145629882812,57.294044494628906
1443758400,91.81940460205078,57.655250549316406
1444017600,92.90271759033203,58.91951370239258
1444104000,92.4974365234375,58.443359375
1444190400,93.25344848632812,58.935935974121094
1444276800,94.35237121582031,60.0688591003418
1444363200,94.56279754638672,60.20018768310547
1444622400,95.0070571899414,60.594242095947266
1444708800,94.78103637695312,59.90467071533203
1444795200,93.73665618896484,59.141170501708984
1444881600,94.93692016601562,59.64194869995117
1444968000,95.66175842285156,59.7486572265625
1445227200,95.94231414794922,60.515113830566406
1445313600,95.7474594116211,60.02885437011719
1445400000,96.09819030761719,59.92998504638672
1445486400,96.92433166503906,60.50685119628906
1445572800,97.11918640136719,60.61399841308594
1445832000,97.43094635009766,61.1167106628418
1445918400,97.01010131835938,60.61399841308594
1446004800,96.50347900390625,61.0013313293457
1446091200,96.35541534423828,60.877716064453125
1446177600,96.3631820678711,60.84474182128906
1446440400,96.96331787109375,60.79530715942383
1446526800,97.93754577636719,60.94363784790039
1446613200,97.71931457519531,60.243133544921875
1446699600,97.98431396484375,60.638702392578125
1446786000,98.18695068359375,60.27613067626953
1447045200,97.033447265625,59.35309600830078
1447131600,97.62579345703125,60.4409294128418
1447218000,97.19711303710938,59.43551254272461
1447304400,96.49566650390625,59.921749114990234
1447390800,93.5262222290039,57.762550354003906
1447650000,94.180908203125,59.039913177490234
1447736400,98.34278869628906,60.037113189697266
1447822800,98.6233901977539,60.556297302246094
1447909200,98.87279510498047,60.48214340209961
1447995600,101.4837417602539,62.443546295166016
1448254800,103.26854705810547,63.18525695800781
1448341200,104.1258544921875,63.77860641479492
1448427600,104.94419860839844,63.95994186401367
1448600400,105.0143814086914,63.73740005493164
1448859600,104.34410095214844,63.127559661865234
1448946000,105.23652648925781,63.5643310546875
1449032400,104.75115203857422,62.880332946777344
1449118800,102.49659729003906,61.90786361694336
1449205200,105.31481170654297,63.259422302246094
1449464400,104.8451156616211,63.003963470458984
1449550800,104.77464294433594,63.59730529785156
1449637200,103.25595092773438,62.73198318481445
1449723600,103.75696563720703,62.77320098876953
1449810000,102.1130142211914,61.817203521728516
1450069200,103.342041015625,62.344642639160156
1450155600,102.7784194946289,61.7265510559082
1450242000,104.03878784179688,62.74022674560547
1450328400,102.82538604736328,61.7265510559082
1450414800,101.99555969238281,60.89420700073242
1450674000,102.79408264160156,61.71830749511719
1450760400,103.24029541015625,61.940818786621094
1450846800,104.20319366455078,62.764957427978516
1450933200,104.03878784179688,62.86384582519531
1451278800,103.86656188964844,62.99569320678711
1451365200,104.66505432128906,63.5643310546875
1451451600,104.39107513427734,63.34181213378906
1451538000,103.52993774414062,62.66604232788086
1451883600,102.60619354248047,62.03974914550781
1451970000,102.10515594482422,62.17158508300781
1452056400,101.04837799072266,60.93540573120117
1452142800,98.16752624511719,59.39430236816406
1452229200,96.99329376220703,58.4135856628418
1452488400,98.4649887084961,59.897010803222656
1452574800,99.80363464355469,60.38323974609375
1452661200,95.03618621826172,57.60594940185547
1452747600,93.64274597167969,57.614200592041016
1452834000,93.33741760253906,57.08463668823242
1453179600,93.7523422241211,57.47354507446289
1453266000,91.16897583007812,56.323394775390625
1453352400,94.11245727539062,57.3576774597168
1453438800,96.1008529663086,58.33406448364258
1453698000,95.27885437011719,57.837615966796875
1453784400,95.66244506835938,57.92033767700195
1453870800,95.16927337646484,57.54801940917969
1453957200,95.72509765625,57.283241271972656
1454043600,98.4493637084961,59.29390335083008
1454302800,99.03646087646484,60.121315002441406
1454389200,98.06575775146484,59.4676513671875
1454475600,96.90715789794922,55.78557586669922
1454562000,94.80915832519531,56.23238754272461
1454648400,91.14549255371094,54.47822570800781
1454907600,87.56012725830078,52.583396911621094
1454994000,89.13359832763672,53.079856872558594
1455080400,89.50151824951172,53.00538635253906
1455166800,88.67172241210938,52.45928192138672
1455253200,91.05935668945312,53.67560958862305
1455598800,93.4940185546875,55.7938346862793
1455685200,94.88741302490234,56.26547622680664
1455771600,93.91671752929688,56.03379440307617
1455858000,95.26319885253906,56.69574737548828
1456117200,96.1712875366211,57.4818115234375
1456203600,97.48646545410156,56.1827278137207
1456290000,98.33189392089844,56.77849197387695
1456376400,99.3104476928711,56.84466552734375
1456462800,98.84075164794922,57.1756591796875
1456722000,97.16547393798828,55.87659454345703
1456808400,98.40238189697266,57.126014709472656
1456894800,98.31624603271484,57.16738510131836
1456981200,99.26350402832031,57.8624267578125
1457067600,98.29276275634766,58.2430419921875
1457326800,98.7702865600586,58.55747604370117
1457413200,99.74635314941406,58.73951721191406
1457499600,99.20323181152344,58.62366485595703
1457586000,99.093017578125,58.499549865722656
1457672400,101.11597442626953,59.67450714111328
1457928000,101.41509246826172,60.19580841064453
1458014400,102.09991455078125,60.48537826538086
1458100800,102.68238067626953,61.04804229736328
1458187200,103.02085876464844,61.24663543701172
1458273600,103.39081573486328,61.99959945678711
1458532800,103.12319946289062,62.23955154418945
1458619200,102.79257202148438,62.26435852050781
1458705600,102.50135803222656,61.87548065185547
1458792000,102.69026184082031,61.86720275878906
1459137600,103.17830657958984,62.04923629760742
1459224000,104.27239227294922,62.61188888549805
1459310400,105.02021789550781,62.9015007019043
1459396800,105.02803802490234,62.678096771240234
1459483200,106.14579772949219,63.29865646362305
1459742400,106.14579772949219,63.033897399902344
1459828800,105.93328857421875,62.77738571166992
1459915200,106.61019134521484,62.95942687988281
1460001600,105.3744125366211,62.34711837768555
1460088000,105.17761993408203,62.08233642578125
1460347200,104.69746398925781,62.1816291809082
1460433600,105.77584075927734,62.66155242919922
1460520000,105.35077667236328,63.431068420410156
1460606400,105.76798248291016,63.29865646362305
1460692800,106.271728515625,63.96891403198242
1460952000,107.68075561523438,64.24295043945312
1461038400,106.61019134521484,63.45400619506836
1461124800,106.41340637207031,63.3958854675293
1461211200,105.94902038574219,62.97236251831055
1461297600,106.78336334228516,63.15507507324219
1461556800,106.77552795410156,63.271324157714844
1461643200,106.531494140625,63.37926483154297
1461729600,106.85420989990234,63.89415740966797
1461816000,104.47706604003906,62.60696029663086
1461902400,105.3901596069336,63.13014602661133
1462161600,107.09038543701172,63.229801177978516
1462248000,105.90174865722656,62.8726921081543
1462334400,106.38980102539062,62.97236251831055
1462420800,106.00413513183594,62.399356842041016
1462507200,106.81485748291016,62.73152542114258
1462766400,107.23991394042969,62.980648040771484
1462852800,108.23959350585938,63.9356689453125
1462939200,105.71290588378906,62.39105224609375
1463025600,105.62627410888672,62.615257263183594
1463112000,104.7918930053711,62.291404724121094
1463371200,106.531494140625,63.9439811706543
1463457600,103.90243530273438,63.171661376953125
1463544000,103.72142028808594,65.27267456054688
1463630400,103.6899185180664,66.31902313232422
1463716800,103.78439331054688,66.28583526611328
1463976000,103.44593048095703,65.49689483642578
1464062400,104.97297668457031,66.10315704345703
1464148800,104.84703826904297,66.38546752929688
1464235200,105.51609802246094,66.56818389892578
1464321600,105.42951965332031,66.72594451904297
1464667200,104.53541564941406,66.54326629638672
1464753600,104.30599212646484,66.6595230102539
1464840000,104.76492309570312,67.06641387939453
1464926400,104.23477172851562,66.44363403320312
1465185600,102.21717071533203,65.14811706542969
1465272000,102.79476165771484,66.05329895019531
1465358400,102.53364562988281,65.50519561767578
1465444800,102.30421447753906,65.33082580566406
1465531200,101.9323501586914,65.0318374633789
1465790400,101.14115142822266,64.35920715332031
1465876800,99.09187316894531,63.17997741699219
1465963200,100.11254119873047,63.977195739746094
1466049600,100.76925659179688,64.91559600830078
1466136000,100.59518432617188,65.12320709228516
1466395200,100.97496795654297,65.26436614990234
1466481600,101.06988525390625,65.04846954345703
1466568000,100.95911407470703,65.06507873535156
1466654400,101.50507354736328,65.2477798461914
1466740800,100.00965118408203,63.9937744140625
1467000000,98.640869140625,63.37926483154297
1467086400,100.90374755859375,64.79930877685547
1467172800,100.77714538574219,64.57511138916016
1467259200,101.03034210205078,65.74603271484375
1467345600,102.55738830566406,66.10315704345703
1467691200,102.34375,65.95366668701172
1467777600,104.10026550292969,66.51001739501953
1467864000,103.77586364746094,66.83391571044922
1467950400,106.29190826416016,68.37853240966797
1468209600,106.93280029296875,68.76052856445312
1468296000,106.6875228881836,68.87680053710938
1468382400,105.67479705810547,67.80551147460938
1468468800,106.45014190673828,68.20415496826172
1468555200,106.64004516601562,67.82213592529297
1468814400,107.8743667602539,68.32254028320312
1468900800,108.3807373046875,67.90550994873047
1468987200,108.72098541259766,67.73038482666016
1469073600,107.6607437133789,66.84634399414062
1469160000,108.01679992675781,67.26333618164062
1469419200,108.00093841552734,67.54691314697266
1469505600,108.19874572753906,67.60530090332031
1469592000,107.85062408447266,67.3550796508789
1469678400,109.15612030029297,68.61445617675781
1469764800,109.3776626586914,68.6227798461914
1470024000,109.79700469970703,68.6478042602539
1470110400,108.5706558227539,68.36425018310547
1470196800,108.44401550292969,68.40595245361328
1470283200,107.64494323730469,67.50521850585938
1470369600,108.32535552978516,68.15574645996094
1470628800,107.77153778076172,68.07233428955078
1470715200,107.69239807128906,67.83880615234375
1470801600,107.28884887695312,67.53855895996094
1470888000,108.42820739746094,68.06399536132812
1470974400,108.05635070800781,68.15574645996094
1471233600,108.44401550292969,68.00559997558594
1471320000,107.7873306274414,67.9555892944336
1471406400,107.72403717041016,64.1191177368164
1471492800,106.6558837890625,63.74382019042969
1471579200,107.17811584472656,64.90308380126953
1471838400,107.08314514160156,64.46105194091797
1471924800,107.77940368652344,64.4693832397461
1472011200,106.86161804199219,64.1858139038086
1472097600,107.15437316894531,64.61116790771484
1472184000,106.3077392578125,64.13578796386719
1472443200,107.0040054321289,64.36930084228516
1472529600,106.64617156982422,63.852210998535156
1472616000,106.66205596923828,63.852210998535156
1472702400,106.7495346069336,63.75214385986328
1472788800,107.4811782836914,64.1858139038086
1473134400,106.64617156982422,63.3935432434082
1473220800,105.60431671142578,62.918128967285156
1473307200,104.38760375976562,61.825557708740234
1473393600,101.58821868896484,59.85728073120117
1473652800,102.26420593261719,60.46609878540039
1473739200,99.98175811767578,59.28181838989258
1473825600,100.41119384765625,59.31519317626953
1473912000,100.9679183959961,59.473636627197266
1473998400,100.29190063476562,59.173397064208984
1474257600,100.43507385253906,59.473636627197266
1474344000,100.86453247070312,59.523681640625
1474430400,101.88246154785156,60.090816497802734
1474516800,102.39143371582031,60.115806579589844
1474603200,101.62796020507812,60.34101867675781
1474862400,99.76702880859375,59.05661392211914
1474948800,100.85657501220703,59.63211441040039
1475035200,102.00972747802734,59.84895324707031
1475121600,101.73932647705078,60.05746078491211
1475208000,102.33578491210938,60.22425079345703
1475467200,102.19263458251953,60.207584381103516
1475553600,101.95405578613281,60.63291931152344
1475640000,101.46094512939453,60.25759506225586
1475726400,103.53662872314453,60.12415313720703
1475812800,102.04154205322266,59.465309143066406
1476072000,101.19853210449219,59.1900634765625
1476158400,100.08512878417969,58.456138610839844
1476244800,100.75318908691406,59.48198699951172
1476331200,100.43507385253906,59.29851150512695
1476417600,100.53844451904297,59.50700759887695
1476676800,99.5204849243164,58.652122497558594
1476763200,99.99767303466797,58.87002182006836
1476849600,100.11695861816406,58.32524490356445
1476936000,100.40325927734375,58.57666778564453
1477022400,100.68158721923828,59.213661193847656
1477281600,101.62000274658203,59.490234375
1477368000,98.08898162841797,57.386531829833984
1477454400,97.58796691894531,56.46461486816406
1477540800,97.23011016845703,56.28858947753906
1477627200,98.27989196777344,56.17963409423828
1477886400,97.03130340576172,55.86114501953125
1477972800,95.3453140258789,55.00626754760742
1478059200,95.66341400146484,55.78572463989258
1478145600,95.5759506225586,55.81085205078125
1478232000,96.15650177001953,55.52589797973633
1478494800,98.41507720947266,56.34727478027344
1478581200,98.8127212524414,55.9952507019043
1478667600,100.22032928466797,56.85850524902344
1478754000,102.6141128540039,58.216285705566406
1478840400,103.26624298095703,58.44259262084961
1479099600,101.53254699707031,58.67725372314453
1479186000,98.9320068359375,57.87266159057617
1479272400,99.67161560058594,56.17125701904297
1479358800,102.53457641601562,56.95070266723633
1479445200,102.05743408203125,58.09055709838867
1479704400,101.96995544433594,58.17437744140625
1479790800,104.1649169921875,60.001468658447266
1479877200,104.34780883789062,60.15235137939453
1480050000,104.63412475585938,60.521148681640625
1480309200,103.89451599121094,59.67462921142578
1480395600,103.63067626953125,59.26394271850586
1480482000,103.45478057861328,59.129859924316406
1480568400,103.51075744628906,59.50700759887695
1480654800,103.8305435180664,60.60493469238281
1480914000,103.67864227294922,60.89829635620117
1481000400,102.92711639404297,60.730655670166016
1481086800,105.90127563476562,64.03290557861328
1481173200,105.95719909667969,63.0606575012207
1481259600,106.64476013183594,62.599700927734375
1481518800,107.59617614746094,62.44881057739258
1481605200,109.16319274902344,62.56616973876953
1481691600,108.71544647216797,61.652618408203125
1481778000,108.60354614257812,61.74480056762695
1481864400,108.01991271972656,61.14970779418945
1482123600,108.28373718261719,61.11619186401367
1482210000,109.618896484375,62.24765396118164
1482296400,109.39505004882812,62.18061828613281
1482382800,108.27572631835938,61.191650390625
1482469200,107.97193908691406,60.59659957885742
1482814800,108.13981628417969,60.53791427612305
1482901200,107.9879379272461,59.98473358154297
1482987600,108.01192474365234,59.791969299316406
1483074000,107.19642639160156,59.607574462890625
1483419600,107.38029479980469,59.465091705322266
1483506000,108.33171081542969,60.185882568359375
1483592400,107.05252838134766,59.56565856933594
1483678800,106.75670623779297,59.465091705322266
1483938000,107.38029479980469,59.56565856933594
1484024400,108.81143951416016,59.683006286621094
1484110800,108.49159240722656,59.72490310668945
1484197200,107.9879379272461,59.99310302734375
1484283600,107.96395874023438,60.470848083496094
1484629200,108.67550659179688,60.663639068603516
1484715600,108.85936737060547,59.82549285888672
1484802000,108.2437515258789,60.0098762512207
1484888400,108.41165924072266,60.14395523071289
1485147600,110.38641357421875,61.129371643066406
1485234000,110.37840270996094,62.32535934448242
1485320400,109.91470336914062,61.533660888671875
1485406800,110.69823455810547,61.67683792114258
1485493200,110.5942611694336,61.69368362426758
1485752400,110.7061996459961,61.96318817138672
1485838800,109.99466705322266,61.55051040649414
1485925200,109.88272094726562,60.9356689453125
1486011600,109.49097442626953,60.5987663269043
1486098000,110.31443786621094,61.72739028930664
1486357200,109.12320709228516,61.154666900634766
1486443600,109.25113677978516,60.843040466308594
1486530000,110.23448181152344,61.019901275634766
1486616400,110.89808654785156,61.92951202392578
1486702800,111.80951690673828,62.30009460449219
1486962000,111.82550048828125,62.24114990234375
1487048400,113.01678466796875,63.77400207519531
1487134800,113.68033599853516,64.7762680053711
1487221200,113.16063690185547,64.27934265136719
1487307600,114.32791900634766,64.6330795288086
1487653200,115.94290161132812,65.06262969970703
1487739600,116.12677001953125,64.68362426757812
1487826000,115.69507598876953,63.84137725830078
1487912400,116.68643188476562,64.09405517578125
1488171600,116.166748046875,64.36357879638672
1488258000,115.85499572753906,62.63698959350586
1488344400,117.27005004882812,68.60001373291016
1488430800,118.2854232788086,67.71569061279297
1488517200,118.17350006103516,68.79373931884766
1488776400,117.62989044189453,68.23786163330078
1488862800,117.45288848876953,68.08625030517578
1488949200,118.17681121826172,68.49893188476562
1489035600,117.93553161621094,68.36418914794922
1489122000,118.12051391601562,68.70951843261719
1489377600,118.5870361328125,68.70951843261719
1489464000,118.369873046875,69.01272583007812
1489550400,119.00530242919922,70.13288116455078
1489636800,119.63267517089844,70.09077453613281
1489723200,120.3324966430664,70.35186004638672
1489982400,118.88465118408203,69.35802459716797
1490068800,117.92742919921875,68.9958724975586
1490155200,118.53073120117188,69.35802459716797
1490241600,119.03750610351562,69.44223022460938
1490328000,118.81228637695312,69.24009704589844
1490587200,118.13658905029297,68.69265747070312
1490673600,118.40204620361328,69.40013122558594
1490760000,118.27334594726562,69.24009704589844
1490846400,118.200927734375,69.31592559814453
1490932800,118.10441589355469,69.24009704589844
1491192000,117.93553161621094,69.09690856933594
1491278400,117.71028137207031,68.71791076660156
1491364800,117.9515609741211,68.74320983886719
1491451200,118.43421936035156,69.03797912597656
1491537600,118.34576416015625,69.18115234375
1491796800,119.21442413330078,69.4169692993164
1491883200,119.2063980102539,69.40855407714844
1491969600,117.87113952636719,68.95375061035156
1492056000,117.36441802978516,68.27153015136719
1492401600,118.49053192138672,69.02112579345703
1492488000,118.85248565673828,69.1727066040039
1492574400,118.41812896728516,69.05482482910156
1492660800,119.62468719482422,70.14973449707031
1492747200,120.65424346923828,70.30136108398438
1493006400,122.1744613647461,71.18939971923828
1493092800,123.09150695800781,71.4769515991211
1493179200,124.04865264892578,72.08592224121094
1493265600,125.57695770263672,72.11976623535156
1493352000,125.56085205078125,71.78990936279297
1493611200,124.0406494140625,71.38394165039062
1493697600,124.63583374023438,72.21278381347656
1493784000,124.67605590820312,72.33966064453125
1493870400,124.5634536743164,72.22969818115234
1493956800,125.26325225830078,72.7371826171875
1494216000,126.19629669189453,72.7371826171875
1494302400,126.83172607421875,72.61029815673828
1494388800,127.1937484741211,72.78792572021484
1494475200,125.64125061035156,71.63764190673828
1494561600,126.22044372558594,71.73914337158203
1494820800,126.55025482177734,72.05208587646484
1494907200,127.29829406738281,72.19588470458984
1494993600,125.55282592773438,70.83413696289062
1495080000,125.23915100097656,71.08792114257812
1495166400,125.72171020507812,71.54460906982422
1495425600,125.44825744628906,71.08792114257812
1495512000,124.5393295288086,69.6416244506836
1495598400,124.67605590820312,67.5356216430664
1495684800,125.85045623779297,68.78736877441406
1495771200,124.59561920166016,68.43214416503906
1496116800,124.49042510986328,67.1634750366211
1496203200,124.19110870361328,66.62218475341797
1496289600,125.51787567138672,68.02616882324219
1496376000,125.67967987060547,67.84856414794922
1496635200,125.22663879394531,67.18885803222656
1496721600,124.74933624267578,66.56298065185547
1496808000,125.36416625976562,65.79331970214844
1496894400,124.18302917480469,65.66643524169922
1496980800,123.74613189697266,66.52068328857422
1497240000,123.1151123046875,66.84209442138672
1497326400,124.57946014404297,67.36646270751953
1497412800,126.82038879394531,68.13613891601562
1497499200,126.8284912109375,67.99235534667969
1497585600,126.72332000732422,67.49333190917969
1497844800,128.47882080078125,68.57593536376953
1497931200,127.55658721923828,68.05156707763672
1498017600,126.68286895751953,66.93511199951172
1498104000,125.78489685058594,66.25848388671875
1498190400,122.41129302978516,64.33859252929688
1498449600,122.50028991699219,64.87139892578125
1498536000,123.1637191772461,64.55850219726562
1498622400,123.964599609375,65.14205169677734
1498708800,123.09899139404297,64.78681182861328
1498795200,124.10214233398438,65.57344055175781
1499054400,124.59561920166016,66.19085693359375
1499227200,123.52771759033203,65.4381103515625
1499313600,123.00995635986328,64.77836608886719
1499400000,123.15557861328125,65.25202941894531
1499659200,122.30611419677734,65.0574722290039
1499745600,121.83688354492188,64.4908218383789
1499832000,123.44681549072266,64.4654541015625
1499918400,124.01313018798828,64.71916961669922
1500004800,123.68145751953125,64.33010864257812
1500264000,124.4985580444336,64.64305114746094
1500350400,123.10702514648438,64.24552917480469
1500436800,124.021240234375,64.98136138916016
1500523200,118.94873809814453,61.369873046875
1500609600,118.64128875732422,62.452476501464844
1500868800,116.9666976928711,63.20092010498047
1500955200,118.9001693725586,64.3746337890625
1501041600,118.67366027832031,64.62124633789062
1501128000,119.51508331298828,65.48877716064453
1501214400,119.79820251464844,65.04652404785156
1501473600,121.02790069580078,65.8290023803711
1501560000,121.23015594482422,66.19468688964844
1501646400,121.75603485107422,66.22020721435547
1501732800,121.99063873291016,66.26273345947266
1501819200,123.57630920410156,66.65397644042969
1502078400,124.0616683959961,66.61144256591797
1502164800,124.0616683959961,65.66737365722656
1502251200,125.60690307617188,66.6284408569336
1502337600,124.49042510986328,65.49726104736328
1502424000,125.29943084716797,65.70992279052734
1502683200,124.79786682128906,66.10114288330078
1502769600,121.48900604248047,63.19242858886719
1502856000,123.1717758178711,64.08544158935547
1502942400,121.08451080322266,63.039344787597656
1503028800,119.32091522216797,62.63108825683594
1503288000,120.70430755615234,62.809688568115234
1503374400,121.27872467041016,64.48519897460938
1503460800,120.62340545654297,62.095279693603516
1503547200,119.93567657470703,61.755069732666016
1503633600,121.06832885742188,62.384429931640625
1503892800,122.47602081298828,62.76716613769531
1503979200,121.93891906738281,62.469478607177734
1504065600,122.06910705566406,62.860721588134766
1504152000,121.96334075927734,62.84369659423828
1504238400,122.70389556884766,63.490081787109375
1504584000,124.45352172851562,64.36608123779297
1504670400,127.40762329101562,65.88850402832031
1504756800,128.5224609375,66.06712341308594
1504843200,129.930419921875,66.81553649902344
1505102400,128.88055419921875,65.91404724121094
1505188800,130.13381958007812,66.90061950683594
1505275200,130.22337341308594,66.22020721435547
1505361600,129.70248413085938,66.73048400878906
1505448000,128.90493774414062,66.33078002929688
1505707200,128.42483520507812,66.05860900878906
1505793600,128.3027801513672,65.90553283691406
1505880000,129.13284301757812,66.26273345947266
1505966400,129.5478515625,66.3733139038086
1506052800,130.18263244628906,66.53490447998047
1506312000,131.102294921875,67.47895050048828
1506398400,131.23243713378906,67.43640899658203
1506484800,130.9557647705078,67.38540649414062
1506571200,132.1276397705078,67.5724868774414
1506657600,133.1041717529297,67.98926544189453
1506916800,133.478515625,68.7121810913086
1507003200,134.41436767578125,69.18846130371094
1507089600,134.51202392578125,69.28203582763672
1507176000,135.1874542236328,69.96241760253906
1507262400,134.9677734375,69.62222290039062
1507521600,134.85385131835938,69.52017211914062
1507608000,134.40621948242188,68.97583770751953
1507694400,134.47950744628906,69.06939697265625
1507780800,133.94239807128906,69.37557983398438
1507867200,133.84471130371094,70.0219497680664
1508126400,133.6412811279297,69.06086730957031
1508212800,132.93328857421875,68.98431396484375
1508299200,133.01466369628906,68.67817687988281
1508385600,132.84373474121094,69.12042236328125
1508472000,132.99835205078125,68.07429504394531
1508731200,134.06442260742188,68.38899230957031
1508817600,135.1142120361328,69.380615234375
1508904000,135.14682006835938,69.23529052734375
1508990400,136.4326171875,69.69692993164062
1509076800,136.1802978515625,68.91045379638672
1509336000,134.5283203125,67.8846206665039
1509422400,134.9107666015625,68.34624481201172
1509508800,134.58529663085938,68.32061767578125
1509595200,132.41249084472656,65.52519226074219
1509681600,133.7796173095703,66.61087036132812
1509944400,133.6412811279297,66.17491912841797
1510030800,133.185546875,66.36295318603516
1510117200,133.5029296875,66.75619506835938
1510203600,132.86819458007812,66.74766540527344
1510290000,133.55178833007812,66.24330139160156
1510549200,134.5608673095703,66.27751922607422
1510635600,136.76622009277344,67.73075866699219
1510722000,134.65847778320312,66.99557495117188
1510808400,136.3105010986328,67.93589782714844
1510894800,136.50584411621094,68.57707214355469
1511154000,138.71116638183594,69.6371078491211
1511240400,140.67251586914062,68.89337158203125
1511326800,140.0214385986328,68.01286315917969
1511499600,140.24119567871094,67.73930358886719
1511758800,141.73036193847656,68.24368286132812
1511845200,143.69166564941406,69.82516479492188
1511931600,144.97572326660156,71.21004486083984
1512018000,147.07778930664062,71.26986694335938
1512104400,147.56857299804688,72.00504302978516
1512363600,151.23284912109375,75.26207733154297
1512450000,149.55613708496094,73.7831802368164
1512536400,147.87937927246094,70.4406509399414
1512622800,148.86083984375,71.49214935302734
1512709200,150.01416015625,73.17620849609375
1512968400,149.06539916992188,73.12493133544922
1513054800,148.69729614257812,72.65476989746094
1513141200,149.7033233642578,73.17620849609375
1513227600,148.9672088623047,73.15912628173828
1513314000,149.33526611328125,74.1080093383789
1513573200,151.09381103515625,74.7491683959961
1513659600,152.11619567871094,75.96308135986328
1513746000,153.2040252685547,77.10004425048828
1513832400,153.83383178710938,77.56168365478516
1513918800,153.8747100830078,77.95490264892578
1514264400,155.69863891601562,78.55330657958984
1514350800,155.55963134765625,78.74138641357422
1514437200,155.2242431640625,79.38253784179688
1514523600,155.019775390625,79.45091247558594
1514869200,153.79287719726562,78.32250213623047
1514955600,154.59445190429688,78.6644515991211
1515042000,155.82131958007812,79.2799301147461
1515128400,157.44895935058594,80.98966979980469
1515387600,157.07273864746094,80.1091537475586
1515474000,157.93972778320312,80.82726287841797
1515560400,156.87644958496094,80.50238800048828
1515646800,159.23202514648438,81.84452819824219
1515733200,160.65518188476562,86.22142791748047
1516078800,160.56527709960938,86.31547546386719
1516165200,163.43612670898438,86.92240905761719
1516251600,162.21743774414062,86.64883422851562
1516338000,164.6711883544922,89.71784210205078
1516597200,167.2312469482422,91.5643081665039
1516683600,167.59112548828125,91.91615295410156
1516770000,168.67079162597656,91.58148956298828
1516856400,167.9755859375,91.2896957397461
1516942800,169.49691772460938,92.16500854492188
1517202000,167.60751342773438,91.6844482421875
1517288400,165.0637664794922,90.25994110107422
1517374800,164.31948852539062,89.873779296875
1517461200,163.50155639648438,89.12718200683594
1517547600,158.65133666992188,87.10194396972656
1517806800,149.76876831054688,83.73802947998047
1517893200,156.25482177734375,86.00353240966797
1517979600,156.4592742919922,85.74607849121094
1518066000,148.22288513183594,81.53257751464844
1518152400,150.59483337402344,83.38618469238281
1518411600,150.5457763671875,83.90962219238281
1518498000,150.26766967773438,82.43362426757812
1518584400,151.06106567382812,83.18022918701172
1518670800,151.5354461669922,82.81978607177734
1518757200,152.92588806152344,82.6481704711914
1519102800,152.71327209472656,82.0818099975586
1519189200,149.7278594970703,81.81576538085938
1519275600,151.698974609375,83.1458969116211
1519362000,154.05465698242188,83.6607666015625
1519621200,154.14462280273438,83.67794036865234
1519707600,151.29824829101562,82.20193481445312
1519794000,149.08169555664062,76.88141632080078
1519880400,146.93055725097656,75.48262786865234
1519966800,145.9654541015625,73.23429870605469
1520226000,148.648193359375,74.08385467529297
1520312400,148.5664520263672,74.76180267333984
1520398800,146.89659118652344,73.89505004882812
1520485200,146.37010192871094,73.93798065185547
1520571600,149.8414306640625,74.89908599853516
1520827200,147.82606506347656,75.24234771728516
1520913600,146.7073974609375,73.92079162597656
1521000000,145.93417358398438,74.12674713134766
1521086400,146.47705078125,73.40592193603516
1521172800,147.2091522216797,74.6588134765625
1521432000,145.6791229248047,73.62045288085938
1521518400,146.551025390625,73.56896209716797
1521604800,146.43589782714844,74.87334442138672
1521691200,144.19029235839844,73.5432357788086
1521777600,141.31947326660156,71.8869857788086
1522036800,145.08688354492188,76.632568359375
1522123200,143.6884765625,73.76631927490234
1522209600,143.75430297851562,73.69770050048828
1522296000,146.6168975830078,75.30245208740234
1522641600,142.22430419921875,72.59069061279297
1522728000,142.93173217773438,73.32868957519531
1522814400,145.9588165283203,75.5684585571289
1522900800,147.3489990234375,76.16058349609375
1522987200,143.49929809570312,75.7229232788086
1523246400,141.90347290039062,73.1484603881836
1523332800,142.70965576171875,74.77896881103516
1523419200,142.19142150878906,74.35845947265625
1523505600,142.6027069091797,74.69315338134766
1523592000,142.1420440673828,73.99805450439453
1523851200,143.48284912109375,73.85215759277344
1523937600,143.8777313232422,73.93798065185547
1524024000,147.94126892089844,74.15251159667969
1524110400,145.6627197265625,72.83953857421875
1524196800,145.6051483154297,71.75827026367188
1524456000,146.1398162841797,72.38471984863281
1524542400,144.98817443847656,71.49652099609375
1524628800,145.91769409179688,70.26336669921875
1524715200,152.769775390625,71.81558990478516
1524801600,153.3784637451172,72.43644714355469
1525060800,152.01303100585938,71.08260345458984
1525147200,151.87318420410156,71.53962707519531
1525233600,152.9261474609375,72.4019546508789
1525320000,150.6886444091797,71.42752838134766
1525406400,152.20217895507812,72.63479614257812
1525665600,150.99302673339844,72.30712127685547
1525752000,152.21044921875,72.65205383300781
1525838400,153.29624938964844,72.79864501953125
1525924800,153.95428466796875,73.35916900634766
1526011200,156.5454559326172,75.41154479980469
1526270400,157.17886352539062,74.66130065917969
1526356800,154.62879943847656,73.8938217163086
1526443200,153.31268310546875,73.73860168457031
1526529600,152.448974609375,73.70409393310547
1526616000,154.1681671142578,74.45433044433594
1526875200,156.11767578125,75.35977172851562
1526961600,153.7157440185547,73.94554901123047
1527048000,153.55120849609375,81.65484619140625
1527134400,153.9460906982422,83.20709228515625
1527220800,153.6992950439453,83.37956237792969
1527566400,152.17755126953125,82.59479522705078
1527652800,154.75833129882812,84.00906372070312
1527739200,154.31166076660156,81.9308090209961
1527825600,154.97341918945312,82.63793182373047
1528084800,158.2904510498047,84.15565490722656
1528171200,158.77023315429688,84.07804107666016
1528257600,160.13511657714844,84.9317398071289
1528344000,162.2692413330078,85.6043701171875
1528430400,164.055908203125,86.4236068725586
1528689600,165.13954162597656,86.66506958007812
1528776000,166.5209197998047,86.66506958007812
1528862400,165.69378662109375,85.76821899414062
1528948800,165.16436767578125,85.509521484375
1529035200,165.88404846191406,85.52676391601562
1529294400,166.00807189941406,85.01799011230469
1529380800,164.78387451171875,84.64720153808594
1529467200,164.6763458251953,84.88862609863281
1529553600,165.69378662109375,85.42327880859375
1529640000,163.29495239257812,84.69892120361328
1529899200,162.4429473876953,83.51750946044922
1529985600,162.4263916015625,83.75896453857422
1530072000,161.31797790527344,83.05184936523438
1530158400,161.47508239746094,82.78453063964844
1530244800,161.38414001464844,82.41372680664062
1530504000,160.49081420898438,81.81008911132812
1530590400,160.15988159179688,81.97394561767578
1530763200,160.81336975097656,82.37060546875
1530849600,160.8712921142578,82.9052734375
1531108800,162.19482421875,83.61237335205078
1531195200,163.46038818359375,85.38015747070312
1531281600,162.91441345214844,85.03522491455078
1531368000,163.74156188964844,84.76790618896484
1531454400,164.35372924804688,85.87171173095703
1531713600,164.51095581054688,85.9148178100586
1531800000,166.3472442626953,86.4494857788086
1531886400,166.2397003173828,87.13935089111328
1531972800,167.61288452148438,87.43254089355469
1532059200,167.46397399902344,86.80303955078125
1532318400,167.28196716308594,87.23419952392578
1532404800,167.0834197998047,86.64500427246094
1532491200,166.26454162597656,85.79589080810547
1532577600,164.9409942626953,85.3626708984375
1532664000,163.0715789794922,84.91211700439453
1532923200,163.1874237060547,86.02117156982422
1533009600,163.38592529296875,86.0731430053711
1533096000,162.37677001953125,84.87744903564453
1533182400,161.84735107421875,84.4269027709961
1533268800,161.830810546875,84.59150695800781
1533528000,161.8721466064453,84.69549560546875
1533614400,162.99710083007812,85.58795166015625
1533700800,163.79949951171875,85.66592407226562
1533787200,163.84915161132812,86.593017578125
1533873600,162.37677001953125,85.18070983886719
1534132800,160.5900115966797,84.1236572265625
1534219200,159.72976684570312,85.25869750976562
1534305600,160.46595764160156,83.89836120605469
1534392000,161.6240234375,84.63483428955078
1534478400,161.76461791992188,84.89478302001953
1534737600,163.7250518798828,85.75257110595703
1534824000,165.62762451171875,86.41976165771484
1534910400,164.58535766601562,91.42781066894531
1534996800,165.5697021484375,92.84014129638672
1535083200,166.51272583007812,92.53689575195312
1535342400,167.0751190185547,92.68417358398438
1535428800,167.06689453125,93.81056213378906
1535515200,167.68212890625,94.1657943725586
1535601600,165.67005920410156,93.47261810302734
1535688000,166.92556762695312,94.22645568847656
1536033600,170.50897216796875,95.24887084960938
1536120000,169.7357940673828,93.93185424804688
1536206400,171.18247985839844,94.77230834960938
1536292800,171.46517944335938,94.95426177978516
1536552000,175.17333984375,97.38032531738281
1536638400,177.8006134033203,98.9312515258789
1536724800,176.24588012695312,99.0699234008789
1536811200,174.14234924316406,97.69225311279297
1536897600,173.826416015625,98.67999267578125
1537156800,173.2694091796875,98.55003356933594
1537243200,175.4477081298828,100.1183090209961
1537329600,175.9964141845703,100.7334976196289
1537416000,175.48094177246094,101.1147232055664
1537502400,176.5867156982422,101.23603057861328
1537761600,172.92848205566406,99.65043640136719
1537848000,172.48782348632812,99.81505584716797
1537934400,172.53765869140625,99.45980834960938
1538020800,171.97227478027344,99.20854187011719
1538107200,172.2300262451172,99.4858169555664
1538366400,172.60423278808594,98.83597564697266
1538452800,170.2346649169922,97.5536117553711
1538539200,169.39488220214844,96.82579803466797
1538625600,165.32919311523438,95.9853515625
1538712000,163.2755889892578,95.08423614501953
1538971200,164.9634246826172,95.22285461425781
1539057600,162.7517852783203,94.59033966064453
1539144000,161.04737854003906,92.0949935913086
1539230400,157.7549285888672,90.31010437011719
1539316800,160.0247344970703,91.28917694091797
1539576000,158.94383239746094,90.69132995605469
1539662400,160.9476318359375,91.82637786865234
1539748800,153.95533752441406,88.75917053222656
1539835200,150.02264404296875,86.39374542236328
1539921600,149.53211975097656,86.2897720336914
1540180800,148.6175537109375,85.2500228881836
1540267200,148.43463134765625,85.4328842163086
1540353600,147.1375732421875,84.04846954345703
1540440000,148.88357543945312,85.28482818603516
1540526400,143.19664001464844,81.65406799316406
1540785600,144.00311279296875,80.8530044555664
1540872000,146.5306854248047,82.48990631103516
1540958400,146.2313690185547,82.90785217285156
1541044800,150.03927612304688,84.8407974243164
1541131200,149.59861755371094,84.30094909667969
1541394000,151.4776611328125,84.51863861083984
1541480400,151.3279571533203,84.90174865722656
1541566800,155.66807556152344,87.59220886230469
1541653200,156.30825805664062,86.60830688476562
1541739600,154.63702392578125,84.30094909667969
1541998800,149.1829376220703,83.28225708007812
1542085200,148.8253631591797,83.22998809814453
1542171600,149.5736541748047,82.63792419433594
1542258000,147.4618682861328,81.56697845458984
1542344400,147.17919921875,81.19257354736328
1542603600,144.32737731933594,79.53824615478516
1542690000,140.55271911621094,75.0367202758789
1542776400,140.76058959960938,76.94358825683594
1542949200,140.38641357421875,76.45598602294922
1543208400,141.1929168701172,77.76200103759766
1543294800,144.01974487304688,79.79075622558594
1543381200,148.4025115966797,81.57569885253906
1543467600,146.9220733642578,81.1490478515625
1543554000,150.81968688964844,82.16776275634766
1543813200,152.00738525390625,82.09811401367188
1543899600,146.62095642089844,78.650146484375
1544072400,147.1729736328125,79.18997192382812
1544158800,144.52159118652344,77.84037780761719
1544418000,143.60154724121094,77.86650085449219
1544504400,144.03648376464844,77.9100570678711
1544590800,145.7092742919922,80.1999740600586
1544677200,145.42489624023438,82.09811401367188
1544763600,144.1033935546875,81.28836059570312
1545022800,140.49014282226562,78.7546157836914
1545109200,142.2214813232422,79.634033203125
1545195600,140.147216796875,78.650146484375
1545282000,137.303466796875,77.63143157958984
1545368400,134.2255401611328,76.3079605102539
1545627600,132.268310546875,74.8451919555664
1545800400,140.7494354248047,79.26834869384766
1545886800,142.45571899414062,79.9823226928711
1545973200,142.3720703125,79.99104309082031
1546232400,143.71029663085938,80.41763305664062
1546405200,144.2037811279297,80.33930206298828
1546491600,141.02545166015625,79.38153076171875
1546578000,145.21580505371094,81.73241424560547
1546837200,148.0762939453125,83.28225708007812
1546923600,148.78726196289062,85.00621795654297
1547010000,150.32620239257812,84.48379516601562
1547096400,149.76583862304688,83.56957244873047
1547182800,150.05860900878906,84.71890258789062
1547442000,149.55673217773438,84.37934112548828
1547528400,147.5995330810547,82.63792419433594
1547614800,148.0762939453125,81.8107681274414
1547701200,146.26126098632812,80.14773559570312
1547787600,150.20074462890625,82.6988754272461
1548133200,148.1348419189453,80.12602233886719
1548219600,147.9508514404297,80.36231994628906
1548306000,148.28538513183594,80.33605194091797
1548392400,150.88656616210938,82.10381317138672
1548651600,150.40985107421875,81.5174560546875
1548738000,150.29275512695312,81.76251220703125
1548824400,152.37535095214844,83.79277801513672
1548910800,153.50454711914062,84.1515884399414
1548997200,154.2070770263672,84.98294067382812
1549256400,155.9300994873047,85.64806365966797
1549342800,155.89666748046875,85.84931182861328
1549429200,154.49981689453125,85.05294036865234
1549515600,153.95616149902344,84.78166961669922
1549602000,154.34927368164062,85.03543090820312
1549861200,152.9943389892578,84.78166961669922
1549947600,155.1689453125,87.0482406616211
1550034000,157.58619689941406,88.78971862792969
1550120400,157.00070190429688,88.8334732055664
1550206800,160.91505432128906,91.2225570678711
1550552400,160.86483764648438,91.94012451171875
1550638800,160.46339416503906,92.4652328491211
1550725200,160.43832397460938,92.34271240234375
1550811600,160.91505432128906,92.9990463256836
1551070800,158.89932250976562,91.89640045166016
1551157200,157.49420166015625,91.91388702392578
1551243600,153.62161254882812,94.18047332763672
1551330000,154.85116577148438,91.96639251708984
1551416400,154.876220703125,90.9775161743164
1551675600,153.73870849609375,90.3036880493164
1551762000,153.8976593017578,90.14614868164062
1551848400,154.27403259277344,89.55980682373047
1551934800,152.6514129638672,88.13336181640625
1552021200,151.58082580566406,86.92570495605469
1552276800,152.59283447265625,87.86209106445312
1552363200,153.8976593017578,88.2646484375
1552449600,152.63372802734375,88.53593444824219
1552536000,153.02975463867188,88.22088623046875
1552622400,153.5521697998047,87.63457489013672
1552881600,154.55487060546875,89.15726470947266
1552968000,155.1531982421875,90.53119659423828
1553054400,156.81314086914062,90.65372467041016
1553140800,160.07411193847656,93.06903839111328
1553227200,159.04611206054688,91.84391021728516
1553486400,159.8297882080078,92.78900909423828
1553572800,159.543212890625,92.72774505615234
1553659200,159.46743774414062,93.97917938232422
1553745600,160.14993286132812,94.83678436279297
1553832000,161.69195556640625,95.79943084716797
1554091200,164.85182189941406,95.3268814086914
1554177600,163.7310791015625,96.18449401855469
1554264000,167.3544464111328,97.95221710205078
1554350400,168.90484619140625,99.16864776611328
1554436800,170.26148986816406,100.62136840820312
1554696000,171.5170135498047,101.33016967773438
1554782400,169.28402709960938,99.01111602783203
1554868800,168.0453643798828,99.55369567871094
1554955200,169.7727508544922,100.75262451171875
1555041600,171.7698211669922,101.74149322509766
1555300800,172.620849609375,102.54660034179688
1555387200,172.29220581054688,102.41534423828125
1555473600,174.04489135742188,102.49411010742188
1555560000,173.294921875,99.53621673583984
1555905600,172.55349731445312,99.26490020751953
1555992000,173.6236114501953,99.7834243774414
1556078400,174.18812561035156,100.16131591796875
1556164800,174.00274658203125,99.8361587524414
1556251200,171.56756591796875,98.85186004638672
1556510400,170.3457794189453,98.62335205078125
1556596800,171.6433563232422,99.431884765625
1556683200,167.51454162597656,97.28751373291016
1556769600,169.37673950195312,98.52667999267578
1556856000,168.99754333496094,98.74637603759766
1557115200,168.21389770507812,97.8587646484375
1557201600,164.11874389648438,94.14127349853516
1557288000,164.455810546875,93.79851531982422
1557374400,163.95863342285156,93.4118423461914
1557460800,163.95863342285156,93.71942138671875
1557720000,160.38587951660156,91.97931671142578
1557806400,161.4644317626953,92.937255859375
1557892800,161.58241271972656,94.58070373535156
1557979200,162.1048583984375,95.43317413330078
1558065600,162.27337646484375,95.81106567382812
1558324800,160.89988708496094,95.96926879882812
1558411200,161.3212127685547,97.63905334472656
1558497600,159.180908203125,86.07353973388672
1558584000,161.78465270996094,83.31396484375
1558670400,163.1243896484375,83.81493377685547
1559016000,161.4054718017578,80.73900604248047
1559102400,160.0909881591797,81.93421936035156
1559188800,161.00942993164062,82.50543212890625
1559275200,159.97300720214844,81.9781265258789
1559534400,159.73707580566406,82.47028350830078
1559620800,164.52317810058594,85.09800720214844
1559707200,166.89910888671875,84.58830261230469
1559793600,167.306396484375,84.57949829101562
1559880000,167.4166717529297,85.03650665283203
1560139200,168.05313110351562,84.64102172851562
1560225600,168.01914978027344,84.67617797851562
1560312000,168.808349609375,84.65859985351562
1560398400,171.70179748535156,86.671142578125
1560484800,174.6038360595703,87.55875396728516
1560744000,175.6305694580078,87.9542236328125
1560830400,176.0548553466797,87.27754211425781
1560916800,176.44517517089844,86.7677993774414
1561003200,179.2538299560547,89.14948272705078
1561089600,177.675537109375,88.62215423583984
1561348800,174.37474060058594,87.02264404296875
1561435200,173.72979736328125,86.31961059570312
1561521600,175.1554412841797,87.21603393554688
1561608000,175.6645050048828,87.32147216796875
1561694400,176.4706268310547,88.68368530273438
1561953600,178.43072509765625,89.81739044189453
1562040000,178.3119354248047,90.24800872802734
1562126400,179.97508239746094,90.65228271484375
1562299200,179.4320068359375,91.5926513671875
1562558400,180.6623992919922,91.97931671142578
1562644800,179.89019775390625,92.15509033203125
1562731200,178.82952880859375,90.59078216552734
1562817600,181.62123107910156,92.16390228271484
1562904000,185.1765899658203,94.3873519897461
1563163200,185.57545471191406,94.88829803466797
1563249600,184.35354614257812,93.59638214111328
1563336000,182.95350646972656,92.21661376953125
1563422400,181.9606475830078,91.1795883178711
1563508800,180.77268981933594,90.08104705810547
1563768000,179.27076721191406,90.12498474121094
1563854400,180.806640625,90.6551284790039
1563940800,182.18975830078125,90.83182525634766
1564027200,182.90255737304688,90.16917419433594
1564113600,184.05657958984375,91.47686767578125
1564372800,185.01544189453125,91.85679626464844
1564459200,184.43841552734375,91.68892669677734
1564545600,181.3242645263672,89.59484100341797
1564632000,180.59451293945312,87.90718841552734
1564718400,180.0175323486328,87.67747497558594
1564977600,173.89955139160156,85.74243927001953
1565064000,177.17489624023438,86.51998138427734
1565150400,176.4197540283203,86.92643737792969
1565236800,179.52532958984375,88.77310943603516
1565323200,178.2101287841797,87.07664489746094
1565582400,175.65602111816406,84.89421081542969
1565668800,176.77606201171875,85.33599090576172
1565755200,171.0569610595703,82.69406127929688
1565841600,171.22666931152344,82.508544921875
1565928000,172.80491638183594,82.98565673828125
1566187200,176.45364379882812,83.98412322998047
1566273600,184.20928955078125,86.47581481933594
1566360000,187.01795959472656,95.42646789550781
1566446400,187.5440673828125,95.56784057617188
1566532800,184.53173828125,94.0038833618164
1566792000,185.5330047607422,94.01272583007812
1566878400,185.15968322753906,93.69463348388672
1566964800,188.3331756591797,95.58549499511719
1567051200,192.88986206054688,99.48206329345703
1567137600,193.39047241210938,99.13748168945312
1567483200,190.13211059570312,98.23622131347656
1567569600,191.36143493652344,98.89006805419922
1567656000,194.77633666992188,100.91346740722656
1567742400,197.3204345703125,101.35526275634766
1568001600,198.8058624267578,101.42595672607422
1568088000,198.9168701171875,101.8589096069336
1568174400,198.62664794921875,100.27729034423828
1568260800,199.59982299804688,100.62191772460938
1568347200,199.75352478027344,100.16241455078125
1568606400,197.20091247558594,99.51742553710938
1568692800,196.53504943847656,99.60577392578125
1568779200,197.06434631347656,99.49090576171875
1568865600,194.75071716308594,98.84589385986328
1568952000,191.805419921875,98.04185485839844
1569211200,193.154296875,97.5823974609375
1569297600,192.43710327148438,97.21126556396484
1569384000,194.7336883544922,97.85629272460938
1569470400,196.1764373779297,97.82978820800781
1569556800,196.2361602783203,96.78715515136719
1569816000,198.08030700683594,97.15825653076172
1569902400,197.27777099609375,96.76948547363281
1569988800,192.5566864013672,93.9685287475586
1570075200,193.6323699951172,93.98622131347656
1570161600,194.58851623535156,94.91397094726562
1570420800,193.5725860595703,95.6296615600586
1570507200,193.51283264160156,94.10107421875
1570593600,195.4507598876953,93.92436981201172
1570680000,197.730224609375,95.59434509277344
1570766400,200.3340606689453,97.90930938720703
1571025600,199.9242706298828,97.78559875488281
1571112000,201.1536407470703,99.33184814453125
1571198400,201.3926544189453,99.25234985351562
1571284800,202.13540649414062,99.49090576171875
1571371200,203.12570190429688,99.70295715332031
1571630400,202.0756378173828,98.91658020019531
1571716800,202.50254821777344,99.86668395996094
1571803200,200.3425750732422,99.01425170898438
1571889600,199.67669677734375,98.44598388671875
1571976000,200.09503173828125,99.07642364501953
1572235200,202.16099548339844,99.12969970703125
1572321600,199.89012145996094,97.25614166259766
1572408000,201.6829376220703,98.8100357055664
1572494400,200.26576232910156,99.1030502319336
1572580800,202.6220245361328,100.29289245605469
1572843600,200.55606079101562,99.9998779296875
1572930000,198.23394775390625,99.6269302368164
1573016400,199.77914428710938,100.04426574707031
1573102800,198.86563110351562,99.98210144042969
1573189200,198.78024291992188,101.22521209716797
1573448400,197.89244079589844,101.62482452392578
1573534800,199.01930236816406,101.50936126708984
1573621200,200.45359802246094,100.2041015625
1573707600,201.94757080078125,101.70471954345703
1573794000,202.5792999267578,102.57490539550781
1574053200,203.91114807128906,102.13089752197266
1574139600,192.82130432128906,100.69245910644531
1574226000,188.58685302734375,104.62604522705078
1574312400,186.57211303710938,103.90682220458984
1574398800,186.1366424560547,104.95457458496094
1574658000,186.4525604248047,103.88904571533203
1574744400,188.46730041503906,104.58163452148438
1574830800,190.37969970703125,105.18544006347656
1575003600,188.25390625,104.164306640625
1575262800,185.78662109375,103.0010986328125
1575349200,182.6961669921875,101.71358489990234
1575435600,183.95059204101562,102.52162170410156
1575522000,183.0054931640625,102.62818908691406
1575608400,184.105224609375,103.2497329711914
1575867600,186.03843688964844,104.66156768798828
1575954000,185.4971466064453,103.42733001708984
1576040400,182.1463165283203,104.47510528564453
1576126800,182.18067932128906,104.95457458496094
1576213200,183.93344116210938,105.22097778320312
1576472400,185.17921447753906,106.62390899658203
1576558800,187.0608367919922,105.94908142089844
1576645200,187.30140686035156,105.94019317626953
1576731600,189.20880126953125,106.73932647705078
1576818000,190.0421905517578,106.3131332397461
1577077200,188.34104919433594,106.1888198852539
1577163600,189.59542846679688,106.34864807128906
1577336400,189.72430419921875,106.3131332397461
1577422800,188.9939727783203,106.75708770751953
1577682000,186.70858764648438,106.59725952148438
1577768400,187.62791442871094,106.33978271484375
1577941200,188.72764587402344,106.96131896972656
1578027600,188.10043334960938,106.19770050048828
1578286800,188.98538208007812,106.86363983154297
1578373200,187.74818420410156,106.22432708740234
1578459600,190.55770874023438,107.91142272949219
1578546000,193.47889709472656,108.37316131591797
1578632400,192.64552307128906,107.44081115722656
1578891600,191.88941955566406,107.48522186279297
1578978000,191.43406677246094,106.61502838134766
1579064400,192.9634246826172,106.12666320800781
1579150800,196.5977325439453,105.9046859741211
1579237200,199.25259399414062,108.64842987060547
1579582800,200.14613342285156,107.8635025024414
1579669200,200.10324096679688,108.73760986328125
1579755600,200.74758911132812,109.451171875
1579842000,199.3299560546875,107.23912811279297
1580101200,198.63397216796875,106.81993103027344
1580187600,200.9280242919922,108.05973815917969
1580274000,201.06546020507812,107.40860748291016
1580360400,200.0086669921875,106.78422546386719
1580446800,195.97914123535156,103.68025970458984
1580706000,198.9347381591797,104.51866149902344
1580792400,201.9075164794922,106.4542007446289
1580878800,204.5795135498047,108.93383026123047
1580965200,205.20672607421875,108.38082122802734
1581051600,203.88356018066406,108.35408020019531
1581310800,206.72743225097656,108.11325073242188
1581397200,207.61245727539062,109.7365951538086
1581483600,207.5694580078125,111.52050018310547
1581570000,208.2310333251953,111.28857421875
1581656400,210.5250701904297,111.86835479736328
1582002000,209.5885772705078,109.91497039794922
1582088400,209.3307647705078,110.10228729248047
1582174800,212.23484802246094,112.89408874511719
1582261200,210.79144287109375,111.77023315429688
1582520400,205.94558715820312,109.62957000732422
1582606800,203.9523162841797,105.71389770507812
1582693200,202.14804077148438,101.05790710449219
1582779600,193.08370971679688,95.99164581298828
1582866000,187.16397094726562,95.05508422851562
1583125200,197.56002807617188,99.04210662841797
1583211600,195.84169006347656,96.83007049560547
1583298000,207.13128662109375,101.04898834228516
1583384400,201.74424743652344,95.90245056152344
1583470800,196.33140563964844,93.93122863769531
1583726400,180.82318115234375,84.0395278930664
1583812800,193.91712951660156,92.78063201904297
1583899200,184.134765625,88.43681335449219
1583985600,164.84683227539062,80.2041244506836
1584072000,177.88995361328125,86.06424713134766
1584331200,142.67869567871094,64.74664306640625
1584417600,150.18629455566406,65.8169937133789
1584504000,134.60891723632812,57.99457550048828
1584590400,139.3660125732422,62.32052993774414
1584676800,131.59898376464844,59.18979263305664
1584936000,140.455810546875,60.47420883178711
1585022400,159.7696990966797,68.94771575927734
1585108800,157.20948791503906,74.67405700683594
1585195200,168.84280395507812,78.5896987915039
1585281600,164.8122100830078,77.58177947998047
1585540800,169.61256408691406,79.12484741210938
1585627200,161.4909210205078,76.7522964477539
1585713600,154.5022735595703,71.7305908203125
1585800000,156.82028198242188,73.90695190429688
1585886400,154.5628204345703,73.31830596923828
1586145600,165.48684692382812,79.17837524414062
1586232000,166.31723022460938,81.13175964355469
1586318400,168.50547790527344,84.15548706054688
1586404800,174.3091583251953,85.01173400878906
1586750400,171.93923950195312,84.91363525390625
1586836800,179.18731689453125,88.365478515625
1586923200,171.67111206054688,84.14654541015625
1587009600,172.85606384277344,82.45184326171875
1587096000,181.13345336914062,86.60830688476562
1587355200,178.2186279296875,84.8511962890625
1587441600,173.51339721679688,83.09280395507812
1587528000,176.5925750732422,85.18313598632812
1587614400,174.99244689941406,85.1382827758789
1587700800,183.5206298828125,88.59224700927734
1587960000,188.34695434570312,91.48102569580078
1588046400,188.2344970703125,92.87157440185547
1588132800,191.8499298095703,95.24005126953125
1588219200,190.1373748779297,93.9750747680664
1588305600,189.04754638671875,93.71489715576172
1588564800,191.87583923339844,96.30762481689453
1588651200,195.13662719726562,98.8196029663086
1588737600,193.6749267578125,98.34413146972656
1588824000,198.45799255371094,100.40754699707031
1588910400,202.76528930664062,102.47992706298828
1589169600,204.60765075683594,101.72631072998047
1589256000,201.44195556640625,99.7974853515625
1589342400,199.0202178955078,99.0708236694336
1589428800,202.80856323242188,99.03491973876953
1589515200,207.0034637451172,102.07620239257812
1589774400,212.21035766601562,104.72277069091797
1589860800,205.93963623046875,104.84838104248047
1589947200,206.0174560546875,104.95602416992188
1590033600,208.3441162109375,108.23056030273438
1590120000,209.2090301513672,109.67497253417969
1590465600,209.7279815673828,110.87712860107422
1590552000,213.9488525390625,114.84246063232422
1590638400,212.02870178222656,114.94115447998047
1590724800,214.9175262451172,116.94178771972656
1590984000,213.8883056640625,116.01773071289062
1591070400,218.5762176513672,118.40409851074219
1591156800,218.3934783935547,119.1756362915039
1591243200,216.60980224609375,115.44355773925781
1591329600,221.78688049316406,117.49800872802734
1591588800,223.4139404296875,117.35444641113281
1591675200,223.4052276611328,116.24202728271484
1591761600,221.39535522460938,116.71749877929688
1591848000,208.36135864257812,111.19112396240234
1591934400,210.95420837402344,113.08407592773438
1592193600,210.00579833984375,114.59127044677734
1592280000,217.47991943359375,118.18878936767578
1592366400,218.26296997070312,121.69660186767578
1592452800,216.8360137939453,120.70975494384766
1592539200,214.60861206054688,120.06379699707031
1592798400,216.79254150390625,120.86225128173828
1592884800,217.79312133789062,120.46749877929688
1592971200,214.1561737060547,118.40409851074219
1593057600,213.5035858154297,118.21572875976562
1593144000,209.7012481689453,116.09847259521484
1593403200,214.14743041992188,119.78568267822266
1593489600,217.96714782714844,121.22111511230469
1593576000,215.91372680664062,121.67866516113281
1593662400,216.21827697753906,121.75041961669922
1594008000,217.13189697265625,121.7952880859375
1594094400,215.21768188476562,121.13142395019531
1594180800,216.8012237548828,121.78631591796875
1594267200,215.7484130859375,121.66072082519531
1594353600,217.61911010742188,123.29347229003906
1594612800,217.19277954101562,122.5040283203125
1594699200,224.3014373779297,125.65293884277344
1594785600,224.31016540527344,126.69361877441406
1594872000,224.55372619628906,128.0662841796875
1594958400,226.55499267578125,129.5375518798828
1595217600,226.37229919433594,129.27737426757812
1595304000,228.32998657226562,130.58323669433594
1595390400,230.7227325439453,133.7712860107422
1595476800,229.5394287109375,131.93408203125
1595563200,230.84454345703125,132.41140747070312
1595822400,232.68043518066406,134.29359436035156
1595908800,230.8184356689453,133.02378845214844
1595995200,230.27902221679688,133.92433166503906
1596081600,231.7146453857422,134.36569213867188
1596168000,231.00119018554688,134.10447692871094
1596427200,231.60154724121094,135.3292694091797
1596513600,233.07196044921875,134.78890991210938
1596600000,232.7326202392578,135.3202667236328
1596686400,234.37713623046875,136.15777587890625
1596772800,236.3522186279297,137.58973693847656
1597032000,239.0408172607422,138.4362335205078
1597118400,239.20614624023438,138.5713348388672
1597204800,245.00100708007812,141.05690002441406
1597291200,245.07058715820312,140.2194061279297
1597377600,244.10475158691406,138.99459838867188
1597636800,250.79579162597656,142.65989685058594
1597723200,247.97665405273438,142.20965576171875
1597809600,246.1146697998047,142.54286193847656
1597896000,244.2179412841797,142.81300354003906
1597982400,246.43661499023438,145.64083862304688
1598241600,249.4993133544922,149.1620635986328
1598328000,248.9598846435547,149.42324829101562
1598414400,254.00640869140625,153.4488525390625
1598500800,251.13510131835938,149.7744903564453
1598587200,249.0990753173828,149.05397033691406
1598846400,248.01148986816406,148.31549072265625
1598932800,248.79458618164062,150.92721557617188
1599019200,251.208740234375,153.5388641357422
1599105600,240.21395874023438,145.46070861816406
1599192000,235.86680603027344,140.84078979492188
1599537600,235.51693725585938,138.45425415039062
1599624000,242.3219757080078,143.66854858398438
1599710400,238.5258331298828,142.587890625
1599796800,241.70089721679688,145.79391479492188
1600056000,245.4794921875,148.76580810546875
1600142400,249.791748046875,152.2240447998047
1600228800,246.33673095703125,150.1347198486328
1600315200,244.87596130371094,147.49603271484375
1600401600,240.7037353515625,144.181884765625
1600660800,238.2196502685547,143.7316131591797
1600747200,239.0594024658203,145.4877471923828
1600833600,233.14649963378906,142.84005737304688
1600920000,232.40301513671875,142.759033203125
1601006400,234.8958740234375,143.68658447265625
1601265600,238.2021484375,146.42433166503906
1601352000,238.00975036621094,146.1271514892578
1601438400,242.90798950195312,149.36920166015625
1601524800,242.8292694091797,150.54896545410156
1601611200,244.30743408203125,149.93655395507812
1601870400,246.74789428710938,151.78273010253906
1601956800,241.8234100341797,148.5857391357422
1602043200,247.351318359375,151.71971130371094
1602129600,248.86456298828125,153.881103515625
1602216000,250.08909606933594,156.0064697265625
1602475200,250.95506286621094,155.55616760253906
1602561600,253.97267150878906,157.89764404296875
1602648000,251.1124725341797,156.34864807128906
1602734400,251.50611877441406,158.6361083984375
1602820800,251.61105346679688,160.03201293945312
1603080000,248.17359924316406,157.71754455566406
1603166400,250.19410705566406,160.03089904785156
1603252800,248.8557891845703,157.69044494628906
1603339200,245.92562866210938,154.7534637451172
1603425600,247.5350799560547,155.55775451660156
1603684800,241.4473114013672,151.9340057373047
1603771200,242.1470184326172,149.2320556640625
1603857600,235.91929626464844,145.87039184570312
1603944000,235.84054565429688,145.26495361328125
1604030400,233.28646850585938,142.87026977539062
1604293200,236.81143188476562,144.79501342773438
1604379600,242.61056518554688,148.78929138183594
1604466000,247.29014587402344,152.01535034179688
1604552400,250.02789306640625,152.9461212158203
1604638800,248.61961364746094,152.28651428222656
1604898000,236.137939453125,138.66818237304688
1604984400,241.03614807128906,140.71047973632812
1605070800,242.94293212890625,142.77987670898438
1605157200,241.62220764160156,142.76181030273438
1605243600,242.4356689453125,143.891357421875
1605502800,244.53492736816406,146.30419921875
1605589200,238.32464599609375,144.46067810058594
1605675600,236.0154571533203,132.60455322265625
1605762000,236.97760009765625,135.18905639648438
1605848400,235.9979705810547,135.48724365234375
1606107600,237.38868713378906,138.86697387695312
1606194000,239.0594024658203,140.03268432617188
1606280400,239.62794494628906,139.9604034423828
1606453200,241.4035186767578,139.77066040039062
1606712400,242.6455535888672,140.80987548828125
1606798800,241.93707275390625,138.62295532226562
1606885200,238.41928100585938,137.1861114501953
1606971600,235.81614685058594,137.3307342529297
1607058000,232.16635131835938,135.55050659179688
1607317200,230.97909545898438,137.34881591796875
1607403600,230.17002868652344,136.6710968017578
1607490000,233.56468200683594,144.70468139648438
1607576400,232.8875274658203,144.7859649658203
1607662800,232.6588897705078,142.6172332763672
1607922000,233.56468200683594,144.66851806640625
1608008400,235.67538452148438,147.59640502929688
1608094800,237.0912628173828,147.4789581298828
1608181200,240.94332885742188,147.78619384765625
1608267600,237.8476104736328,147.4789581298828
1608526800,238.32249450683594,148.50009155273438
1608613200,237.487060546875,148.7530975341797
1608699600,237.2847442626953,146.7830810546875
1608786000,238.26100158691406,147.09039306640625
1609131600,236.79232788085938,146.43069458007812
1609218000,234.10116577148438,145.0751495361328
1609304400,233.28326416015625,145.09323120117188
1609390800,233.5998992919922,145.04803466796875
1609736400,232.1048126220703,144.9305877685547
1609822800,233.97802734375,145.4185791015625
1609909200,235.31480407714844,147.36146545410156
1609995600,234.1627197265625,147.93983459472656
1610082000,236.6515350341797,149.15074157714844
1610341200,238.5336151123047,150.29837036132812
1610427600,243.01881408691406,152.711181640625
1610514000,241.01364135742188,153.4702911376953
1610600400,235.99205017089844,153.97637939453125
1610686800,242.36802673339844,154.83482360839844
1611032400,240.2572784423828,154.8529510498047
1611118800,241.23353576660156,156.33111572265625
1611205200,245.4109344482422,156.28578186035156
1611291600,249.7642059326172,156.34019470214844
1611550800,250.71400451660156,157.88182067871094
1611637200,248.53297424316406,157.5190887451172
1611723600,241.01364135742188,152.08706665039062
1611810000,244.53143310546875,156.28578186035156
1611896400,238.1730194091797,151.30718994140625
1612155600,237.51345825195312,148.15138244628906
1612242000,239.3514404296875,151.13490295410156
1612328400,241.1192169189453,154.05496215820312
1612414800,245.20863342285156,156.9114990234375
1612501200,245.2438507080078,158.7251739501953
1612760400,246.27267456054688,162.47952270507812
1612846800,243.40574645996094,161.21900939941406
1612933200,245.09432983398438,160.72933959960938
1613019600,243.6607208251953,159.36000061035156
1613106000,244.0565185546875,160.6567840576172
1613451600,242.19212341308594,157.84556579589844
1613538000,247.0554656982422,160.6295623779297
1613624400,248.92874145507812,160.6567840576172
1613710800,245.92979431152344,161.00135803222656
1613970000,242.59669494628906,156.34925842285156
1614056400,235.02456665039062,152.88507080078125
1614142800,228.6309814453125,147.1901397705078
1614229200,224.47998046875,143.75318908691406
1614315600,227.1974639892578,144.8686065673828
1614574800,230.0820770263672,146.8545684814453
1614661200,228.9124298095703,147.86119079589844
1614747600,226.33560180664062,143.54461669921875
1614834000,220.6807403564453,139.44566345214844
1614920400,222.95851135253906,143.80755615234375
1615179600,227.80430603027344,147.7432861328125
1615266000,233.01942443847656,150.52728271484375
1615352400,235.6123809814453,152.7672119140625
1615438800,237.92214965820312,154.84393310546875
1615525200,241.68325805664062,155.5693817138672
1615780800,246.49742126464844,157.97251892089844
1615867200,249.63018798828125,158.99725341796875
1615953600,247.81591796875,158.1901397705078
1616040000,250.58592224121094,158.58009338378906
1616126400,255.84271240234375,162.7696990966797
1616385600,255.7009735107422,164.94615173339844
1616472000,256.62139892578125,163.59495544433594
1616558400,259.07275390625,163.84884643554688
1616644800,262.99310302734375,167.92062377929688
1616731200,268.86041259765625,173.7606658935547
1616990400,267.4356384277344,171.04922485351562
1617076800,269.7542724609375,172.31878662109375
1617163200,270.1347961425781,172.46388244628906
1617249600,272.3471374511719,173.49771118164062
1617595200,279.1170654296875,175.68321228027344
1617681600,277.68353271484375,176.10943603515625
1617768000,276.52423095703125,175.62879943847656
1617854400,278.25872802734375,176.11851501464844
1617940800,282.50653076171875,180.01791381835938
1618200000,283.88714599609375,181.9585418701172
1618286400,283.5420227050781,181.11521911621094
1618372800,283.2056579589844,182.74754333496094
1618459200,285.61273193359375,185.51339721679688
1618545600,290.3384094238281,188.85061645507812
1618804800,289.24993896484375,185.0055694580078
1618891200,286.6923828125,184.4235076904297
1618977600,288.45343017578125,185.46034240722656
1619064000,284.4798889160156,183.08648681640625
1619150400,286.63043212890625,182.74993896484375
1619409600,283.1790466308594,181.16738891601562
1619496000,283.7100830078125,181.04005432128906
1619582400,282.931396484375,178.320556640625
1619668800,287.9136962890625,180.48524475097656
1619755200,286.4357604980469,178.49343872070312
1620014400,292.2764587402344,181.17648315429688
1620100800,294.48895263671875,182.17694091796875
1620187200,293.8517150878906,181.90411376953125
1620273600,298.74554443359375,187.30667114257812
1620360000,300.2234802246094,189.54405212402344
1620619200,301.8783874511719,192.19078063964844
1620705600,292.6217041015625,186.7609405517578
1620792000,280.5330810546875,177.84762573242188
1620878400,287.98443603515625,182.21336364746094
1620964800,286.4003601074219,180.91273498535156
1621224000,283.1968078613281,176.56524658203125
1621310400,280.31182861328125,175.31007385253906
1621396800,278.2764587402344,173.46376037597656
1621483200,279.55963134765625,175.91036987304688
1621569600,279.4445495605469,175.05545043945312
1621828800,278.6216125488281,173.40919494628906
1621915200,280.31182861328125,175.55564880371094
1622001600,280.8251037597656,176.08314514160156
1622088000,282.0994567871094,176.23782348632812
1622174400,282.223388671875,177.20188903808594
1622520000,279.9224548339844,174.4915313720703
1622606400,278.6504211425781,173.5092315673828
1622692800,277.04901123046875,173.0817413330078
1622779200,276.67547607421875,172.72703552246094
1623038400,275.7413330078125,173.03628540039062
1623124800,276.5775451660156,174.0821990966797
1623211200,273.4105224609375,173.35459899902344
1623297600,274.2734680175781,171.69927978515625
1623384000,276.46185302734375,173.54562377929688
1623643200,275.1720275878906,172.49966430664062
1623729600,272.6187438964844,170.88075256347656
1623816000,269.35394287109375,169.35267639160156
1623902400,269.656494140625,169.93479919433594
1623988800,269.20269775390625,169.97119140625
1624248000,273.6418762207031,171.7902374267578
1624334400,278.1877136230469,174.373291015625
1624420800,277.26251220703125,173.84579467773438
1624507200,277.4137878417969,174.4005889892578
1624593600,279.0061950683594,175.22824096679688
1624852800,279.5844421386719,175.7284698486328
1624939200,283.10723876953125,176.62887573242188
1625025600,283.685546875,176.41969299316406
1625112000,286.04290771484375,178.102294921875
1625198400,287.074951171875,178.0022430419922
1625544000,284.0146484375,177.1291046142578
1625630400,287.76873779296875,178.15689086914062
1625716800,283.3741149902344,175.3555450439453
1625803200,286.53216552734375,177.65664672851562
1626062400,286.2208557128906,177.87493896484375
1626148800,282.048583984375,176.7016143798828
1626235200,283.97906494140625,175.30099487304688
1626321600,287.0838317871094,178.03866577148438
1626408000,286.04290771484375,178.3933563232422
1626667200,283.6676940917969,175.44650268554688
1626753600,289.4323425292969,177.28225708007812
1626840000,290.330810546875,178.2138671875
1626926400,290.5976867675781,179.71163940429688
1627012800,296.0954284667969,183.42884826660156
1627272000,294.6186218261719,180.59759521484375
1627358400,291.1315002441406,176.7342529296875
1627444800,289.58349609375,175.7113800048828
1627531200,291.2825927734375,176.83474731445312
1627617600,291.95880126953125,175.98536682128906
1627876800,291.09588623046875,174.40533447265625
1627963200,295.2947692871094,177.13613891601562
1628049600,293.8448181152344,173.43722534179688
1628136000,296.3355712890625,174.1495819091797
1628222400,293.4266052246094,173.67469787597656
1628481600,292.4659118652344,171.69281005859375
1628568000,294.8856201171875,173.2819061279297
1628654400,299.79620361328125,177.65670776367188
1628740800,297.1451416015625,175.35519409179688
1628827200,294.7432556152344,173.99435424804688
1629086400,298.0614013671875,176.70684814453125
1629172800,285.3401184082031,166.45957946777344
1629259200,286.05181884765625,182.41505432128906
1629345600,287.2528381347656,185.02711486816406
1629432000,292.89288330078125,190.15989685058594
1629691200,291.5584716796875,188.1962890625
1629777600,289.031982421875,185.7577667236328
1629864000,288.1246032714844,188.30587768554688
1629950400,285.98956298828125,187.82183837890625
1630036800,287.67974853515625,188.05020141601562
1630296000,290.9891357421875,187.2190399169922
1630382400,290.1706237792969,186.21444702148438
1630468800,289.3749694824219,185.79429626464844
1630555200,293.040771484375,188.27847290039062
1630641600,295.3655700683594,188.1232147216797
1630987200,294.1226501464844,187.36517333984375
1631073600,296.47418212890625,186.39706420898438
1631160000,296.6441650390625,185.4106903076172
1631246400,296.80511474609375,186.6162872314453
1631505600,299.9345397949219,188.18716430664062
1631592000,297.85125732421875,186.47012329101562
1631678400,298.07476806640625,187.78526306152344
1631764800,300.77496337890625,190.40647888183594
1631851200,300.1312255859375,190.9088134765625
1632110400,296.1434020996094,187.4748077392578
1632196800,298.834716796875,188.38807678222656
1632283200,300.3637390136719,190.78094482421875
1632369600,300.3458251953125,189.94985961914062
1632456000,301.7585144042969,189.84938049316406
1632715200,305.2634582519531,192.3700714111328
1632801600,298.459228515625,187.6209259033203
1632888000,301.2578125,189.14613342285156
1632974400,293.5057678222656,185.27369689941406
1633060800,294.9364013671875,186.04087829589844
1633320000,291.9052429199219,186.7806854248047
1633406400,294.5966491699219,186.5614471435547
1633492800,295.3833923339844,186.3148956298828
1633579200,301.74957275390625,189.87680053710938
1633665600,298.9419860839844,188.28761291503906
1633924800,301.2936706542969,190.74441528320312
1634011200,302.03570556640625,191.61207580566406
1634097600,302.46490478515625,193.73094177246094
1634184000,307.6240234375,197.68557739257812
1634270400,313.3106689453125,200.16062927246094
1634529600,317.4236755371094,202.51699829101562
1634616000,320.0881042480469,204.32269287109375
1634702400,320.3027648925781,206.2476043701172
1634788800,326.01617431640625,208.4566192626953
1634875200,327.2411193847656,209.6940460205078
1635134400,331.95318603515625,212.48974609375
1635220800,330.1112976074219,211.8022918701172
1635307200,332.90093994140625,212.44390869140625
1635393600,332.2303466796875,212.4347381591797
1635480000,332.38238525390625,214.3229522705078
1635739200,327.67926025390625,212.42555236816406
1635825600,328.40350341796875,213.5988311767578
1635912000,329.90557861328125,214.76296997070312
1635998400,332.7757263183594,217.95272827148438
1636084800,329.3959655761719,215.89956665039062
1636347600,329.56585693359375,215.2120819091797
1636434000,331.40777587890625,214.40545654296875
1636520400,329.556884765625,213.15887451171875
1636606800,328.70751953125,212.94801330566406
1636693200,333.17816162109375,216.614501953125
1636952400,331.7922058105469,215.3312225341797
1637038800,350.7923278808594,224.36907958984375
1637125200,353.04559326171875,225.23985290527344
1637211600,362.8809814453125,226.75230407714844
1637298000,365.4203186035156,228.71383666992188
1637557200,365.50970458984375,231.30783081054688
1637643600,365.1341247558594,230.90452575683594
1637730000,368.4781799316406,231.56451416015625
1637902800,360.0644836425781,227.03640747070312
1638162000,363.748291015625,227.85223388671875
1638248400,358.1957702636719,224.19488525390625
1638334800,359.5066833496094,224.88235473632812
1638421200,366.1056213378906,229.51124572753906
1638507600,366.1415100097656,227.95303344726562
1638766800,373.2253723144531,230.2353973388672
1638853200,373.65631103515625,235.4875946044922
1638939600,369.23004150390625,235.3317413330078
1639026000,369.3108215332031,236.62417602539062
1639112400,372.9559631347656,239.58489990234375
1639371600,363.8341369628906,235.79006958007812
1639458000,361.1047058105469,231.40870666503906
1639544400,366.1415100097656,236.0650634765625
1639630800,358.7074890136719,232.1236572265625
1639717200,348.3376770019531,227.4030303955078
1639976400,349.612548828125,225.13900756835938
1640062800,350.5732421875,226.3856201171875
1640149200,355.2150573730469,228.87881469726562
1640235600,356.4989318847656,229.2362823486328
1640581200,362.8016357421875,232.54527282714844
1640667600,364.71405029296875,232.838623046875
1640754000,368.8619079589844,236.0925750732422
1640840400,368.05389404296875,235.01100158691406
1640926800,372.6058349609375,236.92674255371094
1641186000,366.88671875,234.20436096191406
1641272400,370.6575622558594,238.14581298828125
1641358800,365.62969970703125,233.5077362060547
1641445200,364.301025390625,236.2942352294922
1641531600,353.39239501953125,230.1528778076172
1641790800,347.8708190917969,227.03640747070312
1641877200,347.1615905761719,228.6955108642578
1641963600,349.612548828125,229.81378173828125
1642050000,347.4398498535156,229.7954559326172
1642136400,333.9904479980469,223.10414123535156
1642482000,329.24993896484375,219.25088500976562
1642568400,322.938232421875,215.83901977539062
1642654800,313.8612365722656,205.9344940185547
1642741200,313.43023681640625,206.9369354248047
1643000400,326.6373291015625,213.67784118652344
1643086800,322.3007507324219,211.5259246826172
1643173200,320.7745056152344,209.76937866210938
1643259600,320.0113220214844,207.77378845214844
1643346000,329.08831787109375,216.10568237304688
1643605200,329.4833984375,218.27606201171875
1643691600,331.0277099609375,219.1956787109375
1643778000,335.5437316894531,219.89459228515625
1643864400,327.53509521484375,215.2964324951172
1643950800,322.9203186035156,210.66143798828125
1644210000,320.8373718261719,208.7761993408203
1644296400,324.5093994140625,213.13526916503906
1644382800,327.1401062011719,214.88259887695312
1644469200,318.80816650390625,209.1256561279297
1644555600,314.4986877441406,207.75540161132812
1644814800,315.6389465332031,207.79217529296875
1644901200,317.165283203125,209.76937866210938
1644987600,314.31915283203125,208.7669677734375
1645074000,312.3887939453125,205.8057403564453
1645160400,311.4281921386719,204.79415893554688
1645506000,283.864990234375,197.3450927734375
1645592400,276.9337463378906,197.80491638183594
1645678800,281.2343444824219,196.2598876953125
1645765200,284.2958984375,201.56619262695312
1646024400,283.5596923828125,203.295166015625
1646110800,287.528076171875,203.69979858398438
1646197200,293.9205627441406,210.28439331054688
1646283600,291.2181091308594,208.09559631347656
1646370000,291.1282958984375,206.06326293945312
1646629200,289.79058837890625,204.39869689941406
1646715600,284.3767395019531,205.31834411621094
1646802000,286.50830078125,207.727783203125
1646888400,287.1767272949219,206.15524291992188
1646974800,286.1380615234375,204.35276794433594
1647230400,287.5561218261719,208.30715942382812
1647316800,296.7510986328125,212.50074768066406
1647403200,298.89178466796875,212.73980712890625
1647489600,303.81451416015625,215.54473876953125
1647576000,307.7707214355469,216.73104858398438
1647835200,297.5008850097656,209.30958557128906
1647921600,297.8260498046875,210.10963439941406
1648008000,286.3728942871094,203.1664276123047
1648094400,285.22576904296875,201.55699157714844
1648180800,280.6191711425781,195.80929565429688
1648440000,283.8708190917969,196.60018920898438
1648526400,286.968994140625,201.92486572265625
1648612800,278.6140441894531,192.65493774414062
1648699200,270.3674621582031,185.94154357910156
1648785600,272.6797180175781,186.13467407226562
1649044800,276.0126953125,187.71646118164062
1649131200,275.3623352050781,188.40621948242188
1649217600,269.6538391113281,184.52532958984375
1649304000,273.4565734863281,186.35543823242188
1649390400,281.0075378417969,190.05239868164062
1649649600,277.0423583984375,188.14869689941406
1649736000,276.6539611816406,187.73486328125
1649822400,280.3844299316406,188.9947509765625
1649908800,275.05523681640625,185.10467529296875
1650254400,271.16229248046875,182.5665283203125
1650340800,278.017822265625,187.47877502441406
1650427200,284.647705078125,192.741943359375
1650513600,280.33013916015625,189.31625366210938
1650600000,271.07196044921875,181.9570770263672
1650859200,275.4346008300781,185.02264404296875
1650945600,270.93646240234375,184.29318237304688
1651032000,272.41778564453125,184.27476501464844
1651118400,281.5947265625,189.4178466796875
1651204800,271.3338317871094,182.57574462890625
1651464000,277.2682189941406,187.5711212158203
1651550400,275.4526672363281,186.17684936523438
1651636800,284.80126953125,191.28302001953125
1651723200,270.1686706542969,180.9044647216797
1651809600,265.8331298828125,177.55267333984375
1652068800,268.2899475097656,181.04295349121094
1652155200,262.9879150390625,177.40493774414062
1652241600,255.58135986328125,173.3790740966797
1652328000,261.66021728515625,177.0078887939453
1652414400,267.38671875,179.131591796875
1652673600,267.3506164550781,179.8056640625
1652760000,271.8307189941406,179.15931701660156
1652846400,257.5865478515625,169.73182678222656
1652932800,259.9169616699219,173.46218872070312
1653019200,259.402099609375,170.53515625
1653278400,258.35430908203125,171.97560119628906
1653364800,260.0614318847656,170.47048950195312
1653451200,265.1648254394531,174.0992889404297
1653537600,273.5107116699219,180.54432678222656
1653624000,278.6140441894531,184.3301239013672
1653969600,273.4565734863281,180.33200073242188
1654056000,270.1297912597656,177.02633666992188
1654142400,278.0194091796875,181.09835815429688
1654228800,277.30133056640625,180.47047424316406
1654488000,276.2197570800781,181.68931579589844
1654574400,274.2926940917969,180.6551055908203
1654660800,270.43878173828125,177.7003936767578
1654747200,272.556640625,179.39015197753906
1654833600,262.9035949707031,172.04945373535156
1655092800,257.37725830078125,167.36802673339844
1655179200,253.2960968017578,164.30247497558594
1655265600,254.25958251953125,165.29046630859375
1655352000,248.56045532226562,158.45762634277344
1655438400,246.07907104492188,159.2516632080078
1655784000,244.6884002685547,159.1685791015625
1655870400,244.4884033203125,160.2950897216797
1655956800,250.34202575683594,162.81585693359375
1656043200,257.2318115234375,168.82691955566406
1656302400,256.95001220703125,170.1011199951172
1656388800,245.5518798828125,161.3292694091797
1656475200,248.93312072753906,162.60348510742188
1656561600,249.29672241210938,161.2830810546875
1656648000,253.6687469482422,163.7668914794922
1656993600,257.8953552246094,166.09376525878906
1657080000,257.7590637207031,165.3366241455078
1657166400,260.58587646484375,167.65428161621094
1657252800,260.3858642578125,167.7096710205078
1657512000,260.31317138671875,166.30615234375
1657598400,259.1587829589844,167.12791442871094
1657684800,261.0312194824219,168.3929443359375
1657771200,263.1217346191406,168.66070556640625
1657857600,265.784912109375,170.82138061523438
1658116800,266.3667297363281,171.55081176757812
1658203200,272.5293884277344,175.3023681640625
1658289600,274.77447509765625,177.39175415039062
1658376000,277.2287292480469,179.74114990234375
1658462400,278.6737976074219,181.616943359375
1658721600,278.2739562988281,180.8926239013672
1658808000,271.0296325683594,175.13526916503906
1658894400,271.69317626953125,176.36102294921875
1658980800,272.3475646972656,177.17819213867188
1659067200,273.538330078125,177.85610961914062
1659326400,277.9739685058594,180.2332763671875
1659412800,273.32916259765625,174.53164672851562
1659499200,278.4739074707031,181.4683380126953
1659585600,279.2010498046875,183.08416748046875
1659672000,281.4916076660156,184.86703491210938
1659931200,283.56396484375,187.42999267578125
1660017600,277.4194641113281,181.26406860351562
1660104000,283.2095031738281,187.0492706298828
1660190400,282.4005432128906,187.74575805664062
1660276800,286.21807861328125,191.7294921875
1660536000,285.963623046875,193.18736267089844
1660622400,297.5708923339844,198.83331298828125
1660708800,296.0983581542969,199.99403381347656
1660795200,295.5984802246094,201.01553344726562
1660881600,292.0626525878906,196.2703399658203
1661140800,283.78216552734375,194.99813842773438
1661227200,278.95562744140625,192.65805053710938
1661313600,280.0554504394531,193.53094482421875
1661400000,281.57342529296875,195.89891052246094
1661486400,270.9569396972656,186.6406707763672
1661745600,269.3389892578125,186.71498107910156
1661832000,266.4122009277344,183.1398468017578
1661918400,263.86883544921875,180.27976989746094
1662004800,268.3974304199219,181.78407287597656
1662091200,267.0526428222656,181.5519256591797
1662436800,264.89349365234375,179.1840057373047
1662523200,272.1484375,186.92857360839844
1662609600,274.3716125488281,189.78866577148438
1662696000,274.25274658203125,190.96800231933594
1662955200,272.21246337890625,191.66441345214844
1663041600,254.27169799804688,179.80615234375
1663128000,252.81710815429688,178.65469360351562
1663214400,248.4257354736328,177.4010467529297
1663300800,252.47857666015625,178.11607360839844
1663560000,256.5497741699219,181.1712188720703
1663646400,250.83184814453125,176.81602478027344
1663732800,248.453125,174.91238403320312
1663819200,246.2300567626953,174.6895294189453
1663905600,247.87677001953125,174.69883728027344
1664164800,243.88792419433594,172.73947143554688
1664251200,245.81829833984375,174.27162170410156
1664337600,258.16912841796875,180.6418914794922
1664424000,254.63768005371094,176.8624725341797
1664510400,252.451171875,174.40167236328125
1664769600,259.5506591796875,180.07542419433594
1664856000,264.91180419921875,183.3255615234375
1664942400,265.1770935058594,184.82061767578125
1665028800,265.671142578125,185.70278930664062
1665115200,260.1178283691406,183.1305694580078
1665374400,258.4161071777344,180.9854736328125
1665460800,258.8095703125,182.40623474121094
1665547200,256.6413269042969,180.02899169921875
1665633600,258.75469970703125,179.3697052001953
1665720000,252.89939880371094,175.46954345703125
1665979200,257.3183288574219,180.2332763671875
1666065600,260.79486083984375,180.38267517089844
1666152000,252.03945922851562,171.7370147705078
1666238400,246.5227813720703,166.47122192382812
1666324800,252.0760955810547,170.2711639404297
1666584000,259.1480712890625,175.16355895996094
1666670400,265.5522155761719,180.9895782470703
1666756800,265.4515686035156,180.70945739746094
1666843200,266.2840881347656,180.81216430664062
1666929600,273.2279968261719,185.54580688476562
1667188800,270.9224853515625,182.01658630371094
1667275200,270.85845947265625,180.70945739746094
1667361600,264.1523742675781,173.38958740234375
1667448000,257.5378723144531,167.89036560058594
1667534400,259.8525390625,170.06578063964844
1667797200,265.561279296875,174.18321228027344
1667883600,266.3572998046875,175.86380004882812
1667970000,262.34100341796875,174.24856567382812
1668056400,285.16717529296875,190.7649688720703
1668142800,288.1313781738281,195.15318298339844
1668402000,280.7940979003906,191.0823974609375
1668488400,285.3775939941406,194.98509216308594
1668574800,288.1038818359375,200.8577880859375
1668661200,284.9293212890625,194.5742950439453
1668747600,286.5211181640625,196.00277709960938
1669006800,289.81475830078125,196.3202362060547
1669093200,297.2252502441406,200.2415771484375
1669179600,294.1420593261719,197.02047729492188
1669352400,298.5975646972656,196.9737548828125
1669611600,291.7725830078125,195.1718292236328
1669698000,289.0644836425781,193.7059783935547
1669784400,298.2041931152344,198.448974609375
1669870800,301.0390930175781,201.18455505371094
1669957200,301.8858337402344,200.58705139160156
1670216400,294.6053771972656,192.50152587890625
1670302800,292.1847229003906,188.51483154296875
1670389200,294.6697692871094,193.16445922851562
1670475600,298.29632568359375,190.05538940429688
1670562000,294.97357177734375,188.38414001464844
1670821200,301.87664794921875,191.4745330810547
1670907600,306.3958740234375,197.20721435546875
1670994000,306.8929138183594,198.03814697265625
1671080400,301.5269470214844,194.21951293945312
1671166800,297.60595703125,192.46421813964844
1671426000,292.07421875,189.69126892089844
1671512400,289.7825012207031,187.5345001220703
1671598800,293.9426574707031,189.00033569335938
1671685200,290.9605407714844,185.9379425048828
1671771600,293.3628234863281,188.48683166503906
1672117200,294.1175231933594,188.32810974121094
1672203600,290.60162353515625,186.78756713867188
1672290000,294.90911865234375,188.84161376953125
1672376400,290.7213134765625,186.02200317382812
1672722000,290.7673034667969,185.83523559570312
1672808400,294.2832946777344,188.0293426513672
1672894800,290.3623352050781,187.45046997070312
1672981200,292.2583312988281,187.63720703125
1673240400,292.5160827636719,186.20872497558594
1673326800,295.11163330078125,188.03871154785156
1673413200,302.8155517578125,194.75167846679688
1673499600,303.61627197265625,196.3108673095703
1673586000,304.849609375,198.0848388671875
1673931600,301.46246337890625,195.61997985839844
1674018000,297.9281005859375,194.66763305664062
1674104400,286.13763427734375,188.7202606201172
1674190800,289.92974853515625,190.9610137939453
1674450000,290.3714904785156,191.5025634765625
1674536400,292.40557861328125,193.70794677734375
1674622800,292.0098876953125,193.42640686035156
1674709200,288.83441162109375,189.3909912109375
1674795600,291.4852600097656,190.02914428710938
1675054800,289.230224609375,189.48484802246094
1675141200,298.36993408203125,195.43470764160156
1675227600,301.9779357910156,200.41793823242188
1675314000,312.7467956542969,207.9256591796875
1675400400,305.11651611328125,202.67962646484375
1675659600,303.06396484375,202.58578491210938
1675746000,299.3179626464844,201.5159454345703
1675832400,295.2588806152344,199.6671905517578
1675918800,290.43597412109375,195.8007049560547
1676005200,291.34710693359375,195.93206787109375
1676264400,297.78082275390625,200.96224975585938
1676350800,293.086669921875,200.60562133789062
1676437200,295.1668395996094,201.7974853515625
1676523600,295.67303466796875,200.8402557373047
1676610000,292.6449279785156,199.65777587890625
1676955600,271.9817199707031,189.42857360839844
1677042000,272.718017578125,190.16053771972656
1677128400,275.48846435546875,189.7664337158203
1677214800,273.0494079589844,189.13763427734375
1677474000,272.45111083984375,191.67147827148438
1677560400,272.93896484375,193.08851623535156
1677646800,267.64654541015625,182.35255432128906
1677733200,269.6990661621094,183.09390258789062
1677819600,274.6968688964844,187.4390106201172
1678078800,274.47601318359375,189.16580200195312
1678165200,267.563720703125,185.26177978515625
1678251600,270.233642578125,188.7622528076172
1678338000,266.9981994628906,186.8008575439453
1678424400,265.43145751953125,184.55792236328125
1678680000,265.6260681152344,185.39317321777344
1678766400,264.74542236328125,184.7174835205078
1678852800,266.97039794921875,186.36917114257812
1678939200,265.8207702636719,187.38270568847656
1679025600,267.3597412109375,185.21484375
1679284800,268.16632080078125,184.67994689941406
1679371200,268.3238830566406,184.67994689941406
1679457600,262.0011901855469,179.7811737060547
1679544000,263.2064514160156,178.016845703125
1679630400,262.3813781738281,177.80104064941406
1679889600,260.7589111328125,178.80516052246094
1679976000,260.3417663574219,178.44854736328125
1680062400,262.69647216796875,180.12841796875
1680148800,264.5506591796875,180.79469299316406
1680235200,273.5989074707031,187.6642608642578
1680494400,276.0186767578125,191.4368438720703
1680580800,273.4505920410156,190.50779724121094
1680667200,267.619384765625,187.15745544433594
1680753600,267.56365966796875,186.35040283203125
1681099200,269.93701171875,187.4859161376953
1681185600,272.347412109375,188.94992065429688
1681272000,269.2602233886719,187.4765625
1681358400,270.8455810546875,189.07196044921875
1681444800,270.88262939453125,189.7382354736328
1681704000,273.85858154296875,192.38470458984375
1681790400,277.149658203125,195.29393005371094
1681876800,275.2583923339844,195.97901916503906
1681963200,276.7973937988281,196.85174560546875
1682049600,278.1602478027344,198.05300903320312
1682308800,279.6435546875,198.05300903320312
1682395200,274.720703125,194.17665100097656
1682481600,267.0631103515625,189.38543701171875
1682568000,272.4957580566406,192.90341186523438
1682654400,278.623779296875,196.01580810546875
1682913600,275.9908752441406,196.3836212158203
1683000000,272.82025146484375,194.2615203857422
1683086400,271.70770263671875,193.6390380859375
1683172800,264.91229248046875,191.27175903320312
1683259200,268.50006103515625,194.11061096191406
1683518400,266.9332580566406,192.45068359375
1683604800,269.3900146484375,195.34617614746094
1683691200,267.95306396484375,192.70535278320312
1683777600,266.7107849121094,191.74331665039062
1683864000,269.2880554199219,191.70558166503906
1684123200,267.49884033203125,190.0927734375
1684209600,261.74163818359375,187.895263671875
1684296000,271.0680236816406,195.42161560058594
1684382400,273.6361083984375,197.2701873779297
1684468800,269.66815185546875,194.5445098876953
1684728000,269.4642028808594,191.6018524169922
1684814400,273.4320983886719,194.90289306640625
1684900800,269.87213134765625,192.05455017089844
1684987200,265.8393859863281,189.61178588867188
1685073600,271.4759521484375,194.7802734375
1685419200,271.0772399902344,194.0068817138672
1685505600,264.6717834472656,189.69668579101562
1685592000,269.2845153808594,192.3280792236328
1685678400,276.3343505859375,197.88323974609375
1685937600,273.6824645996094,195.02548217773438
1686024000,276.3904113769531,195.38389587402344
1686110400,281.7127990722656,199.20367431640625
1686196800,281.14312744140625,198.49632263183594
1686283200,277.65093994140625,197.2324676513672
1686542400,280.9283447265625,201.23147583007812
1686628800,280.2000732421875,204.99464416503906
1686715200,279.85455322265625,202.6461639404297
1686801600,282.01153564453125,206.48480224609375
1686888000,280.48016357421875,204.739990234375
1687233600,281.4419860839844,203.21206665039062
1687320000,280.77899169921875,202.0708770751953
1687406400,281.2271423339844,202.60845947265625
1687492800,280.8817138671875,202.98574829101562
1687752000,287.49267578125,205.5699920654297
1687838400,292.955078125,210.85162353515625
1687924800,286.2041015625,209.87075805664062
1688011200,287.42730712890625,210.15370178222656
1688097600,290.06048583984375,212.8699493408203
1688356800,289.4815673828125,211.82308959960938
1688529600,290.2098693847656,212.67190551757812
1688616000,282.01153564453125,208.83328247070312
1688702400,282.74920654296875,209.32369995117188
1688961600,289.7243347167969,216.0955810546875
1689048000,292.88037109375,216.38792419433594
1689134400,296.48468017578125,218.91558837890625
1689220800,293.7581481933594,216.49168395996094
1689307200,295.5322265625,215.73716735839844
1689566400,295.112060546875,215.0109405517578
1689652800,295.7750244140625,216.84063720703125
1689739200,298.31488037109375,217.76495361328125
1689825600,297.95068359375,217.8592529296875
1689912000,299.2392578125,220.4906768798828
1690171200,303.5718078613281,220.69818115234375
1690257600,303.5905456542969,221.6836700439453
1690344000,307.7550964355469,221.806884765625
1690430400,307.86712646484375,222.59335327148438
1690516800,309.41717529296875,222.7734375
1690776000,311.7235107421875,221.9963836669922
1690862400,310.07080078125,220.17697143554688
1690948800,306.7372741699219,217.46681213378906
1691035200,307.9978332519531,214.84193420410156
1691121600,304.804443359375,211.43052673339844
1691380800,307.3628845214844,211.60113525390625
1691467200,306.0929260253906,209.33633422851562
1691553600,306.46649169921875,208.13284301757812
1691640000,307.5776062011719,209.28895568847656
1691726400,309.17437744140625,211.97068786621094
1691985600,308.09124755859375,214.055419921875
1692072000,310.1361389160156,212.11280822753906
1692158400,310.9671936035156,210.51138305664062
1692244800,305.5981140136719,206.7209014892578
1692331200,305.68212890625,207.85804748535156
1692590400,302.5914306640625,206.19027709960938
1692676800,302.983642578125,213.9132843017578
1692763200,304.4869384765625,215.2873077392578
1692849600,301.21881103515625,211.28842163085938
1692936000,301.4708557128906,211.38316345214844
1693195200,304.31884765625,211.05149841308594
1693281600,307.55902099609375,214.5481719970703
1693368000,310.6976623535156,218.2438507080078
1693454400,310.3874816894531,218.40492248535156
1693540800,312.9998474121094,220.32859802246094
1693886400,308.0194396972656,218.35755920410156
1693972800,306.34674072265625,217.58055114746094
1694059200,308.620849609375,221.3709716796875
1694145600,308.89337158203125,219.17250061035156
1694404800,308.5738830566406,219.76004028320312
1694491200,306.6098937988281,218.3670196533203
1694577600,306.23394775390625,216.8319091796875
1694664000,309.7579345703125,218.77452087402344
1694750400,302.0240478515625,208.49295043945312
1695009600,298.1336364746094,206.3134307861328
1695096000,295.64337158203125,206.10494995117188
1695182400,292.11944580078125,203.65066528320312
1695268800,288.2666931152344,199.57595825195312
1695355200,287.29876708984375,199.46221923828125
1695614400,288.0129699707031,201.36692810058594
1695700800,284.3011169433594,197.6143798828125
1695787200,283.62451171875,196.11720275878906
1695873600,285.1937561035156,196.8942108154297
1695960000,283.9439697265625,196.95106506347656
1696219200,281.75439453125,194.9611053466797
1696305600,274.340087890625,189.67344665527344
1696392000,274.7629699707031,189.13328552246094
1696478400,274.1145935058594,189.33233642578125
1696564800,275.16705322265625,189.08592224121094
1696824000,277.5539245605469,190.22305297851562
1696910400,281.18121337890625,192.12777709960938
1696996800,280.0817565917969,192.6394500732422
1697083200,275.3549499511719,186.58424377441406
1697169600,274.32135009765625,185.4945068359375
1697428800,279.4051208496094,187.86351013183594
1697515200,278.0989685058594,187.7687225341797
1697601600,272.7425842285156,183.324462890625
1697688000,269.48175048828125,180.4816131591797
1697774400,269.1434631347656,180.51954650878906
1698033600,267.88421630859375,178.51060485839844
1698120000,266.2303161621094,177.5193328857422
1698206400,263.9938049316406,177.37632751464844
1698292800,261.24053955078125,176.0800018310547
1698379200,259.7933044433594,175.02197265625
1698638400,264.5107116699219,178.92999267578125
1698724800,267.5271911621094,181.64654541015625
1698811200,269.3502502441406,182.33282470703125
1698897600,276.7739562988281,185.220947265625
1698984000,277.788818359375,185.81192016601562
1699246800,276.8115539550781,185.1351776123047
1699333200,276.99951171875,185.4687957763672
1699419600,278.0801696777344,185.56410217285156
1699506000,270.5154724121094,181.57029724121094
1699592400,274.0111999511719,185.4878387451172
1699851600,270.703369140625,184.763427734375
1699938000,285.3253479003906,192.77011108398438
1700024400,289.6104736328125,195.25787353515625
1700110800,287.9659118652344,192.80825805664062
1700197200,288.7458801269531,194.1617431640625
1700456400,289.6104736328125,194.86709594726562
1700542800,286.9322814941406,188.78582763671875
1700629200,290.5596008300781,189.1861572265625
1700802000,291.9691467285156,189.74853515625
1701061200,292.1759033203125,190.4634246826172
1701147600,294.4499816894531,190.6826629638672
1701234000,294.23236083984375,190.55874633789062
1701320400,296.56903076171875,189.51979064941406
1701406800,302.3681945800781,194.37142944335938
1701666000,306.5307312011719,197.8314971923828
1701752400,306.0387268066406,196.27780151367188
1701838800,308.5079040527344,198.92762756347656
1701925200,308.5646667480469,198.5463409423828
1702011600,308.8484802246094,198.0983428955078
1702270800,313.4461364746094,196.6781005859375
1702357200,315.2152099609375,198.92762756347656
1702443600,324.8646240234375,205.36154174804688
1702530000,332.8206787109375,214.9790496826172
1702616400,334.8924865722656,215.0267333984375
1702875600,331.87469482421875,213.568359375
1702962000,333.0666809082031,214.86468505859375
1703048400,329.8407287597656,211.61436462402344
1703134800,330.1340026855469,213.08226013183594
1703221200,329.7745361328125,212.55801391601562
1703566800,330.4556579589844,212.38644409179688
1703653200,329.7177734375,212.4531707763672
1703739600,328.6108703613281,212.4626922607422
1703826000,327.8446044921875,212.1290740966797
1704171600,326.4539489746094,208.41172790527344
1704258000,320.0020751953125,202.33045959472656
1704344400,320.31427001953125,201.3296356201172
1704430800,324.429443359375,202.55918884277344
1704690000,329.15008544921875,206.972412109375
1704776400,327.5040283203125,206.84849548339844
1704862800,337.5413818359375,209.89865112304688
1704949200,337.2859191894531,209.8509979248047
1705035600,336.5101623535156,208.65951538085938
1705381200,339.0833740234375,210.10833740234375
1705467600,336.500732421875,207.8397979736328
1705554000,338.5820007324219,208.01138305664062
1705640400,342.84857177734375,209.70802307128906
1705899600,337.4372863769531,209.56504821777344
1705986000,331.8463134765625,205.4553680419922
1706072400,328.5257263183594,201.70013427734375
1706158800,332.02606201171875,203.16583251953125
1706245200,336.12237548828125,203.0700225830078
1706504400,336.500732421875,202.93589782714844
1706590800,337.8251953125,205.50326538085938
1706677200,333.9086608886719,203.89389038085938
1706763600,340.6348571777344,210.97325134277344
1706850000,337.9481201171875,210.26437377929688
1707109200,335.9709777832031,208.84657287597656
1707195600,337.0210266113281,208.9519500732422
1707282000,343.11346435546875,212.37188720703125
1707368400,344.0877685546875,211.1265411376953
1707454800,343.5486145019531,212.9179229736328
1707714000,345.7244873046875,220.19850158691406
1707800400,338.2886657714844,215.95469665527344
1707886800,338.8941650390625,217.39163208007812
1707973200,341.5903015136719,218.73280334472656
1708059600,342.7918395996094,217.31503295898438
1708405200,342.9999084472656,216.03134155273438
1708491600,344.4757080078125,218.21551513671875
1708578000,351.29656982421875,220.82115173339844
1708664400,351.8830871582031,222.78501892089844
1708923600,351.5425109863281,221.59713745117188
1709010000,355.2887878417969,225.4960479736328
1709096400,357.2281188964844,228.76272583007812
1709182800,360.0661926269531,230.5541229248047
1709269200,363.69891357421875,234.40513610839844
1709528400,359.839111328125,231.92404174804688
1709614800,358.0227966308594,230.69784545898438
1709701200,359.202880859375,230.98521423339844
1709787600,358.35589599609375,231.55996704101562
1709874000,355.31048583984375,231.7803192138672
1710129600,353.56890869140625,230.8319549560547
1710216000,356.4429626464844,233.03524780273438
1710302400,360.6779479980469,237.01080322265625
1710388800,357.1376953125,234.34767150878906
1710475200,355.1963195800781,234.4434814453125
1710734400,353.9400634765625,233.24600219726562
1710820800,361.0776672363281,237.59518432617188
1710907200,365.83612060546875,241.36961364746094
1710993600,376.104736328125,250.0296173095703
1711080000,371.4224548339844,247.6346893310547
1711339200,364.9795837402344,243.32382202148438
1711425600,361.57257080078125,240.85227966308594
1711512000,367.24456787109375,242.68199157714844
1711598400,365.0652770996094,244.0231475830078
1711944000,350.24749755859375,238.80223083496094
1712030400,345.4606018066406,234.17523193359375
1712116800,342.5103454589844,230.5828857421875
1712203200,340.39764404296875,228.0059356689453
1712289600,340.57843017578125,229.26084899902344
1712548800,344.5564880371094,232.39341735839844
1712635200,343.9569396972656,234.11778259277344
1712721600,333.6216125488281,227.19166564941406
1712808000,330.5857849121094,225.54393005371094
1712894400,326.30322265625,222.29644775390625
1713153600,321.6019287109375,220.3421630859375
1713240000,318.6517028808594,218.7519989013672
1713326400,316.7483215332031,219.2405242919922
1713412800,316.80548095703125,219.1734619140625
1713499200,319.1560974121094,220.56253051757812
1713758400,319.86981201171875,221.51087951660156
1713844800,322.6202392578125,224.81243896484375
1713931200,316.9196472167969,221.6649169921875
1714017600,315.9394226074219,221.3472900390625
1714104000,318.89910888671875,221.26063537597656
1714363200,320.52655029296875,222.29058837890625
1714449600,318.0711975097656,219.45106506347656
1714536000,315.9299011230469,218.99867248535156
1714622400,319.31787109375,220.9815216064453
1714708800,326.2842102050781,223.43601989746094
1714968000,325.751220703125,223.02210998535156
1715054400,324.22857666015625,222.79110717773438
1715140800,322.4584045410156,223.37823486328125
1715227200,330.6523742675781,227.28619384765625
1715313600,329.6911926269531,226.22740173339844
1715572800,324.4855041503906,224.25416564941406
1715659200,324.0477294921875,222.90660095214844
1715745600,331.822998046875,227.23805236816406
1715832000,326.16998291015625,223.56112670898438
1715918400,327.5784912109375,222.45420837402344
1716177600,321.49725341796875,220.5868682861328
1716264000,319.9079284667969,216.43829345703125
1716350400,314.6165771484375,212.84800720214844
1716436800,311.0953369140625,209.33470153808594
1716523200,309.3918151855469,207.1497344970703
1716868800,312.81793212890625,207.30372619628906
1716955200,310.1626892089844,206.24490356445312
1717041600,315.4524841308594,207.39035034179688
1717128000,320.9052734375,213.0019989013672
1717387200,314.3312683105469,208.61277770996094
1717473600,314.5708312988281,208.42027282714844
1717560000,316.4875183105469,211.25015258789062
1717646400,317.29248046875,210.26834106445312
1717732800,313.39215087890625,208.55502319335938
1717992000,318.6915588378906,209.93145751953125
1718078400,321.71978759765625,210.172119140625
1718164800,329.78863525390625,216.59228515625
1718251200,333.3726806640625,218.36338806152344
1718337600,332.37603759765625,214.98484802246094
1718596800,334.92510986328125,218.27674865722656
1718683200,339.1128845214844,219.2393035888672
1718856000,338.7007751464844,219.00830078125
1718942400,340.96240234375,220.02857971191406
1719201600,336.24755859375,219.83609008789062
1719288000,324.2113952636719,209.11329650878906
1719374400,327.56536865234375,210.58599853515625
1719460800,327.2491455078125,211.5677947998047
1719547200,329.8844909667969,212.20309448242188
1719806400,322.170166015625,205.56150817871094
1719892800,321.0010681152344,205.69625854492188
1719979200,319.7265319824219,205.3112335205078
1720152000,320.6272888183594,205.87913513183594
1720411200,325.43798828125,209.01705932617188
1720497600,323.0326232910156,208.227783203125
1720584000,329.8270263671875,212.4726104736328
1720670400,339.0362548828125,221.1451416015625
1720756800,344.766845703125,225.3129425048828
1721016000,343.5114440917969,223.4745330810547
1721102400,353.7269287109375,231.94491577148438
1721188800,356.38140869140625,233.93740844726562
1721275200,350.8136901855469,230.40484619140625
1721361600,348.20709228515625,229.58668518066406
1721620800,348.1017150878906,231.27113342285156
1721707200,344.6230773925781,229.38453674316406
1721793600,335.70135498046875,224.07452392578125
1721880000,338.5570983886719,227.07289123535156
1721966400,344.5177001953125,231.03846740722656
1722225600,346.58758544921875,231.93800354003906
1722312000,348.52337646484375,233.48550415039062
1722398400,352.8070068359375,237.46078491210938
1722484800,343.62646484375,233.44683837890625
1722571200,340.60784912109375,232.5376739501953
1722830400,335.41387939453125,229.2491455078125
1722916800,339.1512451171875,232.7601318359375
1723003200,328.1212463378906,223.99716186523438
1723089600,333.8134765625,228.58175659179688
1723176000,334.10101318359375,228.09814453125
1723435200,331.3889465332031,223.4942169189453
1723521600,335.47137451171875,228.4463653564453
1723608000,340.8282470703125,229.8488006591797
1723694400,345.0543518066406,232.18946838378906
1723780800,346.96136474609375,233.2437286376953
1724040000,347.9292297363281,235.2362060546875
1724126400,351.9541015625,232.45059204101562
1724212800,355.0110168457031,234.42372131347656
1724299200,350.12371826171875,232.4312744140625
1724385600,359.9270935058594,241.8712921142578
1724644800,358.5088195800781,242.28720092773438
1724731200,357.6175842285156,240.4204559326172
1724817600,357.1480712890625,240.77833557128906
1724904000,353.8893127441406,238.6794891357422
1724990400,355.2776794433594,240.35276794433594
1725336000,351.65252685546875,237.41246032714844
1725422400,351.5851135253906,237.40274047851562
1725508800,348.8663024902344,236.106689453125
1725595200,347.1308288574219,235.81651306152344
1725854400,352.404541015625,236.70635986328125
1725940800,357.5625915527344,239.26950073242188
1726027200,357.1962585449219,239.26950073242188
1726113600,360.9949035644531,243.78636169433594
1726200000,366.3553466796875,247.0362091064453
1726459200,368.3028869628906,248.2259063720703
1726545600,369.48876953125,248.30325317382812
1726632000,370.2311096191406,248.21621704101562
1726718400,376.3340148925781,252.44290161132812
1726804800,375.8712158203125,251.6111297607422
1727064000,377.8958740234375,253.69065856933594
1727150400,386.2837219238281,257.31768798828125
1727236800,382.6875305175781,256.2828063964844
1727323200,382.4657897949219,256.9017639160156
1727409600,385.1942443847656,258.3816833496094
1727668800,390.6607971191406,261.9700622558594
1727755200,394.3726501464844,263.7013244628906
1727841600,396.5033874511719,262.9468688964844
1727928000,396.8118591308594,261.3509826660156
1728014400,393.7073974609375,258.9813232421875
1728273600,393.4181823730469,259.7357482910156
1728360000,399.31854248046875,264.3106384277344
1728446400,401.1407775878906,268.0924377441406
1728532800,395.2499694824219,264.2525939941406
1728619200,397.1203918457031,266.7190246582031
1728878400,400.5141296386719,271.5260925292969
1728964800,400.6683349609375,272.5899658203125
1729051200,403.5896301269531,274.7372131347656
1729137600,400.6876525878906,272.0870361328125
1729224000,400.1091613769531,272.40625
1729483200,391.8177490234375,267.76361083984375
1729569600,387.4309997558594,263.2950744628906
1729656000,385.30035400390625,262.3626403808594
1729742400,388.2312316894531,263.5767517089844
1729828800,384.5965270996094,259.9634704589844
1730088000,388.4337463378906,260.2840270996094
1730174400,380.894287109375,255.4274444580078
1730260800,378.435791015625,253.89276123046875
1730347200,379.62164306640625,254.32008361816406
1730433600,378.50323486328125,254.4269561767578
1730696400,381.3763427734375,257.3797607421875
1730782800,385.7342224121094,261.45928955078125
1730869200,374.4346923828125,254.2229766845703
1730955600,385.10748291015625,258.6618957519531
1731042000,391.3356628417969,263.3241882324219
1731301200,393.63995361328125,266.63641357421875
1731387600,388.61688232421875,262.1586608886719
1731474000,395.4717712402344,264.5092468261719
1731560400,391.1621398925781,262.595703125
1731646800,393.5338439941406,261.6729431152344
1731906000,395.71282958984375,263.9750061035156
1731992400,392.203369140625,251.82382202148438
1732078800,385.6473693847656,255.48568725585938
1732165200,395.7224426269531,257.6129150390625
1732251600,404.9298095703125,257.08831787109375
1732510800,413.2886657714844,267.4232177734375
1732597200,414.108154296875,266.5975646972656
1732683600,414.0306396484375,265.354248046875
1732856400,415.910888671875,264.6160583496094
1733115600,413.8077087402344,264.2469482421875
1733202000,416.12408447265625,266.5198669433594
1733288400,414.7381286621094,264.46063232421875
1733374800,413.4006652832031,262.3237609863281
1733461200,418.08184814453125,265.5873718261719
1733720400,415.9593505859375,266.2867431640625
1733806800,409.57232666015625,262.3626403808594
1733893200,408.39959716796875,260.2160339355469
1733979600,401.6540222167969,255.94219970703125
1734066000,404.1351318359375,254.86407470703125
1734325200,398.0582580566406,252.63973999023438
1734411600,395.88726806640625,250.35711669921875
1734498000,381.6885681152344,242.64488220214844
1734584400,373.1596374511719,237.50662231445312
1734670800,380.50616455078125,240.6148223876953
1734930000,380.36077880859375,240.27484130859375
1735016400,383.9371643066406,243.04310607910156
1735189200,382.9679260253906,242.27577209472656
1735275600,380.75811767578125,241.21702575683594
1735534800,377.43377685546875,239.6531982421875
1735621200,377.00732421875,239.72119140625
1735794000,376.49365234375,239.89601135253906
1735880400,377.1915283203125,241.35301208496094
1736139600,377.37567138671875,242.57688903808594
1736226000,372.39398193359375,239.497802734375
1736312400,375.27252197265625,239.80859375
1736485200,377.879638671875,240.78964233398438
1736744400,377.1915283203125,241.52786254882812
1736830800,380.68060302734375,243.98529052734375
1736917200,393.58062744140625,249.35667419433594
1737003600,396.72076416015625,251.3575897216797
1737090000,396.7692565917969,253.5721893310547
1737435600,405.5404357910156,256.767822265625
1737522000,397.4670715332031,251.69488525390625
1737608400,401.6249694824219,254.9337921142578
1737694800,401.7315368652344,255.79226684570312
1737954000,411.7821044921875,261.8602600097656
1738040400,405.9281005859375,257.9482727050781
1738126800,400.684814453125,255.33375549316406
1738213200,401.7315368652344,257.5482482910156
1738299600,399.2891845703125,253.68504333496094
1738558800,396.1683349609375,250.23158264160156
1738645200,398.8142395019531,250.94374084472656
1738731600,401.072509765625,252.15342712402344
1738818000,401.40203857421875,250.6705780029297
1738904400,394.8211364746094,245.7830047607422
1739163600,401.23724365234375,250.17303466796875
1739250000,403.53424072265625,250.74862670898438
1739336400,394.5982971191406,244.14404296875
1739422800,399.7253112792969,246.48541259765625
1739509200,396.88555908203125,245.6366729736328
1739854800,390.88623046875,244.58306884765625
1739941200,383.2489929199219,240.65155029296875
1740027600,382.48333740234375,240.39791870117188
1740114000,373.4310302734375,233.32508850097656
1740373200,370.6397705078125,231.2861785888672
1740459600,381.1749572753906,236.4663848876953
1740546000,378.45147705078125,241.03201293945312
1740632400,378.2479248046875,239.50038146972656
1740718800,384.3829650878906,242.5636444091797
1740978000,377.68585205078125,240.14427185058594
1741064400,369.92254638671875,233.98846435546875
1741150800,374.4486999511719,237.02247619628906
1741237200,369.97100830078125,237.5492706298828
1741323600,365.19287109375,236.72979736328125
1741579200,363.109130859375,236.45663452148438
1741665600,356.81903076171875,226.98394775390625
1741752000,353.49468994140625,222.75
1741838400,338.6889343261719,217.2185516357422
1741924800,342.6488037109375,218.95506286621094
1742184000,345.3992919921875,220.33059692382812
1742270400,340.9517517089844,217.50146484375
1742356800,344.7068176269531,219.99888610839844
1742443200,346.7550354003906,220.7305908203125
1742529600,342.4927673339844,221.5207977294922
1742788800,354.8016357421875,227.19854736328125
1742875200,352.0902099609375,225.0523223876953
1742961600,353.20208740234375,226.37908935546875
1743048000,353.78729248046875,226.49615478515625
1743134400,349.3201904296875,222.83779907226562
1743393600,357.4545593261719,227.53024291992188
1743480000,356.5085144042969,228.2911834716797
1743566400,361.7461242675781,229.5301513671875
1743652800,347.1354675292969,217.08200073242188
1743739200,345.17498779296875,217.8331756591797
1743998400,333.0904541015625,211.6383514404297
1744084800,326.9750061035156,206.51666259765625
1744171200,346.6282653808594,217.74534606933594
1744257600,344.9018859863281,215.7942352294922
1744344000,345.1359558105469,214.96502685546875
1744603200,348.3936767578125,218.6623992919922
1744689600,345.3797912597656,215.12110900878906
1744776000,337.4599914550781,209.17018127441406
1744862400,346.3064270019531,213.64801025390625
1745208000,338.3475341796875,207.57025146484375
1745294400,345.69189453125,213.71630859375
1745380800,347.63287353515625,213.55935668945312
1745467200,350.7734680175781,217.76661682128906
1745553600,348.7642517089844,216.6486053466797
1745812800,348.12054443359375,216.88397216796875
1745899200,350.1492614746094,218.9630889892578
1745985600,351.60247802734375,219.24749755859375
1746072000,349.46649169921875,218.0314178466797
1746158400,355.53314208984375,222.80746459960938
1746417600,352.8119812011719,220.84605407714844
1746504000,350.5198974609375,218.70809936523438
1746590400,353.8067626953125,219.19845581054688
1746676800,355.8647766113281,220.14974975585938
1746763200,353.7677917480469,217.97256469726562
1747022400,367.3055725097656,228.2896270751953
1747108800,364.3893127441406,226.31842041015625
1747195200,363.6188049316406,224.10198974609375
1747281600,369.2952880859375,227.9659881591797
1747368000,371.3923034667969,229.71165466308594
1747627200,370.02679443359375,229.90780639648438
1747713600,367.7542419433594,226.78915405273438
1747800000,361.69732666015625,222.9840087890625
1747886400,357.1034851074219,219.433837890625
1747972800,353.7677917480469,216.8055419921875
1748318400,361.2681884765625,221.45408630371094
1748404800,358.98590087890625,220.18898010253906
1748491200,359.2102355957031,220.59104919433594
1748577600,359.2102355957031,221.37564086914062
1748836800,358.8883056640625,221.16969299316406
1748923200,363.8821105957031,224.38641357421875
1749009600,363.2189025878906,223.98431396484375
1749096000,362.41412353515625,223.19973754882812
1749182400,360.5003967285156,220.9245147705078
1749441600,358.4100036621094,219.29653930664062
1749528000,361.06964111328125,220.55181884765625
1749614400,353.75811767578125,217.32530212402344
1749700800,356.4079284667969,219.18865966796875
1749787200,348.06597900390625,213.07882690429688
1750046400,346.98638916015625,211.91177368164062
1750132800,342.2952880859375,207.83203125
1750219200,340.57781982421875,206.7630615234375
1750392000,343.1196594238281,208.6460418701172
1750651200,350.32318115234375,214.353759765625
1750737600,353.7188720703125,215.73654174804688
1750824000,355.1321105957031,216.4426727294922
1750910400,356.7416076660156,216.9624481201172
1750996800,361.8841857910156,219.31614685058594
1751256000,359.8232421875,217.59007263183594
1751342400,366.22198486328125,224.22950744628906
1751428800,364.9363708496094,222.5623016357422
1751515200,364.7695007324219,223.90586853027344
1751860800,360.80462646484375,220.64990234375
1751947200,360.667236328125,219.35537719726562
1752033600,364.1414489746094,221.21873474121094
1752120000,366.3594055175781,223.5135955810547
1752206400,363.1894836425781,219.80650329589844
1752465600,363.22869873046875,218.10986328125
1752552000,351.97198486328125,210.8624267578125
1752638400,350.7550354003906,212.4217529296875
1752724800,352.3645324707031,214.36355590820312
1752811200,352.7178649902344,214.932373046875
1753070400,357.2715759277344,216.6486053466797
1753156800,364.11199951171875,222.45440673828125
1753243200,369.3526611328125,225.39247131347656
1753329600,366.1532897949219,222.38540649414062
1753416000,368.3614807128906,223.6079559326172
1753675200,370.2163391113281,226.75306701660156
1753761600,370.3243103027344,226.80235290527344
1753848000,365.1620788574219,224.2290802001953
1753934400,360.67706298828125,220.4234161376953
1754020800,366.7127380371094,223.2135772705078
1754280000,373.73956298828125,230.519287109375
1754366400,378.2442321777344,234.11793518066406
1754452800,379.6083984375,234.93624877929688
1754539200,378.9901428222656,235.2024383544922
1754625600,380.6388854980469,237.75599670410156
1754884800,380.3248291015625,236.4742889404297
1754971200,388.6373596191406,241.4236297607422
1755057600,399.6094665527344,252.72232055664062
1755144000,392.8770446777344,249.48851013183594
1755230400,391.95452880859375,248.51243591308594
1755489600,387.36151123046875,247.35888671875
1755576000,399.6291198730469,252.7519073486328
1755662400,394.2706298828125,253.5209503173828
1755748800,390.3057556152344,252.05189514160156
1755835200,405.1152038574219,260.0181884765625
1756094400,401.2974853515625,255.22657775878906
1756180800,399.96282958984375,254.69415283203125
1756267200,400.6497497558594,255.02943420410156
1756353600,399.8744812011719,253.91531372070312
1756440000,399.20709228515625,254.42799377441406
1756785600,398.75567626953125,255.09841918945312
1756872000,400.129638671875,257.0111389160156
1756958400,406.3278503417969,260.84637451171875
1757044800,413.4932861328125,266.17034912109375
1757304000,414.4703674316406,269.1773986816406
1757390400,409.9302978515625,265.24359130859375
1757476800,407.8477783203125,262.7984924316406
1757563200,417.90509033203125,268.566162109375
1757649600,417.1845703125,268.0041809082031
1757908800,417.20428466796875,268.260498046875
1757995200,415.9607238769531,266.7126159667969
1758081600,411.5686950683594,264.1788024902344
1758168000,412.04241943359375,263.80413818359375
1758254400,410.2757263183594,261.4674987792969
1758513600,406.6337890625,256.7252197265625
1758600000,405.5580139160156,256.1533508300781
1758686400,404.4328308105469,253.70826721191406
1758772800,402.1430969238281,251.93360900878906
1758859200,404.7486877441406,253.501220703125
1759118400,401.5014953613281,249.75469970703125
1759204800,399.9125061035156,247.7729949951172
1759291200,391.8489074707031,244.49972534179688
1759377600,389.8651123046875,243.8489990234375
1759464000,389.9144592285156,242.8828125
1759723200,384.2590637207031,238.2686767578125
1759809600,381.77191162109375,236.5137176513672
1759896000,378.791259765625,234.24609375
1759982400,372.77069091796875,231.3671875
1760068800,370.85595703125,228.95167541503906
1760328000,374.42877197265625,231.1798553466797
1760414400,382.6700439453125,237.3616180419922
1760500800,383.24249267578125,238.13064575195312
1760587200,382.3443603515625,239.6785430908203
1760673600,386.79559326171875,241.2560272216797
1760932800,383.8248291015625,238.8602294921875
1761019200,385.8086242675781,241.8179931640625
1761105600,383.9037780761719,241.28298950195312
1761192000,380.0151062011719,241.61985778808594
1761278400,381.6435852050781,240.47056579589844
1761537600,380.251953125,241.40188598632812
1761624000,380.7257080078125,241.81800842285156
1761710400,373.11614990234375,236.28948974609375
1761796800,374.6064453125,237.60723876953125
1761883200,374.64593505859375,235.9328155517578
1762146000,373.4220886230469,233.4657745361328
1762232400,378.0904541015625,235.56622314453125
1762318800,368.9708251953125,232.1876983642578
1762405200,364.262939453125,229.21536254882812
1762491600,366.2763671875,231.00868225097656
1762750800,365.605224609375,230.87986755371094
1762837200,369.3656311035156,233.16854858398438
1762923600,366.296142578125,232.5344696044922
1763010000,363.2760009765625,229.33425903320312
1763096400,357.64031982421875,225.74766540527344
1763355600,353.36676025390625,222.92396545410156
1763442000,332.0974426269531,217.54408264160156
1763528400,330.1432189941406,226.30250549316406
1763614800,328.05084228515625,226.3223114013672
1763701200,338.8483581542969,232.12823486328125
1763960400,332.19610595703125,226.64926147460938
1764046800,346.4974060058594,235.90309143066406
1764133200,350.840087890625,239.38070678710938
1764306000,352.271240234375,240.24267578125
1764565200,352.6758728027344,244.11660766601562
1764651600,349.4188232421875,240.9263153076172
1764738000,353.248291015625,244.66152954101562
1764824400,348.83782958984375,243.8986358642578
1764910800,352.25494384765625,246.1774139404297
1765170000,347.586181640625,242.56109619140625
1765256400,342.97698974609375,240.430908203125
1765342800,348.7980651855469,243.9283447265625
1765429200,355.0860290527344,245.791015625
1765515600,357.261474609375,245.00828552246094
1765774800,354.619140625,246.4845428466797
1765861200,350.3377685546875,244.19586181640625
1765947600,354.3807373046875,245.672119140625
1766034000,352.6324157714844,245.42442321777344
1766120400,342.7087707519531,238.2215118408203
1766379600,344.0895690917969,239.83645629882812
1766466000,342.6789855957031,239.91571044921875
1766552400,345.0332336425781,240.75787353515625
1766725200,347.45703125,242.23414611816406
1766984400,345.14251708984375,241.58021545410156
1767070800,344.0498352050781,240.93621826171875
1767157200,341.81475830078125,238.9348602294922
1767330000,343.5233459472656,244.6119842529297
1767589200,341.8048095703125,242.49172973632812
1767675600,346.9703063964844,244.21568298339844
1767762000,346.7418212890625,244.83985900878906
1767848400,357.1720886230469,253.84597778320312
1767934800,372.1519470214844,264.7445068359375
1768194000,372.449951171875,268.39056396484375
1768280400,377.2180480957031,271.71954345703125
1768366800,373.4532470703125,272.4130859375
1768453200,376.6419372558594,274.4541015625
1768539600,377.6452331542969,274.98907470703125
1768885200,372.6188049316406,265.9234924316406
1768971600,382.0855407714844,275.7861633300781
1769058000,378.49951171875,273.6365051269531
1769144400,381.2212829589844,275.4079895019531
1769403600,383.9629821777344,276.5823669433594
1769490000,377.83392333984375,272.6313171386719
1769576400,372.80755615234375,268.1329345703125
1769662800,369.3407287597656,265.3662109375
1769749200,372.1022644042969,265.7841796875
1770008400,375.60882568359375,267.7746276855469
1770094800,378.56903076171875,273.5369873046875
1770181200,384.6285400390625,274.5321960449219
1770267600,379.8305969238281,273.5767822265625
1770354000,382.5921325683594,277.05010986328125
1770613200,378.4696960449219,275.5672302246094
1770699600,387.092041015625,283.31005859375
1770786000,388.0854187011719,285.6687316894531
1770872400,387.62847900390625,284.16595458984375
1770958800,388.45294189453125,286.01708984375
1771304400,380.49615478515625,279.81683349609375
1771390800,380.97296142578125,280.7821960449219
1771477200,376.0657653808594,276.8510437011719
1771563600,379.7113952636719,279.0206298828125
1771822800,374.486328125,273.0492858886719
1771909200,381.9266052246094,277.25909423828125
1771995600,373.0757751464844,261.76348876953125
1772082000,372.59893798828125,263.126953125
1772168400,378.1915588378906,263.30609130859375
1772427600,368.3473815917969,255.9414520263672
1772514000,364.48321533203125,256.4689025878906
1772600400,366.6586608886719,257.3844909667969
1772686800,359.27801513671875,253.49319458007812
1772773200,355.5429992675781,250.68666076660156
1773028800,351.2119445800781,249.02464294433594
1773115200,354.778076171875,249.91038513183594
1773201600,348.510009765625,245.70059204101562
1773288000,338.92999267578125,238.30609130859375
1773374400,339.0299987792969,236.45497131347656
1773633600,342.5799865722656,240.95338439941406
1773720000,341.42999267578125,238.56484985351562
1773806400,330.92999267578125,229.98602294921875
1773892800,328.2099914550781,228.6126251220703
1773979200,320.75,223.556884765625
1774238400,330.8999938964844,233.1309356689453
1774324800,330.9100036621094,233.31005859375
1774411200,332.510009765625,235.05169677734375
1774497600,328.42999267578125,234.9024200439453
1774584000,321.6499938964844,229.20974731445312
1774843200,323.5,231.46890258789062
1774929600,328.8900146484375,235.15122985839844
1775016000,329.55999755859375,234.8526611328125
1775102400,321.6300048828125,229.9263153076172
1775448000,326.6499938964844,234.07638549804688
1775534400,318.7699890136719,230.5035400390625
1775620800,336.1600036621094,242.4959716796875
1775707200,339.5799865722656,246.6261444091797
1775793600,337.3399963378906,243.0532989501953
1776052800,341.1600036621094,245.89964294433594
1776139200,342.7099914550781,247.25314331054688
1776225600,338.9100036621094,242.82440185546875
1776312000,337.1499938964844,241.26190185546875
1776398400,349.3999938964844,250.51747131347656
1776657600,350.989990234375,252.0799560546875
1776744000,343.9200134277344,249.99000549316406
1776830400,339.5,245.19000244140625
1776916800,340.1600036621094,246.5399932861328
1777003200,335.8900146484375,244.4499969482422
1777262400,332.29998779296875,242.5500030517578
1777348800,329.05999755859375,240.32000732421875
1777435200,322.80999755859375,233.5
1777521600,328.79998779296875,238.7899932861328
1777608000,323.8800048828125,233.3300018310547
1777867200,312.4200134277344,223.72000122070312
1777953600,315.4200134277344,225.22999572753906
1778040000,323.04998779296875,233.3699951171875
1778126400,322.6400146484375,230.8800048828125
1778212800,317.45001220703125,229.1999969482422
1778472000,311.3999938964844,226.05999755859375
1778558400,310.4599914550781,224.52000427246094
1778644800,302.54998779296875,220.4499969482422
1778731200,304.3500061035156,223.61000061035156
1778817600,297.510009765625,218.4199981689453
