timestamp,GS,MS
1147752000,111.06011962890625,33.4802360534668
1147838400,107.79456329345703,32.363521575927734
1147924800,106.93628692626953,32.29339599609375
1148011200,108.66730499267578,32.3365364074707
1148270400,106.2962646484375,31.9211368560791
1148356800,104.51438903808594,31.705358505249023
1148443200,104.67438507080078,31.883363723754883
1148529600,107.14724731445312,32.24482345581055
1148616000,111.23468017578125,32.676422119140625
1148961600,108.97276306152344,31.88878059387207
1149048000,109.78730773925781,32.16389846801758
1149134400,111.67832946777344,32.68181228637695
1149220800,112.07115173339844,32.68721008300781
1149480000,109.38734436035156,31.640596389770508
1149566400,108.54363250732422,31.77549171447754
1149652800,109.06001281738281,31.904951095581055
1149739200,108.9218521118164,31.81864356994629
1149825600,109.0163803100586,31.931928634643555
1150084800,105.45984649658203,31.39784049987793
1150171200,101.27783966064453,29.800981521606445
1150257600,100.73234558105469,29.98980712890625
1150344000,104.81981658935547,30.928483963012695
1150430400,104.7325439453125,30.745079040527344
1150689600,104.55071258544922,30.49152183532715
1150776000,105.64897918701172,30.761260986328125
1150862400,108.97276306152344,32.088375091552734
1150948800,107.86727905273438,32.374298095703125
1151035200,107.58360290527344,32.20707321166992
1151294400,109.02369689941406,32.5847053527832
1151380800,107.03086853027344,32.3904914855957
1151467200,106.5436019897461,32.44443130493164
1151553600,110.69648742675781,33.739200592041016
1151640000,109.4091567993164,34.100643157958984
1151899200,110.87833404541016,34.53761672973633
1152072000,109.78730773925781,34.33802795410156
1152158400,109.51826477050781,34.45671844482422
1152244800,108.01273345947266,34.499874114990234
1152504000,108.26004791259766,34.64014434814453
1152590400,108.12911987304688,34.48905944824219
1152676800,105.6562728881836,33.93104934692383
1152763200,103.67797088623047,33.3026008605957
1152849600,101.89604187011719,32.8800163269043
1153108800,102.4560546875,33.15631866455078
1153195200,103.52525329589844,33.56806564331055
1153281600,106.89269256591797,34.592018127441406
1153368000,105.59078216552734,34.31572341918945
1153454400,103.55670928955078,33.866031646728516
1153713600,107.09992218017578,34.79245376586914
1153800000,108.25916290283203,35.19878387451172
1153886400,107.44994354248047,34.91708755493164
1153972800,108.09143829345703,35.2475471496582
1154059200,110.61408233642578,35.88142395019531
1154318400,111.36495208740234,36.027713775634766
1154404800,110.27869415283203,35.72431945800781
1154491200,109.28715515136719,35.88142395019531
1154577600,110.8910903930664,36.73201370239258
1154664000,111.53994750976562,36.672401428222656
1154923200,111.29207611083984,36.37442398071289
1155009600,110.41717529296875,35.90849685668945
1155096000,109.36736297607422,35.04166793823242
1155182400,110.54845428466797,35.33966827392578
1155268800,110.16935729980469,35.410091400146484
1155528000,109.62982177734375,35.23128890991211
1155614400,111.29207611083984,35.88683319091797
1155700800,112.99815368652344,36.27149963378906
1155787200,112.60441589355469,36.60737991333008
1155873600,112.77214813232422,36.37442398071289
1156132800,112.15238189697266,36.40693283081055
1156219200,112.38566589355469,36.75907516479492
1156305600,111.32853698730469,36.8674430847168
1156392000,110.38072204589844,36.70492172241211
1156478400,109.41110229492188,36.28773498535156
1156737600,109.01742553710938,36.23899459838867
1156824000,107.23847198486328,35.561763763427734
1156910400,107.21660614013672,35.48594665527344
1156996800,108.37584686279297,35.64305114746094
1157083200,108.73304748535156,36.206478118896484
1157428800,110.29326629638672,36.5261116027832
1157515200,109.84855651855469,35.81098556518555
1157601600,108.31751251220703,35.735137939453125
1157688000,109.2142562866211,36.13065719604492
1157947200,110.0891342163086,36.11980438232422
1158033600,115.40406799316406,37.02996063232422
1158120000,117.27774047851562,37.77760314941406
1158206400,118.48797607421875,38.09726333618164
1158292800,118.62651062011719,38.43857192993164
1158552000,118.99832916259766,38.389808654785156
1158638400,119.12226867675781,38.926170349121094
1158724800,121.46255493164062,39.197052001953125
1158811200,121.86354064941406,38.812400817871094
1158897600,122.13334655761719,38.88823699951172
1159156800,122.986328125,39.31624984741211
1159243200,122.97905731201172,39.69007110595703
1159329600,123.21236419677734,39.218719482421875
1159416000,123.94142150878906,39.489601135253906
1159502400,123.3363037109375,39.50044250488281
1159761600,124.44451904296875,39.57087326049805
1159848000,127.0035171508789,39.852596282958984
1159934400,128.72412109375,40.38353729248047
1160020800,127.95128631591797,40.39436721801758
1160107200,128.06065368652344,40.313106536865234
1160366400,129.3729248046875,40.632755279541016
1160452800,130.4009246826172,40.632755279541016
1160539200,130.48109436035156,40.659934997558594
1160625600,132.33303833007812,41.513580322265625
1160712000,134.03900146484375,41.63320541381836
1160971200,135.0377960205078,41.7636833190918
1161057600,133.47036743164062,41.20364761352539
1161144000,133.39739990234375,41.48640060424805
1161230400,131.52008056640625,41.42115783691406
1161316800,131.7757568359375,41.540775299072266
1161576000,134.91676330566406,42.05731201171875
1161662400,137.21044921875,42.49774169921875
1161748800,137.77285766601562,42.122562408447266
1161835200,141.2572021484375,42.20410919189453
1161921600,137.81671142578125,41.56251525878906
1162184400,138.60560607910156,41.638641357421875
1162270800,138.63479614257812,41.55707550048828
1162357200,135.13592529296875,40.110755920410156
1162443600,136.88169860839844,40.32280731201172
1162530000,136.69180297851562,40.3880615234375
1162789200,138.7882537841797,41.345035552978516
1162875600,137.82400512695312,41.26891326904297
1162962000,137.8898162841797,41.07314682006836
1163048400,134.97520446777344,40.6979866027832
1163134800,136.64071655273438,41.693016052246094
1163394000,137.13006591796875,42.04643630981445
1163480400,139.05120849609375,42.53580093383789
1163566800,141.05999755859375,42.76958465576172
1163653200,143.69696044921875,42.78046417236328
1163739600,142.46974182128906,43.01970672607422
1163998800,144.2301483154297,43.12302017211914
1164085200,145.91754150390625,43.07951354980469
1164171600,147.765625,43.06320571899414
1164344400,147.26162719726562,42.92727279663086
1164603600,141.05999755859375,41.45921325683594
1164690000,143.98910522460938,41.823509216308594
1164776400,143.33172607421875,42.08994674682617
1164862800,142.29444885253906,41.410274505615234
1164949200,142.0752716064453,40.92634963989258
1165208400,146.1293182373047,42.00838851928711
1165294800,147.2689208984375,42.39986038208008
1165381200,149.74517822265625,42.74238586425781
1165467600,146.23898315429688,42.50861358642578
1165554000,149.81820678710938,42.74238586425781
1165813200,147.93365478515625,42.82939147949219
1165899600,146.09291076660156,42.62821578979492
1165986000,144.8583984375,42.93271255493164
1166072400,146.18785095214844,43.28068923950195
1166158800,145.9760284423828,43.0958251953125
1166418000,148.45956420898438,43.69936752319336
1166504400,146.99871826171875,44.422515869140625
1166590800,147.0935821533203,44.19416427612305
1166677200,144.7050018310547,43.9277229309082
1166763600,144.69766235351562,43.3350715637207
1167109200,145.99069213867188,43.89509963989258
1167195600,147.5172882080078,44.58563995361328
1167282000,146.67726135253906,44.36271286010742
1167368400,145.6181182861328,44.27571105957031
1167800400,146.61883544921875,44.3790283203125
1167886800,145.2528839111328,44.53670883178711
1167973200,145.39894104003906,43.965782165527344
1168232400,148.8174591064453,44.23221206665039
1168318800,149.07321166992188,44.1289176940918
1168405200,152.0169677734375,44.4998664855957
1168491600,154.77081298828125,44.93630599975586
1168578000,156.31210327148438,45.20361328125
1168923600,156.0198974609375,45.067256927490234
1169010000,155.7569580078125,44.9417724609375
1169096400,153.16380310058594,44.303489685058594
1169182800,153.8662872314453,44.4616813659668
1169442000,155.82708740234375,45.449134826660156
1169528400,155.5856170654297,45.07270050048828
1169614800,161.04403686523438,46.18015670776367
1169701200,155.90028381347656,44.8544807434082
1169787600,156.21487426757812,44.799930572509766
1170046800,154.4149169921875,44.25437927246094
1170133200,152.7613525390625,44.581687927246094
1170219600,155.2344207763672,45.16543960571289
1170306000,155.117431640625,45.74370193481445
1170392400,156.16366577148438,45.84737777709961
1170651600,155.5198211669922,45.42730712890625
1170738000,157.0563507080078,45.35092544555664
1170824400,156.2515106201172,45.41093444824219
1170910800,156.50759887695312,45.181793212890625
1170997200,156.0539093017578,44.614437103271484
1171256400,154.48080444335938,43.79613494873047
1171342800,155.50514221191406,44.32528305053711
1171429200,159.06846618652344,44.93086242675781
1171515600,158.6442108154297,45.181793212890625
1171602000,158.71730041503906,44.93086242675781
1171947600,161.6586151123047,45.449134826660156
1172034000,161.08065795898438,45.383670806884766
1172120400,160.21725463867188,45.143619537353516
1172206800,158.409912109375,44.17257308959961
1172466000,156.58074951171875,42.835968017578125
1172552400,143.41036987304688,40.44104766845703
1172638800,147.61761474609375,40.872013092041016
1172725200,146.08840942382812,40.96475601196289
1172811600,143.16893005371094,40.04280471801758
1173070800,139.02029418945312,39.0826530456543
1173157200,144.41281127929688,40.1246337890625
1173243600,143.11038208007812,40.31012725830078
1173330000,146.29327392578125,41.13934326171875
1173416400,147.5810546875,41.461212158203125
1173672000,148.239501953125,41.49393081665039
1173758400,145.62744140625,39.322689056396484
1173844800,146.44691467285156,40.266456604003906
1173931200,146.98837280273438,40.855655670166016
1174017600,145.60548400878906,40.593807220458984
1174276800,148.12242126464844,40.92656707763672
1174363200,149.26390075683594,41.52121353149414
1174449600,154.34910583496094,44.36894989013672
1174536000,153.71253967285156,44.25983810424805
1174622400,155.0369415283203,44.24346923828125
1174881600,154.9198455810547,43.845237731933594
1174968000,153.55894470214844,43.354251861572266
1175054400,151.28335571289062,42.73231506347656
1175140800,151.60528564453125,42.786895751953125
1175227200,151.1883087158203,42.96690368652344
1175486400,150.47113037109375,42.928714752197266
1175572800,153.47108459472656,43.74158477783203
1175659200,152.76864624023438,43.539730072021484
1175745600,152.13943481445312,43.807037353515625
1176091200,152.87843322753906,43.807037353515625
1176177600,152.9589080810547,43.79613494873047
1176264000,151.4077606201172,43.46221923828125
1176350400,151.49551391601562,43.828983306884766
1176436800,151.09310913085938,43.78518295288086
1176696000,156.96119689941406,44.923736572265625
1176782400,157.23927307128906,44.661006927490234
1176868800,158.5928955078125,44.786895751953125
1176955200,160.4513702392578,45.2083854675293
1177041600,161.2282257080078,45.383541107177734
1177300800,163.00167846679688,45.739341735839844
1177387200,161.755859375,45.711971282958984
1177473600,165.3321075439453,46.26482391357422
1177560000,164.7532501220703,46.188194274902344
1177646400,164.36485290527344,46.533042907714844
1177905600,160.20950317382812,45.985660552978516
1177992000,160.18753051757812,46.040409088134766
1178078400,160.8544464111328,46.177242279052734
1178164800,162.3714599609375,46.68080520629883
1178251200,166.60736083984375,47.386962890625
1178510400,166.51943969726562,47.06401062011719
1178596800,164.85585021972656,46.88338088989258
1178683200,166.0430450439453,47.102325439453125
1178769600,163.5000762939453,46.188194274902344
1178856000,166.72457885742188,46.60969543457031
1179115200,165.7572479248047,46.472843170166016
1179201600,164.4381103515625,45.695552825927734
1179288000,166.4387969970703,46.02399826049805
1179374400,166.6366729736328,46.07324981689453
1179460800,168.80587768554688,46.55495834350586
1179720000,167.992431640625,46.86146926879883
1179806400,169.0770721435547,46.87242126464844
1179892800,167.48681640625,46.938114166259766
1179979200,165.39077758789062,46.23197555541992
1180065600,165.2809295654297,46.12249755859375
1180411200,167.41348266601562,46.68632507324219
1180497600,170.02244567871094,46.97642135620117
1180584000,169.15771484375,46.54946517944336
1180670400,169.0770721435547,47.113277435302734
1180929600,168.3442840576172,46.992835998535156
1181016000,168.0877685546875,46.88338088989258
1181102400,166.61465454101562,47.05306625366211
1181188800,161.26487731933594,46.37977600097656
1181275200,164.9364471435547,47.67708969116211
1181534400,166.47544860839844,48.46531677246094
1181620800,166.98109436035156,47.4581413269043
1181707200,171.22438049316406,48.8101692199707
1181793600,165.442138671875,48.881324768066406
1181880000,165.76458740234375,48.43246841430664
1182139200,166.33616638183594,48.443416595458984
1182225600,168.16835021972656,48.06025314331055
1182312000,165.54464721679688,47.79751205444336
1182398400,166.2848663330078,47.781097412109375
1182484800,162.987060546875,46.30862045288086
1182744000,158.83912658691406,46.2757682800293
1182830400,156.95558166503906,46.040409088134766
1182916800,160.73721313476562,46.70272445678711
1183003200,160.46600341796875,46.46187973022461
1183089600,158.84642028808594,45.91450881958008
1183348800,160.627197265625,47.035499572753906
1183435200,164.56268310546875,48.28179168701172
1183608000,162.19554138183594,48.09714126586914
1183694400,163.8957977294922,48.19606399536133
1183953600,163.6466064453125,47.912513732910156
1184040000,159.0883026123047,46.46181869506836
1184126400,158.82447814941406,46.76627731323242
1184212800,161.4407501220703,47.9246940612793
1184299200,162.82577514648438,48.49399948120117
1184558400,161.52134704589844,47.85850524902344
1184644800,160.78848266601562,48.22260284423828
1184731200,157.55661010742188,46.89869689941406
1184817600,155.13818359375,46.25661087036133
1184904000,150.9242401123047,44.727500915527344
1185163200,150.26466369628906,44.8201904296875
1185249600,145.21530151367188,43.39040756225586
1185336000,148.886962890625,43.59560012817383
1185422400,142.99476623535156,42.69535446166992
1185508800,141.4382781982422,42.60929870605469
1185768000,143.7068634033203,42.76816177368164
1185854400,138.27403259277344,42.27833557128906
1185940800,138.75860595703125,42.61592102050781
1186027200,137.62791442871094,42.28495788574219
1186113600,131.91610717773438,40.127010345458984
1186372800,137.87020874023438,42.38423538208008
1186459200,140.4104461669922,42.582820892333984
1186545600,141.91549682617188,43.28449630737305
1186632000,133.80294799804688,40.914737701416016
1186718400,132.51809692382812,39.7364616394043
1186977600,130.31556701660156,39.47832107543945
1187064000,124.6257095336914,38.11471176147461
1187150400,121.06500244140625,37.485870361328125
1187236800,124.69918060302734,39.03481674194336
1187323200,128.48016357421875,41.192745208740234
1187582400,126.83561706542969,41.47736740112305
1187668800,128.83261108398438,41.62961959838867
1187755200,130.60194396972656,42.42396926879883
1187841600,130.31556701660156,42.56958770751953
1187928000,131.95281982421875,42.721832275390625
1188187200,130.6459503173828,42.1856575012207
1188273600,125.50679016113281,40.226314544677734
1188360000,127.54039001464844,40.517555236816406
1188446400,125.82246398925781,39.82251739501953
1188532800,129.2216796875,41.2853889465332
1188878400,132.73831176757812,42.318050384521484
1188964800,130.54319763183594,41.41119384765625
1189051200,131.5490264892578,41.3714599609375
1189137600,131.40219116210938,41.3714599609375
1189396800,134.8013458251953,41.75539779663086
1189483200,134.72064208984375,42.05988693237305
1189569600,134.0084228515625,42.00694274902344
1189656000,138.3694610595703,44.21121597290039
1189742400,139.9258270263672,43.76108169555664
1190001600,137.73806762695312,42.96677017211914
1190088000,147.2015380859375,45.3497428894043
1190174400,150.87240600585938,44.37007522583008
1190260800,149.42611694335938,42.781410217285156
1190347200,154.16151428222656,42.6556396484375
1190606400,154.49185180664062,41.23246383666992
1190692800,154.8369598388672,40.62346267700195
1190779200,157.5607147216797,41.68258285522461
1190865600,159.1539306640625,42.728458404541016
1190952000,159.12454223632812,41.702449798583984
1191211200,163.7057647705078,42.37099838256836
1191297600,167.40599060058594,43.75445556640625
1191384000,166.9140625,44.3502197265625
1191470400,165.88621520996094,44.42302703857422
1191556800,167.75839233398438,45.60791015625
1191816000,166.6277618408203,44.972434997558594
1191902400,175.61399841308594,45.73367691040039
1191988800,173.22067260742188,44.876407623291016
1192075200,168.13282775878906,44.56407165527344
1192161600,171.47329711914062,44.69032669067383
1192420800,168.37506103515625,43.926109313964844
1192507200,165.06398010253906,43.39449691772461
1192593600,167.11228942871094,43.73341751098633
1192680000,167.28114318847656,43.460941314697266
1192766400,159.82196044921875,41.16828536987305
1193025600,163.11834716796875,41.593589782714844
1193112000,164.2783660888672,42.27806854248047
1193198400,165.27688598632812,41.79294204711914
1193284800,166.66664123535156,41.20151138305664
1193371200,173.47560119628906,43.04893112182617
1193630400,179.27731323242188,44.03909683227539
1193716800,176.7183380126953,43.52075958251953
1193803200,182.2993927001953,44.6970100402832
1193889600,176.6301727294922,41.48061752319336
1193976000,168.8284912109375,39.141441345214844
1194238800,160.58563232421875,36.94180679321289
1194325200,164.093017578125,36.22410202026367
1194411600,157.48992919921875,34.01782989501953
1194498000,154.37216186523438,35.67253494262695
1194584400,155.3942413330078,36.01810836791992
1194843600,157.8795928955078,35.732357025146484
1194930000,171.35794067382812,37.12123107910156
1195016400,171.55645751953125,36.95510482788086
1195102800,166.9313507080078,35.40007781982422
1195189200,165.62982177734375,35.15419006347656
1195448400,162.16647338867188,33.97798156738281
1195534800,159.91641235351562,33.512786865234375
1195621200,154.048583984375,32.23686981201172
1195794000,159.18113708496094,33.15391540527344
1196053200,152.54129028320312,31.86471176147461
1196139600,156.8649139404297,33.0941162109375
1196226000,167.2990264892578,35.55290222167969
1196312400,164.9901580810547,34.78205108642578
1196398800,166.65191650390625,35.03456115722656
1196658000,166.83580017089844,34.74217987060547
1196744400,158.25465393066406,33.23365783691406
1196830800,160.48997497558594,33.300106048583984
1196917200,163.6150360107422,34.2769889831543
1197003600,160.2179412841797,34.35010528564453
1197262800,164.86509704589844,36.131072998046875
1197349200,155.26185607910156,33.193809509277344
1197435600,156.31336975097656,33.47291564941406
1197522000,153.29861450195312,33.35993576049805
1197608400,154.90890502929688,33.426387786865234
1197867600,153.4088897705078,32.9146842956543
1197954000,148.17344665527344,31.944456100463867
1198040400,150.1220245361328,33.28019332885742
1198126800,149.02638244628906,34.13744354248047
1198213200,154.1221160888672,36.131072998046875
1198472400,157.5928497314453,36.529788970947266
1198645200,159.33554077148438,36.549720764160156
1198731600,155.85009765625,35.43330383300781
1198818000,155.84278869628906,35.366851806640625
1199077200,158.1295623779297,35.29375076293945
1199250000,152.6514892578125,33.858341217041016
1199336400,150.62200927734375,33.8516731262207
1199422800,147.0116729736328,32.76185989379883
1199682000,143.1880340576172,32.103939056396484
1199768400,139.34237670898438,30.834684371948242
1199854800,140.996826171875,31.90416717529297
1199941200,144.79100036621094,32.35869216918945
1200027600,146.13661193847656,32.34531784057617
1200286800,148.2764129638672,32.686241149902344
1200373200,142.129150390625,31.503122329711914
1200459600,145.22482299804688,31.676902770996094
1200546000,140.43057250976562,30.246458053588867
1200632400,137.6583709716797,30.152877807617188
1200978000,140.21730041503906,32.43889617919922
1201064400,146.61459350585938,34.55781555175781
1201150800,146.47483825683594,34.243682861328125
1201237200,140.9650115966797,32.679542541503906
1201496400,144.5596923828125,33.147457122802734
1201582800,144.41236877441406,33.06055450439453
1201669200,146.2538604736328,32.505760192871094
1201755600,146.990478515625,32.98033142089844
1201842000,153.0527801513672,32.25175476074219
1202101200,147.91123962402344,32.10468673706055
1202187600,139.85275268554688,30.45367431640625
1202274000,137.87124633789062,30.045928955078125
1202360400,140.29470825195312,29.99913787841797
1202446800,137.79754638671875,28.8695011138916
1202706000,136.9136962890625,28.42833137512207
1202792400,133.0685577392578,28.548646926879883
1202878800,132.72230529785156,28.896238327026367
1202965200,130.0558319091797,28.48848533630371
1203051600,131.41859436035156,28.287961959838867
1203397200,128.02279663085938,27.733156204223633
1203483600,130.56407165527344,29.11012840270996
1203570000,129.03192138671875,28.856122970581055
1203656400,130.90289306640625,29.537927627563477
1203915600,130.6452178955078,30.266515731811523
1204002000,127.21257019042969,30.032573699951172
1204088400,133.17901611328125,30.667573928833008
1204174800,130.15895080566406,29.67829132080078
1204261200,124.95111846923828,28.154277801513672
1204520400,121.59954071044922,27.79332733154297
1204606800,120.50932312011719,27.639583587646484
1204693200,121.51853942871094,27.719797134399414
1204779600,116.86317443847656,26.51662254333496
1204866000,117.90913391113281,26.643619537353516
1205121600,114.60174560546875,25.600881576538086
1205208000,120.11897277832031,28.401596069335938
1205294400,120.07476043701172,27.41231918334961
1205380800,121.86467742919922,27.80668830871582
1205467200,115.54461669921875,26.436399459838867
1205726400,111.24276733398438,24.317476272583008
1205812800,129.34133911132812,28.648910522460938
1205899200,122.63815307617188,29.04327964782715
1205985600,132.31724548339844,33.2009162902832
1206331200,131.76475524902344,32.585960388183594
1206417600,132.31724548339844,33.053863525390625
1206504000,129.26023864746094,31.944271087646484
1206590400,123.85356140136719,30.54056167602539
1206676800,121.13546752929688,29.905567169189453
1206936000,121.82785034179688,30.54725456237793
1207022400,130.27684020996094,32.65280532836914
1207108800,130.28421020507812,32.81322479248047
1207195200,130.03375244140625,32.6728630065918
1207281600,129.20138549804688,31.817277908325195
1207540800,131.65426635742188,32.144775390625
1207627200,131.77952575683594,31.830636978149414
1207713600,128.273193359375,30.990333557128906
1207800000,125.62882232666016,29.874418258666992
1207886400,123.23485565185547,29.329904556274414
1208145600,120.50199127197266,28.88623046875
1208232000,120.95130920410156,29.255956649780273
1208318400,124.5239486694336,30.53322410583496
1208404800,126.77055358886719,31.205453872680664
1208491200,132.5382537841797,32.11297607421875
1208750400,132.8844451904297,31.729785919189453
1208836800,132.41294860839844,31.72308349609375
1208923200,132.11099243164062,31.850801467895508
1209009600,139.0645751953125,33.874271392822266
1209096000,141.6917724609375,34.049034118652344
1209355200,140.39288330078125,33.55156707763672
1209441600,142.19366455078125,32.912940979003906
1209528000,141.22679138183594,32.67094421386719
1209614400,146.89454650878906,33.83392333984375
1209700800,147.7948455810547,33.820491790771484
1209960000,145.47018432617188,32.75161361694336
1210046400,145.8318634033203,32.97344207763672
1210132800,140.0386505126953,31.73653793334961
1210219200,138.533203125,31.245790481567383
1210305600,138.80625915527344,30.896228790283203
1210564800,141.7507781982422,32.032310485839844
1210651200,140.4593505859375,31.333189010620117
1210737600,140.3117218017578,31.568466186523438
1210824000,139.1973876953125,32.07265090942383
1210910400,138.10513305664062,31.73653793334961
1211169600,136.08309936523438,31.057559967041016
1211256000,134.6293182373047,30.116422653198242
1211342400,131.8028564453125,28.83243751525879
1211428800,130.76971435546875,28.872770309448242
1211515200,127.40444946289062,28.119869232177734
1211860800,128.34910583496094,28.39548683166504
1211947200,129.0206756591797,28.75176429748535
1212033600,130.0612335205078,29.43073844909668
1212120000,130.1866912841797,29.733232498168945
1212379200,127.1830825805664,28.973613739013672
1212465600,125.88427734375,28.671110153198242
1212552000,127.0059814453125,29.14839744567871
1212638400,130.32688903808594,29.97525405883789
1212724800,125.04293823242188,27.43416976928711
1212984000,122.32720184326172,26.4796085357666
1213070400,123.39728546142578,26.372028350830078
1213156800,119.84759521484375,24.960329055786133
1213243200,123.05781555175781,25.80062484741211
1213329600,131.57406616210938,27.588794708251953
1213588800,134.3783416748047,28.42910385131836
1213675200,132.4227294921875,27.286293029785156
1213761600,134.88021850585938,27.35350799560547
1213848000,137.95013427734375,27.01738166809082
1213934400,135.61822509765625,26.00229835510254
1214193600,131.79550170898438,25.18216323852539
1214280000,134.2971649169922,25.834243774414062
1214366400,135.52963256835938,25.666179656982422
1214452800,130.07601928710938,24.758657455444336
1214539200,128.82142639160156,24.677997589111328
1214798400,129.07228088378906,24.24776268005371
1214884800,129.3896942138672,24.604040145874023
1214971200,131.943115234375,24.113306045532227
1215057600,132.01690673828125,24.140186309814453
1215403200,125.32344818115234,23.57550621032715
1215489600,129.07228088378906,24.530105590820312
1215576000,124.73302459716797,23.019826889038086
1215662400,125.57431030273438,22.69473648071289
1215748800,119.90670776367188,22.6473331451416
1216008000,117.09494018554688,21.50277328491211
1216094400,116.45291137695312,20.994834899902344
1216180800,127.56688690185547,23.737707138061523
1216267200,133.7510528564453,25.95232391357422
1216353600,134.93185424804688,26.121633529663086
1216612800,133.41171264648438,24.69264030456543
1216699200,138.7694091796875,26.189367294311523
1216785600,138.64395141601562,26.487356185913086
1216872000,133.02784729003906,25.22089195251465
1216958400,132.10365295410156,24.889041900634766
1217217600,127.84456634521484,23.67675018310547
1217304000,134.2997283935547,24.719724655151367
1217390400,137.65658569335938,26.141950607299805
1217476800,136.08164978027344,26.737934112548828
1217563200,134.5731964111328,27.84185028076172
1217822400,131.51210021972656,28.092458724975586
1217908800,133.663818359375,29.25731658935547
1217995200,132.76168823242188,29.243776321411133
1218081600,127.42315673828125,28.8915958404541
1218168000,130.09983825683594,30.503454208374023
1218427200,131.61558532714844,30.740488052368164
1218513600,123.70393371582031,28.783252716064453
1218600000,121.92926788330078,27.191694259643555
1218686400,123.1789321899414,27.52354621887207
1218772800,120.65753936767578,27.686094284057617
1219032000,118.33573150634766,26.812437057495117
1219118400,116.82735443115234,25.78978729248047
1219204800,117.01219940185547,25.32924461364746
1219291200,115.65907287597656,25.09898567199707
1219377600,118.1656494140625,26.338367462158203
1219636800,115.1341323852539,25.884605407714844
1219723200,115.28197479248047,26.12841033935547
1219809600,114.96402740478516,26.44672203063965
1219896000,119.6592788696289,27.49646759033203
1219982400,121.24166870117188,27.652225494384766
1220328000,122.23985290527344,27.97054100036621
1220414400,123.93314361572266,28.559728622436523
1220500800,118.97164916992188,27.320383071899414
1220587200,120.701904296875,28.01117515563965
1220846400,125.50070190429688,29.30472755432129
1220932800,119.54098510742188,27.361011505126953
1221019200,116.52416229248047,26.358678817749023
1221105600,116.11007690429688,26.21645736694336
1221192000,114.02493286132812,25.214113235473633
1221451200,100.1905288696289,21.800771713256836
1221537600,98.34941101074219,19.437158584594727
1221624000,84.662841796875,14.730246543884277
1221710400,79.85665130615234,15.272046089172363
1221796800,95.97586059570312,18.428049087524414
1222056000,89.30638122558594,18.346778869628906
1222142400,92.46367645263672,18.963075637817383
1222228800,98.34197235107422,16.789098739624023
1222315200,100.1905288696289,18.353557586669922
1222401600,102.03170776367188,16.76201057434082
1222660800,89.24722290039062,14.215533256530762
1222747200,94.64493560791016,15.57681655883789
1222833600,99.45108032226562,16.538503646850586
1222920000,97.2624740600586,15.719033241271973
1223006400,94.64493560791016,16.19988250732422
1223265600,91.68729400634766,15.915445327758789
1223352000,85.03256225585938,11.953510284423828
1223438400,83.55371856689453,11.377845764160156
1223524800,74.93958282470703,8.431796073913574
1223611200,65.65992736816406,6.555807590484619
1223870400,82.07487487792969,12.258275032043457
1223956800,90.87393951416016,14.858932495117188
1224043200,83.66464233398438,12.431577682495117
1224129600,83.110107421875,12.81556510925293
1224216000,84.51495361328125,13.192691802978516
1224475200,89.83879089355469,13.556114196777344
1224561600,89.72785949707031,13.850958824157715
1224648000,85.07691955566406,13.254409790039062
1224734400,80.53048706054688,12.397299766540527
1224820800,74.463623046875,11.327617645263672
1225080000,68.88626098632812,9.414538383483887
1225166400,69.39804077148438,10.422503471374512
1225252800,72.43146514892578,10.12079906463623
1225339200,67.57352447509766,11.032772064208984
1225425600,68.6044692993164,11.979022026062012
1225688400,66.0753402709961,12.342437744140625
1225774800,70.45863342285156,12.959558486938477
1225861200,64.84418487548828,11.697891235351562
1225947600,59.86756134033203,10.552786827087402
1226034000,57.68706512451172,10.957342147827148
1226293200,52.814292907714844,9.99737548828125
1226379600,55.38789367675781,9.654526710510254
1226466000,49.536109924316406,8.187150955200195
1226552400,51.90945816040039,9.057978630065918
1226638800,49.49162673950195,8.248862266540527
1226898000,46.34693908691406,7.693454265594482
1226984400,46.00576400756836,8.248862266540527
1227070800,40.925331115722656,7.0283331871032715
1227157200,38.566829681396484,6.308356285095215
1227243600,39.53840637207031,6.891196250915527
1227502800,50.00336837768555,9.174548149108887
1227589200,53.23704147338867,9.784811019897461
1227675600,56.73773193359375,9.942520141601562
1227848400,58.584476470947266,10.113941192626953
1228107600,48.77220153808594,7.782594680786133
1228194000,48.20853042602539,8.255719184875488
1228280400,51.13811111450195,9.49682331085205
1228366800,50.084957122802734,10.244223594665527
1228453200,52.45088195800781,10.77906322479248
1228712400,57.21982955932617,11.176764488220215
1228798800,53.971317291259766,10.264796257019043
1228885200,53.0516242980957,10.011091232299805
1228971600,51.701786041259766,9.421395301818848
1229058000,50.24068069458008,9.49682331085205
1229317200,49.2913818359375,9.352826118469238
1229403600,56.36690139770508,11.06019401550293
1229490000,58.42873001098633,11.313899040222168
1229576400,59.370662689208984,11.128764152526855
1229662800,59.8749885559082,10.593929290771484
1229922000,57.10856246948242,9.99737548828125
1230008400,55.7735481262207,9.901378631591797
1230094800,56.693233489990234,9.942520141601562
1230267600,56.344642639160156,10.04537296295166
1230526800,56.7822265625,10.21679401397705
1230613200,60.86143112182617,10.415647506713867
1230699600,62.589500427246094,10.99848461151123
1230872400,64.3472671508789,11.649893760681152
1231131600,65.84542083740234,12.081876754760742
1231218000,65.79351043701172,13.425827980041504
1231304400,62.67105484008789,12.411006927490234
1231390800,63.34601974487305,12.904702186584473
1231477200,62.24090576171875,13.069269180297852
1231736400,57.60546875,12.884134292602539
1231822800,57.7909049987793,12.932134628295898
1231909200,56.13694763183594,11.787030220031738
1231995600,54.75748062133789,11.149337768554688
1232082000,54.17897415161133,10.689923286437988
1232427600,43.9068489074707,8.982553482055664
1232514000,51.84273147583008,11.560749053955078
1232600400,52.680809020996094,12.054451942443848
1232686800,55.5584716796875,12.829277038574219
1232946000,55.031890869140625,13.082986831665039
1233032400,58.04306411743164,13.569826126098633
1233118800,65.0444107055664,15.989038467407227
1233205200,61.350929260253906,14.862846374511719
1233291600,59.8749885559082,14.063400268554688
1233550800,61.98134994506836,14.459651947021484
1233637200,61.41767120361328,14.556976318359375
1233723600,65.24468994140625,15.300817489624023
1233810000,68.8640365600586,16.12111473083496
1233896400,71.623046875,15.898665428161621
1234155600,72.60204315185547,16.413097381591797
1234242000,67.04694366455078,14.452699661254883
1234328400,70.2435302734375,15.926468849182129
1234414800,70.88880157470703,15.98208236694336
1234501200,71.53401947021484,15.940375328063965
1234846800,63.56850814819336,13.73666763305664
1234933200,62.67105484008789,14.028639793395996
1235019600,63.790992736816406,13.854846954345703
1235106000,63.08031463623047,13.507259368896484
1235365200,59.70967102050781,13.083199501037598
1235451600,69.3369140625,15.34252643585205
1235538000,67.05501556396484,15.127016067504883
1235624400,68.71795654296875,14.828088760375977
1235710800,67.92008972167969,13.58373737335205
1235970000,64.33316040039062,12.47840404510498
1236056400,61.42485046386719,12.638291358947754
1236142800,63.73657989501953,13.486407279968262
1236229200,60.94013214111328,12.499258995056152
1236315600,56.41358947753906,11.94311809539795
1236571200,55.145870208740234,11.456490516662598
1236657600,63.594886779785156,14.48746109008789
1236744000,68.89695739746094,15.64840030670166
1236830400,72.52112579345703,16.80933952331543
1236916800,73.677001953125,17.678312301635742
1237176000,70.02298736572266,16.016843795776367
1237262400,73.81867980957031,16.552127838134766
1237348800,78.48688507080078,16.81629753112793
1237435200,74.04983520507812,14.626487731933594
1237521600,72.5733413696289,14.070354461669922
1237780800,83.4682846069336,16.983135223388672
1237867200,82.47648620605469,17.462804794311523
1237953600,84.22889709472656,18.011993408203125
1238040000,83.51301574707031,17.831249237060547
1238126400,80.59727478027344,16.92752456665039
1238385600,74.9149169921875,15.384232521057129
1238472000,79.06109619140625,15.82915210723877
1238558400,82.24532318115234,16.496517181396484
1238644800,85.1760025024414,16.06550407409668
1238731200,89.03881072998047,16.725919723510742
1238990400,86.98808288574219,16.204540252685547
1239076800,86.56301879882812,16.21149253845215
1239163200,85.57121276855469,15.77353286743164
1239249600,92.71520233154297,17.622697830200195
1239595200,97.0552978515625,18.693273544311523
1239681600,85.83966827392578,16.454805374145508
1239768000,90.37362670898438,16.30186653137207
1239854400,90.37362670898438,16.663358688354492
1239940800,89.93368530273438,17.3793888092041
1240200000,85.76509094238281,16.35053253173828
1240286400,89.75468444824219,17.136072158813477
1240372800,89.85160064697266,15.599740982055664
1240459200,91.58169555664062,15.266056060791016
1240545600,90.45567321777344,15.266056060791016
1240804800,90.15737915039062,14.779428482055664
1240891200,89.98585510253906,14.700626373291016
1240977600,94.84049224853516,16.08840560913086
1241064000,95.8248291015625,16.485904693603516
1241150400,94.76591491699219,18.006181716918945
1241409600,100.04558563232422,18.843021392822266
1241496000,100.82113647460938,18.975521087646484
1241582400,103.8189468383789,19.882112503051758
1241668800,99.7249755859375,18.926713943481445
1241755200,104.09485626220703,19.66592025756836
1242014400,101.25365447998047,18.180519104003906
1242100800,100.9778060913086,18.424604415893555
1242187200,96.39159393310547,17.50406837463379
1242273600,99.6280288696289,18.529211044311523
1242360000,100.22457885742188,18.222366333007812
1242619200,106.7496566772461,19.721712112426758
1242705600,105.2581558227539,20.161054611206055
1242792000,101.74588775634766,19.52645492553711
1242878400,102.54580688476562,19.589214324951172
1242964800,101.94022369384766,19.68684959411621
1243310400,106.20176696777344,20.237764358520508
1243396800,104.67658996582031,19.951852798461914
1243483200,108.14559936523438,20.52368927001953
1243569600,108.0857925415039,21.14436149597168
1243828800,107.90636444091797,20.844480514526367
1243915200,107.00922393798828,20.983959197998047
1244001600,106.27651977539062,20.725936889648438
1244088000,111.74923706054688,21.75804901123047
1244174400,111.4052734375,21.5976505279541
1244433600,110.91183471679688,21.89055061340332
1244520000,111.62960052490234,21.604623794555664
1244606400,109.66333770751953,20.405149459838867
1244692800,108.5193862915039,20.565536499023438
1244779200,108.88577270507812,20.711992263793945
1245038400,106.91948699951172,19.80539894104004
1245124800,107.77925109863281,19.59619140625
1245211200,104.46723937988281,19.163814544677734
1245297600,106.97928619384766,19.5473690032959
1245384000,107.00922393798828,19.71473503112793
1245643200,102.43367004394531,18.571054458618164
1245729600,105.55876159667969,19.317237854003906
1245816000,106.65029907226562,19.282365798950195
1245902400,107.98113250732422,19.435789108276367
1245988800,109.70816802978516,19.958820343017578
1246248000,111.66699981689453,20.293554306030273
1246334400,110.23155212402344,19.882112503051758
1246420800,110.14180755615234,19.777511596679688
1246507200,107.27840423583984,18.82210350036621
1246852800,109.49884033203125,18.724472045898438
1246939200,106.56806182861328,18.236312866210938
1247025600,103.58502197265625,17.783021926879883
1247112000,107.06903839111328,18.04802131652832
1247198400,106.06718444824219,18.089859008789062
1247457600,111.72684478759766,19.463687896728516
1247544000,111.89130401611328,19.442764282226562
1247630400,116.07804107666016,20.0843448638916
1247716800,117.25930786132812,19.91697883605957
1247803200,117.25930786132812,19.51947593688965
1248062400,119.64427947998047,19.763553619384766
1248148800,119.47232818603516,19.219608306884766
1248235200,119.96578216552734,19.20566749572754
1248321600,123.69645690917969,19.903032302856445
1248408000,123.15064239501953,19.700790405273438
1248667200,122.51522827148438,19.561315536499023
1248753600,120.02554321289062,19.128944396972656
1248840000,119.20316314697266,18.975250244140625
1248926400,121.4311294555664,19.813631057739258
1249012800,122.08908081054688,19.91143798828125
1249272000,122.68712615966797,20.47733497619629
1249358400,123.48710632324219,21.0083065032959
1249444800,126.08141326904297,21.692981719970703
1249531200,124.66838073730469,21.343664169311523
1249617600,122.35070037841797,21.81175422668457
1249876800,119.89094543457031,21.539278030395508
1249963200,119.0386962890625,20.882549285888672
1250049600,122.43292236328125,20.9454288482666
1250136000,122.97126007080078,20.875558853149414
1250222400,121.66283416748047,20.812694549560547
1250481600,117.56586456298828,19.939380645751953
1250568000,119.98065948486328,20.107051849365234
1250654400,119.5694808959961,20.141984939575195
1250740800,121.36378479003906,20.51227378845215
1250827200,122.51014709472656,20.742822647094727
1251086400,121.81340026855469,20.714876174926758
1251172800,123.58162689208984,21.09214973449707
1251259200,124.33837127685547,20.631038665771484
1251345600,123.64157104492188,20.847614288330078
1251432000,123.19197845458984,20.617067337036133
1251691200,123.97124481201172,20.232812881469727
1251777600,120.00769805908203,19.177854537963867
1251864000,118.78643035888672,18.92633819580078
1251950400,121.12410736083984,19.317581176757812
1252036800,122.10558319091797,19.317581176757812
1252382400,125.28992462158203,19.422378540039062
1252468800,127.57510375976562,19.946365356445312
1252555200,131.02169799804688,20.00924301147461
1252641600,130.89430236816406,20.1350040435791
1252900800,133.14952087402344,20.086101531982422
1252987200,132.3628692626953,20.079105377197266
1253073600,134.76795959472656,21.064197540283203
1253160000,135.959228515625,21.692981719970703
1253246400,137.24794006347656,21.92354393005371
1253505600,136.65611267089844,22.084224700927734
1253592000,139.001220703125,23.041372299194336
1253678400,137.59259033203125,22.377656936645508
1253764800,137.15806579589844,21.469419479370117
1253851200,134.49073791503906,21.343664169311523
1254110400,136.7384490966797,21.832714080810547
1254196800,137.54759216308594,21.720935821533203
1254283200,138.1245880126953,21.5742130279541
1254369600,134.10865783691406,20.868574142456055
1254456000,134.57315063476562,20.582130432128906
1254715200,139.71304321289062,20.847614288330078
1254801600,140.09512329101562,21.511329650878906
1254888000,142.7174835205078,21.769834518432617
1254974400,140.9866943359375,22.314781188964844
1255060800,141.8334197998047,22.419578552246094
1255320000,142.47024536132812,22.189023971557617
1255406400,140.28244018554688,21.755855560302734
1255492800,144.0662078857422,22.936574935913086
1255579200,141.3314208984375,22.85273551940918
1255665600,138.1395721435547,23.048358917236328
1255924800,138.98622131347656,23.132198333740234
1256011200,138.5816650390625,22.71999168395996
1256097600,134.31085205078125,23.809885025024414
1256184000,137.6300506591797,24.969635009765625
1256270400,135.1350860595703,24.452638626098633
1256529600,134.393310546875,24.31290626525879
1256616000,133.8239288330078,23.830842971801758
1256702400,128.9912567138672,22.60641860961914
1256788800,133.80137634277344,23.557966232299805
1256875200,127.50020599365234,22.473480224609375
1257138000,127.88233184814453,22.375520706176758
1257224400,128.57911682128906,22.487478256225586
1257310800,126.9981460571289,22.025691986083984
1257397200,129.9202880859375,22.683378219604492
1257483600,128.70654296875,22.8093204498291
1257742800,132.29541015625,23.753873825073242
1257829200,132.2504425048828,23.578960418701172
1257915600,134.75291442871094,23.613941192626953
1258002000,133.72647094726562,23.0961856842041
1258088400,132.437744140625,23.152162551879883
1258347600,132.80490112304688,23.949787139892578
1258434000,132.31788635253906,23.41803550720215
1258520400,132.54261779785156,23.320079803466797
1258606800,129.49325561523438,22.60641860961914
1258693200,127.38028717041016,22.45948600769043
1258952400,128.87132263183594,22.823322296142578
1259038800,128.21945190429688,22.473480224609375
1259125200,126.56364440917969,21.983699798583984
1259298000,122.99723815917969,21.34700584411621
1259557200,127.3896713256836,22.09566307067871
1259643600,125.86547088623047,22.05367660522461
1259730000,125.13715362548828,21.40996742248535
1259816400,123.36508178710938,21.130111694335938
1259902800,125.57260131835938,21.66885757446289
1260162000,123.0272216796875,21.25605010986328
1260248400,121.51803588867188,21.095117568969727
1260334800,124.97193145751953,21.235061645507812
1260421200,125.18971252441406,21.15109634399414
1260507600,124.64153289794922,20.83625030517578
1260766800,124.71664428710938,21.109115600585938
1260853200,122.19379425048828,20.885221481323242
1260939600,123.8831787109375,21.228063583374023
1261026000,120.8347396850586,20.374462127685547
1261112400,122.53164672851562,20.43743324279785
1261371600,124.22860717773438,20.752286911010742
1261458000,123.59034729003906,20.710298538208008
1261544400,122.86211395263672,20.577369689941406
1261630800,123.11731719970703,20.710298538208008
1261976400,122.95964050292969,20.4934024810791
1262062800,123.22994232177734,20.59136390686035
1262149200,125.16712188720703,20.633337020874023
1262235600,126.77397155761719,20.710298538208008
1262581200,129.9575958251953,21.62687873840332
1262667600,132.25518798828125,22.41750717163086
1262754000,130.8436279296875,22.704370498657227
1262840400,133.4039764404297,23.033214569091797
1262926800,130.881103515625,22.564435958862305
1263186000,128.81629943847656,22.41750717163086
1263272400,126.00808715820312,21.780794143676758
1263358800,126.94666290283203,21.871761322021484
1263445200,126.54116821289062,21.82977867126465
1263531600,124.0483627319336,21.25605010986328
1263877200,125.28726196289062,21.801795959472656
1263963600,125.985595703125,21.43096160888672
1264050000,120.78968048095703,20.52839469909668
1264136400,115.7214126586914,19.450895309448242
1264395600,116.36714935302734,19.408910751342773
1264482000,113.28865814208984,19.122045516967773
1264568400,113.75419616699219,19.59168815612793
1264654800,115.09817504882812,19.26924705505371
1264741200,111.66682434082031,18.77157211303711
1265000400,114.97811126708984,19.31831932067871
1265086800,117.83883666992188,19.668798446655273
1265173200,118.05657196044922,19.549633026123047
1265259600,113.13849639892578,18.666431427001953
1265346000,115.75144958496094,19.1080265045166
1265605200,113.45384216308594,18.64539337158203
1265691600,114.49754333496094,19.01690101623535
1265778000,115.35350036621094,19.28326988220215
1265864400,115.66890716552734,19.00989532470703
1265950800,115.5787353515625,19.037935256958008
1266296400,118.1842041015625,19.500558853149414
1266382800,118.07908630371094,19.199153900146484
1266469200,116.93031311035156,19.1080265045166
1266555600,117.26822662353516,19.213176727294922
1266814800,117.66616821289062,19.4234619140625
1266901200,117.65861511230469,19.030921936035156
1266987600,118.88249969482422,19.507570266723633
1267074000,117.46339416503906,19.44448471069336
1267160400,117.6590576171875,19.752904891967773
1267419600,117.80201721191406,19.759916305541992
1267506000,119.46516418457031,20.117401123046875
1267592400,118.69004821777344,19.851036071777344
1267678800,123.12244415283203,20.467885971069336
1267765200,125.80902099609375,20.61508560180664
1268024400,127.81078338623047,20.73423957824707
1268110800,127.06575775146484,20.36274528503418
1268197200,129.39109802246094,21.00761604309082
1268283600,130.5725555419922,21.042665481567383
1268370000,131.66378784179688,20.965557098388672
1268625600,130.587646484375,20.776302337646484
1268712000,132.58935546875,21.24593734741211
1268798400,132.9280242919922,21.224912643432617
1268884800,133.53759765625,21.084714889526367
1268971200,133.8762664794922,20.769290924072266
1269230400,132.5667266845703,20.748258590698242
1269316800,131.56593322753906,20.699195861816406
1269403200,131.24990844726562,20.58704376220703
1269489600,131.6186065673828,20.264604568481445
1269576000,130.0910186767578,20.222543716430664
1269835200,130.97898864746094,20.629104614257812
1269921600,128.96969604492188,20.474891662597656
1270008000,128.40530395507812,20.530963897705078
1270094400,128.09678649902344,20.467885971069336
1270440000,130.30921936035156,20.530963897705078
1270526400,130.11354064941406,20.580034255981445
1270612800,132.71731567382812,21.042665481567383
1270699200,135.0802764892578,21.645483016967773
1270785600,134.79432678222656,21.715578079223633
1271044800,133.8311309814453,21.68052864074707
1271131200,134.89218139648438,21.36510467529297
1271217600,139.1590118408203,21.827735900878906
1271304000,138.66986083984375,21.645483016967773
1271390400,120.93264770507812,20.439838409423828
1271649600,122.90422821044922,20.72022247314453
1271736000,120.39079284667969,21.344072341918945
1271822400,119.60061645507812,22.206249237060547
1271908800,119.69091796875,22.36046028137207
1271995200,118.44920349121094,22.38849639892578
1272254400,114.4080810546875,21.687543869018555
1272340800,115.16816711425781,20.97957992553711
1272427200,118.15573120117188,21.295534133911133
1272513600,120.5864486694336,21.983617782592773
1272600000,109.26824951171875,21.218299865722656
1272859200,112.50420379638672,21.365747451782227
1272945600,112.46653747558594,20.705738067626953
1273032000,111.51834869384766,20.565319061279297
1273118400,107.1009750366211,19.406803131103516
1273204800,107.60520935058594,19.48404884338379
1273464000,108.2373275756836,20.263404846191406
1273550400,106.83760833740234,19.92638397216797
1273636800,110.77335357666016,19.519155502319336
1273723200,108.85436248779297,19.39276695251465
1273809600,107.78577423095703,19.013612747192383
1274068800,107.34178924560547,19.034679412841797
1274155200,103.36841583251953,18.767879486083984
1274241600,105.43037414550781,18.985532760620117
1274328000,102.42021179199219,18.002559661865234
1274414400,105.82164001464844,19.034679412841797
1274673600,102.86421966552734,18.079790115356445
1274760000,107.28158569335938,18.33255386352539
1274846400,105.58087158203125,18.627445220947266
1274932800,109.3529281616211,19.420852661132812
1275019200,108.83238220214844,19.034679412841797
1275364800,107.02178192138672,18.346607208251953
1275451200,109.2624282836914,19.083831787109375
1275537600,108.6664047241211,18.852134704589844
1275624000,107.3160400390625,18.248302459716797
1275883200,104.62272644042969,17.756811141967773
1275969600,103.94375610351562,17.967445373535156
1276056000,103.2044448852539,17.64447021484375
1276142400,100.91854858398438,17.967445373535156
1276228800,102.32929992675781,18.255321502685547
1276488000,100.66957092285156,17.784889221191406
1276574400,103.27989959716797,18.22021484375
1276660800,103.40057373046875,18.09383773803711
1276747200,103.59672546386719,17.77787208557129
1276833600,104.24551391601562,18.044687271118164
1277092800,103.9135971069336,17.981494903564453
1277179200,101.68805694580078,17.67957878112793
1277265600,101.8992919921875,17.574256896972656
1277352000,101.83135223388672,17.033618927001953
1277438400,105.36206817626953,17.56021499633789
1277697600,103.09882354736328,17.216171264648438
1277784000,100.91099548339844,16.46489143371582
1277870400,99.03250122070312,16.2963809967041
1277956800,98.9344482421875,16.21213150024414
1278043200,98.88917541503906,16.029577255249023
1278388800,99.77938842773438,16.12786865234375
1278475200,102.4726333618164,16.815961837768555
1278561600,102.19351196289062,16.99148941040039
1278648000,104.15499114990234,17.342554092407227
1278907200,103.54396057128906,17.244253158569336
1278993600,105.8071517944336,18.016599655151367
1279080000,104.909423828125,17.93234634399414
1279166400,109.55665588378906,17.967445373535156
1279252800,110.27334594726562,17.370641708374023
1279512000,109.90367126464844,17.398725509643555
1279598400,112.34046936035156,17.70765495300293
1279684800,110.89198303222656,18.81702995300293
1279771200,110.56005859375,18.81000328063965
1279857600,111.18621826171875,18.880224227905273
1280116800,111.80486297607422,18.95745277404785
1280203200,111.07305145263672,18.95745277404785
1280289600,111.05040740966797,18.999652862548828
1280376000,115.1091537475586,18.985586166381836
1280462400,113.78136444091797,18.985586166381836
1280721600,115.22988891601562,19.470951080322266
1280808000,115.56932830810547,19.337305068969727
1280894400,117.99861145019531,19.6046085357666
1280980800,117.62886810302734,19.58350944519043
1281067200,117.0706558227539,19.449848175048828
1281326400,117.23667907714844,19.309162139892578
1281412800,116.10499572753906,19.224754333496094
1281499200,112.59687805175781,18.591665267944336
1281585600,112.7252197265625,18.373605728149414
1281672000,111.71424865722656,18.218841552734375
1281931200,111.47286224365234,18.078166961669922
1282017600,112.09901428222656,18.429880142211914
1282104000,112.55923461914062,18.472082138061523
1282190400,110.93722534179688,18.282163619995117
1282276800,111.83499145507812,18.2329158782959
1282536000,110.7033920288086,18.092226028442383
1282622400,108.59851837158203,17.677207946777344
1282708800,109.14923858642578,17.656103134155273
1282795200,106.98409271240234,17.32549476623535
1282881600,105.42999267578125,17.606861114501953
1283140800,103.35768127441406,17.184812545776367
1283227200,103.56188201904297,17.36769676208496
1283313600,105.68711853027344,17.87416648864746
1283400000,105.71737670898438,18.064088821411133
1283486400,111.3972396850586,18.753459930419922
1283832000,109.82415008544922,18.057052612304688
1283918400,111.5863265991211,18.268085479736328
1284004800,112.79644775390625,18.999652862548828
1284091200,113.74185180664062,19.12627410888672
1284350400,116.75198364257812,19.534263610839844
1284436800,115.36038208007812,19.358396530151367
1284523200,115.38301086425781,19.16145133972168
1284609600,115.13343811035156,18.837865829467773
1284696000,114.18804168701172,18.61979866027832
1284955200,114.8838882446289,18.880069732666016
1285041600,114.5057144165039,18.33139991760254
1285128000,111.98719024658203,17.550588607788086
1285214400,109.59724426269531,17.40286636352539
1285300800,111.38972473144531,17.691272735595703
1285560000,110.42163848876953,17.494314193725586
1285646400,109.67289733886719,17.23404884338379
1285732800,109.22663879394531,17.219972610473633
1285819200,109.34764099121094,17.360660552978516
1285905600,111.70732116699219,17.599828720092773
1286164800,110.85274505615234,17.381759643554688
1286251200,113.12167358398438,17.916372299194336
1286337600,114.08221435546875,17.853055953979492
1286424000,114.28640747070312,17.634998321533203
1286510400,115.45867919921875,17.810855865478516
1286769600,115.11075592041016,17.691272735595703
1286856000,117.38728332519531,18.239952087402344
1286942400,117.02424621582031,18.24698257446289
1287028800,114.64940643310547,17.89527130126953
1287115200,113.96875,17.599828720092773
1287374400,116.24527740478516,17.867128372192383
1287460800,118.5292739868164,17.860105514526367
1287547200,120.7074966430664,17.853055953979492
1287633600,120.48060607910156,17.304386138916016
1287720000,119.31584167480469,17.248109817504883
1287979200,119.03605651855469,17.14963722229004
1288065600,119.71669006347656,17.015979766845703
1288152000,121.12342834472656,17.19925308227539
1288238400,123.4604721069336,17.52349853515625
1288324800,121.86463928222656,17.530550003051758
1288584000,122.19737243652344,17.396631240844727
1288670400,123.14279174804688,17.347274780273438
1288756800,122.99913024902344,17.90414047241211
1288843200,125.84281921386719,18.5878849029541
1288929600,129.38241577148438,19.229328155517578
1289192400,127.96807861328125,19.17998504638672
1289278800,125.96381378173828,18.552635192871094
1289365200,126.4705581665039,18.71476173400879
1289451600,126.84114837646484,18.54558753967285
1289538000,125.41929626464844,18.023971557617188
1289797200,126.4705581665039,18.32707405090332
1289883600,124.86722564697266,18.066259384155273
1289970000,124.7083740234375,17.685626983642578
1290056400,126.56885528564453,18.023971557617188
1290142800,126.05459594726562,18.059213638305664
1290402000,121.80411529541016,17.664470672607422
1290488400,119.33094787597656,17.382526397705078
1290574800,121.20661163330078,17.72791862487793
1290747600,119.66375732421875,17.41071891784668
1291006800,120.46544647216797,17.565792083740234
1291093200,118.35070037841797,17.241544723510742
1291179600,120.10163116455078,17.565792083740234
1291266000,123.17140197753906,18.052169799804688
1291352400,123.02745056152344,18.07331657409668
1291611600,123.2851791381836,18.002824783325195
1291698000,122.4817123413086,18.087417602539062
1291784400,125.93048858642578,18.65836524963379
1291870800,126.16549682617188,18.82754898071289
1291957200,127.69659423828125,18.996719360351562
1292216400,128.46214294433594,18.989667892456055
1292302800,126.83251953125,18.771156311035156
1292389200,125.22560119628906,18.46805191040039
1292475600,124.65706634521484,18.33411979675293
1292562000,124.33868408203125,18.496244430541992
1292821200,125.8622055053711,18.51034927368164
1292907600,127.51468658447266,18.933277130126953
1292994000,128.5531005859375,19.31390953063965
1293080400,127.037109375,19.32096290588379
1293426000,128.7274169921875,19.391447067260742
1293512400,128.24237060546875,19.497177124023438
1293598800,127.05988311767578,19.229328155517578
1293685200,127.06742858886719,19.264570236206055
1293771600,127.46157836914062,19.17998504638672
1294030800,131.16810607910156,19.89896583557129
1294117200,131.1908721923828,20.068138122558594
1294203600,131.88824462890625,20.3218994140625
1294290000,130.5314178466797,20.300750732421875
1294376400,129.37933349609375,19.877819061279297
1294635600,128.67433166503906,19.77208709716797
1294722000,128.37118530273438,19.708648681640625
1294808400,130.12213134765625,20.237314224243164
1294894800,130.0462646484375,19.948312759399414
1294981200,132.64614868164062,20.427637100219727
1295326800,132.4036407470703,20.2655086517334
1295413200,126.19580078125,19.560625076293945
1295499600,125.58943176269531,20.455841064453125
1295586000,125.97596740722656,21.153667449951172
1295845200,126.05177307128906,20.97040367126465
1295931600,122.77727508544922,20.681396484375
1296018000,122.26945495605469,20.44878578186035
1296104400,124.33114624023438,21.077219009399414
1296190800,122.61808013916016,20.505273818969727
1296450000,124.0204086303711,20.759471893310547
1296536400,125.31658935546875,21.126646041870117
1296622800,125.10430908203125,20.943052291870117
1296709200,124.79353332519531,21.04897117614746
1296795600,124.93756103515625,21.077219009399414
1297054800,126.68087005615234,21.479692459106445
1297141200,127.75719451904297,21.635038375854492
1297227600,125.8318862915039,21.2396183013916
1297314000,125.3241195678711,20.99247932434082
1297400400,126.32466125488281,21.296112060546875
1297659600,126.97650909423828,21.169010162353516
1297746000,127.2720947265625,21.409093856811523
1297832400,127.95431518554688,21.684463500976562
1297918800,126.7036361694336,21.67034149169922
1298005200,127.37061309814453,21.88217544555664
1298350800,123.50494384765625,20.84419822692871
1298437200,123.61865234375,20.935989379882812
1298523600,123.88390350341797,20.823017120361328
1298610000,125.1573486328125,21.09133529663086
1298869200,124.40534973144531,20.957176208496094
1298955600,122.5291748046875,20.349925994873047
1299042000,122.81781005859375,20.455848693847656
1299128400,124.94461822509766,20.6959228515625
1299214800,122.2936782836914,20.081602096557617
1299474000,120.88847351074219,19.996875762939453
1299560400,122.52153015136719,20.335805892944336
1299646800,123.31915283203125,20.27931785583496
1299733200,121.73920440673828,19.82035255432129
1299819600,122.05059814453125,20.010995864868164
1300075200,120.34156799316406,19.707372665405273
1300161600,119.44522857666016,19.523775100708008
1300248000,117.26525115966797,19.142486572265625
1300334400,118.30587768554688,19.3825740814209
1300420800,121.50373077392578,19.368436813354492
1300680000,121.6936264038086,19.62264633178711
1300766400,122.13412475585938,19.601455688476562
1300852800,121.1771240234375,19.467294692993164
1300939200,121.46577453613281,19.495542526245117
1301025600,119.99217224121094,19.1566104888916
1301284800,118.85274505615234,19.19191551208496
1301371200,120.37190246582031,19.227222442626953
1301457600,120.82770538330078,19.227222442626953
1301544000,120.470703125,19.290773391723633
1301630400,121.70879364013672,19.2484073638916
1301889600,120.69859313964844,19.135433197021484
1301976000,120.70616912841797,19.19191551208496
1302062400,122.9697036743164,19.601455688476562
1302148800,123.35710906982422,19.50260353088379
1302235200,122.26333618164062,19.241342544555664
1302494400,122.65071105957031,19.00126838684082
1302580800,121.8531494140625,18.9306583404541
1302667200,121.66323852539062,18.916542053222656
1302753600,118.33624267578125,18.916542053222656
1302840000,117.83495330810547,19.050695419311523
1303099200,116.80947875976562,18.747068405151367
1303185600,115.35102081298828,18.4293270111084
1303272000,115.98912048339844,18.3869571685791
1303358400,116.6043930053711,18.697641372680664
1303704000,115.60169219970703,18.203371047973633
1303790400,116.42208099365234,18.2528018951416
1303876800,116.11065673828125,18.04055404663086
1303963200,114.39400482177734,18.266950607299805
1304049600,114.70538330078125,18.50041389465332
1304308800,114.92569732666016,18.4155216217041
1304395200,115.35862731933594,18.196203231811523
1304481600,115.0928726196289,17.969806671142578
1304568000,114.24967956542969,17.785865783691406
1304654400,114.01417541503906,17.85661506652832
1304913600,113.26974487304688,17.743410110473633
1305000000,114.24210357666016,18.01226234436035
1305086400,112.32791900634766,17.410900115966797
1305172800,108.43120574951172,17.34015655517578
1305259200,107.45136260986328,17.071319580078125
1305518400,106.798095703125,16.894447326660156
1305604800,106.95756530761719,17.12084197998047
1305691200,106.98033905029297,17.241111755371094
1305777600,105.84101104736328,17.19159507751465
1305864000,102.53682708740234,16.85907745361328
1306123200,103.18245697021484,16.76002311706543
1306209600,103.56228637695312,16.646839141845703
1306296000,103.48628997802734,16.668060302734375
1306382400,103.50152587890625,16.66098403930664
1306468800,105.59574890136719,17.02886962890625
1306814400,107.17213439941406,17.092540740966797
1306900800,103.69947814941406,16.363840103149414
1306987200,102.33631896972656,16.27894401550293
1307073600,103.05980682373047,16.356775283813477
1307332800,101.97076416015625,15.932284355163574
1307419200,101.27778625488281,15.748348236083984
1307505600,100.21160125732422,15.51487922668457
1307592000,101.68899536132812,15.92520523071289
1307678400,103.50906372070312,16.052555084228516
1307937600,104.73516082763672,16.52655792236328
1308024000,104.40770721435547,16.130382537841797
1308110400,102.6942367553711,15.621002197265625
1308196800,103.63856506347656,15.663447380065918
1308283200,104.50670623779297,16.151599884033203
1308542400,102.91511535644531,15.840316772460938
1308628800,103.53956604003906,16.102083206176758
1308715200,102.44291687011719,15.988883018493652
1308801600,100.79798126220703,15.81201457977295
1308888000,99.69377136230469,15.712974548339844
1309147200,99.54145050048828,15.946438789367676
1309233600,98.43720245361328,15.797869682312012
1309320000,100.92744445800781,16.54778480529785
1309406400,101.3539047241211,16.27894401550293
1309492800,104.06502532958984,16.809547424316406
1309838400,102.4277114868164,16.377994537353516
1309924800,101.96315002441406,16.080854415893555
1310011200,102.81607818603516,16.271869659423828
1310097600,102.10784149169922,15.776646614074707
1310356800,100.5390625,15.267269134521484
1310443200,99.23683166503906,15.012572288513184
1310529600,98.93984985351562,15.069172859191895
1310616000,98.9169692993164,14.934749603271484
1310702400,99.12261199951172,14.920599937438965
1310961600,98.49051666259766,14.637613296508789
1311048000,97.8508529663086,14.842779159545898
1311134400,101.09500122070312,15.366310119628906
1311220800,103.25017547607422,17.12084197998047
1311307200,103.1816635131836,16.90859603881836
1311566400,104.21736145019531,16.484115600585938
1311652800,104.78849792480469,16.639759063720703
1311739200,102.59526062011719,15.980409622192383
1311825600,103.44817352294922,15.85279655456543
1311912000,102.78565216064453,15.774808883666992
1312171200,102.16114807128906,15.803168296813965
1312257600,99.93742370605469,15.108363151550293
1312344000,100.58477783203125,14.902762413024902
1312430400,96.12970733642578,13.966904640197754
1312516800,95.33010864257812,14.193782806396484
1312776000,89.60328674316406,12.137737274169922
1312862400,93.46434783935547,12.910523414611816
1312948800,84.02877807617188,11.662717819213867
1313035200,89.9383773803711,12.910523414611816
1313121600,88.69705963134766,11.974674224853516
1313380800,90.72273254394531,12.70492172241211
1313467200,89.00170135498047,12.102288246154785
1313553600,89.29105377197266,12.059752464294434
1313640000,86.16112518310547,11.485477447509766
1313726400,85.11019134521484,11.343682289123535
1313985600,81.11207580566406,11.109718322753906
1314072000,81.37861633300781,11.173526763916016
1314158400,84.00594329833984,11.577643394470215
1314244800,83.64804077148438,11.8895902633667
1314331200,85.10254669189453,11.77616024017334
1314590400,88.3924560546875,12.279534339904785
1314676800,87.9799575805664,12.08102035522461
1314763200,88.77436828613281,12.407149314880371
1314849600,85.67315673828125,12.003030776977539
1314936000,81.77750396728516,11.315321922302246
1315281600,79.86793518066406,10.868659973144531
1315368000,82.75525665283203,11.577643394470215
1315454400,80.04359436035156,11.230240821838379
1315540800,78.1034164428711,10.833212852478027
1315800000,78.61518859863281,10.670147895812988
1315886400,79.5088882446289,11.017547607421875
1315972800,79.85262298583984,10.975008010864258
1316059200,82.47262573242188,11.761974334716797
1316145600,82.1059799194336,11.662717819213867
1316404800,80.05886840820312,10.741045951843262
1316491200,78.37840270996094,10.71977710723877
1316577600,74.75013732910156,9.79809856414795
1316664000,71.7863998413086,9.25927734375
1316750400,72.70299530029297,9.727206230163574
1317009600,75.72784423828125,10.358195304870605
1317096000,76.04102325439453,10.613428115844727
1317182400,73.57379913330078,10.039155006408691
1317268800,76.28544616699219,10.698509216308594
1317355200,72.2218017578125,9.578317642211914
1317614400,68.80736541748047,8.840977668762207
1317700800,72.24471282958984,9.932811737060547
1317787200,72.02320861816406,10.266029357910156
1317873600,74.8035888671875,10.762317657470703
1317960000,70.80101013183594,10.095871925354004
1318219200,73.4363021850586,10.840301513671875
1318305600,73.86408233642578,10.911201477050781
1318392000,75.70491790771484,11.230240821838379
1318478400,73.44393920898438,10.733960151672363
1318564800,73.8869857788086,10.79067611694336
1318824000,74.0168228149414,10.811944007873535
1318910400,78.1034164428711,11.790335655212402
1318996800,76.98821258544922,11.797429084777832
1319083200,77.04165649414062,11.77616024017334
1319169600,77.98118591308594,12.066838264465332
1319428800,79.42486572265625,12.159005165100098
1319515200,76.7208480834961,11.712350845336914
1319601600,81.21993255615234,11.797429084777832
1319688000,88.9118881225586,13.802773475646973
1319774400,88.49939727783203,13.731664657592773
1320033600,83.67950439453125,12.544103622436523
1320120000,79.08876037597656,11.541424751281738
1320206400,81.0671615600586,11.918315887451172
1320292800,82.25111389160156,12.05342960357666
1320379200,80.23456573486328,11.889869689941406
1320642000,80.63935089111328,12.032095909118652
1320728400,82.93856811523438,12.316543579101562
1320814800,76.13265991210938,11.207201957702637
1320901200,76.00281524658203,11.278308868408203
1320987600,77.6527328491211,11.633868217468262
1321246800,75.84242248535156,11.320978164672852
1321333200,76.19380950927734,11.328088760375977
1321419600,73.0238265991211,10.424971580505371
1321506000,70.54132080078125,10.048081398010254
1321592400,70.20525360107422,10.104968070983887
1321851600,69.73930358886719,9.671187400817871
1321938000,68.2879638671875,9.614296913146973
1322024400,67.13455963134766,9.265851020812988
1322197200,67.79145812988281,9.429403305053711
1322456400,69.34208679199219,9.813410758972168
1322542800,68.099853515625,9.464962005615234
1322629200,73.50580596923828,10.517416000366211
1322715600,72.4093017578125,10.318305969238281
1322802000,74.57168579101562,11.036530494689941
1323061200,76.54239654541016,11.783205032348633
1323147600,77.56987762451172,11.790313720703125
1323234000,80.6141128540039,12.330761909484863
1323320400,76.6190414428711,11.292532920837402
1323406800,77.79222869873047,11.648092269897461
1323666000,75.1697998046875,10.93697452545166
1323752400,72.87705993652344,10.787643432617188
1323838800,71.50448608398438,10.709415435791016
1323925200,70.46929168701172,10.67386531829834
1324011600,69.08903503417969,10.65252685546875
1324270800,67.24871826171875,10.069411277770996
1324357200,69.7638168334961,10.524528503417969
1324443600,70.54595947265625,10.602750778198242
1324530000,72.40164947509766,11.292532920837402
1324616400,71.91853332519531,11.207201957702637
1324962000,70.46929168701172,10.872974395751953
1325048400,69.10438537597656,10.5956392288208
1325134800,69.78682708740234,10.837419509887695
1325221200,69.3420639038086,10.759198188781738
1325566800,73.12242126464844,11.434754371643066
1325653200,72.64702606201172,11.335201263427734
1325739600,72.52432250976562,11.576984405517578
1325826000,71.63483428955078,11.306755065917969
1326085200,72.60868835449219,11.52009391784668
1326171600,75.39984893798828,12.010765075683594
1326258000,76.49637603759766,12.16009521484375
1326344400,77.60824584960938,12.209872245788574
1326430800,75.88291931152344,11.825873374938965
1326776400,74.90141296386719,11.555645942687988
1326862800,79.98533630371094,12.33788013458252
1326949200,82.5694580078125,12.999215126037598
1327035600,83.38227844238281,13.077437400817871
1327294800,82.96052551269531,12.949434280395508
1327381200,83.48194885253906,12.899656295776367
1327467600,83.02183532714844,12.892545700073242
1327554000,83.24423217773438,12.942323684692383
1327640400,85.70568084716797,13.234683990478516
1327899600,84.14140319824219,12.97797679901123
1327986000,85.47563934326172,13.29886245727539
1328072400,86.99390411376953,13.826536178588867
1328158800,86.94792175292969,13.919242858886719
1328245200,90.12247467041016,14.48257064819336
1328504400,90.01513671875,14.625185012817383
1328590800,88.93392944335938,14.446907043457031
1328677200,89.06427001953125,14.575268745422363
1328763600,88.85726165771484,14.503961563110352
1328850000,87.50768280029297,14.019070625305176
1329109200,87.8220443725586,13.93349838256836
1329195600,86.5491714477539,13.584092140197754
1329282000,86.77920532226562,13.519917488098145
1329368400,87.98308563232422,13.683920860290527
1329454800,88.8802719116211,13.662532806396484
1329800400,89.4323501586914,13.733832359313965
1329886800,87.69170379638672,13.35590648651123
1329973200,88.7958984375,13.527047157287598
1330059600,88.84959411621094,13.184770584106445
1330318800,89.12564086914062,13.370169639587402
1330405200,90.0716552734375,13.341646194458008
1330491600,88.55646514892578,13.220423698425293
1330578000,93.16352081298828,13.683920860290527
1330664400,92.2636489868164,13.455741882324219
1330923600,91.24072265625,13.042152404785156
1331010000,87.4258804321289,12.350471496582031
1331096400,89.52558898925781,12.749795913696289
1331182800,90.1177978515625,12.963713645935059
1331269200,90.21009063720703,13.099198341369629
1331524800,89.97935485839844,12.97797679901123
1331611200,95.78617095947266,13.49852180480957
1331697600,92.57894897460938,13.263206481933594
1331784000,94.64788055419922,13.91211223602295
1331870400,94.54791259765625,13.926368713378906
1332129600,95.60163116455078,14.304301261901855
1332216000,96.92448425292969,14.553877830505371
1332302400,96.9014663696289,14.304301261901855
1332388800,95.9400405883789,13.969154357910156
1332475200,97.04755401611328,14.496825218200684
1332734400,98.5011978149414,15.09581470489502
1332820800,97.16293334960938,14.774921417236328
1332907200,97.18601989746094,14.43265438079834
1332993600,95.18629455566406,14.07611083984375
1333080000,95.65547180175781,14.004806518554688
1333339200,96.0630874633789,14.126031875610352
1333425600,94.37871551513672,13.812276840209961
1333512000,92.2636489868164,13.327388763427734
1333598400,90.75617218017578,13.11346435546875
1333944000,90.0024185180664,12.821098327636719
1334030400,88.11036682128906,12.343337059020996
1334116800,89.16410064697266,12.485955238342285
1334203200,92.59434509277344,12.992237091064453
1334289600,88.51801300048828,12.32194995880127
1334548800,90.54851531982422,12.478825569152832
1334635200,89.87937927246094,12.728400230407715
1334721600,88.70263671875,12.592916488647461
1334808000,87.37203216552734,12.88528060913086
1334894400,86.4798355102539,12.464569091796875
1335153600,85.94918823242188,12.108022689819336
1335240000,87.76429748535156,12.407516479492188
1335326400,87.66431427001953,12.22212028503418
1335412800,88.11036682128906,12.307934761047363
1335499200,87.99503326416016,12.121996879577637
1335758400,88.56417846679688,12.358001708984375
1335844800,88.70263671875,12.508184432983398
1335931200,87.5027847290039,12.121996879577637
1336017600,85.77996063232422,11.60707950592041
1336104000,83.82637786865234,11.442594528198242
1336363200,84.63395690917969,11.549863815307617
1336449600,84.11866760253906,11.328163146972656
1336536000,82.51890563964844,11.077860832214355
1336622400,81.77283477783203,11.156525611877441
1336708800,78.55020141601562,10.691667556762695
1336968000,76.73511505126953,10.226814270019531
1337054400,76.8120346069336,10.112388610839844
1337140800,75.527587890625,9.683293342590332
1337227200,74.66621398925781,9.626080513000488
1337313600,73.44327545166016,9.547412872314453
1337572800,74.22777557373047,9.432985305786133
1337659200,75.01229095458984,9.518805503845215
1337745600,75.4045181274414,9.561715126037598
1337832000,74.49697875976562,9.518805503845215
1337918400,74.3739013671875,9.475894927978516
1338264000,75.62586975097656,9.754810333251953
1338350400,73.11426544189453,9.361471176147461
1338436800,73.95657348632812,9.554564476013184
1338523200,71.59184265136719,9.104011535644531
1338782400,70.32445526123047,8.839404106140137
1338868800,71.25951385498047,9.19698429107666
1338955200,73.38470458984375,9.96935749053955
1339041600,72.64282989501953,9.590324401855469
1339128000,73.06015014648438,9.804868698120117
1339387200,71.71551513671875,9.561715126037598
1339473600,72.67375946044922,9.96220588684082
1339560000,71.65367126464844,9.761961936950684
1339646400,72.50373840332031,9.96220588684082
1339732800,73.92569732666016,10.226814270019531
1339992000,72.35689544677734,9.883536338806152
1340078400,74.474365234375,10.198210716247559
1340164800,74.61347198486328,10.155304908752441
1340251200,72.5655746459961,9.983664512634277
1340337600,72.35689544677734,10.112388610839844
1340596800,70.49445343017578,9.640382766723633
1340683200,70.3476333618164,9.66183853149414
1340769600,72.07868957519531,9.947904586791992
1340856000,72.24871826171875,9.919296264648438
1340942400,74.08025360107422,10.434210777282715
1341201600,75.06167602539062,10.684518814086914
1341288000,76.19768524169922,10.806099891662598
1341460800,74.12661743164062,10.377001762390137
1341547200,73.77886962890625,10.112388610839844
1341806400,73.00606536865234,9.96220588684082
1341892800,72.83604431152344,9.804868698120117
1341979200,73.5160903930664,9.876386642456055
1342065600,72.6583023071289,9.690447807312012
1342152000,75.29353332519531,10.048025131225586
1342411200,75.48673248291016,10.191059112548828
1342497600,75.71858978271484,10.255425453186035
1342584000,74.58258056640625,10.00511646270752
1342670400,73.41564178466797,9.475894927978516
1342756800,72.76647186279297,9.13976764678955
1343016000,71.99369049072266,9.039648056030273
1343102400,73.00606536865234,9.025344848632812
1343188800,74.15750122070312,9.268501281738281
1343275200,75.7804183959961,9.297106742858887
1343361600,78.54700469970703,9.684784889221191
1343620800,77.95966339111328,9.699141502380371
1343707200,77.97514343261719,9.806830406188965
1343793600,77.34915924072266,9.699141502380371
1343880000,75.58719635009766,9.354538917541504
1343966400,78.0369644165039,9.892982482910156
1344225600,78.8406753540039,10.151433944702148
1344312000,79.7834701538086,10.409886360168457
1344398400,79.21160888671875,10.460142135620117
1344484800,80.06167602539062,10.560647964477539
1344571200,79.61347198486328,10.488859176635742
1344830400,80.06940460205078,10.445782661437988
1344916800,79.79893493652344,10.330915451049805
1345003200,79.69847106933594,10.467323303222656
1345089600,79.9767074584961,10.474498748779297
1345176000,80.06167602539062,10.474498748779297
1345435200,81.35997772216797,10.64680290222168
1345521600,81.39093017578125,10.689878463745117
1345608000,80.8885726928711,10.668338775634766
1345694400,80.4326400756836,10.409886360168457
1345780800,81.11267852783203,10.452966690063477
1346040000,81.23633575439453,10.431422233581543
1346126400,81.5235366821289,10.481678009033203
1346212800,81.91163635253906,10.632444381713867
1346299200,81.28290557861328,10.69705581665039
1346385600,82.05913543701172,10.76884651184082
1346731200,82.59468078613281,11.134988784790039
1346817600,85.33460235595703,11.257034301757812
1346904000,88.12893676757812,11.666251182556152
1346990400,90.29448699951172,12.262130737304688
1347249600,89.01376342773438,11.924705505371094
1347336000,90.57392883300781,12.384178161621094
1347422400,91.77706146240234,12.506221771240234
1347508800,93.6631851196289,12.850823402404785
1347595200,94.19877624511719,13.094916343688965
1347854400,93.06551361083984,12.779032707214355
1347940800,93.05000305175781,12.65698528289795
1348027200,92.38245391845703,12.613910675048828
1348113600,91.30354309082031,12.35545825958252
1348200000,90.59724426269531,12.262130737304688
1348459200,90.50408172607422,12.233413696289062
1348545600,88.0978775024414,11.917523384094238
1348632000,87.77188110351562,11.795476913452148
1348718400,89.44073486328125,12.089829444885254
1348804800,88.23757934570312,12.018035888671875
1349064000,90.70587921142578,12.053934097290039
1349150400,91.00861358642578,12.140079498291016
1349236800,91.52091217041016,12.22623348236084
1349323200,93.06551361083984,12.542118072509766
1349409600,92.60753631591797,12.563654899597168
1349668800,92.7239990234375,12.527762413024902
1349755200,92.85591888427734,12.45596694946289
1349841600,93.2052230834961,12.491859436035156
1349928000,94.68775939941406,12.822107315063477
1350014400,93.29837036132812,12.427250862121582
1350273600,96.63602447509766,12.74313735961914
1350360000,95.6424789428711,12.829288482666016
1350446400,96.96199035644531,13.274399757385254
1350532800,97.14051818847656,12.771858215332031
1350619200,95.95295715332031,12.585197448730469
1350878400,95.2931900024414,12.527762413024902
1350964800,92.3669204711914,12.283662796020508
1351051200,92.9646224975586,12.333919525146484
1351137600,92.92581176757812,12.276485443115234
1351224000,92.70846557617188,12.233413696289062
1351656000,94.99820709228516,12.514227867126465
1351742400,96.9076919555664,12.679834365844727
1351828800,95.66576385498047,12.802239418029785
1352091600,96.30999755859375,12.780635833740234
1352178000,97.99433898925781,13.097455024719238
1352264400,91.5752182006836,11.974200248718262
1352350800,89.47173309326172,11.89499568939209
1352437200,90.15480041503906,11.95980167388916
1352696400,91.00083923339844,12.07500171661377
1352782800,90.40316009521484,11.89499568939209
1352869200,88.6722640991211,11.585382461547852
1352955600,89.60371398925781,11.707788467407227
1353042000,89.91416931152344,11.650181770324707
1353301200,91.82362365722656,11.89499568939209
1353387600,91.66060638427734,11.772591590881348
1353474000,91.35790252685547,11.700582504272461
1353646800,93.38375091552734,11.830188751220703
1353906000,93.87277221679688,11.95980167388916
1353992400,91.90900421142578,11.974200248718262
1354078800,93.01582336425781,12.154211044311523
1354165200,92.54816436767578,12.139808654785156
1354251600,91.81546020507812,12.147008895874023
1354510800,92.29092407226562,11.858990669250488
1354597200,90.87225341796875,11.95980167388916
1354683600,91.30099487304688,12.226208686828613
1354770000,91.35553741455078,12.0534029006958
1354856400,90.86446380615234,12.219010353088379
1355115600,91.20745849609375,12.24781608581543
1355202000,92.64949035644531,12.780635833740234
1355288400,92.04930114746094,12.744636535644531
1355374800,92.36888885498047,12.816638946533203
1355461200,93.03922271728516,12.996647834777832
1355720400,96.25851440429688,13.342266082763672
1355806800,99.59468078613281,13.767088890075684
1355893200,99.18936157226562,13.745487213134766
1355979600,101.11471557617188,13.875099182128906
1356066000,100.11695861816406,13.62308406829834
1356325200,99.41544342041016,13.64468765258789
1356498000,99.11920928955078,13.594281196594238
1356584400,98.7372817993164,13.5150785446167
1356670800,97.84087371826172,13.407071113586426
1356930000,99.43101501464844,13.767088890075684
1357102800,102.62687683105469,14.127106666564941
1357189200,102.0656509399414,14.098306655883789
1357275600,104.84840393066406,14.53752613067627
1357534800,104.65355682373047,14.256711959838867
1357621200,103.71041870117188,14.148707389831543
1357707600,104.70028686523438,14.127106666564941
1357794000,107.07774353027344,14.645529747009277
1357880400,106.89065551757812,14.523136138916016
1358139600,106.1112289428711,14.451120376586914
1358226000,105.69026184082031,14.710333824157715
1358312400,109.97744750976562,14.789535522460938
1358398800,109.9150619506836,14.940744400024414
1358485200,112.59648895263672,16.114404678344727
1358830800,113.76573944091797,16.546424865722656
1358917200,113.46170043945312,16.323219299316406
1359003600,112.9940414428711,16.272809982299805
1359090000,112.60426330566406,16.344816207885742
1359349200,112.36263275146484,16.064002990722656
1359435600,114.66206359863281,16.265615463256836
1359522000,114.70108032226562,16.546424865722656
1359608400,115.2545394897461,16.45281982421875
1359694800,116.84471893310547,16.965166091918945
1359954000,114.98953247070312,16.510547637939453
1360040400,117.27337646484375,16.88579559326172
1360126800,117.795654296875,16.878576278686523
1360213200,117.12532043457031,16.669309616088867
1360299600,118.16979217529297,16.828060150146484
1360558800,118.66869354248047,16.7992000579834
1360645200,120.12630462646484,17.051767349243164
1360731600,120.44590759277344,17.051767349243164
1360818000,121.54499816894531,17.196090698242188
1360904400,120.81228637695312,17.224946975708008
1361250000,123.66517639160156,17.549678802490234
1361336400,120.96039581298828,16.900230407714844
1361422800,117.60858917236328,16.47447395324707
1361509200,120.11073303222656,17.015687942504883
1361768400,115.09082794189453,15.897186279296875
1361854800,115.75566101074219,16.193042755126953
1361941200,118.61048889160156,16.524980545043945
1362027600,117.13220977783203,16.272418975830078
1362114000,117.73442840576172,16.185829162597656
1362373200,119.02497863769531,16.308500289916992
1362459600,119.63507843017578,16.409528732299805
1362546000,120.5501480102539,16.53220558166504
1362632400,122.49764251708984,16.75589942932129
1362718800,119.65068054199219,16.618799209594727
1362974400,119.90093231201172,16.669309616088867
1363060800,118.76690673828125,16.35901641845703
1363147200,118.8138198852539,16.43839454650879
1363233600,120.46406555175781,16.452821731567383
1363320000,121.10538482666016,17.022899627685547
1363579200,118.84514617919922,16.589929580688477
1363665600,116.4126205444336,16.15696144104004
1363752000,117.42162322998047,16.409528732299805
1363838400,113.70646667480469,15.9188232421875
1363924800,114.66068267822266,16.005420684814453
1364184000,114.27740478515625,15.853882789611816
1364270400,114.61373901367188,16.034282684326172
1364356800,115.63050079345703,16.084802627563477
1364443200,115.09082794189453,15.861096382141113
1364788800,114.22267150878906,15.630180358886719
1364875200,114.7232666015625,15.659046173095703
1364961600,112.1656494140625,15.233293533325195
1365048000,111.83719635009766,15.392043113708496
1365134400,112.3846664428711,15.55802059173584
1365393600,112.48633575439453,15.687911987304688
1365480000,114.5981216430664,15.687911987304688
1365566400,116.89756774902344,16.034282684326172
1365652800,116.59258270263672,16.07036590576172
1365739200,116.63166046142578,15.745645523071289
1365998400,114.55116271972656,15.500293731689453
1366084800,112.70533752441406,15.767292022705078
1366171200,109.96785736083984,15.493074417114258
1366257600,108.40362548828125,14.656000137329102
1366344000,108.49745178222656,14.850838661193848
1366603200,109.1231689453125,14.944648742675781
1366689600,111.7981185913086,15.594099044799805
1366776000,112.5723876953125,15.478641510009766
1366862400,113.22152709960938,15.464205741882324
1366948800,112.71318054199219,15.478671073913574
1367208000,113.49530792236328,16.06455421447754
1367294400,114.24612426757812,16.02115821838379
1367380800,111.53999328613281,15.804162979125977
1367467200,112.3689956665039,16.122421264648438
1367553600,113.69866180419922,16.462366104125977
1367812800,116.10763549804688,16.838481903076172
1367899200,116.78804779052734,16.831254959106445
1367985600,117.52328491210938,17.12057876586914
1368072000,116.17803192138672,16.932514190673828
1368158400,116.61597442626953,17.315866470336914
1368417600,117.03053283691406,17.127811431884766
1368504000,120.85516357421875,17.554555892944336
1368590400,121.70771026611328,17.98130226135254
1368676800,120.81609344482422,17.77878189086914
1368763200,123.71775817871094,18.219993591308594
1369022400,124.28086853027344,18.133201599121094
1369108800,125.712158203125,18.169363021850586
1369195200,124.6250228881836,17.865575790405273
1369281600,123.11553192138672,17.540090560913086
1369368000,124.14014434814453,17.61241912841797
1369713600,126.08594512939453,17.887266159057617
1369800000,127.78852081298828,18.068103790283203
1369886400,128.94972229003906,18.675670623779297
1369972800,127.168701171875,18.733537673950195
1370232000,128.3299102783203,18.552709579467773
1370318400,126.85484313964844,18.42251968383789
1370404800,124.2028579711914,18.104267120361328
1370491200,125.28562927246094,18.379119873046875
1370577600,130.25221252441406,19.5291690826416
1370836800,131.41348266601562,19.637664794921875
1370923200,128.1337432861328,18.8709659576416
1371009600,126.99612426757812,18.494848251342773
1371096000,130.10316467285156,19.07349395751953
1371182400,127.82776641845703,18.682903289794922
1371441600,128.761474609375,18.957765579223633
1371528000,128.79281616210938,19.03733253479004
1371614400,126.76071166992188,18.885427474975586
1371700800,121.93537902832031,18.191064834594727
1371787200,121.02526092529297,18.01746940612793
1372046400,118.30265045166016,17.648588180541992
1372132800,120.0915298461914,18.104267120361328
1372219200,118.99310302734375,17.99576187133789
1372305600,120.44463348388672,18.111495971679688
1372392000,118.67142486572266,17.670286178588867
1372651200,119.06371307373047,17.7860164642334
1372737600,118.41252899169922,17.67751693725586
1372824000,118.02806091308594,17.388198852539062
1372996800,120.23277282714844,17.771543502807617
1373256000,120.67996978759766,17.99576187133789
1373342400,123.13585662841797,18.400821685791016
1373428800,122.26493072509766,18.328489303588867
1373515200,123.74002075195312,18.48038101196289
1373601600,125.62305450439453,18.899892807006836
1373860800,127.89055633544922,19.304948806762695
1373947200,125.72501373291016,19.080720901489258
1374033600,126.71366119384766,19.196447372436523
1374120000,128.72222900390625,20.03548812866211
1374206400,128.95758056640625,19.963150024414062
1374465600,130.44046020507812,19.970388412475586
1374552000,130.44837951660156,20.11504554748535
1374638400,129.4910888671875,20.057180404663086
1374724800,130.17372131347656,20.078882217407227
1374811200,129.66371154785156,20.03548812866211
1375070400,128.02392578125,19.78911781311035
1375156800,127.44326782226562,19.615209579467773
1375243200,128.69869995117188,19.716655731201172
1375329600,131.41348266601562,20.23112678527832
1375416000,131.51539611816406,20.18040657043457
1375675200,132.0646209716797,20.18040657043457
1375761600,129.28712463378906,19.78911781311035
1375848000,128.24356079101562,19.615209579467773
1375934400,127.7650375366211,19.506513595581055
1376020800,127.20793914794922,19.390586853027344
1376280000,126.86270904541016,19.289134979248047
1376366400,128.4476318359375,19.53550148010254
1376452800,128.15731811523438,19.41231918334961
1376539200,126.12520599365234,19.10073471069336
1376625600,126.05455780029297,19.180444717407227
1376884800,124.46182250976562,18.702198028564453
1376971200,125.19149017333984,19.064502716064453
1377057600,123.26921081542969,18.847122192382812
1377144000,125.07378387451172,18.999290466308594
1377230400,124.47748565673828,19.071746826171875
1377489600,123.8890609741211,19.115224838256836
1377576000,120.22494506835938,18.44133949279785
1377662400,120.41386413574219,18.535539627075195
1377748800,120.9333724975586,18.774660110473633
1377835200,119.75264739990234,18.66596794128418
1378180800,121.82290649414062,19.035520553588867
1378267200,122.59434509277344,19.209421157836914
1378353600,122.93282318115234,19.31087303161621
1378440000,123.31852722167969,19.42681312561035
1378699200,125.54627990722656,19.883316040039062
1378785600,129.9937744140625,20.318078994750977
1378872000,129.9308319091797,20.470245361328125
1378958400,128.5847625732422,20.303592681884766
1379044800,129.09642028808594,20.38330078125
1379304000,131.4815216064453,20.818058013916016
1379390400,131.7885284423828,21.020954132080078
1379476800,132.2923126220703,21.0281982421875
1379563200,132.0719451904297,20.72386360168457
1379649600,133.62261962890625,20.42677116394043
1379908800,130.0803680419922,19.723899841308594
1379995200,128.2855682373047,19.7601375579834
1380081600,127.76607513427734,19.723899841308594
1380168000,127.7503662109375,19.673175811767578
1380254400,125.82957458496094,19.62245750427246
1380513600,124.53862762451172,19.52825927734375
1380600000,125.1605453491211,19.66592788696289
1380686400,124.90076446533203,19.65143585205078
1380772800,123.4681167602539,19.455793380737305
1380859200,123.23191833496094,19.557235717773438
1381118400,121.4214859008789,19.448551177978516
1381204800,120.47685241699219,19.2384090423584
1381291200,121.57105255126953,19.3978271484375
1381377600,124.38121032714844,20.028234481811523
1381464000,125.94768524169922,20.252870559692383
1381723200,125.52262878417969,20.419527053833008
1381809600,124.08209228515625,20.2818546295166
1381896000,127.71890258789062,20.74559783935547
1381982400,124.62525177001953,20.96298599243164
1382068800,124.91648864746094,21.513689041137695
1382328000,125.76668548583984,21.32529067993164
1382414400,125.35733032226562,21.347021102905273
1382500800,124.168701171875,21.071670532226562
1382587200,125.91626739501953,21.296300888061523
1382673600,127.59290313720703,21.180370330810547
1382932800,127.08911895751953,20.99197006225586
1383019200,127.60867309570312,21.311351776123047
1383105600,127.56139373779297,21.129886627197266
1383192000,126.62470245361328,20.85405158996582
1383278400,127.56139373779297,21.195205688476562
1383541200,128.43516540527344,21.296831130981445
1383627600,127.48270416259766,21.042783737182617
1383714000,128.7185821533203,21.14440155029297
1383800400,125.6642837524414,20.8467960357666
1383886800,128.44300842285156,21.369417190551758
1384146000,128.97047424316406,21.84122657775879
1384232400,128.2226104736328,21.601696014404297
1384318800,128.261962890625,21.81219482421875
1384405200,128.4667205810547,22.022695541381836
1384491600,129.41127014160156,21.993663787841797
1384750800,130.41880798339844,22.01543617248535
1384837200,131.1430206298828,22.022695541381836
1384923600,129.88357543945312,21.97188949584961
1385010000,131.51303100585938,22.42192268371582
1385096400,132.32382202148438,22.748565673828125
1385355600,133.4100799560547,22.89373779296875
1385442000,132.2765350341797,22.78485107421875
1385528400,132.8531036376953,22.799365997314453
1385701200,133.42176818847656,22.719526290893555
1385960400,134.03773498535156,22.813884735107422
1386046800,132.71881103515625,22.479990005493164
1386133200,133.232177734375,22.59612464904785
1386219600,130.7523193359375,21.928333282470703
1386306000,132.0554656982422,22.109804153442383
1386565200,132.4187469482422,22.058984756469727
1386651600,134.04554748535156,22.334810256958008
1386738000,132.36346435546875,21.86300277709961
1386824400,132.93992614746094,22.12430763244629
1386910800,132.98733520507812,22.56709098815918
1387170000,135.00914001464844,22.44369888305664
1387256400,134.6458282470703,22.153350830078125
1387342800,138.08131408691406,22.95180320739746
1387429200,138.02603149414062,22.400146484375
1387515600,138.33399963378906,22.45094871520996
1387774800,139.3685760498047,22.581607818603516
1387861200,139.12380981445312,22.509021759033203
1388034000,139.35279846191406,22.574352264404297
1388120400,139.27386474609375,22.545316696166992
1388379600,138.78416442871094,22.392887115478516
1388466000,139.99252319335938,22.763078689575195
1388638800,139.70033264160156,22.523540496826172
1388725200,140.69537353515625,22.871959686279297
1388984400,141.65887451171875,22.95180320739746
1389070800,140.80593872070312,22.87921905517578
1389157200,140.92445373535156,22.908246994018555
1389243600,140.10304260253906,22.900989532470703
1389330000,140.8849334716797,22.719526290893555
1389589200,138.9026336669922,22.40740203857422
1389675600,139.47125244140625,22.574352264404297
1389762000,141.1692352294922,23.38731575012207
1389848400,138.3419647216797,23.227624893188477
1389934800,139.21853637695312,24.243837356567383
1390280400,136.7860565185547,23.68492317199707
1390366800,137.16514587402344,23.438133239746094
1390453200,134.85118103027344,22.850175857543945
1390539600,132.39505004882812,22.102537155151367
1390798800,130.0652313232422,21.754119873046875
1390885200,131.2972869873047,21.870262145996094
1390971600,129.44131469726562,21.768468856811523
1391058000,130.97344970703125,21.797557830810547
1391144400,129.6151123046875,21.455835342407227
1391403600,126.21915435791016,21.04867172241211
1391490000,127.75123596191406,21.099567413330078
1391576400,126.69303131103516,21.215906143188477
1391662800,127.74335479736328,21.586708068847656
1391749200,127.88550567626953,21.586708068847656
1392008400,127.15103149414062,21.593975067138672
1392094800,129.82830810546875,22.008411407470703
1392181200,129.12533569335938,21.92843246459961
1392267600,129.56764221191406,21.74665641784668
1392354000,129.2991943359375,21.586708068847656
1392699600,130.0336456298828,21.4921817779541
1392786000,128.9358673095703,21.05594253540039
1392872400,129.9151611328125,21.3249568939209
1392958800,129.9151611328125,21.535816192626953
1393218000,131.5262451171875,22.037490844726562
1393304400,129.10964965820312,21.60124397277832
1393390800,129.00665283203125,21.768468856811523
1393477200,131.05108642578125,22.073843002319336
1393563600,131.89901733398438,22.393753051757812
1393822800,130.54393005371094,22.001131057739258
1393909200,133.70571899414062,22.611873626708984
1393995600,136.21766662597656,23.244421005249023
1394082000,136.77244567871094,23.149904251098633
1394168400,138.08778381347656,23.418920516967773
1394424000,137.49349975585938,23.360754013061523
1394510400,134.6248779296875,23.04811668395996
1394596800,134.49021911621094,22.859073638916016
1394683200,132.09707641601562,22.859073638916016
1394769600,131.0272979736328,22.611873626708984
1395028800,132.20803833007812,22.80818748474121
1395115200,133.1985321044922,23.011762619018555
1395201600,133.26986694335938,23.128089904785156
1395288000,134.0939483642578,23.840621948242188
1395374400,132.29518127441406,23.70248031616211
1395633600,131.3204803466797,23.58614730834961
1395720000,129.36314392089844,22.968137741088867
1395806400,128.15872192382812,22.69911766052246
1395892800,128.60252380371094,22.466463088989258
1395979200,128.61036682128906,22.473731994628906
1396238400,129.83860778808594,22.66276741027832
1396324800,131.47903442382812,22.69185447692871
1396411200,132.5487518310547,22.83726692199707
1396497600,131.61373901367188,22.5028076171875
1396584000,129.3552703857422,22.081113815307617
1396843200,125.6467514038086,21.463109970092773
1396929600,124.06188201904297,21.47037696838379
1397016000,125.32975769042969,21.97205352783203
1397102400,123.60224914550781,21.26679801940918
1397188800,121.01893615722656,20.69968605041504
1397448000,122.6197280883789,21.1286563873291
1397534400,122.7623291015625,21.48491096496582
1397620800,124.58489227294922,21.732120513916016
1397707200,124.75921630859375,22.364673614501953
1398052800,125.04450225830078,22.52461814880371
1398139200,127.15232849121094,22.684581756591797
1398225600,127.1444091796875,22.568248748779297
1398312000,127.46136474609375,22.495553970336914
1398398400,125.39315795898438,22.233793258666992
1398657600,124.04602813720703,21.876361846923828
1398744000,125.39315795898438,22.262975692749023
1398830400,126.64517974853516,22.562063217163086
1398916800,127.08102416992188,22.77359390258789
1399003200,125.90031433105469,22.386985778808594
1399262400,123.89551544189453,21.93471908569336
1399348800,122.46117401123047,21.4897518157959
1399435200,123.23776245117188,21.664825439453125
1399521600,124.72752380371094,21.657527923583984
1399608000,124.56903839111328,21.65023422241211
1399867200,126.43126678466797,22.12438201904297
1399953600,127.00972747802734,22.12438201904297
1400040000,126.35202026367188,22.066020965576172
1400126400,124.12531280517578,21.715885162353516
1400212800,123.9588623046875,21.985780715942383
1400472000,124.94146728515625,22.0003719329834
1400558400,123.89551544189453,21.672117233276367
1400644800,126.27275085449219,21.890949249267578
1400731200,126.6689682006836,22.168142318725586
1400817600,126.91461181640625,22.241090774536133
1401163200,128.1903533935547,22.700651168823242
1401249600,128.16656494140625,22.562063217163086
1401336000,127.80873107910156,22.707944869995117
1401422400,127.06927490234375,22.510988235473633
1401681600,127.24423217773438,22.540172576904297
1401768000,128.6516571044922,22.50369644165039
1401854400,129.1206817626953,22.759004592895508
1401940800,129.2717742919922,23.072669982910156
1402027200,132.14222717285156,23.306102752685547
1402286400,131.9911651611328,23.32798194885254
1402372800,132.27737426757812,23.400928497314453
1402459200,131.53793334960938,23.116439819335938
1402545600,131.95938110351562,23.145612716674805
1402632000,131.90371704101562,23.043495178222656
1402891200,131.87184143066406,23.131023406982422
1402977600,133.7562713623047,23.707298278808594
1403064000,135.06036376953125,23.824012756347656
1403150400,134.9569549560547,23.736474990844727
1403236800,135.04443359375,23.554113388061523
1403496000,135.36245727539062,23.72188377380371
1403582400,133.76425170898438,23.364456176757812
1403668800,133.88357543945312,23.510345458984375
1403755200,133.58937072753906,23.262327194213867
1403841600,132.61134338378906,23.014312744140625
1404100800,133.1361541748047,23.583288192749023
1404187200,132.6351776123047,23.57599449157715
1404273600,132.69879150390625,23.70000648498535
1404360000,134.74221801757812,23.794830322265625
1404705600,133.40646362304688,23.627059936523438
1404792000,131.12445068359375,23.16021156311035
1404878400,130.93362426757812,23.349863052368164
1404964800,129.9397430419922,23.109142303466797
1405051200,131.0369873046875,22.912189483642578
1405310400,132.7863006591797,23.20397186279297
1405396800,134.51174926757812,23.342565536499023
1405483200,135.54534912109375,23.707298278808594
1405569600,135.2830352783203,23.5614070892334
1405656000,136.34046936035156,23.809419631958008
1405915200,136.53924560546875,23.7437744140625
1406001600,139.16317749023438,24.00637435913086
1406088000,140.5944061279297,24.32733726501465
1406174400,140.1491241455078,24.363807678222656
1406260800,139.46531677246094,24.247095108032227
1406520000,139.90264892578125,24.123085021972656
1406606400,139.57664489746094,23.88895034790039
1406692800,139.75160217285156,24.393808364868164
1406779200,137.45367431640625,23.662139892578125
1406865600,135.37045288085938,23.12070655822754
1407124800,136.5154266357422,23.288986206054688
1407211200,134.71047973632812,22.981685638427734
1407297600,134.96490478515625,23.0914306640625
1407384000,134.45603942871094,22.945106506347656
1407470400,136.9686737060547,23.37679100036621
1407729600,137.12765502929688,23.471908569335938
1407816000,137.02427673339844,23.420684814453125
1407902400,137.05609130859375,23.428003311157227
1407988800,137.34234619140625,23.537750244140625
1408075200,136.6824188232422,23.574338912963867
1408334400,138.7895050048828,23.85968780517578
1408420800,138.32034301757812,23.80115509033203
1408507200,138.37599182128906,23.808473587036133
1408593600,139.2665557861328,24.1669921875
1408680000,139.52098083496094,24.488922119140625
1408939200,141.4292755126953,25.023038864135742
1409025600,141.45314025878906,25.169374465942383
1409112000,141.82005310058594,24.971820831298828
1409198400,141.6924591064453,24.92060089111328
1409284800,142.85690307617188,25.103517532348633
1409630400,143.3833465576172,25.27912139892578
1409716800,143.24774169921875,25.28644561767578
1409803200,143.63059997558594,25.38887596130371
1409889600,143.36737060546875,25.337657928466797
1410148800,143.65457153320312,25.505931854248047
1410235200,141.49302673339844,24.81085205078125
1410321600,143.4630889892578,25.11815643310547
1410408000,144.3643798828125,25.41080665588379
1410494400,146.09506225585938,25.615690231323242
1410753600,146.74122619628906,25.762025833129883
1410840000,146.7890167236328,25.688861846923828
1410926400,147.41116333007812,26.018108367919922
1411012800,149.8597869873047,26.435157775878906
1411099200,148.5117950439453,26.16444206237793
1411358400,147.7860107421875,25.740066528320312
1411444800,147.62652587890625,25.623004913330078
1411531200,149.79591369628906,25.59373664855957
1411617600,146.82894897460938,25.03767204284668
1411704000,147.65045166015625,25.352291107177734
1411963200,146.62158203125,25.242542266845703
1412049600,146.4141387939453,25.29375648498535
1412136000,144.12501525878906,24.84743309020996
1412222400,145.86383056640625,25.08157730102539
1412308800,150.0033416748047,25.644956588745117
1412568000,149.53273010253906,25.601057052612305
1412654400,146.5975799560547,24.891332626342773
1412740800,148.86282348632812,25.242542266845703
1412827200,144.57968139648438,24.364538192749023
1412913600,143.86988830566406,24.101137161254883
1413172800,142.5857696533203,24.035280227661133
1413259200,142.52989196777344,24.152355194091797
1413345600,141.3654327392578,23.85968780517578
1413432000,137.64859008789062,23.80115509033203
1413518400,141.10226440429688,24.306013107299805
1413777600,141.84393310546875,24.379169464111328
1413864000,143.7103729248047,24.92060089111328
1413950400,141.0383758544922,24.45965576171875
1414036800,143.61460876464844,24.84743309020996
1414123200,146.2387237548828,25.1108341217041
1414382400,146.68540954589844,24.84743309020996
1414468800,148.60757446289062,25.140106201171875
1414555200,148.41610717773438,25.235498428344727
1414641600,149.12600708007812,25.33089828491211
1414728000,151.5347442626953,25.64643096923828
1414990800,152.20465087890625,25.470317840576172
1415077200,151.75807189941406,25.43362808227539
1415163600,151.41510009765625,25.609739303588867
1415250000,152.3402862548828,25.91058921813965
1415336400,152.1090087890625,26.16742706298828
1415595600,152.97842407226562,26.328874588012695
1415682000,153.04220581054688,26.2628231048584
1415768400,151.686279296875,26.394908905029297
1415854800,151.73411560058594,26.299522399902344
1415941200,151.5267333984375,26.189451217651367
1416200400,151.48692321777344,26.12339973449707
1416286800,151.2555694580078,26.02800750732422
1416373200,150.8966827392578,26.035343170166016
1416459600,151.34326171875,25.96930503845215
1416546000,151.21568298339844,26.072040557861328
1416805200,151.5985565185547,26.138078689575195
1416891600,150.6334991455078,25.903263092041016
1416978000,150.36227416992188,25.771175384521484
1417150800,150.75436401367188,25.815200805664062
1417410000,150.58628845214844,25.756498336791992
1417496400,152.1785888671875,26.248157501220703
1417582800,152.7866668701172,26.798505783081055
1417669200,153.58685302734375,26.996633529663086
1417755600,156.38735961914062,27.32684326171875
1418014800,157.32347106933594,27.884531021118164
1418101200,157.53953552246094,27.95791244506836
1418187600,153.62684631347656,27.43691062927246
1418274000,154.85906982421875,27.444244384765625
1418360400,151.0823974609375,26.600374221801758
1418619600,148.45791625976562,26.365556716918945
1418706000,146.6736297607422,26.064693450927734
1418792400,148.04986572265625,26.952600479125977
1418878800,153.31483459472656,27.95791244506836
1418965200,154.65103149414062,28.258766174316406
1419224400,155.5791473388672,28.302799224853516
1419310800,156.42730712890625,28.581647872924805
1419397200,156.73936462402344,28.478919982910156
1419570000,156.38735961914062,28.412874221801758
1419829200,156.97946166992188,28.58897590637207
1419915600,156.59539794921875,28.61833381652832
1420002000,155.09107971191406,28.47157859802246
1420174800,155.55516052246094,28.405532836914062
1420434000,150.69834899902344,27.51761817932129
1420520400,147.6497802734375,26.725120544433594
1420606800,149.8501739501953,27.1066951751709
1420693200,152.24261474609375,27.51029396057129
1420779600,149.90618896484375,27.062667846679688
1421038800,148.0818634033203,26.688426971435547
1421125200,147.96986389160156,26.438934326171875
1421211600,144.2091522216797,25.837223052978516
1421298000,142.8169403076172,25.37492561340332
1421384400,141.80874633789062,25.602401733398438
1421730000,140.52854919433594,25.49966049194336
1421816400,141.74473571777344,25.48497772216797
1421902800,145.65737915039062,26.072040557861328
1421989200,144.41726684570312,25.79318618774414
1422248400,144.3612518310547,25.76384162902832
1422334800,141.21665954589844,25.43362808227539
1422421200,138.4641876220703,24.852256774902344
1422507600,140.81655883789062,25.293806076049805
1422594000,137.9520721435547,24.881677627563477
1422853200,140.41651916503906,25.330596923828125
1422939600,144.21722412109375,25.7868709564209
1423026000,143.0489959716797,25.58816909790039
1423112400,144.64125061035156,25.70591926574707
1423198800,146.7696075439453,26.33881187438965
1423458000,145.80148315429688,26.2210750579834
1423544400,147.67381286621094,26.61109733581543
1423630800,150.14625549316406,26.765655517578125
1423717200,151.8505401611328,27.155704498291016
1423803600,151.22645568847656,27.067380905151367
1424149200,152.0425567626953,27.1704158782959
1424235600,150.96237182617188,26.765655517578125
1424322000,151.31443786621094,26.736217498779297
1424408400,153.23477172851562,27.037946701049805
1424667600,152.27462768554688,26.692058563232422
1424754000,153.80287170410156,27.037946701049805
1424840400,153.40280151367188,26.927553176879883
1424926800,154.2696990966797,26.53750991821289
1425013200,152.33529663085938,26.33881187438965
1425272400,153.94056701660156,26.669984817504883
1425358800,153.52320861816406,26.360889434814453
1425445200,152.23898315429688,25.82366943359375
1425531600,152.56800842285156,26.140119552612305
1425618000,150.0236053466797,26.147478103637695
1425873600,150.8423309326172,26.25050163269043
1425960000,146.6525421142578,25.66912269592285
1426046400,147.8323974609375,25.720643997192383
1426132800,152.46371459960938,27.295513153076172
1426219200,151.9740753173828,26.750932693481445
1426478400,154.02886962890625,27.030590057373047
1426564800,152.96133422851562,26.898128509521484
1426651200,154.36598205566406,27.030590057373047
1426737600,152.479736328125,26.574317932128906
1426824000,155.0161590576172,26.861328125
1427083200,154.07701110839844,26.72150230407715
1427169600,153.53128051757812,26.669984817504883
1427256000,150.37680053710938,26.088611602783203
1427342400,150.2884979248047,26.213712692260742
1427428800,150.94671630859375,26.368249893188477
1427688000,153.32254028320312,26.72150230407715
1427774400,150.87442016601562,26.26523208618164
1427860800,154.29376220703125,26.471284866333008
1427947200,153.74798583984375,26.53750991821289
1428292800,154.14927673339844,26.427120208740234
1428379200,154.4221954345703,26.4492130279541
1428465600,154.55860900878906,26.684696197509766
1428552000,156.42877197265625,26.96435546875
1428638400,157.03085327148438,26.669984817504883
1428897600,156.9826202392578,26.71413803100586
1428984000,158.70025634765625,27.11153793334961
1429070400,161.4132537841797,27.516298294067383
1429156800,160.69888305664062,27.494218826293945
1429243200,158.40330505371094,27.045305252075195
1429502400,159.00534057617188,27.199851989746094
1429588800,157.9939422607422,27.045305252075195
1429675200,159.1818389892578,27.37647819519043
1429761600,159.97650146484375,27.508941650390625
1429848000,158.91705322265625,27.494218826293945
1430107200,157.73712158203125,27.266084671020508
1430193600,158.5157470703125,27.369531631469727
1430280000,159.37454223632812,27.70204734802246
1430366400,157.6568145751953,27.569040298461914
1430452800,158.5477294921875,27.716825485229492
1430712000,159.96844482421875,28.01239585876465
1430798400,158.35513305664062,27.67249298095703
1430884800,157.52044677734375,27.376920700073242
1430971200,158.4353485107422,27.738988876342773
1431057600,160.9317169189453,27.997610092163086
1431316800,161.9188995361328,28.263626098632812
1431403200,160.95578002929688,27.871997833251953
1431489600,161.6781463623047,27.91632843017578
1431576000,162.63333129882812,28.182340621948242
1431662400,162.9141845703125,27.968059539794922
1431921600,164.2707061767578,28.32274055480957
1432008000,164.8646697998047,28.5887508392334
1432094400,164.6078338623047,28.32274055480957
1432180800,164.50347900390625,28.108457565307617
1432267200,166.791015625,28.20450782775879
1432612800,165.65127563476562,27.923725128173828
1432699200,167.80235290527344,28.537019729614258
1432785600,167.85874938964844,28.618310928344727
1432872000,166.01495361328125,28.2266788482666
1433131200,167.31927490234375,28.50745964050293
1433217600,166.20819091796875,28.46312141418457
1433304000,167.7057342529297,28.825199127197266
1433390400,168.17276000976562,28.596134185791016
1433476800,169.44483947753906,29.0320987701416
1433736000,168.91348266601562,28.884319305419922
1433822400,168.2935333251953,28.913869857788086
1433908800,171.6027069091797,29.475452423095703
1433995200,172.2548828125,29.460670471191406
1434081600,171.5463409423828,29.2685604095459
1434340800,170.49960327148438,29.209444046020508
1434427200,171.94894409179688,29.364606857299805
1434513600,171.44171142578125,29.246383666992188
1434600000,172.7863006591797,29.40155601501465
1434686400,171.6510009765625,29.091209411621094
1434945600,174.3240966796875,29.44589614868164
1435032000,175.84585571289062,29.71190071105957
1435118400,172.64938354492188,29.290714263916016
1435204800,171.3531036376953,28.98037338256836
1435291200,171.6349639892578,29.18726921081543
1435550400,167.19044494628906,28.307958602905273
1435636800,168.1083526611328,28.662639617919922
1435723200,169.03421020507812,29.08382225036621
1435809600,168.43841552734375,28.817811965942383
1436155200,167.50448608398438,28.706974029541016
1436241600,167.64132690429688,28.537019729614258
1436328000,164.2999267578125,27.923725128173828
1436414400,164.90377807617188,28.152782440185547
1436500800,166.820068359375,28.551799774169922
1436760000,169.17918395996094,29.054271697998047
1436846400,170.82168579101562,29.34243392944336
1436932800,171.46583557128906,29.33506202697754
1437019200,170.0325927734375,29.490222930908203
1437105600,171.063232421875,29.704509735107422
1437364800,171.0069122314453,29.586284637451172
1437451200,170.29031372070312,29.6158504486084
1437537600,171.69932556152344,29.955747604370117
1437624000,169.92803955078125,29.51239013671875
1437710400,166.94891357421875,29.261157989501953
1437969600,165.0729217529297,29.00253677368164
1438056000,166.05517578125,29.00253677368164
1438142400,166.53826904296875,29.14347267150879
1438228800,166.82809448242188,29.15088653564453
1438315200,165.1132049560547,28.80968475341797
1438574400,164.80718994140625,28.750337600708008
1438660800,165.1936492919922,28.8690242767334
1438747200,165.62039184570312,28.92836570739746
1438833600,165.1292724609375,28.87645149230957
1438920000,163.80068969726562,28.6168270111084
1439179200,165.8378143310547,28.987695693969727
1439265600,162.39979553222656,28.127273559570312
1439352000,161.94082641601562,27.867660522460938
1439438400,161.62681579589844,28.001176834106445
1439524800,162.65744018554688,28.223705291748047
1439784000,163.1002960205078,28.29045295715332
1439870400,161.9810791015625,28.053098678588867
1439956800,161.7958984375,27.771228790283203
1440043200,158.41432189941406,26.829208374023438
1440129600,151.15985107421875,25.375375747680664
1440388800,144.4931640625,23.928951263427734
1440475200,143.49473571777344,23.558074951171875
1440561600,148.4706268310547,24.700376510620117
1440648000,152.3433837890625,25.442127227783203
1440734400,151.68896484375,25.25667953491211
1440993600,152.37574768066406,25.55339241027832
1441080000,147.14031982421875,24.566856384277344
1441166400,149.0712890625,25.06383514404297
1441252800,149.51564025878906,25.071247100830078
1441339200,145.7345428466797,24.618776321411133
1441684800,150.17813110351562,25.419878005981445
1441771200,150.01657104492188,25.034162521362305
1441857600,150.2023468017578,25.1231746673584
1441944000,149.68528747558594,25.212181091308594
1442203200,148.61074829101562,25.07866859436035
1442289600,151.44659423828125,25.649816513061523
1442376000,152.40805053710938,25.67949104309082
1442462400,150.63868713378906,25.25667953491211
1442548800,146.18702697753906,24.500102996826172
1442808000,148.13409423828125,24.73004722595215
1442894400,145.20135498046875,24.062471389770508
1442980800,144.9508056640625,23.973459243774414
1443067200,142.93101501464844,23.713844299316406
1443153600,145.29017639160156,23.877031326293945
1443412800,139.78811645507812,23.061098098754883
1443499200,138.85096740722656,23.001758575439453
1443585600,140.38597106933594,23.365215301513672
1443672000,142.21197509765625,23.365215301513672
1443758400,143.0117950439453,23.31330108642578
1444017600,145.99305725097656,23.95120620727539
1444104000,145.68606567382812,24.003122329711914
1444190400,147.22914123535156,24.42592430114746
1444276800,146.29200744628906,24.470430374145508
1444363200,144.77310180664062,24.270158767700195
1444622400,145.61328125,24.32949447631836
1444708800,146.21121215820312,24.18856430053711
1444795200,145.03160095214844,24.136640548706055
1444881600,149.43484497070312,24.93031883239746
1444968000,149.61257934570312,25.182519912719727
1445227200,150.06504821777344,23.973459243774414
1445313600,149.8792266845703,23.921531677246094
1445400000,145.1851348876953,23.350387573242188
1445486400,148.30374145507812,23.995702743530273
1445572800,149.87112426757812,24.195981979370117
1445832000,151.0911102294922,24.144067764282227
1445918400,150.5255889892578,23.906694412231445
1446004800,154.5732421875,24.920204162597656
1446091200,153.41793823242188,24.99472427368164
1446177600,151.48696899414062,24.5699462890625
1446440400,153.24827575683594,24.950016021728516
1446526800,154.06422424316406,24.80841827392578
1446613200,154.83993530273438,24.890390396118164
1446699600,155.13882446289062,25.24809455871582
1446786000,160.91551208496094,26.38829231262207
1447045200,158.96839904785156,26.164718627929688
1447131600,159.81675720214844,26.2615909576416
1447218000,159.4773406982422,26.09765625
1447304400,155.7447967529297,25.508928298950195
1447390800,153.8218536376953,25.28535270690918
1447650000,155.251953125,25.37477684020996
1447736400,153.96734619140625,25.031982421875
1447822800,156.46383666992188,25.523828506469727
1447909200,155.9548797607422,25.464210510253906
1447995600,154.69444274902344,25.270448684692383
1448254800,152.85247802734375,25.069246292114258
1448341200,152.43226623535156,25.031982421875
1448427600,152.820068359375,25.04688835144043
1448600400,153.8865509033203,25.173574447631836
1448859600,154.04869079589844,25.56109046936035
1448946000,156.52130126953125,26.28395652770996
1449032400,154.2432403564453,26.00077247619629
1449118800,150.14108276367188,25.672876358032227
1449205200,154.02438354492188,26.321218490600586
1449464400,150.376220703125,25.844270706176758
1449550800,148.29266357421875,25.382232666015625
1449637200,146.5010528564453,24.868040084838867
1449723600,147.63609313964844,24.905290603637695
1449810000,143.13665771484375,23.906702041625977
1450069200,143.00697326660156,23.757654190063477
1450155600,147.55499267578125,24.47307014465332
1450242000,150.9599151611328,25.04688835144043
1450328400,148.04141235351562,24.130266189575195
1450414800,142.2692413330078,23.317974090576172
1450674000,144.1014404296875,23.608612060546875
1450760400,145.96604919433594,24.011030197143555
1450846800,148.31707763671875,24.294214248657227
1450933200,147.9279022216797,24.204788208007812
1451278800,147.23880004882812,23.97376251220703
1451365200,148.78726196289062,24.256959915161133
1451451600,147.55499267578125,24.018476486206055
1451538000,146.11190795898438,23.705482482910156
1451883600,143.6068572998047,23.459569931030273
1451970000,141.13427734375,23.310522079467773
1452056400,137.68881225585938,22.7292537689209
1452142800,133.45701599121094,21.596513748168945
1452229200,132.90570068359375,21.149377822875977
1452488400,134.3568572998047,21.20899772644043
1452574800,134.34066772460938,21.20899772644043
1452661200,128.89271545410156,20.039005279541016
1452747600,130.8384246826172,20.232757568359375
1452834000,126.15254974365234,19.353397369384766
1453179600,127.13346099853516,19.569509506225586
1453266000,124.64470672607422,18.80938720703125
1453352400,122.94220733642578,18.466581344604492
1453438800,127.16597747802734,19.085119247436523
1453698000,122.51253509521484,18.61562156677246
1453784400,125.2121810913086,18.995689392089844
1453870800,124.6203384399414,19.018173217773438
1453957200,127.32806396484375,18.868257522583008
1454043600,130.97622680664062,19.400489807128906
1454302800,129.42779541015625,19.27305030822754
1454389200,122.98277282714844,18.366003036499023
1454475600,123.77720642089844,18.23106575012207
1454562000,126.86601257324219,18.748313903808594
1454648400,126.84976196289062,18.253555297851562
1454907600,120.99652862548828,16.99417495727539
1454994000,120.18587493896484,17.18907356262207
1455080400,119.35895538330078,17.016660690307617
1455166800,114.0569839477539,16.259525299072266
1455253200,118.46717834472656,17.30902099609375
1455598800,120.81007385253906,17.781280517578125
1455685200,122.36666870117188,18.163593292236328
1455771600,119.7643051147461,17.961198806762695
1455858000,119.09952545166016,17.99118423461914
1456117200,120.62361145019531,18.395984649658203
1456203600,117.47814178466797,17.77379035949707
1456290000,118.00511169433594,17.77379035949707
1456376400,120.18587493896484,18.463451385498047
1456462800,121.80726623535156,18.860759735107422
1456722000,121.75020599365234,18.515928268432617
1456808400,125.9190444946289,19.55791664123535
1456894800,125.55265045166016,19.57290267944336
1456981200,126.47272491455078,19.595394134521484
1457067600,127.7021713256836,19.58789825439453
1457326800,126.48900604248047,19.55791664123535
1457413200,123.4356918334961,18.748313903808594
1457499600,122.05963134765625,18.448457717895508
1457586000,122.96345520019531,18.478443145751953
1457672400,125.3409652709961,19.490446090698242
1457928000,124.97454071044922,19.4229793548584
1458014400,123.78582763671875,19.06315803527832
1458100800,122.57260131835938,18.860759735107422
1458187200,124.50233459472656,19.378000259399414
1458273600,128.321044921875,19.70033836364746
1458532800,127.25440216064453,19.445465087890625
1458619200,125.55265045166016,19.370502471923828
1458705600,125.4549331665039,18.943218231201172
1458792000,124.5755844116211,18.688335418701172
1459137600,125.25952911376953,18.530916213989258
1459224000,126.22843933105469,18.575897216796875
1459310400,127.42536163330078,18.793292999267578
1459396800,127.81619262695312,18.748313903808594
1459483200,130.12857055664062,19.138124465942383
1459742400,128.45941162109375,18.77079963684082
1459828800,126.48900604248047,18.276044845581055
1459915200,126.35874938964844,18.306026458740234
1460001600,122.46680450439453,17.781280517578125
1460088000,122.36092376708984,17.803770065307617
1460347200,123.92416381835938,18.07364273071289
1460433600,125.64221954345703,18.42597007751465
1460520000,130.15306091308594,19.400489807128906
1460606400,131.01611328125,19.617881774902344
1460692800,129.07009887695312,19.310535430908203
1460952000,129.4772186279297,19.28804588317871
1461038400,132.4328155517578,19.835275650024414
1461124800,135.9583740234375,20.54743003845215
1461211200,134.60679626464844,20.434980392456055
1461297600,135.77114868164062,20.76483154296875
1461556800,134.41946411132812,20.63738441467285
1461643200,135.03012084960938,20.652379989624023
1461729600,135.9095458984375,20.7503662109375
1461816000,133.76808166503906,20.524246215820312
1461902400,133.62156677246094,20.39610481262207
1462161600,135.30702209472656,20.546852111816406
1462248000,132.83177185058594,20.267969131469727
1462334400,130.3321075439453,19.808198928833008
1462420800,129.8924560546875,19.725276947021484
1462507200,129.33876037597656,19.78558921813965
1462766400,128.2477264404297,19.672523498535156
1462852800,131.43128967285156,20.072004318237305
1462939200,129.80287170410156,19.868494033813477
1463025600,128.70370483398438,19.770505905151367
1463112000,126.48086547851562,19.514232635498047
1463371200,126.5134506225586,19.75542449951172
1463457600,125.9190444946289,19.717744827270508
1463544000,130.22634887695312,20.531776428222656
1463630400,125.95977020263672,20.056921005249023
1463716800,125.80511474609375,20.177520751953125
1463976000,126.57038879394531,20.222749710083008
1464062400,128.3128204345703,20.659915924072266
1464148800,131.29293823242188,20.938800811767578
1464235200,129.64004516601562,20.667451858520508
1464321600,130.42491149902344,20.7503662109375
1464667200,130.38397216796875,20.6297664642334
1464753600,130.7846221923828,20.720211029052734
1464840000,130.2205047607422,20.561931610107422
1464926400,127.26911163330078,20.004165649414062
1465185600,128.40553283691406,20.237817764282227
1465272000,126.86035919189453,19.98908805847168
1465358400,126.42700958251953,20.004165649414062
1465444800,125.2252197265625,19.657442092895508
1465531200,122.5436019897461,19.250429153442383
1465790400,121.51354217529297,19.03938102722168
1465876800,119.51872253417969,18.541921615600586
1465963200,119.49417114257812,18.632366180419922
1466049600,119.87841796875,18.896175384521484
1466136000,119.06903839111328,19.077072143554688
1466395200,120.79408264160156,19.52177619934082
1466481600,121.2846450805664,19.74789810180664
1466568000,121.1129150390625,19.891109466552734
1466654400,124.80831146240234,20.5694637298584
1466740800,115.97865295410156,18.481616973876953
1467000000,114.05735778808594,17.795717239379883
1467086400,116.4283218383789,18.54945182800293
1467172800,118.95458221435547,19.016775131225586
1467259200,121.47262573242188,19.582069396972656
1467345600,121.20289611816406,19.53684425354004
1467691200,118.09613037109375,18.843408584594727
1467777600,119.01998138427734,18.956470489501953
1467864000,120.18093872070312,19.363492965698242
1467950400,122.94425964355469,19.87603187561035
1468209600,124.42400360107422,19.943866729736328
1468296000,128.29110717773438,20.6297664642334
1468382400,129.108642578125,20.471481323242188
1468468800,132.88572692871094,21.1046199798584
1468555200,132.14991760253906,21.112154006958008
1468814400,133.5316619873047,21.26290512084961
1468900800,131.96188354492188,21.247827529907227
1468987200,132.2562255859375,21.692533493041992
1469073600,130.8500518798828,21.7603702545166
1469160000,131.14437866210938,21.798059463500977
1469419200,131.22607421875,21.956344604492188
1469505600,131.75753784179688,22.031715393066406
1469592000,131.61856079101562,22.024133682250977
1469678400,131.24244689941406,21.902692794799805
1469764800,129.83628845214844,21.80403709411621
1470024000,129.32119750976562,21.629484176635742
1470110400,127.5880126953125,21.250017166137695
1470196800,129.45196533203125,21.568767547607422
1470283200,129.21495056152344,21.462522506713867
1470369600,132.51780700683594,22.01653480529785
1470628800,133.12283325195312,22.10002326965332
1470715200,133.6215057373047,22.266977310180664
1470801600,132.59963989257812,22.092424392700195
1470888000,133.96493530273438,22.29733657836914
1470974400,133.46617126464844,22.137968063354492
1471233600,135.3466339111328,22.509841918945312
1471320000,135.42837524414062,22.957611083984375
1471406400,135.44473266601562,23.048688888549805
1471492800,135.76351928710938,23.185285568237305
1471579200,135.90257263183594,23.185285568237305
1471838400,135.92706298828125,23.22323989868164
1471924800,135.7798614501953,23.314308166503906
1472011200,135.14224243164062,23.458499908447266
1472097600,135.6327362060547,23.504037857055664
1472184000,135.68997192382812,23.648229598999023
1472443200,136.42578125,23.837961196899414
1472529600,139.0111083984375,24.429929733276367
1472616000,139.08499145507812,24.33127784729004
1472702400,138.30531311035156,24.21742820739746
1472788800,138.85519409179688,24.20224952697754
1473134400,138.97828674316406,24.096004486083984
1473220800,139.2573699951172,24.05047035217285
1473307200,140.8906707763672,24.31609535217285
1473393600,138.35452270507812,23.974573135375977
1473652800,140.39817810058594,24.467878341674805
1473739200,137.06597900390625,23.87591552734375
1473825600,136.3765106201172,23.951805114746094
1473912000,137.95236206054688,24.247793197631836
1473998400,136.24517822265625,23.974573135375977
1474257600,136.41749572753906,23.98216438293457
1474344000,136.63099670410156,24.058055877685547
1474430400,137.09054565429688,24.22501564025879
1474516800,137.9031219482422,24.467878341674805
1474603200,135.53114318847656,24.21742820739746
1474862400,132.535400390625,23.549571990966797
1474948800,133.692626953125,23.79243278503418
1475035200,134.15223693847656,24.111186981201172
1475121600,130.45884704589844,23.557167053222656
1475208000,132.36305236816406,24.33127784729004
1475467200,132.19888305664062,24.247793197631836
1475553600,133.18382263183594,24.31609535217285
1475640000,136.573486328125,24.71074104309082
1475726400,137.18905639648438,24.581716537475586
1475812800,139.38870239257812,24.52100372314453
1476072000,140.3817901611328,24.71074104309082
1476158400,138.74024963378906,24.42234992980957
1476244800,138.95367431640625,24.21742820739746
1476331200,137.41065979003906,24.0808162689209
1476417600,139.95498657226562,24.3388614654541
1476676800,138.70745849609375,24.126361846923828
1476763200,141.68679809570312,24.528593063354492
1476849600,143.22982788085938,24.991540908813477
1476936000,143.22982788085938,24.96877670288086
1477022400,143.361083984375,25.37860107421875
1477281600,143.73046875,25.333059310913086
1477368000,144.08335876464844,25.310285568237305
1477454400,145.33094787597656,25.492429733276367
1477540800,145.88906860351562,25.820722579956055
1477627200,145.3883819580078,25.591686248779297
1477886400,146.29122924804688,25.62984848022461
1477972800,146.14349365234375,25.469532012939453
1478059200,144.9287872314453,25.13360023498535
1478145600,144.62510681152344,25.049617767333984
1478232000,144.38705444335938,25.026708602905273
1478494800,148.9505157470703,25.958147048950195
1478581200,149.31161499023438,26.034509658813477
1478667600,158.10183715820312,27.882108688354492
1478754000,164.86488342285156,29.027320861816406
1478840400,167.3845977783203,29.386167526245117
1479099600,171.68536376953125,30.042741775512695
1479186000,173.33511352539062,30.53899383544922
1479272400,169.2887725830078,29.92058753967285
1479358800,172.05465698242188,30.516098022460938
1479445200,172.64569091796875,30.86729621887207
1479704400,173.2447967529297,30.966550827026367
1479790800,173.2694091796875,30.951282501220703
1479877200,174.25436401367188,31.333011627197266
1480050000,173.49102783203125,31.37881851196289
1480309200,172.64569091796875,30.874929428100586
1480395600,174.33340454101562,30.997079849243164
1480482000,180.54104614257812,31.57732391357422
1480568400,186.5841064453125,32.188106536865234
1480654800,183.89190673828125,31.936155319213867
1480914000,188.16482543945312,32.13467025756836
1481000400,190.49476623535156,32.45532989501953
1481086800,193.93609619140625,32.55458450317383
1481173200,198.78536987304688,33.272247314453125
1481259600,199.11474609375,33.38676452636719
1481518800,195.26168823242188,32.81414794921875
1481605200,196.39781188964844,32.493507385253906
1481691600,197.5339813232422,32.72254180908203
1481778000,200.06149291992188,32.837059020996094
1481864400,196.68594360351562,32.60801696777344
1482123600,196.8258819580078,32.699642181396484
1482210000,200.13558959960938,33.21116638183594
1482296400,198.77713012695312,33.111915588378906
1482382800,197.69039916992188,32.669105529785156
1482469200,198.3901824951172,32.8752326965332
1482814800,198.87594604492188,32.92103958129883
1482901200,198.12669372558594,32.539306640625
1482987600,196.0931854248047,32.18046569824219
1483074000,197.13876342773438,32.2568244934082
1483419600,198.88417053222656,32.86759948730469
1483506000,200.1685333251953,33.30278015136719
1483592400,198.67837524414062,32.997398376464844
1483678800,201.625732421875,33.47837448120117
1483938000,199.9708709716797,32.60801696777344
1484024400,199.70742797851562,32.8752326965332
1484110800,202.333740234375,33.34096145629883
1484197200,200.7530059814453,33.310428619384766
1484283600,201.1317596435547,33.447845458984375
1484629200,194.0843505859375,32.18046569824219
1484715600,192.89053344726562,32.72254180908203
1484802000,190.51947021484375,32.40951919555664
1484888400,191.1697998046875,32.51640701293945
1485147600,191.5568084716797,32.03541564941406
1485234000,192.38833618164062,32.623291015625
1485320400,195.32754516601562,33.48601150512695
1485406800,197.24578857421875,33.60816955566406
1485493200,195.0804901123047,33.4777946472168
1485752400,192.56944274902344,33.07129669189453
1485838800,188.7987518310547,32.588111877441406
1485925200,189.9102020263672,32.74917984008789
1486011600,189.69618225097656,32.31200408935547
1486098000,198.3737030029297,34.076019287109375
1486357200,197.57513427734375,34.22941589355469
1486443600,197.2786865234375,34.41347122192383
1486530000,195.72271728515625,33.67719650268555
1486616400,198.86769104003906,34.39813995361328
1486702800,199.8309783935547,34.2830924987793
1486962000,202.75369262695312,34.71259689331055
1487048400,205.37997436523438,35.31081008911133
1487134800,206.2691192626953,35.65595245361328
1487221200,205.36354064941406,35.364501953125
1487307600,206.13743591308594,35.39519119262695
1487653200,207.27357482910156,35.70964813232422
1487739600,207.2488555908203,35.67896270751953
1487826000,206.80430603027344,35.72498321533203
1487912400,203.64280700683594,34.9196662902832
1488171600,205.2729949951172,35.15742492675781
1488258000,204.7611846923828,35.027042388916016
1488344400,208.59950256347656,35.9013786315918
1488430800,207.237548828125,35.49488830566406
1488517200,208.7481231689453,35.91672134399414
1488776400,208.02166748046875,35.717308044433594
1488862800,207.10537719726562,35.53323745727539
1488949200,206.5606689453125,35.579261779785156
1489035600,206.51109313964844,35.801673889160156
1489122000,205.02532958984375,35.65595245361328
1489377600,204.8436737060547,35.479549407958984
1489464000,204.48052978515625,35.425872802734375
1489550400,203.70455932617188,35.16509246826172
1489636800,204.89321899414062,35.53323745727539
1489723200,201.3603057861328,34.52851486206055
1489982400,199.87451171875,34.19873809814453
1490068800,192.32986450195312,32.7184944152832
1490155200,190.7367706298828,32.37336349487305
1490241600,191.42190551757812,32.66481399536133
1490328000,188.54110717773438,32.56510543823242
1490587200,186.12249755859375,31.89017677307129
1490673600,189.30047607421875,32.588111877441406
1490760000,188.57406616210938,32.825870513916016
1490846400,190.86058044433594,33.30906295776367
1490932800,189.62240600585938,32.8565559387207
1491192000,188.9950714111328,32.756839752197266
1491278400,189.2427215576172,32.60345458984375
1491364800,187.9219970703125,32.01289367675781
1491451200,188.7309112548828,32.281333923339844
1491537600,188.1035614013672,32.17396545410156
1491796800,188.93728637695312,32.14327621459961
1491883200,187.98805236816406,31.89017677307129
1491969600,186.34536743164062,31.499040603637695
1492056000,184.33953857421875,31.20758628845215
1492401600,186.7663116455078,31.821157455444336
1492488000,177.9588165283203,31.606393814086914
1492574400,176.7205810546875,32.24298858642578
1492660800,179.9976348876953,32.595787048339844
1492747200,179.0071258544922,32.05890655517578
1493006400,184.25698852539062,33.40876007080078
1493092800,187.07177734375,33.953304290771484
1493179200,186.71682739257812,34.029991149902344
1493265600,186.39486694335938,33.54463577270508
1493352000,184.73577880859375,33.413658142089844
1493611200,185.6024627685547,33.698707580566406
1493697600,185.82533264160156,33.398250579833984
1493784000,186.8076171875,33.4984016418457
1493870400,187.0387725830078,33.34431076049805
1493956800,187.26980590820312,33.19022750854492
1494216000,185.7510223388672,33.14400100708008
1494302400,184.70272827148438,32.99761962890625
1494388800,185.627197265625,33.20563888549805
1494475200,185.52821350097656,33.028438568115234
1494561600,183.92681884765625,32.92057418823242
1494820800,185.82533264160156,33.45988845825195
1494907200,186.22157287597656,33.42136001586914
1494993600,176.4152069091797,31.564624786376953
1495080000,177.60382080078125,31.826560974121094
1495166400,177.79373168945312,32.20408248901367
1495425600,178.3137664794922,32.09621047973633
1495512000,181.3018798828125,32.68174362182617
1495598400,184.76051330566406,32.84354782104492
1495684800,183.6378936767578,32.84354782104492
1495771200,184.51292419433594,33.00532913208008
1496116800,180.90182495117188,32.57388687133789
1496203200,174.97171020507812,32.15784454345703
1496289600,178.0775146484375,32.82811737060547
1496376000,176.6695556640625,32.758785247802734
1496635200,177.23275756835938,33.043846130371094
1496721600,177.67999267578125,33.082366943359375
1496808000,178.71531677246094,33.34431076049805
1496894400,181.1833953857422,33.97606658935547
1496980800,184.23126220703125,34.600120544433594
1497240000,183.7923583984375,34.55389404296875
1497326400,185.68894958496094,34.785030364990234
1497412800,187.60218811035156,34.600120544433594
1497499200,184.88555908203125,34.43061828613281
1497585600,183.70948791503906,34.268836975097656
1497844800,187.2874755859375,35.22416687011719
1497931200,186.43435668945312,35.0546760559082
1498017600,184.27268981933594,34.600120544433594
1498104000,182.0198974609375,34.36899948120117
1498190400,179.88308715820312,33.66018295288086
1498449600,182.57481384277344,33.899024963378906
1498536000,182.44229125976562,34.06852340698242
1498622400,184.87733459472656,34.14556884765625
1498708800,185.86289978027344,34.476844787597656
1498795200,183.78402709960938,34.33047103881836
1499054400,188.2399139404297,35.13943862915039
1499227200,188.869384765625,35.56315231323242
1499313600,187.7512664794922,35.5400390625
1499400000,186.58348083496094,35.47841262817383
1499659200,187.04718017578125,35.432186126708984
1499745600,187.96658325195312,35.03927230834961
1499832000,188.33102416992188,34.638641357421875
1499918400,190.82398986816406,35.07008361816406
1500004800,189.33319091796875,34.823551177978516
1500264000,189.8797607421875,34.923702239990234
1500350400,184.95179748535156,34.77731704711914
1500436800,184.58746337890625,35.91755676269531
1500523200,184.11529541015625,35.83281326293945
1500609600,182.35946655273438,35.89445114135742
1500868800,180.70301818847656,35.98689651489258
1500955200,183.51898193359375,36.68028259277344
1501041600,184.07394409179688,36.37210464477539
1501128000,183.43621826171875,36.472801208496094
1501214400,185.20033264160156,36.13975143432617
1501473600,186.62489318847656,36.32564163208008
1501560000,188.00799560546875,36.56575012207031
1501646400,187.40335083007812,36.658687591552734
1501732800,185.51504516601562,36.6044807434082
1501819200,190.3187713623047,37.239585876464844
1502078400,192.91114807128906,37.417724609375
1502164800,192.19058227539062,37.123416900634766
1502251200,191.32916259765625,36.90653610229492
1502337600,186.7657012939453,35.860923767089844
1502424000,185.64752197265625,35.35747146606445
1502683200,188.3061981201172,36.0235710144043
1502769600,188.4966278076172,35.96160125732422
1502856000,186.85675048828125,35.63630294799805
1502942400,183.38645935058594,34.923736572265625
1503028800,183.99107360839844,35.15608596801758
1503288000,182.86471557617188,34.60618209838867
1503374400,185.1754608154297,35.295509338378906
1503460800,184.47975158691406,35.47365951538086
1503547200,184.68678283691406,35.62855529785156
1503633600,184.2561798095703,35.58209991455078
1503892800,182.50027465820312,35.225799560546875
1503979200,182.79945373535156,35.12511444091797
1504065600,184.84384155273438,35.36521530151367
1504152000,185.94085693359375,35.241294860839844
1504238400,187.7193603515625,35.77573013305664
1504584000,180.98776245117188,34.76883316040039
1504670400,181.8603973388672,34.90823745727539
1504756800,179.3755340576172,34.133705139160156
1504843200,180.5140838623047,34.08724594116211
1505102400,183.71363830566406,34.97795104980469
1505188800,187.77749633789062,35.43492126464844
1505275200,188.28439331054688,35.798954010009766
1505361600,188.52540588378906,35.95386505126953
1505448000,187.17086791992188,36.09327697753906
1505707200,189.090576171875,36.65094757080078
1505793600,190.23741149902344,36.92203903198242
1505880000,190.96875,37.092430114746094
1505966400,192.21531677246094,37.37900924682617
1506052800,191.99928283691406,37.34803771972656
1506312000,191.35939025878906,36.976261138916016
1506398400,191.09339904785156,36.7593879699707
1506484800,195.0990753173828,37.23185348510742
1506571200,195.689208984375,37.29381561279297
1506657600,197.11856079101562,37.30931091308594
1506916800,199.9940185546875,37.89020538330078
1507003200,200.80015563964844,38.169029235839844
1507089600,199.71142578125,37.959903717041016
1507176000,204.49008178710938,38.44011688232422
1507262400,204.4568634033203,38.540809631347656
1507521600,201.78085327148438,38.24648666381836
1507608000,201.6146240234375,38.33169174194336
1507694400,201.4484100341797,38.091583251953125
1507780800,199.28761291503906,37.634605407714844
1507867200,198.2322235107422,37.409996032714844
1508126400,201.45672607421875,37.90569305419922
1508212800,196.20443725585938,38.04512023925781
1508299200,201.14085388183594,38.8428840637207
1508385600,199.44554138183594,38.56404495239258
1508472000,203.384765625,39.25338363647461
1508731200,201.22401428222656,39.19916534423828
1508817600,203.4761505126953,39.55545425415039
1508904000,200.87498474121094,39.13720703125
1508990400,200.88330078125,39.32309341430664
1509076800,200.87498474121094,39.62516784667969
1509336000,200.1935272216797,39.274906158447266
1509422400,201.514892578125,38.916873931884766
1509508800,202.99415588378906,38.62887191772461
1509595200,205.1715087890625,39.2437744140625
1509681600,203.11053466796875,38.93243408203125
1509944400,202.35426330566406,39.025840759277344
1510030800,199.29592895507812,38.442081451416016
1510117200,200.49266052246094,38.169677734375
1510203600,200.11041259765625,37.99843215942383
1510290000,199.5784912109375,37.951725006103516
1510549200,199.67820739746094,37.850547790527344
1510635600,197.16014099121094,37.65596008300781
1510722000,197.46763610839844,37.438026428222656
1510808400,198.93031311035156,37.82719421386719
1510894800,197.808349609375,37.905033111572266
1511154000,197.89979553222656,38.22415542602539
1511240400,197.808349609375,38.43430709838867
1511326800,196.48695373535156,38.20857620239258
1511499600,196.0880584716797,38.185245513916016
1511758800,195.38998413085938,38.13853454589844
1511845200,198.96353149414062,39.22821807861328
1511931600,201.21444702148438,39.94426727294922
1512018000,206.44989013671875,40.16999435424805
1512104400,207.5419921875,40.434635162353516
1512363600,208.9591827392578,41.00282287597656
1512450000,207.025146484375,40.48133087158203
1512536400,205.04098510742188,40.23227310180664
1512622800,207.21681213378906,40.74595642089844
1512709200,208.70913696289062,41.166263580322266
1512968400,208.5257110595703,41.0728645324707
1513054800,214.8199462890625,41.9134635925293
1513141200,213.05255126953125,41.39197540283203
1513227600,212.98585510253906,40.97168731689453
1513314000,214.39476013183594,41.329715728759766
1513573200,216.77072143554688,41.43868637084961
1513659600,213.81954956054688,41.19740676879883
1513746000,212.73573303222656,40.870487213134766
1513832400,217.5960693359375,41.15848922729492
1513918800,215.8953857421875,41.03395080566406
1514264400,214.853271484375,40.839359283447266
1514350800,213.37767028808594,40.917198181152344
1514437200,213.83616638183594,40.97945785522461
1514523600,212.38560485839844,40.839359283447266
1514869200,213.144287109375,40.62141799926758
1514955600,211.16009521484375,40.73039627075195
1515042000,214.1112823486328,41.35307312011719
1515128400,213.0192108154297,41.33749771118164
1515387600,209.92625427246094,41.166263580322266
1515474000,211.7020263671875,41.485374450683594
1515560400,212.0271453857422,41.97574996948242
1515646800,212.69407653808594,42.185890197753906
1515733200,214.2780303955078,42.901954650878906
1516078800,215.4701690673828,42.497222900390625
1516165200,211.4602508544922,43.08097457885742
1516251600,209.2259979248047,43.46234893798828
1516338000,213.51943969726562,44.7232780456543
1516597200,218.021240234375,44.645442962646484
1516683600,216.82908630371094,44.29517364501953
1516770000,221.4892578125,44.552032470703125
1516856400,224.28208923339844,44.21734619140625
1516942800,223.54013061523438,44.83224105834961
1517202000,227.1582489013672,44.715484619140625
1517288400,224.20709228515625,44.24643325805664
1517374800,223.33169555664062,44.207366943359375
1517461200,226.9498748779297,44.91092300415039
1517547600,216.78741455078125,43.37089538574219
1517806800,207.67535400390625,41.08040237426758
1517893200,215.6702423095703,42.471900939941406
1517979600,214.33639526367188,42.64386749267578
1518066000,205.3744659423828,40.48627471923828
1518152400,207.83377075195312,40.7598876953125
1518411600,211.0517578125,41.76832580566406
1518498000,213.0275115966797,41.737064361572266
1518584400,218.9049072265625,43.03474044799805
1518670800,223.15658569335938,43.30835723876953
1518757200,223.10665893554688,43.10511016845703
1519102800,220.8306884765625,43.04255294799805
1519189200,219.58853149414062,43.07382583618164
1519275600,217.94618225097656,42.88621139526367
1519362000,222.39794921875,43.832115173339844
1519621200,226.1411590576172,44.566959381103516
1519707600,223.3650360107422,44.34024429321289
1519794000,219.81201171875,43.793025970458984
1519880400,214.6705322265625,42.596981048583984
1519966800,215.79078674316406,42.79240417480469
1520226000,219.97080993652344,43.37870788574219
1520312400,223.15603637695312,44.21516418457031
1520398800,221.8351593017578,44.46532440185547
1520485200,222.66278076171875,44.527862548828125
1520571600,226.3662567138672,45.86464309692383
1520827200,228.5482635498047,46.052249908447266
1520913600,224.49365234375,45.364322662353516
1521000000,221.06600952148438,44.55133056640625
1521086400,222.88851928710938,44.73112487792969
1521172800,223.7161102294922,44.957828521728516
1521432000,219.47752380371094,44.52004623413086
1521518400,220.02931213378906,44.92655563354492
1521604800,218.9091033935547,44.64512634277344
1521691200,211.17601013183594,42.714237213134766
1521777600,205.03965759277344,40.705169677734375
1522036800,213.08212280273438,42.448448181152344
1522123200,206.7117156982422,41.549442291259766
1522209600,208.4757080078125,41.36182403564453
1522296000,210.55735778808594,42.182655334472656
1522641600,206.78695678710938,41.213294982910156
1522728000,209.48727416992188,41.56507873535156
1522814400,211.1926727294922,41.9559440612793
1522900800,213.859619140625,42.88621139526367
1522987200,208.97731018066406,41.46343994140625
1523246400,210.833251953125,41.705787658691406
1523332800,214.4949951171875,42.3233528137207
1523419200,211.46029663085938,41.22893142700195
1523505600,217.01968383789062,42.096656799316406
1523592000,213.95159912109375,41.41655349731445
1523851200,215.5901641845703,41.744873046875
1523937600,212.03712463378906,41.619808197021484
1524024000,212.34642028808594,41.635433197021484
1524110400,212.48854064941406,42.76112747192383
1524196800,210.64097595214844,42.573509216308594
1524456000,206.2184600830078,41.9324951171875
1524542400,202.7239990234375,41.48690414428711
1524628800,199.99853515625,40.68171310424805
1524715200,200.71749877929688,40.806793212890625
1524801600,200.4750518798828,40.73609924316406
1525060800,199.24615478515625,40.54757308959961
1525147200,197.85838317871094,40.69683074951172
1525233600,195.66806030273438,40.61042022705078
1525320000,195.13294982910156,40.1234130859375
1525406400,196.41212463378906,40.374778747558594
1525665600,198.3014678955078,41.152408599853516
1525752000,198.13426208496094,41.9300537109375
1525838400,202.08856201171875,42.52704620361328
1525924800,203.5181427001953,43.2339973449707
1526011200,203.08343505859375,43.35966873168945
1526270400,203.9110870361328,43.37538528442383
1526356800,201.94647216796875,43.084747314453125
1526443200,201.4448699951172,43.17900848388672
1526529600,199.889892578125,43.1004524230957
1526616000,198.13426208496094,42.35422897338867
1526875200,198.71945190429688,42.699851989746094
1526961600,198.97030639648438,43.108306884765625
1527048000,198.8114471435547,42.691993713378906
1527134400,197.3818359375,42.41706085205078
1527220800,196.4706268310547,41.63942337036133
1527566400,189.7992706298828,39.2436408996582
1527652800,192.25747680664062,40.03700256347656
1527739200,189.50559997558594,39.38502883911133
1527825600,191.57786560058594,40.22551345825195
1528084800,192.86988830566406,40.49257278442383
1528171200,191.56942749023438,39.88774871826172
1528257600,194.83303833007812,40.775367736816406
1528344000,195.8566131591797,40.95603942871094
1528430400,195.80625915527344,40.775367736816406
1528689600,196.3935089111328,40.67323684692383
1528776000,195.1686553955078,40.311927795410156
1528862400,196.17539978027344,40.531864166259766
1528948800,196.0243377685547,40.30406951904297
1529035200,194.57298278808594,40.18624496459961
1529294400,194.12835693359375,39.87989044189453
1529380800,191.5526885986328,39.21223068237305
1529467200,191.1332244873047,39.18865203857422
1529553600,190.42845153808594,39.110103607177734
1529640000,189.62303161621094,38.403160095214844
1529899200,185.86447143554688,37.649070739746094
1529985600,185.89805603027344,37.53910827636719
1530072000,184.72349548339844,37.06779861450195
1530158400,187.44171142578125,37.931854248046875
1530244800,185.05067443847656,37.23276138305664
1530504000,187.30755615234375,37.48413848876953
1530590400,184.89134216308594,36.93427658081055
1530763200,185.19332885742188,36.68290328979492
1530849600,186.07423400878906,36.9892463684082
1531108800,191.27584838867188,38.026119232177734
1531195200,190.31939697265625,37.78260803222656
1531281600,189.321044921875,37.50768280029297
1531368000,190.62982177734375,37.71977233886719
1531454400,189.9502716064453,37.76689147949219
1531713600,194.17025756835938,38.41101837158203
1531800000,193.8179168701172,38.63095474243164
1531886400,194.0024871826172,39.714942932128906
1531972800,192.65174865722656,39.1572265625
1532059200,194.38002014160156,39.48714828491211
1532318400,196.11666870117188,39.856327056884766
1532404800,197.895263671875,40.044857025146484
1532491200,198.5748291015625,40.09197998046875
1532577600,198.92721557617188,40.052703857421875
1532664000,199.37185668945312,40.099830627441406
1532923200,200.47091674804688,40.21836471557617
1533009600,199.19566345214844,39.949710845947266
1533096000,198.02951049804688,39.64945602416992
1533182400,196.30963134765625,39.35710525512695
1533268800,196.3935089111328,39.436119079589844
1533528000,197.93722534179688,39.49932861328125
1533614400,199.53126525878906,39.60995101928711
1533700800,198.3063507080078,39.602054595947266
1533787200,196.13343811035156,39.06475067138672
1533873600,192.6349334716797,38.235107421875
1534132800,190.3278045654297,37.41334915161133
1534219200,192.593017578125,37.81632995605469
1534305600,192.33291625976562,37.492366790771484
1534392000,195.47909545898438,38.16398620605469
1534478400,195.79782104492188,38.21928787231445
1534737600,197.81138610839844,38.15608596801758
1534824000,200.21922302246094,38.3536262512207
1534910400,200.798095703125,38.401023864746094
1534996800,198.2811737060547,38.029666900634766
1535083200,197.2493133544922,38.03757095336914
1535342400,203.53314208984375,39.420310974121094
1535428800,203.34014892578125,39.507225036621094
1535515200,203.1970672607422,39.46772766113281
1535601600,201.51358032226562,38.95411682128906
1535688000,200.1752471923828,38.58275604248047
1536033600,200.04898071289062,38.487937927246094
1536120000,199.9647979736328,38.495845794677734
1536206400,197.40586853027344,37.871620178222656
1536292800,196.89242553710938,38.10076904296875
1536552000,195.20896911621094,37.87953567504883
1536638400,193.77793884277344,37.81632995605469
1536724800,192.0439453125,37.51605987548828
1536811200,192.1954803466797,37.7056999206543
1536897600,192.96145629882812,38.07707595825195
1537156800,191.8250732421875,37.67409133911133
1537243200,192.66683959960938,37.80842208862305
1537329600,198.29812622070312,38.79610061645508
1537416000,199.83006286621094,39.41241455078125
1537502400,198.09609985351562,39.04103469848633
1537761600,196.042236328125,38.36942672729492
1537848000,195.70553588867188,38.14818572998047
1537934400,192.6584014892578,37.68990707397461
1538020800,191.69883728027344,37.745201110839844
1538107200,188.75271606445312,36.79703140258789
1538366400,189.6702117919922,36.84444046020508
1538452800,190.29310607910156,36.84444046020508
1538539200,191.7324981689453,37.22370910644531
1538625600,191.47999572753906,37.35014724731445
1538712000,189.99014282226562,36.939266204833984
1538971200,189.68707275390625,37.15259552001953
1539057600,187.63320922851562,36.47307205200195
1539144000,180.88243103027344,35.25625228881836
1539230400,179.26632690429688,34.3633918762207
1539316800,180.02383422851562,34.31599426269531
1539576000,181.1602020263672,34.34758377075195
1539662400,186.61468505859375,36.29924011230469
1539748800,192.1533660888672,37.28691482543945
1539835200,189.3503875732422,36.370357513427734
1539921600,191.042236328125,36.67850875854492
1540180800,186.53053283691406,35.643428802490234
1540267200,183.97164916992188,35.17723846435547
1540353600,176.0760498046875,34.3633918762207
1540440000,180.1416778564453,35.200927734375
1540526400,178.75282287597656,34.74265670776367
1540785600,180.54574584960938,34.72686004638672
1540872000,184.57765197753906,35.40309143066406
1540958400,189.70391845703125,36.32595443725586
1541044800,191.0507049560547,36.50894546508789
1541131200,193.34022521972656,36.556678771972656
1541394000,192.52377319335938,36.45325469970703
1541480400,192.08599853515625,36.373695373535156
1541566800,194.67861938476562,37.081756591796875
1541653200,194.9900360107422,36.93854522705078
1541739600,187.41432189941406,36.38166046142578
1541998800,173.44140625,35.10873031616211
1542085200,172.5996551513672,35.54631042480469
1542171600,170.44476318359375,34.88596725463867
1542258000,171.49696350097656,35.243980407714844
1542344400,170.1333465576172,35.10873031616211
1542603600,166.85047912597656,35.33149719238281
1542690000,161.05935668945312,34.28928756713867
1542776400,162.1199493408203,34.790504455566406
1542949200,159.17385864257812,34.27338409423828
1543208400,163.58460998535156,35.22806930541992
1543294800,163.00375366210938,35.045082092285156
1543381200,166.95999145507812,36.047515869140625
1543467600,164.67811584472656,35.41105651855469
1543554000,161.16220092773438,35.315574645996094
1543813200,161.95663452148438,36.1270637512207
1543899600,155.77017211914062,34.305206298828125
1544072400,155.58419799804688,33.89945602416992
1544158800,151.8486328125,32.8731575012207
1544418000,151.1387176513672,32.38785934448242
1544504400,149.42303466796875,32.31626510620117
1544590800,149.33848571777344,32.467430114746094
1544677200,148.67929077148438,32.30034637451172
1544763600,146.01707458496094,31.536603927612305
1545022800,141.994140625,31.504777908325195
1545109200,144.94371032714844,31.735483169555664
1545195600,143.0421600341797,31.266109466552734
1545282000,142.3322296142578,30.955827713012695
1545368400,135.2667694091797,29.977270126342773
1545627600,132.1396942138672,29.444232940673828
1545800400,137.7007598876953,31.266109466552734
1545886800,139.7967987060547,31.552505493164062
1545973200,137.7852783203125,31.321781158447266
1546232400,141.1828155517578,31.5445556640625
1546405200,145.3916778564453,32.14124298095703
1546491600,143.26185607910156,31.56842613220215
1546578000,147.9440460205078,32.85725021362305
1546837200,148.76382446289062,33.183433532714844
1546923600,148.2144775390625,32.976600646972656
1547010000,149.14410400390625,33.20730209350586
1547096400,148.74688720703125,33.14365768432617
1547182800,149.53289794921875,33.20730209350586
1547442000,151.04571533203125,33.796024322509766
1547528400,152.05145263671875,34.114261627197266
1547614800,166.5626983642578,35.395145416259766
1547701200,168.2615203857422,33.83580780029297
1547787600,171.17730712890625,34.75868606567383
1548133200,167.06985473632812,33.74033737182617
1548219600,166.4105987548828,33.53349304199219
1548306000,167.1712646484375,33.45392608642578
1548392400,169.656005859375,34.193817138671875
1548651600,168.79393005371094,33.93128967285156
1548738000,169.4531707763672,33.803993225097656
1548824400,171.1265869140625,34.28472900390625
1548910800,167.3487091064453,33.89212417602539
1548997200,166.10633850097656,33.507530212402344
1549256400,167.1036376953125,34.02031707763672
1549342800,167.3487091064453,34.01231384277344
1549429200,166.17398071289062,33.95622253417969
1549515600,163.1737060546875,33.235103607177734
1549602000,161.99046325683594,32.69829559326172
1549861200,161.70310974121094,32.21754837036133
1549947600,164.373779296875,32.970703125
1550034000,164.54281616210938,33.00276184082031
1550120400,162.7173309326172,32.626182556152344
1550206800,167.7628631591797,33.643741607666016
1550552400,167.906494140625,33.779945373535156
1550638800,167.8473663330078,33.98827362060547
1550725200,165.9542236328125,33.619693756103516
1550811600,165.6499786376953,33.483497619628906
1551070800,167.8896484375,33.80398178100586
1551157200,168.10092163085938,33.98025131225586
1551243600,168.10092163085938,34.10044479370117
1551330000,166.91294860839844,33.63572692871094
1551416400,168.18577575683594,34.0523681640625
1551675600,166.3019561767578,33.65175247192383
1551762000,166.3189239501953,33.571632385253906
1551848400,165.249755859375,33.3472900390625
1551934800,163.5780487060547,32.986732482910156
1552021200,165.67404174804688,33.13896179199219
1552276800,166.29347229003906,33.53157043457031
1552363200,166.85357666015625,33.67578887939453
1552449600,167.379638671875,33.98025131225586
1552536000,167.5663604736328,34.2046012878418
1552622400,168.23670959472656,34.71738815307617
1552881600,171.80918884277344,35.27824783325195
1552968000,170.66363525390625,35.21416091918945
1553054400,164.89340209960938,34.477027893066406
1553140800,165.11398315429688,34.55714416503906
1553227200,160.3450469970703,33.42742156982422
1553486400,159.96315002441406,33.05083465576172
1553572800,161.81304931640625,33.555606842041016
1553659200,161.2530059814453,33.146976470947266
1553745600,162.22885131835938,33.59565734863281
1553832000,162.91616821289062,33.8120002746582
1554091200,166.94691467285156,34.87763214111328
1554177600,167.59176635742188,35.013851165771484
1554264000,170.44297790527344,35.558685302734375
1554350400,171.60548400878906,35.999366760253906
1554436800,171.73280334472656,35.97532653808594
1554696000,171.86854553222656,36.039424896240234
1554782400,170.2393341064453,35.4625358581543
1554868800,172.241943359375,35.614768981933594
1554955200,172.11463928222656,35.89520263671875
1555041600,176.36593627929688,37.4095344543457
1555300800,169.63682556152344,36.9207878112793
1555387200,171.27455139160156,37.67393493652344
1555473600,176.41688537597656,38.66746139526367
1555560000,174.72825622558594,38.09859085083008
1555905600,173.61656188964844,37.89027404785156
1555992000,173.22630310058594,37.93834686279297
1556078400,170.1714324951172,37.96236801147461
1556164800,170.90113830566406,37.89027404785156
1556251200,172.3267822265625,38.37101745605469
1556510400,175.58526611328125,39.072471618652344
1556596800,174.7366943359375,38.903167724609375
1556683200,173.7269287109375,38.35488510131836
1556769600,173.9475555419922,38.54838943481445
1556856000,176.09442138671875,38.749961853027344
1557115200,175.1694793701172,38.46775436401367
1557201600,171.9449462890625,37.661476135253906
1557288000,170.51934814453125,37.51634979248047
1557374400,171.09637451171875,37.45185089111328
1557460800,171.45278930664062,37.363155364990234
1557720000,165.44493103027344,35.621585845947266
1557806400,166.5565643310547,35.48451232910156
1557892800,166.6583251953125,35.39582443237305
1557979200,168.98342895507812,35.70222091674805
1558065600,167.53237915039062,35.37969970703125
1558324800,167.3711395263672,35.37163162231445
1558411200,168.95799255371094,35.79090881347656
1558497600,165.91163635253906,35.065250396728516
1558584000,162.8992156982422,34.43634796142578
1558670400,163.77325439453125,34.637908935546875
1559016000,160.7523651123047,34.000953674316406
1559102400,160.2920684814453,34.01708984375
1559188800,159.71238708496094,33.72681427001953
1559275200,155.55279541015625,32.807655334472656
1559534400,156.1494140625,32.839900970458984
1559620800,161.85194396972656,34.25090026855469
1559707200,160.62451171875,34.21057891845703
1559793600,161.79225158691406,34.51698303222656
1559880000,161.79225158691406,34.42829132080078
1560139200,165.466064453125,34.90398406982422
1560225600,165.9860076904297,35.21037292480469
1560312000,162.14175415039062,34.3637809753418
1560398400,163.19020080566406,34.62985610961914
1560484800,163.3691864013672,34.52503967285156
1560744000,162.66172790527344,34.275089263916016
1560830400,166.1991424560547,34.94431686401367
1560916800,166.76173400878906,34.783050537109375
1561003200,166.81283569335938,35.041053771972656
1561089600,167.0174102783203,35.137813568115234
1561348800,168.33865356445312,34.726600646972656
1561435200,167.1197052001953,34.396026611328125
1561521600,167.92947387695312,34.66210174560547
1561608000,169.89849853515625,35.065250396728516
1561694400,174.39915466308594,35.32326889038086
1561953600,176.3254852294922,35.43614196777344
1562040000,175.57537841796875,35.339385986328125
1562126400,175.62657165527344,35.4683952331543
1562299200,177.2120361328125,35.64577102661133
1562558400,175.37937927246094,35.065250396728516
1562644800,177.10118103027344,35.299076080322266
1562731200,175.56689453125,34.92012023925781
1562817600,180.1527862548828,35.621585845947266
1562904000,182.36041259765625,36.177921295166016
1563163200,180.34878540039062,35.82316207885742
1563249600,183.7071990966797,35.82316207885742
1563336000,181.81494140625,35.291011810302734
1563422400,182.85482788085938,35.82316207885742
1563508800,182.00244140625,35.79090881347656
1563768000,182.41160583496094,35.87959289550781
1563854400,187.04010009765625,36.363365173339844
1563940800,189.25625610351562,36.685882568359375
1564027200,187.50888061523438,36.177921295166016
1564113600,189.35003662109375,36.87938690185547
1564372800,187.79872131347656,36.468177795410156
1564459200,188.7192840576172,36.29753875732422
1564545600,187.63671875,36.208160400390625
1564632000,180.36587524414062,34.883670806884766
1564718400,178.46498107910156,34.22548294067383
1564977600,171.91014099121094,32.90099334716797
1565064000,175.6009521484375,33.494163513183594
1565150400,175.37083435058594,32.9578742980957
1565236800,176.44483947753906,33.53480911254883
1565323200,176.359619140625,33.7216911315918
1565582400,171.77378845214844,32.79536056518555
1565668800,173.98141479492188,33.06350326538086
1565755200,166.6935272216797,31.958419799804688
1565841600,167.22195434570312,31.771520614624023
1565928000,169.98373413085938,32.454078674316406
1566187200,172.35336303710938,32.803489685058594
1566273600,170.46107482910156,32.42158126831055
1566360000,171.05772399902344,32.454078674316406
1566446400,172.54087829589844,32.722225189208984
1566532800,167.23902893066406,31.958419799804688
1566792000,170.17974853515625,32.63284683227539
1566878400,168.8330078125,32.33220672607422
1566964800,170.83616638183594,32.81161117553711
1567051200,174.4987030029297,33.55105209350586
1567137600,174.90182495117188,33.71358108520508
1567483200,170.66456604003906,33.307281494140625
1567569600,173.03195190429688,33.74606704711914
1567656000,177.5950927734375,34.5098876953125
1567742400,177.73233032226562,34.27423858642578
1568001600,181.82382202148438,35.02993392944336
1568088000,184.95452880859375,35.411842346191406
1568174400,185.9581298828125,35.70436096191406
1568260800,187.62210083007812,36.01314163208008
1568347200,188.61705017089844,36.69570541381836
1568606400,186.31829833984375,36.362545013427734
1568692800,185.19468688964844,35.923763275146484
1568779200,186.1982421875,36.0456428527832
1568865600,184.61143493652344,35.769371032714844
1568952000,183.33343505859375,35.48496627807617
1569211200,183.09327697753906,35.395591735839844
1569297600,178.19554138183594,34.56676483154297
1569384000,180.1511688232422,34.97305679321289
1569470400,178.59866333007812,34.63176727294922
1569556800,179.2419891357422,34.81052780151367
1569816000,177.74954223632812,34.67239761352539
1569902400,173.8553466796875,33.624183654785156
1569988800,170.04701232910156,32.689727783203125
1570075200,169.1807098388672,32.70598220825195
1570161600,172.23426818847656,33.13664627075195
1570420800,171.89111328125,33.055389404296875
1570507200,169.2921600341797,32.356563568115234
1570593600,168.84617614746094,32.8603630065918
1570680000,171.4365234375,33.35603332519531
1570766400,175.56228637695312,34.071102142333984
1571025600,176.54006958007812,34.33112716674805
1571112000,177.08905029296875,34.558631896972656
1571198400,177.9124755859375,34.769901275634766
1571284800,177.08905029296875,35.29807662963867
1571371200,177.14053344726562,35.476844787597656
1571630400,179.4821319580078,36.549442291259766
1571716800,179.78237915039062,36.87446975708008
1571803200,181.25765991210938,37.30513000488281
1571889600,181.02610778808594,37.18324279785156
1571976000,183.7537078857422,37.67890930175781
1572235200,186.7729034423828,38.06081771850586
1572321600,186.67860412597656,38.05270004272461
1572408000,185.1089324951172,37.87258529663086
1572494400,183.02462768554688,37.70066452026367
1572580800,186.46414184570312,38.74858474731445
1572843600,188.59132385253906,39.97661209106445
1572930000,187.53634643554688,39.91111755371094
1573016400,187.34762573242188,39.75557327270508
1573102800,191.52481079101562,39.83742904663086
1573189200,191.1988525390625,40.23860168457031
1573448400,187.87083435058594,40.18947219848633
1573534800,189.05455017089844,40.12397766113281
1573621200,188.1195831298828,39.616390228271484
1573707600,188.21395874023438,39.79650115966797
1573794000,188.91725158691406,40.10760498046875
1574053200,188.4712677001953,40.14035415649414
1574139600,188.7371368408203,40.38595962524414
1574226000,186.91018676757812,40.197654724121094
1574312400,187.18467712402344,39.98480987548828
1574398800,188.94302368164062,40.32046890258789
1574658000,191.0616912841797,40.901729583740234
1574744400,190.80435180664062,40.451454162597656
1574830800,191.2332000732422,40.75436019897461
1575003600,190.93128967285156,40.50876235961914
1575262800,187.7311553955078,40.18128204345703
1575349200,183.07322692871094,39.387168884277344
1575435600,186.26480102539062,39.98480987548828
1575522000,187.29989624023438,40.1731071472168
1575608400,193.74325561523438,40.77074432373047
1575867600,191.32809448242188,40.60700225830078
1575954000,191.388427734375,40.664306640625
1576040400,190.79327392578125,40.48419952392578
1576126800,194.9854278564453,41.49938201904297
1576213200,194.0797119140625,41.13097381591797
1576472400,196.70193481445312,41.52394485473633
1576558800,199.38453674316406,41.67131042480469
1576645200,198.7807159423828,41.47481155395508
1576731600,198.34080505371094,41.6385612487793
1576818000,197.46958923339844,41.49938201904297
1577077200,197.60757446289062,41.52394485473633
1577163600,198.31494140625,41.49938201904297
1577336400,199.43630981445312,41.843223571777344
1577422800,198.96185302734375,41.826847076416016
1577682000,198.22003173828125,41.720428466796875
1577768400,198.33218383789062,41.851417541503906
1577941200,202.11892700195312,42.60460662841797
1578027600,199.7554473876953,41.916900634765625
1578286800,201.79974365234375,41.76954650878906
1578373200,203.12811279296875,41.68767547607422
1578459600,205.08621215820312,42.219818115234375
1578546000,209.2610321044922,42.6209831237793
1578632400,208.83837890625,42.7437858581543
1578891600,211.51234436035156,43.210445404052734
1578978000,211.9005126953125,43.27593231201172
1579064400,211.51234436035156,43.341426849365234
1579150800,215.402587890625,46.20683670043945
1579237200,215.1782989501953,47.08283996582031
1579582800,211.9350128173828,45.78112030029297
1579669200,213.09951782226562,45.731998443603516
1579755600,211.83152770996094,45.46182632446289
1579842000,208.67453002929688,44.65951919555664
1580101200,205.4139862060547,43.4806022644043
1580187600,209.2438201904297,44.225616455078125
1580274000,207.121826171875,43.94725799560547
1580360400,210.58079528808594,44.35104751586914
1580446800,205.07754516601562,43.06550598144531
1580706000,206.1644287109375,43.3456916809082
1580792400,208.69171142578125,44.515865325927734
1580878800,210.72744750976562,45.31520080566406
1580965200,208.58824157714844,45.3316764831543
1581051600,205.29319763183594,45.34817123413086
1581310800,204.7411651611328,45.61186981201172
1581397200,203.96481323242188,45.96620559692383
1581483600,205.85386657714844,46.295833587646484
1581570000,205.5950927734375,46.089813232421875
1581656400,204.49957275390625,46.015655517578125
1582002000,201.16143798828125,45.75196075439453
1582088400,204.7152557373047,46.4029655456543
1582174800,200.74742126464844,44.293365478515625
1582261200,198.92738342285156,43.19735336303711
1582520400,193.68287658691406,40.93942642211914
1582606800,187.7052764892578,39.5797233581543
1582693200,186.12672424316406,38.928714752197266
1582779600,177.42333984375,37.420677185058594
1582866000,174.2383270263672,37.107540130615234
1583125200,181.78863525390625,38.30243682861328
1583211600,176.5467987060547,36.588382720947266
1583298000,181.15512084960938,37.280582427978516
1583384400,172.52000427246094,35.096824645996094
1583470800,167.36497497558594,34.47877883911133
1583726400,149.97325134277344,30.902345657348633
1583812800,159.98822021484375,32.550479888916016
1583899200,149.1748046875,30.38319206237793
1583985600,130.7677001953125,25.8013973236084
1584072000,153.75709533691406,30.902345657348633
1584331200,134.22174072265625,26.081584930419922
1584417600,137.7018280029297,27.845077514648438
1584504000,121.51641082763672,25.339921951293945
1584590400,129.73497009277344,25.48001480102539
1584676800,120.1191635131836,24.449941635131836
1584936000,117.1338119506836,22.91718101501465
1585022400,133.30186462402344,27.37535858154297
1585108800,134.629638671875,28.0098876953125
1585195200,143.88092041015625,29.427278518676758
1585281600,137.41543579101562,28.026369094848633
1585540800,138.52630615234375,28.710344314575195
1585627200,134.16098022460938,28.01812171936035
1585713600,126.09000396728516,26.056856155395508
1585800000,130.11680603027344,27.935726165771484
1585886400,127.51325988769531,27.89451026916504
1586145600,137.3199920654297,30.49855613708496
1586232000,144.08059692382812,30.440879821777344
1586318400,153.57481384277344,32.44334411621094
1586404800,159.91014099121094,33.85249328613281
1586750400,155.50144958496094,32.61640930175781
1586836800,154.67697143554688,32.84713363647461
1586923200,154.92864990234375,31.64400291442871
1587009600,153.64422607421875,31.611032485961914
1587096000,159.24183654785156,32.212615966796875
1587355200,156.56019592285156,31.611032485961914
1587441600,150.84107971191406,30.449111938476562
1587528000,152.7243194580078,31.157806396484375
1587614400,151.917236328125,30.87763023376465
1587700800,153.6095733642578,31.289657592773438
1587960000,159.28524780273438,32.39390563964844
1588046400,162.2967071533203,33.06964111328125
1588132800,164.91761779785156,33.90925979614258
1588219200,159.1811065673828,32.77867889404297
1588305600,153.69635009765625,31.922420501708984
1588564800,152.76771545410156,31.664716720581055
1588651200,154.7377471923828,31.573272705078125
1588737600,153.5400848388672,31.007970809936523
1588824000,158.22647094726562,32.263267517089844
1588910400,160.8907928466797,33.319034576416016
1589169600,158.9554901123047,33.11119842529297
1589256000,153.79180908203125,31.939043045043945
1589342400,149.0967254638672,30.750268936157227
1589428800,151.396484375,31.43194580078125
1589515200,149.15745544433594,30.999662399291992
1589774400,157.84466552734375,33.48529052734375
1589860800,154.32986450195312,32.69554138183594
1589947200,157.4627685546875,34.13370895385742
1590033600,156.29986572265625,33.50191879272461
1590120000,156.15231323242188,33.360599517822266
1590465600,170.15074157714844,36.320068359375
1590552000,181.95352172851562,38.95533752441406
1590638400,174.62884521484375,36.910301208496094
1590724800,171.5898895263672,36.74403381347656
1590984000,174.59390258789062,37.15969467163086
1591070400,178.2704620361328,37.89125061035156
1591156800,183.88560485839844,38.996891021728516
1591243200,187.59706115722656,40.476619720458984
1591329600,190.30416870117188,41.174930572509766
1591588800,192.82794189453125,41.69035339355469
1591675200,190.4613800048828,41.89817428588867
1591761600,186.4617462158203,40.476619720458984
1591848000,169.52896118164062,37.0516242980957
1591934400,176.20947265625,38.47315979003906
1592193600,180.16546630859375,39.40423583984375
1592280000,183.02980041503906,40.36855697631836
1592366400,180.06063842773438,39.703514099121094
1592452800,178.0084228515625,39.55386734008789
1592539200,176.0784912109375,39.01351547241211
1592798400,177.64169311523438,39.387603759765625
1592884800,178.82931518554688,39.811580657958984
1592971200,172.92599487304688,39.0301399230957
1593057600,180.8553466796875,40.55976104736328
1593144000,165.2149658203125,39.11328125
1593403200,168.95257568359375,39.27122116088867
1593489600,172.57666015625,40.15242004394531
1593576000,172.53298950195312,39.57881164550781
1593662400,172.38455200195312,39.728450775146484
1594008000,181.08236694335938,40.58470153808594
1594094400,174.09617614746094,39.47904586791992
1594180800,176.61996459960938,40.659523010253906
1594267200,171.8867645263672,39.49567413330078
1594353600,179.5104522705078,41.399391174316406
1594612800,182.40980529785156,41.748538970947266
1594699200,186.88963317871094,41.9813117980957
1594785600,189.41342163085938,42.68792724609375
1594872000,187.46597290039062,43.76031494140625
1594958400,184.61911010742188,43.569114685058594
1595217600,184.88113403320312,43.11189270019531
1595304000,185.15184020996094,43.5441780090332
1595390400,179.8946990966797,42.396968841552734
1595476800,177.2923583984375,42.031192779541016
1595563200,175.93881225585938,41.715293884277344
1595822400,177.2923583984375,42.662986755371094
1595908800,176.0697784423828,41.78179168701172
1595995200,176.90811157226562,42.05612564086914
1596081600,174.24465942382812,40.97625732421875
1596168000,172.87359619140625,40.917659759521484
1596427200,174.12234497070312,41.40319061279297
1596513600,176.08726501464844,41.23575973510742
1596600000,178.60226440429688,41.66269302368164
1596686400,178.36651611328125,41.394805908203125
1596772800,181.8770294189453,42.14821243286133
1597032000,182.84637451171875,42.34074020385742
1597118400,184.31349182128906,43.34526443481445
1597204800,185.24790954589844,43.8475341796875
1597291200,181.98182678222656,43.68010711669922
1597377600,181.6150665283203,43.780555725097656
1597636800,177.33602905273438,42.926719665527344
1597723200,175.79904174804688,42.6253547668457
1597809600,177.2923583984375,43.002052307128906
1597896000,176.27059936523438,42.52490997314453
1597982400,176.777099609375,42.77603530883789
1598241600,181.0648956298828,43.83915710449219
1598328000,179.8946990966797,43.57127380371094
1598414400,180.9601287841797,43.28667068481445
1598500800,183.518798828125,44.04006576538086
1598587200,181.38803100585938,44.274452209472656
1598846400,179.99110412597656,43.7470703125
1598932800,180.5094451904297,44.01495361328125
1599019200,184.5332794189453,44.5758171081543
1599105600,182.35443115234375,44.157264709472656
1599192000,185.32394409179688,44.123779296875
1599537600,177.89132690429688,41.997520446777344
1599624000,177.6629180908203,42.7425537109375
1599710400,175.72125244140625,42.09797668457031
1599796800,176.520751953125,42.14821243286133
1600056000,176.8897705078125,42.81789779663086
1600142400,173.9553680419922,42.18169403076172
1600228800,176.3098907470703,42.81789779663086
1600315200,171.17030334472656,42.06449508666992
1600401600,171.19668579101562,41.92218780517578
1600660800,170.44114685058594,40.48237609863281
1600747200,168.35015869140625,39.87127685546875
1600833600,163.51806640625,38.858394622802734
1600920000,171.41632080078125,39.01744079589844
1601006400,171.27572631835938,39.37739562988281
1601265600,174.8954315185547,40.499122619628906
1601352000,172.89231872558594,39.54480743408203
1601438400,176.56472778320312,40.47399139404297
1601524800,174.43862915039062,39.56154251098633
1601611200,175.62466430664062,40.15590286254883
1601870400,177.2939453125,40.68327713012695
1601956800,176.6701202392578,39.96337127685547
1602043200,178.8753204345703,40.775360107421875
1602129600,182.72340393066406,41.01811981201172
1602216000,182.33688354492188,40.875816345214844
1602475200,188.11781311035156,42.474674224853516
1602561600,185.2097625732422,42.223541259765625
1602648000,185.5787811279297,42.39934158325195
1602734400,183.26815795898438,42.968563079833984
1602820800,181.16836547851562,43.403865814208984
1603080000,180.71153259277344,42.65047073364258
1603166400,182.76734924316406,43.085758209228516
1603252800,178.26910400390625,42.17332077026367
1603339200,180.4567413330078,43.336891174316406
1603425600,180.14041137695312,43.42061233520508
1603684800,176.7140655517578,42.12309265136719
1603771200,171.9170684814453,40.674903869628906
1603857600,166.72483825683594,39.82106018066406
1603944000,166.8741455078125,40.58003234863281
1604030400,166.08343505859375,40.6053466796875
1604293200,167.10260009765625,41.64260482788086
1604379600,173.89390563964844,43.160560607910156
1604466000,173.8411407470703,43.37138748168945
1604552400,178.31304931640625,44.02073287963867
1604638800,176.8195037841797,43.59907913208008
1604898000,188.82943725585938,47.242183685302734
1604984400,191.06100463867188,47.01448440551758
1605070800,191.57057189941406,47.512027740478516
1605157200,188.46043395996094,46.84581756591797
1605243600,192.47547912597656,47.73972702026367
1605502800,195.37474060058594,49.004695892333984
1605589200,197.36907958984375,49.59501266479492
1605675600,197.0615692138672,49.59501266479492
1605762000,197.2987823486328,49.44322204589844
1605848400,196.22694396972656,48.751705169677734
1606107600,201.04144287109375,50.82624816894531
1606194000,208.6585693359375,53.63446044921875
1606280400,207.815185546875,53.533260345458984
1606453200,206.81361389160156,53.836849212646484
1606712400,202.57894897460938,52.14180374145508
1606798800,205.00816345214844,53.364601135253906
1606885200,209.92840576171875,53.988651275634766
1606971600,208.00271606445312,54.02238464355469
1607058000,211.63331604003906,54.81509780883789
1607317200,210.63514709472656,54.191043853759766
1607403600,210.97958374023438,53.89588165283203
1607490000,214.49533081054688,54.283809661865234
1607576400,215.8910369873047,54.34284973144531
1607662800,211.99545288085938,53.39833068847656
1607922000,210.05206298828125,52.18397903442383
1608008400,214.1508331298828,53.929622650146484
1608094800,215.33456420898438,54.16574478149414
1608181200,215.9175567626953,54.536808013916016
1608267600,213.88580322265625,54.12358093261719
1608526800,227.0036163330078,57.201656341552734
1608613200,220.91729736328125,56.198116302490234
1608699600,226.53543090820312,57.522117614746094
1608786000,226.2792510986328,57.42091751098633
1609131600,229.30909729003906,57.38718795776367
1609218000,227.9134521484375,57.10045623779297
1609304400,229.18553161621094,57.21007537841797
1609390800,232.9485321044922,57.79198455810547
1609736400,234.0880889892578,57.623313903808594
1609822800,239.3263397216797,58.6015510559082
1609909200,252.24098205566406,62.13502502441406
1609995600,257.62939453125,63.19758224487305
1610082000,256.2425231933594,63.459007263183594
1610341200,259.5550231933594,64.14208221435547
1610427600,266.95758056640625,63.92284393310547
1610514000,267.6024169921875,63.7204475402832
1610600400,271.9573974609375,64.48784637451172
1610686800,265.8975830078125,63.45057678222656
1611032400,259.8818664550781,63.23974609375
1611118800,256.5870056152344,63.11322784423828
1611205200,255.61532592773438,62.99519729614258
1611291600,255.63296508789062,62.514522552490234
1611550800,250.0237579345703,61.038719177246094
1611637200,248.89305114746094,60.05205535888672
1611723600,241.44635009765625,57.69921875
1611810000,242.93923950195312,58.758785247802734
1611896400,239.53834533691406,56.83460998535156
1612155600,242.68312072753906,57.36015701293945
1612242000,253.49533081054688,60.140411376953125
1612328400,254.89097595214844,59.84375
1612414800,259.484375,61.276275634765625
1612501200,259.263671875,62.0645866394043
1612760400,265.1377868652344,62.92070770263672
1612846800,265.4117126464844,62.92917251586914
1612933200,268.7861328125,63.00547409057617
1613019600,267.05474853515625,62.48841857910156
1613106000,270.58819580078125,63.24280548095703
1613451600,275.5701599121094,64.46341705322266
1613538000,276.25927734375,63.9548225402832
1613624400,273.75054931640625,63.42930221557617
1613710800,278.80328369140625,64.42105102539062
1613970000,279.907470703125,65.60774993896484
1614056400,281.9745178222656,65.69251251220703
1614142800,292.07122802734375,67.70989227294922
1614229200,289.5272216796875,66.48081970214844
1614315600,282.2130432128906,65.15848541259766
1614574800,292.5799865722656,67.09960174560547
1614661200,293.48455810546875,68.48126983642578
1614747600,296.57952880859375,69.55778503417969
1614834000,292.0212707519531,68.75251770019531
1614920400,290.318603515625,68.5490493774414
1615179600,296.36676025390625,68.74402618408203
1615266000,293.1741943359375,68.53211212158203
1615352400,303.310546875,70.43084716796875
1615438800,303.3815002441406,70.56647491455078
1615525200,309.3320007324219,71.49039459228516
1615780800,306.88446044921875,71.08354187011719
1615867200,303.0356140136719,69.96463012695312
1615953600,305.9089050292969,71.08354187011719
1616040000,308.6136169433594,71.15133666992188
1616126400,305.2438049316406,70.30370330810547
1616385600,300.9249572753906,69.4390869140625
1616472000,294.2206115722656,67.06570434570312
1616558400,291.4537353515625,67.24368286132812
1616644800,293.138671875,67.92180633544922
1616731200,290.3363952636719,67.79467010498047
1616990400,288.8642272949219,66.01460266113281
1617076800,294.4334716796875,67.04026794433594
1617163200,289.990478515625,65.82814025878906
1617249600,290.5580749511719,66.30280303955078
1617595200,286.92205810546875,66.1163330078125
1617681600,290.043701171875,67.04026794433594
1617768000,289.5914306640625,66.99788665771484
1617854400,293.6619567871094,67.98116302490234
1617940800,293.3692932128906,68.42192840576172
1618200000,294.2826843261719,67.96419525146484
1618286400,290.59356689453125,67.41321563720703
1618372800,297.39544677734375,68.48126983642578
1618459200,300.2333068847656,68.50668334960938
1618545600,303.5676574707031,66.6164321899414
1618804800,304.2593688964844,67.83704376220703
1618891200,294.31817626953125,65.51451110839844
1618977600,297.32452392578125,67.17588806152344
1619064000,293.4047546386719,66.36216735839844
1619150400,300.9427490234375,68.61687469482422
1619409600,304.6407470703125,69.10002899169922
1619496000,307.398681640625,69.47300720214844
1619582400,308.7112731933594,70.1257095336914
1619668800,313.02117919921875,71.19825744628906
1619755200,309.0127868652344,70.27039337158203
1620014400,310.52923583984375,70.19378662109375
1620100800,310.2454528808594,70.34701538085938
1620187200,317.1448974609375,71.9388427734375
1620273600,324.5498962402344,73.91373443603516
1620360000,328.91314697265625,74.65431213378906
1620619200,326.95318603515625,73.60728454589844
1620705600,319.1846008300781,72.2878646850586
1620792000,314.289306640625,71.2322998046875
1620878400,318.20025634765625,72.23677825927734
1620964800,327.032958984375,74.35637664794922
1621224000,327.45867919921875,74.98632049560547
1621310400,323.29949951171875,74.03292083740234
1621396800,317.8189697265625,73.24977111816406
1621483200,319.0604248046875,73.60728454589844
1621569600,324.8070983886719,75.19912719726562
1621828800,326.6073303222656,76.34829711914062
1621915200,323.2551574707031,75.64176177978516
1622001600,325.8179931640625,76.05887603759766
1622088000,329.3387451171875,76.86756896972656
1622174400,331.0293884277344,77.42086791992188
1622520000,340.30126953125,78.40831756591797
1622606400,341.19110107421875,78.96162414550781
1622692800,345.88934326171875,79.4638442993164
1622779200,348.3184814453125,79.98312377929688
1623038400,345.39105224609375,79.34468078613281
1623124800,342.3122863769531,78.98716735839844
1623211200,340.6037902832031,78.88500213623047
1623297600,332.73779296875,78.04228210449219
1623384000,336.3949279785156,78.35725402832031
1623643200,331.8302917480469,77.22510528564453
1623729600,330.38873291015625,77.20804595947266
1623816000,330.1218566894531,77.5485610961914
1623902400,321.66851806640625,74.83307647705078
1623988800,310.3945617675781,71.58131408691406
1624248000,318.1448669433594,73.15612030029297
1624334400,318.1359558105469,72.95182037353516
1624420800,321.2680969238281,73.0965347290039
1624507200,328.1197204589844,74.12654876708984
1624593600,328.137451171875,75.25019073486328
1624852800,328.08416748046875,74.65431213378906
1624939200,331.5633239746094,77.15699005126953
1625025600,337.7119140625,78.05081176757812
1625112000,333.672119140625,78.33168029785156
1625198400,332.93359375,78.34020233154297
1625544000,329.10736083984375,76.79095458984375
1625630400,327.15869140625,76.6377182006836
1625716800,319.390625,74.60325622558594
1625803200,330.7980651855469,76.89309692382812
1626062400,338.5750427246094,78.95310974121094
1626148800,334.5530700683594,79.34468078613281
1626235200,333.14715576171875,78.70624542236328
1626321600,332.212890625,78.8509521484375
1626408000,324.6049499511719,77.6762466430664
1626667200,315.6356201171875,76.05887603759766
1626753600,324.5693054199219,78.58708190917969
1626840000,332.3463439941406,81.44727325439453
1626926400,331.6434020996094,81.35362243652344
1627012800,332.83575439453125,80.48536682128906
1627272000,334.48187255859375,82.17935180664062
1627358400,333.5386657714844,82.12828063964844
1627444800,332.99591064453125,81.77925872802734
1627531200,335.95001220703125,82.5595703125
1627617600,333.57427978515625,82.30233001708984
1627876800,336.5195007324219,82.51670837402344
1627963200,338.450439453125,82.833984375
1628049600,336.2258605957031,82.56815338134766
1628136000,341.9562683105469,83.88867950439453
1628222400,354.0489807128906,85.51793670654297
1628481600,355.8196716308594,86.38400268554688
1628568000,363.01837158203125,87.49874877929688
1628654400,368.2860107421875,89.07652282714844
1628740800,369.2737121582031,89.75395965576172
1628827200,365.51861572265625,89.12800598144531
1629086400,363.3564453125,88.93934631347656
1629172800,360.3487854003906,88.21046447753906
1629259200,354.8586120605469,86.82988739013672
1629345600,350.2049255371094,85.51793670654297
1629432000,352.2514953613281,86.3154067993164
1629691200,357.2166748046875,87.60164642333984
1629777600,363.543212890625,88.39910888671875
1629864000,367.6007995605469,89.25660705566406
1629950400,366.9690856933594,89.04222869873047
1630036800,373.4468994140625,90.42280578613281
1630296000,368.0279846191406,89.25660705566406
1630382400,369.7358093261719,89.54816436767578
1630468800,369.8699035644531,89.44525146484375
1630555200,370.6209411621094,89.8911361694336
1630641600,367.7686462402344,89.39380645751953
1630987200,366.8834533691406,89.33379364013672
1631073600,362.12664794921875,88.81070709228516
1631160000,361.7510681152344,89.04222869873047
1631246400,360.76751708984375,88.85359191894531
1631505600,365.93572998046875,89.5224380493164
1631592000,360.955322265625,87.38726043701172
1631678400,359.3995056152344,88.35623168945312
1631764800,354.6873474121094,87.86746978759766
1631851200,350.01995849609375,87.25007629394531
1632110400,338.10107421875,84.5746841430664
1632196800,336.05352783203125,84.2917251586914
1632283200,344.6640625,86.4354476928711
1632369600,350.37762451171875,88.7935562133789
1632456000,349.4745788574219,88.24476623535156
1632715200,357.4860534667969,90.12267303466797
1632801600,348.2674255371094,87.49874877929688
1632888000,344.1455078125,85.36357116699219
1632974400,338.0116882324219,83.44278717041016
1633060800,339.7731628417969,84.9348373413086
1633320000,334.54241943359375,83.30559539794922
1633406400,344.968017578125,85.0634536743164
1633492800,346.970947265625,84.97771453857422
1633579200,349.2688903808594,84.72045135498047
1633665600,351.2270812988281,85.78373718261719
1633924800,344.4584655761719,83.42565155029297
1634011200,345.61187744140625,83.84581756591797
1634097600,345.4151611328125,84.52323150634766
1634184000,349.7874755859375,86.61553192138672
1634270400,363.0832824707031,87.58448791503906
1634529600,369.89666748046875,86.95852661132812
1634616000,368.5287170410156,87.25007629394531
1634702400,364.7107238769531,86.3154067993164
1634788800,364.4424133300781,85.98954772949219
1634875200,370.4600830078125,87.29295349121094
1635134400,370.8444519042969,87.38726043701172
1635220800,373.40167236328125,88.7249755859375
1635307200,367.4825134277344,87.35296630859375
1635393600,370.90704345703125,88.5013198852539
1635480000,369.59271240234375,88.74308013916016
1635739200,372.58807373046875,89.79647064208984
1635825600,378.9811096191406,90.36634063720703
1635912000,373.6610107421875,88.59630584716797
1635998400,364.8716735839844,86.16143798828125
1636084800,363.98638916015625,86.23051452636719
1636347600,365.11309814453125,86.4031982421875
1636434000,362.4396057128906,86.09236145019531
1636520400,356.8691101074219,84.4173355102539
1636606800,359.74822998046875,85.37572479248047
1636693200,362.0461730957031,86.21324157714844
1636952400,361.9567565917969,86.52408599853516
1637038800,360.4188537597656,86.93852996826172
1637125200,350.10040283203125,84.3396224975586
1637211600,349.93951416015625,84.3396224975586
1637298000,346.3808898925781,83.67477416992188
1637557200,354.2225036621094,85.7556381225586
1637643600,363.32476806640625,87.94874572753906
1637730000,356.9316711425781,87.3097915649414
1637902800,348.1690979003906,84.55547332763672
1638162000,345.6208190917969,83.95106506347656
1638248400,340.6582946777344,81.8702163696289
1638334800,338.40228271484375,82.25009155273438
1638421200,348.3435974121094,85.35843658447266
1638507600,344.0201110839844,84.79722595214844
1638766800,349.925537109375,85.71244812011719
1638853200,359.6423034667969,88.5013198852539
1638939600,357.13446044921875,87.42204284667969
1639026000,356.3883056640625,86.84356689453125
1639112400,351.5075378417969,84.98717498779297
1639371600,345.7369079589844,83.89926147460938
1639458000,349.49407958984375,85.32391357421875
1639544400,350.4738464355469,85.85059356689453
1639630800,357.1793518066406,86.6017837524414
1639717200,343.18408203125,83.86471557617188
1639976400,334.0247497558594,82.34510803222656
1640062800,341.85382080078125,84.4173355102539
1640149200,343.6604919433594,84.87494659423828
1640235600,346.0964050292969,85.77289581298828
1640581200,348.7930603027344,86.68814086914062
1640667600,348.4064636230469,86.31686401367188
1640754000,347.13909912109375,85.24620056152344
1640840400,346.52783203125,85.30665588378906
1640926800,343.8583068847656,84.75405883789062
1641186000,355.3456115722656,86.50682067871094
1641272400,366.2668151855469,90.02095794677734
1641358800,358.3119201660156,87.79330444335938
1641445200,356.7837829589844,89.2956771850586
1641531600,357.30517578125,89.83964538574219
1641790800,358.79730224609375,89.9087142944336
1641877200,362.2848815917969,91.45426177978516
1641963600,350.8334045410156,88.9762191772461
1642050000,351.2738952636719,88.54450988769531
1642136400,342.4111633300781,85.37572479248047
1642482000,318.5553283691406,81.17083740234375
1642568400,312.1914978027344,82.65592193603516
1642654800,312.892578125,86.19597625732422
1642741200,309.12640380859375,85.35843658447266
1643000400,308.65899658203125,84.68498229980469
1643086800,307.0050354003906,85.51388549804688
1643173200,308.0208435058594,86.48953247070312
1643259600,306.53765869140625,87.3357162475586
1643346000,311.912841796875,88.50946044921875
1643605200,318.80712890625,89.15284729003906
1643691600,327.2383728027344,90.37874603271484
1643778000,326.3394775390625,90.35266876220703
1643864400,322.582275390625,88.93548583984375
1643950800,330.42034912109375,90.51786804199219
1644210000,330.9146728515625,91.44816589355469
1644296400,332.66754150390625,92.46541595458984
1644382800,336.6494140625,94.53470611572266
1644469200,333.0899658203125,93.52615356445312
1644555600,326.3394775390625,90.9178237915039
1644814800,323.80474853515625,89.17890930175781
1644901200,327.1305236816406,89.92664337158203
1644987600,323.6339111328125,87.94432830810547
1645074000,313.7554626464844,83.59709930419922
1645160400,311.04095458984375,82.96240234375
1645506000,309.449951171875,82.3798599243164
1645592400,306.6814880371094,81.3365249633789
1645678800,305.7826232910156,79.82369995117188
1645765200,314.708251953125,82.20598602294922
1646024400,306.7713623046875,78.89338684082031
1646110800,296.7442932128906,76.1894302368164
1646197200,304.1402893066406,76.84150695800781
1646283600,301.4639892578125,76.3198471069336
1646370000,298.0733947753906,75.08524322509766
1646629200,291.0390625,72.55514526367188
1646715600,290.5688781738281,72.43341064453125
1646802000,301.61767578125,75.98946380615234
1646888400,298.2813720703125,74.6505126953125
1646974800,295.65924072265625,74.05928039550781
1647230400,293.8329162597656,73.65933227539062
1647316800,297.6121826171875,75.05914306640625
1647403200,308.1004638671875,79.78022766113281
1647489600,310.369873046875,81.60606384277344
1647576000,312.27764892578125,82.44073486328125
1647835200,306.50921630859375,80.51925659179688
1647921600,310.1348876953125,81.91905975341797
1648008000,303.444091796875,80.31927490234375
1648094400,304.0047302246094,80.10191345214844
1648180800,305.14385986328125,80.31927490234375
1648440000,303.1637878417969,79.35418701171875
1648526400,307.1058349609375,79.84976959228516
1648612800,303.4259948730469,78.4847412109375
1648699200,298.4621887207031,75.98946380615234
1648785600,298.5706787109375,75.63298034667969
1649044800,296.7532958984375,75.8851089477539
1649131200,292.9106140136719,74.14622497558594
1649217600,285.9486083984375,72.27691650390625
1649304000,284.0408630371094,72.27691650390625
1649390400,290.5870056152344,73.08551025390625
1649649600,290.017333984375,73.05072784423828
1649736000,289.1312255859375,72.97246551513672
1649822400,291.1114196777344,73.14636993408203
1649908800,290.81298828125,73.69409942626953
1650254400,298.2633056640625,75.18956756591797
1650340800,303.7514953613281,77.30231475830078
1650427200,308.3717346191406,78.7803726196289
1650513600,302.2596130371094,77.30231475830078
1650600000,289.12225341796875,73.67671966552734
1650859200,290.61407470703125,73.94625854492188
1650945600,283.1095886230469,71.61614990234375
1651032000,283.2090759277344,71.47705078125
1651118400,287.8926086425781,73.13439178466797
1651204800,276.2107849121094,70.6702651977539
1651464000,280.6683654785156,71.87163543701172
1651550400,284.50201416015625,73.4413070678711
1651636800,293.0462646484375,76.48419952392578
1651723200,283.0644226074219,74.48482513427734
1651809600,282.96490478515625,73.86223602294922
1652068800,279.2850341796875,71.1613540649414
1652155200,275.8221435546875,70.38089752197266
1652241600,272.64849853515625,69.17953491210938
1652328000,270.7135925292969,68.91644287109375
1652414400,277.5670471191406,70.6264419555664
1652673600,274.3573303222656,70.06520080566406
1652760000,282.9739685058594,72.72225189208984
1652846400,277.3320007324219,70.75796508789062
1652932800,278.6611022949219,70.1178207397461
1653019200,277.39532470703125,69.60043334960938
1653278400,286.26513671875,72.1785659790039
1653364800,283.8600158691406,71.87163543701172
1653451200,284.71893310546875,72.10841369628906
1653537600,292.61224365234375,74.53743743896484
1653624000,297.08782958984375,75.80897521972656
1653969600,297.3334655761719,75.53712463378906
1654056000,292.7850646972656,74.53743743896484
1654142400,294.96826171875,74.71282958984375
1654228800,289.9012451171875,73.76578521728516
1654488000,291.56597900390625,74.42345428466797
1654574400,292.4757080078125,74.82683563232422
1654660800,286.2624816894531,72.95901489257812
1654747200,276.7471008300781,71.17011260986328
1654833600,261.1003723144531,67.87294006347656
1655092800,257.7345275878906,65.92617797851562
1655179200,257.0249938964844,65.7332763671875
1655265600,263.87493896484375,66.66278839111328
1655352000,259.24462890625,64.84757995605469
1655438400,254.52330017089844,63.92683410644531
1655784000,259.08984375,65.44387817382812
1655870400,258.84429931640625,65.2421875
1655956800,260.3271179199219,64.86511993408203
1656043200,275.4098205566406,68.2412338256836
1656302400,273.61773681640625,67.90798950195312
1656388800,272.44427490234375,68.53939056396484
1656475200,275.8919372558594,68.5656967163086
1656561600,270.1973876953125,66.6978530883789
1656648000,272.207763671875,67.3029556274414
1656993600,270.3610534667969,66.74170684814453
1657080000,267.23175048828125,66.16294860839844
1657166400,271.6346435546875,67.51341247558594
1657252800,269.69696044921875,67.28538513183594
1657512000,266.7040710449219,66.48741149902344
1657598400,266.11279296875,66.59262084960938
1657684800,263.94769287109375,65.75080108642578
1657771200,256.1607666015625,65.49649047851562
1657857600,267.3317565917969,68.44291687011719
1658116800,274.054443359375,69.15322875976562
1658203200,289.328125,71.59978485107422
1658289600,292.4211730957031,71.74010467529297
1658376000,297.0514831542969,72.80116271972656
1658462400,294.6771545410156,72.2837905883789
1658721600,294.8499755859375,72.38900756835938
1658808000,289.7829895019531,70.84565734863281
1658894400,295.2321472167969,72.35394287109375
1658980800,299.3893737792969,73.42948913574219
1659067200,303.28289794921875,74.62454223632812
1659326400,302.0911560058594,74.43865203857422
1659412800,298.2704772949219,73.94293975830078
1659499200,303.0827331542969,75.2884750366211
1659585600,301.9001159667969,75.56287384033203
1659672000,304.447265625,76.24451446533203
1659931200,304.4563903808594,76.15599060058594
1660017600,306.2211608886719,76.44810485839844
1660104000,316.49163818359375,78.687744140625
1660190400,319.921142578125,79.84737396240234
1660276800,321.867919921875,81.13981628417969
1660536000,323.7146301269531,81.45848846435547
1660622400,322.91412353515625,81.28145599365234
1660708800,321.7951354980469,80.86540985107422
1660795200,322.50469970703125,81.20178985595703
1660881600,317.7287902832031,79.6791763305664
1661140800,311.4974060058594,78.30709838867188
1661227200,309.4597473144531,78.16544342041016
1661313600,311.06072998046875,78.43101501464844
1661400000,315.1998291015625,79.59066009521484
1661486400,306.02105712890625,76.8464584350586
1661745600,303.7650451660156,75.55402374267578
1661832000,303.501220703125,74.73963165283203
1661918400,304.9127197265625,75.4389419555664
1662004800,305.6734619140625,76.2799301147461
1662091200,303.8220520019531,76.48352813720703
1662436800,299.2483215332031,75.35928344726562
1662523200,302.978759765625,76.89073181152344
1662609600,307.3965148925781,78.28937530517578
1662696000,311.7227783203125,79.19231414794922
1662955200,313.99578857421875,79.80310821533203
1663041600,300.9898681640625,77.05892944335938
1663128000,299.9540710449219,77.17401123046875
1663214400,303.9502868652344,78.13004302978516
1663300800,298.99169921875,77.39530944824219
1663560000,301.23724365234375,78.53726196289062
1663646400,296.2878112792969,77.18285369873047
1663732800,293.9505615234375,76.44810485839844
1663819200,286.8106384277344,75.04061126708984
1663905600,276.77423095703125,72.15478515625
1664164800,270.03753662109375,70.6056137084961
1664251200,267.0679016113281,70.3577651977539
1664337600,275.6927490234375,72.11935424804688
1664424000,271.4031677246094,70.69415283203125
1664510400,268.5985107421875,69.94171142578125
1664769600,274.1895446777344,71.15446472167969
1664856000,288.5979309082031,74.33244323730469
1664942400,283.21771240234375,73.57112884521484
1665028800,279.2489013671875,71.97772216796875
1665115200,275.95849609375,69.8708724975586
1665374400,275.46356201171875,69.41056060791016
1665460800,269.6617431640625,68.16239929199219
1665547200,270.669921875,67.80831909179688
1665633600,281.4486999511719,70.21611022949219
1665720000,274.95941162109375,66.65752410888672
1665979200,281.1187744140625,68.28633117675781
1666065600,287.6629943847656,70.32234191894531
1666152000,285.7474365234375,68.72893524169922
1666238400,284.8766174316406,67.80831909179688
1666324800,297.9743347167969,70.12760925292969
1666584000,301.27392578125,70.31349182128906
1666670400,304.6651611328125,71.26953125
1666756800,307.6807556152344,71.62364196777344
1666843200,309.0463562011719,71.42888641357422
1666929600,313.2992248535156,73.48912811279297
1667188800,315.7647399902344,73.44441986083984
1667275200,319.4951477050781,74.82982635498047
1667361600,320.604248046875,75.41080474853516
1667448000,319.760986328125,74.7404556274414
1667534400,328.0467529296875,75.83982849121094
1667797200,332.3087463378906,76.48338317871094
1667883600,333.64691162109375,76.22417449951172
1667970000,331.7955017089844,74.58850860595703
1668056400,346.7445983886719,79.37039184570312
1668142800,353.0322570800781,81.14014434814453
1668402000,350.4566345214844,80.27313232421875
1668488400,350.93328857421875,80.8898696899414
1668574800,350.42919921875,80.2820816040039
1668661200,348.09197998046875,79.50445556640625
1668747600,347.5603332519531,79.72789764404297
1669006800,348.48602294921875,79.62065124511719
1669093200,351.8406982421875,80.14800262451172
1669179600,354.0220947265625,80.3803939819336
1669352400,356.414306640625,81.25633239746094
1669611600,350.4566345214844,80.34465026855469
1669698000,351.6940002441406,81.40827178955078
1669784400,356.2515563964844,83.18696594238281
1669870800,354.09271240234375,83.1243896484375
1669957200,351.11273193359375,82.3199691772461
1670216400,342.7727355957031,80.27313232421875
1670302800,334.8109436035156,78.21736907958984
1670389200,332.05242919921875,78.01180267333984
1670475600,330.3548889160156,79.2720718383789
1670562000,331.33282470703125,79.96924591064453
1670821200,335.0600280761719,81.44402313232422
1670907600,340.1434326171875,82.86518096923828
1670994000,332.4768981933594,80.8898696899414
1671080400,322.74371337890625,78.46763610839844
1671166800,319.5331115722656,77.6363754272461
1671426000,317.9278259277344,76.46549224853516
1671512400,317.8171081542969,76.11692810058594
1671598800,323.048095703125,77.64533233642578
1671685200,318.8227233886719,77.19843292236328
1671771600,318.7581787109375,76.9660415649414
1672117200,315.4922790527344,76.02753448486328
1672203600,314.4773864746094,75.49124145507812
1672290000,316.83917236328125,76.18840789794922
1672376400,316.7930603027344,75.99177551269531
1672722000,319.4131774902344,76.61744689941406
1672808400,320.7785949707031,77.44869995117188
1672894800,317.1436462402344,76.79621124267578
1672981200,321.12921142578125,78.26206970214844
1673240400,325.668212890625,78.33355712890625
1673326800,329.6907043457031,79.4776382446289
1673413200,336.2593688964844,79.9334716796875
1673499600,341.296630859375,80.91667175292969
1673586000,345.04229736328125,81.92668914794922
1673931600,322.8266906738281,86.77114868164062
1674018000,322.06097412109375,86.3242416381836
1674104400,323.59246826171875,84.15226745605469
1674190800,315.372314453125,86.02033996582031
1674450000,322.10711669921875,86.81584167480469
1674536400,321.3598327636719,85.36784362792969
1674622800,322.5591735839844,85.48405456542969
1674709200,327.4857482910156,86.25273132324219
1674795600,326.3139953613281,86.57449340820312
1675054800,329.7828674316406,86.46188354492188
1675141200,337.4863586425781,87.69628143310547
1675227600,337.3941345214844,88.4711685180664
1675314000,340.86297607421875,89.39019775390625
1675400400,341.3058776855469,89.58841705322266
1675659600,342.090087890625,89.11087799072266
1675746000,345.4112548828125,89.39920806884766
1675832400,346.0570983886719,89.16494750976562
1675918800,339.49761962890625,88.34500122070312
1676005200,342.5328674316406,88.69640350341797
1676264400,345.0606994628906,89.58841705322266
1676350800,342.9941711425781,90.60657501220703
1676437200,345.35589599609375,90.84984588623047
1676523600,341.5365295410156,89.71456909179688
1676610000,339.9681091308594,89.66049194335938
1676955600,333.1595153808594,87.95758056640625
1677042000,332.9473571777344,87.64220428466797
1677128400,335.39215087890625,88.24588775634766
1677214800,335.67816162109375,88.0296630859375
1677474000,337.2281188964844,87.12863159179688
1677560400,324.4227600097656,86.94843292236328
1677646800,321.7095947265625,86.66910552978516
1677733200,324.3763122558594,86.57000732421875
1677819600,331.80047607421875,88.59729766845703
1678078800,331.7632751464844,88.64234924316406
1678165200,321.5701599121094,86.55196380615234
1678251600,324.5528564453125,86.40782165527344
1678338000,317.8627624511719,83.07404327392578
1678424400,304.4640197753906,81.13687133789062
1678680000,293.1651611328125,79.28074645996094
1678766400,299.3349609375,81.06476593017578
1678852800,290.0802917480469,76.93807983398438
1678939200,292.77490234375,78.39775085449219
1679025600,282.04296875,75.84785461425781
1679284800,287.60870361328125,77.1633529663086
1679371200,294.8099060058594,79.97453308105469
1679457600,291.4554748535156,78.8843002319336
1679544000,292.55194091796875,77.34356689453125
1679630400,290.4334411621094,75.64063262939453
1679889600,295.9713134765625,76.2623291015625
1679976000,295.8876953125,76.47856903076172
1680062400,298.00616455078125,77.70396423339844
1680148800,298.39642333984375,77.58683013916016
1680235200,303.94366455078125,79.10956573486328
1680494400,303.3954772949219,78.53290557861328
1680580800,299.79949951171875,76.42450714111328
1680667200,298.7588806152344,75.52349853515625
1680753600,299.56719970703125,75.85688018798828
1681099200,301.9459228515625,75.68567657470703
1681185600,304.18524169921875,76.66779327392578
1681272000,306.85198974609375,77.01018524169922
1681358400,308.60809326171875,77.20841979980469
1681444800,313.0589599609375,78.12744140625
1681704000,315.6234130859375,80.45207977294922
1681790400,310.2621154785156,80.95664978027344
1681876800,313.031005859375,81.49725341796875
1681963200,314.72210693359375,81.4792251586914
1682049600,317.46319580078125,82.10093688964844
1682308800,319.600341796875,81.2719955444336
1682395200,315.4376220703125,79.34381866455078
1682481600,312.7244567871094,79.68621063232422
1682568000,317.4075012207031,81.32606506347656
1682654400,319.1171569824219,81.76683807373047
1682913600,316.4504089355469,79.91284942626953
1683000000,309.7602844238281,78.42237091064453
1683086400,305.37457275390625,77.02278900146484
1683172800,298.50799560546875,75.0779037475586
1683259200,303.8600769042969,77.14092254638672
1683518400,303.3861389160156,76.73196411132812
1683604800,301.7693786621094,76.67743682861328
1683691200,299.70660400390625,76.08670043945312
1683777600,298.00616455078125,75.0960693359375
1683864000,296.8726806640625,74.87796020507812
1684123200,299.26055908203125,75.38690185546875
1684209600,298.0898132324219,74.39629364013672
1684296000,306.7962341308594,76.25938415527344
1684382400,306.23876953125,76.78649139404297
1684468800,303.0516662597656,74.74161529541016
1684728000,301.90875244140625,74.76891326904297
1684814400,300.6544494628906,75.10515594482422
1684900800,297.16064453125,73.81462097167969
1684987200,300.9424133300781,75.4323501586914
1685073600,308.49664306640625,76.25028228759766
1685419200,307.40020751953125,75.81404113769531
1685505600,303.2525634765625,74.305419921875
1685592000,296.2306823730469,74.5871353149414
1685678400,303.01849365234375,76.65924835205078
1685937600,301.2957763671875,76.10487365722656
1686024000,305.9677429199219,78.03157806396484
1686110400,314.34716796875,78.61322021484375
1686196800,314.0850830078125,78.4405288696289
1686283200,314.5999450683594,78.34967041015625
1686542400,317.8487548828125,79.4675064086914
1686628800,320.66693115234375,80.23094177246094
1686715200,316.8470458984375,79.95829772949219
1686801600,318.08282470703125,80.93072509765625
1686888000,316.7440490722656,80.0582504272461
1687233600,309.6378173828125,78.822265625
1687320000,304.34808349609375,78.46781158447266
1687406400,299.20794677734375,76.79557800292969
1687492800,294.6484069824219,75.95945739746094
1687752000,292.4482116699219,75.96855163574219
1687838400,293.46875,76.73196411132812
1687924800,293.6654357910156,76.33206939697266
1688011200,302.4942321777344,77.46810913085938
1688097600,301.9792785644531,77.613525390625
1688356800,305.7898254394531,78.53144073486328
1688529600,299.6480407714844,78.08611297607422
1688616000,293.04742431640625,75.73225402832031
1688702400,295.0791015625,75.75951385498047
1688961600,296.2962341308594,75.79586029052734
1689048000,300.4251403808594,77.213623046875
1689134400,305.5932312011719,77.94978332519531
1689220800,307.7278137207031,78.34967041015625
1689307200,305.3966369628906,77.9588623046875
1689566400,306.34222412109375,78.49507141113281
1689652800,315.7702941894531,83.5572280883789
1689739200,318.8411865234375,84.6659927368164
1689825600,328.4939880371094,85.24762725830078
1689912000,329.5238342285156,85.4384994506836
1690171200,336.0495300292969,86.0383071899414
1690257600,332.0892639160156,85.81110382080078
1690344000,334.76690673828125,85.01133728027344
1690430400,331.9113464355469,84.29338073730469
1690516800,330.71295166015625,83.99068450927734
1690776000,333.18463134765625,83.98151397705078
1690862400,334.9167175292969,83.41282653808594
1690948800,328.71868896484375,81.92689514160156
1691035200,330.64739990234375,81.76181030273438
1691121600,330.7035217285156,81.44078063964844
1691380800,332.8943786621094,81.70677947998047
1691467200,326.059814453125,81.14725494384766
1691553600,320.8448181152344,80.31259155273438
1691640000,318.7007141113281,80.38597106933594
1691726400,319.009765625,80.44100952148438
1691985600,316.2103271484375,80.10163879394531
1692072000,311.0329284667969,79.02848052978516
1692158400,308.1305236816406,78.87255096435547
1692244800,306.6418151855469,78.68909454345703
1692331200,304.21697998046875,77.86358642578125
1692590400,301.5299377441406,77.27656555175781
1692676800,298.4683532714844,76.11168670654297
1692763200,301.7826843261719,76.48773956298828
1692849600,299.5637512207031,76.53362274169922
1692936000,299.74163818359375,76.33181762695312
1693195200,305.19061279296875,77.39581298828125
1693281600,311.3511962890625,78.4689712524414
1693368000,310.19940185546875,78.20296478271484
1693454400,309.3780822753906,78.10206604003906
1693540800,309.0854187011719,78.65240478515625
1693886400,305.6396179199219,77.81773376464844
1693972800,303.1662292480469,77.19401550292969
1694059200,303.94970703125,76.90050506591797
1694145600,307.3105773925781,77.89110565185547
1694404800,306.4892883300781,76.59782409667969
1694491200,312.3896789550781,78.4689712524414
1694577600,316.241455078125,80.02825927734375
1694664000,325.2950134277344,81.69761657714844
1694750400,323.3785095214844,81.09224700927734
1695009600,324.1148986816406,81.36740112304688
1695096000,322.764892578125,81.1839599609375
1695182400,317.8652038574219,79.9273681640625
1695268800,311.7665710449219,77.85441589355469
1695355200,309.548095703125,76.39603424072266
1695614400,310.4449462890625,76.15753173828125
1695700800,305.7057189941406,75.36873626708984
1695787200,303.9403991699219,74.89177703857422
1695873600,307.0085144042969,75.3870849609375
1695960000,305.4697265625,74.91011810302734
1696219200,300.6833190917969,73.75440216064453
1696305600,288.995849609375,71.56221771240234
1696392000,291.33709716796875,72.54366302490234
1696478400,293.13079833984375,72.59869384765625
1696564800,295.00006103515625,73.6810302734375
1696824000,295.1227722167969,73.2957992553711
1696910400,297.1619567871094,73.49757385253906
1696996800,295.50982666015625,72.36936950683594
1697083200,292.5172424316406,71.36961364746094
1697169600,291.99798583984375,71.35125732421875
1697428800,296.80322265625,72.21345520019531
1697515200,292.0545654296875,73.6810302734375
1697601600,285.06854248046875,68.68212127685547
1697688000,282.4535217285156,66.88435363769531
1697774400,283.265380859375,67.07696533203125
1698033600,282.4818420410156,65.76534271240234
1698120000,282.4440612792969,65.63692474365234
1698206400,280.1594543457031,65.49017333984375
1698292800,280.37652587890625,66.10470581054688
1698379200,273.6926574707031,64.57293701171875
1698638400,284.0017395019531,65.53851318359375
1698724800,286.626220703125,65.75204467773438
1698811200,289.97760009765625,65.87275695800781
1698897600,296.2085266113281,68.20313262939453
1698984000,309.29315185546875,70.80276489257812
1699246800,305.7906799316406,70.48710632324219
1699333200,305.8284606933594,70.10645294189453
1699419600,306.404296875,70.53352355957031
1699506000,302.8358154296875,68.88091278076172
1699592400,307.30120849609375,69.93932342529297
1699851600,308.62286376953125,69.67007446289062
1699938000,319.7722473144531,72.70606231689453
1700024400,318.71490478515625,73.97803497314453
1700110800,317.8369140625,73.95946502685547
1700197200,320.2159729003906,74.53509521484375
1700456400,320.4613952636719,73.99659729003906
1700542800,316.2320251464844,72.8546142578125
1700629200,319.6966552734375,72.87318420410156
1700802000,320.1781311035156,73.02173614501953
1701061200,318.81866455078125,72.371826171875
1701147600,318.7620849609375,71.37838745117188
1701234000,323.8638000488281,72.92888641357422
1701320400,325.0821228027344,73.66236114501953
1701406800,331.6401062011719,75.1014404296875
1701666000,332.55389404296875,75.3985366821289
1701752400,325.281982421875,74.43296813964844
1701838800,325.49139404296875,73.72735595703125
1701925200,328.0137023925781,74.60008239746094
1702011600,333.9244079589844,76.39196014404297
1702270800,334.80963134765625,76.89332580566406
1702357200,335.6186828613281,77.61750030517578
1702443600,345.25103759765625,79.50224304199219
1702530000,364.99163818359375,84.52509307861328
1702616400,362.1742858886719,85.02645874023438
1702875600,358.2622985839844,84.26514434814453
1702962000,364.02081298828125,85.34213256835938
1703048400,359.32830810546875,84.6179428100586
1703134800,362.2313232421875,86.00130462646484
1703221200,362.3075256347656,85.79706573486328
1703566800,363.2212829589844,86.1962890625
1703653200,365.95294189453125,86.9576187133789
1703739600,367.7899169921875,86.93904876708984
1703826000,367.1807861328125,86.57695007324219
1704171600,369.5888977050781,87.18043518066406
1704258000,363.3926086425781,85.33284759521484
1704344400,364.4966735839844,85.5556640625
1704430800,367.8184509277344,86.56765747070312
1704690000,370.12188720703125,86.8183364868164
1704776400,365.2486267089844,85.47209930419922
1704862800,363.55438232421875,84.9336166381836
1704949200,361.4508972167969,84.03302001953125
1705035600,359.5472717285156,83.28097534179688
1705381200,362.1171569824219,79.81792449951172
1705467600,359.0047302246094,78.36955261230469
1705554000,358.7477722167969,77.89604187011719
1705640400,363.7828063964844,79.23298645019531
1705899600,367.361572265625,79.5950927734375
1705986000,362.4217529296875,80.53280639648438
1706072400,361.1177673339844,81.30341339111328
1706158800,364.25872802734375,81.7212142944336
1706245200,359.5853271484375,81.45198059082031
1706504400,362.22186279296875,81.3498306274414
1706590800,368.2278137207031,82.14673614501953
1706677200,365.5055847167969,81.79046630859375
1706763600,365.353271484375,81.39671325683594
1706850000,369.1701354980469,81.81858825683594
1707109200,364.5633239746094,80.52481079101562
1707195600,366.4383544921875,80.72168731689453
1707282000,368.02789306640625,80.6279296875
1707368400,366.4859619140625,80.29978942871094
1707454800,365.7435607910156,80.52481079101562
1707714000,373.71978759765625,81.44358825683594
1707800400,360.4990539550781,78.72473907470703
1707886800,359.8232727050781,78.75286865234375
1707973200,366.84765625,80.31855010986328
1708059600,365.9148864746094,81.09671020507812
1708405200,365.99102783203125,80.01853942871094
1708491600,369.560302734375,80.12165832519531
1708578000,371.654296875,80.48728942871094
1708664400,372.20635986328125,81.1435775756836
1708923600,371.4163513183594,80.31855010986328
1709010000,371.9779052734375,80.14978790283203
1709096400,376.8857421875,80.67481231689453
1709182800,372.9268798828125,80.66543579101562
1709269200,372.0163269042969,81.07794952392578
1709528400,375.9942932128906,84.41557312011719
1709614800,374.7098083496094,83.5624008178711
1709701200,373.4253845214844,80.3091812133789
1709787600,372.3326110839844,80.75918579101562
1709874000,370.9522705078125,81.60295867919922
1710129600,370.15667724609375,81.50921630859375
1710216000,372.09295654296875,81.61235046386719
1710302400,376.0517883300781,83.76866912841797
1710388800,372.505126953125,83.53428649902344
1710475200,371.16314697265625,82.8592529296875
1710734400,368.44085693359375,82.46549987792969
1710820800,372.5531005859375,82.89675903320312
1710907200,380.0393981933594,85.64373779296875
1710993600,396.5649719238281,87.56568908691406
1711080000,389.9604797363281,86.20625305175781
1711339200,388.1584167480469,85.44684600830078
1711425600,389.3470153808594,85.57810974121094
1711512000,398.0411071777344,87.65943145751953
1711598400,400.3800048828125,88.27821350097656
1711944000,396.37322998046875,87.68755340576172
1712030400,393.1524353027344,86.91878509521484
1712116800,396.8428955078125,87.190673828125
1712203200,389.41412353515625,86.51564025878906
1712289600,391.15869140625,86.69377899169922
1712548800,393.5263366699219,87.3875503540039
1712635200,393.689208984375,88.20320129394531
1712721600,384.1515808105469,85.92501068115234
1712808000,381.0075378417969,81.41545867919922
1712894400,373.34869384765625,80.80607604980469
1713153600,384.26666259765625,81.55608367919922
1713240000,380.41326904296875,83.57178497314453
1713326400,387.17108154296875,84.45306396484375
1713412800,386.40423583984375,84.621826171875
1713499200,387.2573547363281,84.99684143066406
1713758400,400.0541076660156,86.33751678466797
1713844800,406.4284973144531,87.90320587158203
1713931200,405.50830078125,87.98756408691406
1714017600,402.6422119140625,86.77815246582031
1714104000,409.8505554199219,87.03130340576172
1714363200,412.956298828125,87.154296875
1714449600,409.02618408203125,85.95262145996094
1714536000,409.25628662109375,86.61495971679688
1714622400,414.643310546875,87.66523742675781
1714708800,420.02081298828125,88.60197448730469
1714968000,425.28338623046875,89.69010925292969
1715054400,425.407958984375,90.63629913330078
1715140800,428.4273681640625,90.494384765625
1715227200,436.68060302734375,92.83148193359375
1715313600,435.8849792480469,92.99234008789062
1715572800,434.76348876953125,93.25726318359375
1715659200,439.4700012207031,94.03314971923828
1715745600,446.7742004394531,95.11181640625
1715832000,445.2692565917969,94.22239685058594
1715918400,448.336669921875,94.82797241210938
1716177600,443.75469970703125,94.93204498291016
1716264000,450.9151611328125,96.0674819946289
1716350400,443.21795654296875,95.31998443603516
1716436800,439.16326904296875,93.59790802001953
1716523200,442.06768798828125,93.64521026611328
1716868800,440.75445556640625,93.36134338378906
1716955200,438.2239074707031,92.03667449951172
1717041600,434.1831970214844,91.99884033203125
1717128000,440.2490234375,92.57601165771484
1717387200,438.7638854980469,92.16915130615234
1717473600,439.0725402832031,91.38379669189453
1717560000,445.2250671386719,91.45951080322266
1717646400,441.772705078125,91.63926696777344
1717732800,438.6963806152344,91.9136734008789
1717992000,437.3848571777344,91.20402526855469
1718078400,428.43560791015625,90.2956771850586
1718164800,432.70770263671875,90.50384521484375
1718251200,430.44146728515625,90.0875015258789
1718337600,430.5475769042969,90.36190795898438
1718596800,434.1349792480469,91.81906127929688
1718683200,441.1265563964844,92.32054138183594
1718856000,441.7244873046875,92.1975326538086
1718942400,434.1349792480469,90.98639678955078
1719201600,445.6204833984375,91.87582397460938
1719288000,441.078369140625,92.53816986083984
1719374400,439.61248779296875,91.67711639404297
1719460800,430.06536865234375,90.61737823486328
1719547200,436.1986999511719,91.96098327636719
1719806400,447.1345520019531,93.82498168945312
1719892800,449.0149841308594,94.28861999511719
1719979200,451.24267578125,94.80902862548828
1720152000,448.1856689453125,94.23184967041016
1720411200,448.2532043457031,95.17805480957031
1720497600,455.9776611328125,97.0893783569336
1720584000,461.82171630859375,97.89363861083984
1720670400,462.14959716796875,99.01014709472656
1720756800,462.77642822265625,98.48974609375
1721016000,474.6862487792969,99.5968017578125
1721102400,485.0916442871094,100.5051498413086
1721188800,484.2815856933594,101.20533752441406
1721275200,468.8808288574219,99.17100524902344
1721361600,467.6464538574219,96.59735107421875
1721620800,469.6812438964844,96.92852020263672
1721707200,474.6091003417969,97.9314956665039
1721793600,469.3533935546875,96.48381805419922
1721880000,474.1847839355469,97.98824310302734
1721966400,481.2438659667969,98.5843734741211
1722225600,475.15875244140625,96.96638488769531
1722312000,487.64727783203125,98.17750549316406
1722398400,490.8874816894531,98.53550720214844
1722484800,482.2950439453125,97.15119171142578
1722571200,453.8657531738281,91.50886535644531
1722830400,442.6598815917969,87.90006256103516
1722916800,453.4607238769531,88.7593002319336
1723003200,456.15130615234375,87.93824768066406
1723089600,468.45648193359375,90.34410858154297
1723176000,472.7864685058594,90.43003845214844
1723435200,468.1961364746094,90.54460906982422
1723521600,474.4066162109375,92.32991027832031
1723608000,480.9256591796875,94.93627166748047
1723694400,481.2342224121094,96.08192443847656
1723780800,486.2875061035156,96.84569549560547
1724040000,486.6925048828125,97.14164733886719
1724126400,479.6141052246094,96.21556854248047
1724212800,478.7655334472656,96.1296615600586
1724299200,480.0094909667969,96.00553131103516
1724385600,491.2635803222656,97.27529907226562
1724644800,489.7688293457031,97.69538116455078
1724731200,489.1805725097656,97.45669555664062
1724817600,485.390625,97.5712661743164
1724904000,491.91937255859375,97.9531478881836
1724990400,494.9750061035156,98.91741180419922
1725336000,472.8672790527344,94.77397155761719
1725422400,475.9521179199219,95.61410522460938
1725508800,473.27471923828125,95.05082702636719
1725595200,465.2522888183594,92.21533966064453
1725854400,473.944091796875,93.73332977294922
1725940800,453.1458740234375,92.24398803710938
1726027200,457.0649719238281,92.63541412353516
1726113600,459.8683776855469,92.26307678222656
1726200000,464.65081787109375,93.80016326904297
1726459200,470.63616943359375,95.55681610107422
1726545600,470.8592529296875,95.31814575195312
1726632000,470.073486328125,94.8026123046875
1726718400,488.7472229003906,96.1678466796875
1726804800,483.5088806152344,97.82903289794922
1727064000,482.5194396972656,97.82903289794922
1727150400,483.11114501953125,97.93405151367188
1727236800,476.4371337890625,97.70491790771484
1727323200,482.0440979003906,99.86256408691406
1727409600,483.5865173339844,99.3947525024414
1727668800,480.28826904296875,99.51887512207031
1727755200,475.4961853027344,99.69071197509766
1727841600,477.2616882324219,99.78618621826172
1727928000,471.5480041503906,99.83393859863281
1728014400,480.3368225097656,102.99400329589844
1728273600,479.8129577636719,102.76487731933594
1728360000,481.7045593261719,102.62167358398438
1728446400,490.0567932128906,104.10148620605469
1728532800,488.6405334472656,103.18495178222656
1728619200,500.8439636230469,105.45716857910156
1728878400,507.100830078125,107.19473266601562
1728964800,506.741943359375,107.13743591308594
1729051200,513.9979858398438,114.09728240966797
1729137600,513.1637573242188,114.03044128417969
1729224000,512.6786499023438,115.57707977294922
1729483200,502.2990417480469,112.92298889160156
1729569600,502.7840881347656,112.96117401123047
1729656000,501.7170104980469,112.92298889160156
1729742400,508.79840087890625,113.7726821899414
1729828800,497.254638671875,111.58639526367188
1730088000,507.9060363769531,113.7344741821289
1730174400,508.5850524902344,113.89679718017578
1730260800,508.7014465332031,112.57928466796875
1730347200,502.2892761230469,111.86241149902344
1730433600,503.8026123046875,112.43975830078125
1730696400,496.1585388183594,111.7565689086914
1730782800,511.184814453125,113.363525390625
1730869200,578.138671875,126.5272216796875
1730955600,564.7420654296875,123.59233093261719
1731042000,571.6197509765625,124.64118194580078
1731301200,584.3082275390625,128.48057556152344
1731387600,574.85009765625,127.3162612915039
1731474000,576.4312744140625,127.74928283691406
1731560400,570.9893188476562,127.43170928955078
1731646800,575.7716064453125,129.00022888183594
1731906000,570.3878173828125,128.7307586669922
1731992400,563.9756469726562,127.2489242553711
1732078800,564.5091552734375,126.71966552734375
1732165200,578.2647094726562,129.89512634277344
1732251600,584.7350463867188,129.60643005371094
1732510800,584.9776000976562,128.61529541015625
1732597200,587.3735961914062,126.32514190673828
1732683600,587.3057250976562,126.2577896118164
1732856400,590.3517456054688,126.6426773071289
1733115600,586.5887451171875,126.08456420898438
1733202000,586.9494018554688,125.51683807373047
1733288400,583.6641235351562,125.08382415771484
1733374800,581.8021240234375,125.4013671875
1733461200,584.6097412109375,125.05496215820312
1733720400,579.1893920898438,123.72703552246094
1733806800,570.3279418945312,122.00460052490234
1733893200,577.668701171875,122.77440643310547
1733979600,576.7424926757812,123.08233642578125
1734066000,570.7666015625,122.59158325195312
1734325200,571.5952758789062,124.16006469726562
1734411600,560.238037109375,122.91874694824219
1734498000,536.421875,116.47161865234375
1734584400,540.0679931640625,115.9520034790039
1734670800,551.8735961914062,118.78104400634766
1734930000,556.4359741210938,119.75292205810547
1735016400,568.1441040039062,122.26439666748047
1735189200,566.6233520507812,123.19779968261719
1735275600,561.7003173828125,121.97573852539062
1735534800,559.1363525390625,121.00386047363281
1735621200,558.2297973632812,120.97498321533203
1735794000,560.520751953125,120.0704574584961
1735880400,565.5510864257812,121.18668365478516
1736139600,568.7291259765625,123.78477478027344
1736226000,565.541259765625,122.0912094116211
1736312400,565.4439086914062,123.03423309326172
1736485200,545.9268798828125,118.79065704345703
1736744400,548.8027954101562,119.3102798461914
1736830800,557.1671752929688,119.91650390625
1736917200,590.6929321289062,125.6227035522461
1737003600,597.5852661132812,130.68417358398438
1737090000,610.2098388671875,132.66641235351562
1737435600,618.7886962890625,132.11793518066406
1737522000,616.8291625976562,130.86700439453125
1737608400,623.4290161132812,132.59906005859375
1737694800,620.8944091796875,132.61831665039062
1737954000,617.3653564453125,131.49246215820312
1738040400,621.7717895507812,133.31112670898438
1738126800,621.3623046875,133.47470092773438
1738213200,629.4732055664062,134.65830993652344
1738299600,624.3064575195312,134.09161376953125
1738558800,616.478271484375,132.86143493652344
1738645200,618.24267578125,132.483642578125
1738731600,629.2295532226562,134.57595825195312
1738818000,641.6785278320312,136.6585693359375
1738904400,639.4168701171875,135.59304809570312
1739163600,634.1819458007812,133.00672912597656
1739250000,630.9744873046875,133.47164916992188
1739336400,632.6902465820312,132.81297302246094
1739422800,632.6415405273438,132.55145263671875
1739509200,643.9501342773438,134.5953369140625
1739854800,655.2974853515625,136.3001708984375
1739941200,651.3590698242188,136.28079223632812
1740027600,626.1196899414062,130.12979125976562
1740114000,609.8783569335938,127.56285858154297
1740373200,610.4048461914062,125.8967514038086
1740459600,599.4569702148438,125.5383529663086
1740546000,602.2451171875,126.94290924072266
1740632400,592.7206420898438,125.18963623046875
1740718800,609.6597290039062,128.93833923339844
1740978000,592.975341796875,125.08308410644531
1741064400,569.344970703125,117.90531158447266
1741150800,581.0328369140625,119.87168884277344
1741237200,556.1482543945312,115.62895965576172
1741323600,548.3106689453125,115.55146789550781
1741579200,520.869140625,108.18965148925781
1741665600,520.6438598632812,108.52867889404297
1741752000,524.8369750976562,110.42724609375
1741838400,514.158203125,108.1799545288086
1741924800,530.4212646484375,111.72525024414062
1742184000,540.1497192382812,114.26314544677734
1742270400,540.5808715820312,114.40845489501953
1742356800,546.0280151367188,116.09391784667969
1742443200,551.2595825195312,116.6944808959961
1742529600,553.669677734375,116.37482452392578
1742788800,568.3259887695312,120.37539672851562
1742875200,574.0474853515625,121.27623748779297
1742961600,562.2714233398438,118.3702621459961
1743048000,547.5758666992188,115.27054595947266
1743134400,532.0966186523438,111.715576171875
1743393600,535.2022094726562,113.0135726928711
1743480000,537.3184204101562,112.11272430419922
1743566400,551.6710815429688,115.53208923339844
1743652800,500.8538513183594,104.5474853515625
1743739200,461.25421142578125,96.70133972167969
1743998400,456.0617980957031,97.75718688964844
1744084800,452.83856201171875,97.16629791259766
1744171200,506.37933349609375,108.19933319091797
1744257600,479.8587951660156,103.23979949951172
1744344000,484.40460205078125,104.73152923583984
1744603200,493.7510070800781,105.69049835205078
1744689600,497.5816345214844,106.97882080078125
1744776000,488.9210510253906,104.47968292236328
1744862400,499.1491394042969,105.75831604003906
1745208000,491.18414306640625,102.96856689453125
1745294400,509.4360656738281,106.92070770263672
1745380800,518.5667724609375,108.79021453857422
1745467200,534.3009033203125,111.97710418701172
1745553600,533.8012084960938,112.37425994873047
1745812800,535.31005859375,112.19989776611328
1745899200,537.7788696289062,112.5679931640625
1745985600,536.4366455078125,112.6998062133789
1746072000,542.5892944335938,114.00823211669922
1746158400,554.610107421875,117.38668823242188
1746417600,548.202880859375,116.78128814697266
1746504000,538.2098999023438,115.54122924804688
1746590400,540.718017578125,116.29307556152344
1746676800,554.2183227539062,119.00756072998047
1746763200,555.5897827148438,118.83180236816406
1747022400,579.337890625,124.06546783447266
1747108800,591.5547485351562,126.301513671875
1747195200,599.1866455078125,127.95166778564453
1747281600,603.3994140625,129.3870391845703
1747368000,606.4659423828125,129.0648193359375
1747627200,599.8723754882812,127.75640106201172
1747713600,594.2098388671875,126.08670043945312
1747800000,581.414794921875,122.34696197509766
1747886400,586.0880126953125,123.28433990478516
1747972800,586.3917846679688,123.09880828857422
1748318400,603.23291015625,126.1648178100586
1748404800,596.0908203125,124.50487518310547
1748491200,592.5834350585938,125.13955688476562
1748577600,591.1951904296875,125.01261138916016
1748836800,589.4918823242188,125.3739013671875
1748923200,594.5231323242188,125.64728546142578
1749009600,589.974365234375,125.13955688476562
1749096000,596.5415649414062,127.54158020019531
1749182400,604.5363159179688,128.7133026123047
1749441600,604.0637817382812,128.84024047851562
1749528000,605.3928833007812,128.7133026123047
1749614400,614.5496215820312,128.7035369873047
1749700800,615.47509765625,128.81094360351562
1749787200,604.0834350585938,126.43822479248047
1750046400,618.1728515625,127.81497955322266
1750132800,615.0123901367188,127.02406311035156
1750219200,625.448974609375,129.39682006835938
1750392000,630.9232788085938,129.58233642578125
1750651200,636.9096069335938,130.8419189453125
1750737600,651.9048461914062,132.6971435546875
1750824000,659.5452270507812,134.47425842285156
1750910400,676.5687255859375,136.45639038085938
1750996800,680.1624755859375,137.37425231933594
1751256000,696.8414306640625,137.5402374267578
1751342400,695.5712890625,137.74530029296875
1751428800,704.85595703125,139.4931182861328
1751515200,712.5258178710938,140.74295043945312
1751860800,699.9723510742188,140.35238647460938
1751947200,686.5328369140625,137.80389404296875
1752033600,685.8238525390625,138.2139892578125
1752120000,698.1902465820312,139.71768188476562
1752206400,694.0845336914062,138.92677307128906
1752465600,702.3058471679688,140.5769500732422
1752552000,691.68212890625,138.2530517578125
1752638400,697.8948974609375,136.49545288085938
1752724800,694.9608764648438,137.5792999267578
1752811200,697.3435668945312,137.51095581054688
1753070400,695.118408203125,137.15945434570312
1753156800,689.6144409179688,136.7395782470703
1753243200,706.4608154296875,138.85842895507812
1753329600,708.09521484375,139.1416015625
1753416000,717.744140625,139.6395721435547
1753675200,712.496337890625,139.20018005371094
1753761600,720.6979370117188,140.17660522460938
1753848000,719.4868774414062,141.5240936279297
1753934400,712.437255859375,140.06893920898438
1754020800,698.63330078125,136.7554931640625
1754280000,714.8396606445312,138.98739624023438
1754366400,709.7985229492188,138.10250854492188
1754452800,713.5695190429688,138.92840576171875
1754539200,708.6465454101562,138.55477905273438
1754625600,710.1530151367188,140.77684020996094
1754884800,708.1542358398438,141.465087890625
1754971200,731.9222412109375,144.81785583496094
1755057600,733.2120361328125,145.27996826171875
1755144000,735.683349609375,146.0173797607422
1755230400,719.4573364257812,142.20252990722656
1755489600,719.6936645507812,142.34999084472656
1755576000,710.2613525390625,141.6519012451172
1755662400,709.5720825195312,141.70106506347656
1755748800,704.9151000976562,141.62240600585938
1755835200,730.4552612304688,145.53562927246094
1756094400,727.4028930664062,145.1718292236328
1756180800,737.4063720703125,146.4696807861328
1756267200,738.115234375,146.87278747558594
1756353600,739.641357421875,147.65936279296875
1756440000,737.6913452148438,147.95431518554688
1756785600,723.4373779296875,146.3516845703125
1756872000,723.1503295898438,146.03704833984375
1756958400,741.3043212890625,148.00347900390625
1757044800,730.7227783203125,145.60443115234375
1757304000,734.3258056640625,146.2926788330078
1757390400,756.1719970703125,149.6651153564453
1757476800,761.7745971679688,151.53321838378906
1757563200,776.7709350585938,153.85360717773438
1757649600,772.1483154296875,153.76513671875
1757908800,778.7803344726562,154.0109405517578
1757995200,777.5628051757812,153.19485473632812
1758081600,786.1646728515625,154.76800537109375
1758168000,796.15234375,156.5673065185547
1758254400,796.8353271484375,157.22604370117188
1758513600,797.3896484375,158.0126190185547
1758600000,798.1419677734375,158.061767578125
1758686400,784.3928833007812,155.23011779785156
1758772800,786.69921875,156.28216552734375
1758859200,794.37060546875,157.4226837158203
1759118400,795.9642944335938,158.455078125
1759204800,788.2730102539062,156.2919921875
1759291200,777.5430297851562,154.25672912597656
1759377600,771.4752197265625,152.69342041015625
1759464000,781.9677124023438,154.94497680664062
1759723200,788.69873046875,155.4365997314453
1759809600,781.6410522460938,153.3521728515625
1759896000,768.6343383789062,153.03753662109375
1759982400,772.04931640625,153.64715576171875
1760068800,756.6074829101562,149.3111572265625
1760328000,778.8001708984375,152.5262908935547
1760414400,762.942626953125,152.73275756835938
1760500800,760.1412963867188,159.92005920410156
1760587200,750.401123046875,157.33419799804688
1760673600,743.1553955078125,156.00685119628906
1760932800,755.5780639648438,159.25148010253906
1761019200,751.2821044921875,156.55746459960938
1761105600,737.0479125976562,155.46607971191406
1761192000,743.165283203125,156.6361083984375
1761278400,775.9295654296875,161.10977172851562
1761537600,781.9776000976562,163.2335205078125
1761624000,784.0563354492188,162.43710327148438
1761710400,775.1178588867188,161.2769012451172
1761796800,782.1458129882812,162.4862518310547
1761883200,781.3638916015625,162.2290496826172
1762146000,777.5529174804688,161.88282775878906
1762232400,782.80908203125,162.23895263671875
1762318800,785.046142578125,163.39630126953125
1762405200,779.592041015625,161.6553192138672
1762491600,778.3646240234375,160.60678100585938
1762750800,789.1144409179688,163.26773071289062
1762837200,802.0914916992188,164.70205688476562
1762923600,830.4608154296875,168.0851287841797
1763010000,797.3302612304688,163.82167053222656
1763096400,782.8882446289062,162.090576171875
1763355600,767.6939697265625,157.7281951904297
1763442000,768.4263916015625,158.10409545898438
1763528400,778.0181274414062,160.5375213623047
1763614800,765.852783203125,156.98629760742188
1763701200,766.1795043945312,156.46200561523438
1763960400,782.6903076171875,161.0717010498047
1764046800,794.1824951171875,163.64361572265625
1764133200,807.7337036132812,166.12652587890625
1764306000,817.6619262695312,167.82794189453125
1764565200,802.6359252929688,166.65078735351562
1764651600,810.9422607421875,167.2640838623047
1764738000,832.1904296875,171.84410095214844
1764824400,833.4437866210938,173.00146484375
1764910800,850.086181640625,174.60397338867188
1765170000,862.1527099609375,174.9205322265625
1765256400,871.990966796875,176.89892578125
1765342800,884.5846557617188,177.76942443847656
1765429200,906.2606201171875,178.3431396484375
1765515600,883.3114013671875,176.48345947265625
1765774800,884.932861328125,175.87014770507812
1765861200,874.5474853515625,174.60397338867188
1765947600,867.76318359375,172.91244506835938
1766034000,871.71240234375,171.09231567382812
1766120400,888.8024291992188,175.0688934326172
1766379600,894.2935791015625,177.81887817382812
1766466000,896.9893798828125,177.56167602539062
1766552400,906.0119018554688,179.68846130371094
1766725200,902.2914428710938,179.90609741210938
1766984400,887.50927734375,177.99693298339844
1767070800,879.7898559570312,177.14622497558594
1767157200,874.3982543945312,175.6129608154297
1767330000,909.5532836914062,179.93576049804688
1767589200,943.4747314453125,184.52566528320312
1767675600,950.4678955078125,185.72259521484375
1767762000,936.0935668945312,182.7945556640625
1767848400,929.9359741210938,182.6857452392578
1767934800,934.064208984375,184.30804443359375
1768194000,944.5789184570312,184.5553436279297
1768280400,933.2386474609375,180.78648376464844
1768366800,927.7872924804688,178.82785034179688
1768453200,970.7511596679688,189.16502380371094
1768539600,956.9637451171875,187.04812622070312
1768885200,938.4312744140625,180.1336212158203
1768971600,948.0208129882812,181.34043884277344
1769058000,949.6522216796875,181.0733642578125
1769144400,914.0695190429688,177.0670928955078
1769403600,926.9815063476562,179.91598510742188
1769490000,924.8527221679688,180.68756103515625
1769576400,931.9056396484375,180.3710174560547
1769662800,935.1983032226562,180.43035888671875
1769749200,930.512939453125,181.82289123535156
1770008400,941.3757934570312,184.110595703125
1770094800,934.07421875,181.9322967529297
1770181200,908.5186767578125,179.11741638183594
1770267600,885.7484741210938,174.90008544921875
1770354000,923.8878173828125,178.99806213378906
1770613200,938.679931640625,181.3752899169922
1770699600,944.0218505859375,176.9391326904297
1770786000,939.6448974609375,175.73558044433594
1770872400,899.8145141601562,167.1616668701172
1770958800,900.4014282226562,170.2351531982422
1771304400,911.2443237304688,170.62306213378906
1771390800,928.8417358398438,175.6460723876953
1771477200,911.8511962890625,173.4379425048828
1771563600,917.411865234375,174.47238159179688
1771822800,887.6386108398438,165.90841674804688
1771909200,897.5464477539062,167.88775634765625
1771995600,916.556396484375,172.80136108398438
1772082000,924.136474609375,176.54127502441406
1772168400,855.0700073242188,165.6199493408203
1772427600,861.7000122070312,166.10733032226562
1772514000,862.5800170898438,165.0629425048828
1772600400,867.25,166.68423461914062
1772686800,835.4600219726562,161.68112182617188
1772773200,821.4199829101562,159.41331481933594
1773028800,832.030029296875,159.59234619140625
1773115200,833.8099975585938,159.8907470703125
1773201600,823.760009765625,160.02999877929688
1773288000,787.52001953125,153.5448455810547
1773374400,782.2100219726562,154.04217529296875
1773633600,794.77001953125,154.86773681640625
1773720000,807.0399780273438,156.98635864257812
1773806400,805.47998046875,158.08045959472656
1773892800,809.5,157.7025146484375
1773979200,813.530029296875,160.60690307617188
1774238400,831.27001953125,163.44166564941406
1774324800,835.719970703125,164.98336791992188
1774411200,841.8400268554688,164.76454162597656
1774497600,822.6400146484375,162.35748291015625
1774584000,802.8900146484375,157.54336547851562
1774843200,807.5999755859375,157.52346801757812
1774929600,845.989990234375,163.69033813476562
1775016000,860.2100219726562,165.28176879882812
1775102400,863.0399780273438,164.92369079589844
1775448000,866.0499877929688,165.6597442626953
1775534400,864.1500244140625,167.52969360351562
1775620800,905.75,175.07913208007812
1775707200,903.719970703125,177.2076873779297
1775793600,907.7999877929688,176.69046020507812
1776052800,890.7899780273438,180.1717529296875
1776139200,909.6300048828125,182.3599853515625
1776225600,899.489990234375,190.59573364257812
1776312000,900.0,186.3187255859375
1776398400,925.9500122070312,187.8107147216797
1776657600,941.739990234375,189.68064880371094
1776744000,926.5499877929688,188.29808044433594
1776830400,934.8400268554688,190.02879333496094
1776916800,931.2999877929688,187.6416015625
1777003200,926.9099731445312,187.06471252441406
1777262400,937.8099975585938,189.16342163085938
1777348800,926.5499877929688,189.34246826171875
1777435200,905.5999755859375,186.0800018310547
1777521600,923.77001953125,190.58999633789062
1777608000,923.7100219726562,190.1699981689453
1777867200,903.27001953125,188.00999450683594
1777953600,918.8900146484375,189.25
1778040000,937.3499755859375,193.35000610351562
1778126400,925.8699951171875,190.1699981689453
1778212800,936.47998046875,193.08999633789062
1778472000,944.8599853515625,191.10000610351562
1778558400,945.9000244140625,191.8800048828125
1778644800,955.4199829101562,193.8300018310547
1778731200,968.9600219726562,194.52999877929688
1778817600,948.469970703125,192.50999450683594
