timestamp,XOM,CVX
1147752000,31.29409408569336,28.263839721679688
1147838400,30.395078659057617,27.5350399017334
1147924800,30.24860954284668,27.422929763793945
1148011200,30.53143310546875,27.315465927124023
1148270400,30.698102951049805,27.19869041442871
1148356800,30.50113296508789,27.14262580871582
1148443200,30.354656219482422,26.90903663635254
1148529600,31.071861267089844,27.79198455810547
1148616000,31.102163314819336,27.950822830200195
1148961600,30.405176162719727,27.30611801147461
1149048000,30.763774871826172,27.932138442993164
1149134400,30.864778518676758,28.020898818969727
1149220800,31.13752555847168,28.38062858581543
1149480000,30.32940101623535,27.72657585144043
1149566400,30.506179809570312,27.530376434326172
1149652800,29.708160400390625,26.708145141601562
1149739200,30.086977005004883,27.030500411987305
1149825600,29.698060989379883,26.87632942199707
1150084800,29.415231704711914,26.90436363220215
1150171200,28.6121768951416,26.52595329284668
1150257600,29.1929988861084,27.016477584838867
1150344000,29.85968780517578,27.763946533203125
1150430400,29.698060989379883,27.427597045898438
1150689600,28.985933303833008,26.86699104309082
1150776000,28.985933303833008,26.86699104309082
1150862400,29.32431983947754,27.226715087890625
1150948800,29.27886390686035,27.40424156188965
1151035200,29.344512939453125,27.427597045898438
1151294400,29.708160400390625,27.880752563476562
1151380800,30.127391815185547,28.07697105407715
1151467200,30.869821548461914,28.66560173034668
1151553600,31.501157760620117,29.174819946289062
1151640000,30.986003875732422,28.992618560791016
1151899200,31.39004135131836,29.314960479736328
1152072000,31.592069625854492,29.84286880493164
1152158400,32.056732177734375,29.88958168029785
1152244800,31.73855972290039,29.749435424804688
1152504000,31.839550018310547,30.025060653686523
1152590400,32.31433868408203,30.50624656677246
1152676800,32.309288024902344,30.305370330810547
1152763200,32.359779357910156,30.33806610107422
1152849600,32.77900314331055,31.010784149169922
1153108800,32.32441711425781,30.305370330810547
1153195200,32.63251876831055,30.623043060302734
1153281600,32.65777587890625,30.828588485717773
1153368000,32.45068359375,30.515588760375977
1153454400,32.2890739440918,30.109155654907227
1153713600,33.011322021484375,30.959400177001953
1153800000,33.203250885009766,31.27707290649414
1153886400,33.637611389160156,31.534025192260742
1153972800,33.571937561035156,31.64146614074707
1154059200,33.839622497558594,30.85662078857422
1154318400,34.21337890625,30.730487823486328
1154404800,34.43561935424805,30.95006561279297
1154491200,34.58713912963867,30.819257736206055
1154577600,34.53157424926758,30.599681854248047
1154664000,34.693199157714844,30.674421310424805
1154923200,34.965946197509766,31.221027374267578
1155009600,34.986148834228516,31.393871307373047
1155096000,34.99625778198242,31.524688720703125
1155182400,35.183990478515625,31.463943481445312
1155268800,35.38188552856445,31.697521209716797
1155528000,35.1383171081543,31.323802947998047
1155614400,34.85417175292969,31.23504066467285
1155700800,34.285884857177734,30.797163009643555
1155787200,34.5446662902832,31.145578384399414
1155873600,35.06220245361328,31.66820526123047
1156132800,35.43260955810547,31.493989944458008
1156219200,35.62543869018555,31.333904266357422
1156305600,35.33112716674805,30.924287796020508
1156392000,35.88422393798828,31.41864585876465
1156478400,35.73706817626953,31.43748664855957
1156737600,35.56962585449219,31.150291442871094
1156824000,35.21951675415039,30.952545166015625
1156910400,34.6562614440918,30.693593978881836
1156996800,34.33661651611328,30.321624755859375
1157083200,34.55479431152344,30.524080276489258
1157428800,34.74760818481445,31.235031127929688
1157515200,34.08796310424805,30.70769691467285
1157601600,34.34677505493164,30.792461395263672
1157688000,33.90024185180664,30.236867904663086
1157947200,32.95137405395508,29.191614151000977
1158033600,32.8296012878418,28.904409408569336
1158120000,33.16447067260742,29.375246047973633
1158206400,32.83466339111328,29.215173721313477
1158292800,32.8042106628418,29.09273338317871
1158552000,33.64145278930664,29.591835021972656
1158638400,33.23551559448242,29.13982391357422
1158724800,32.530235290527344,28.6643009185791
1158811200,32.87018585205078,29.215173721313477
1158897600,32.936153411865234,29.163362503051758
1159156800,33.01226043701172,29.276371002197266
1159243200,33.70740509033203,29.940242767333984
1159329600,34.06260681152344,30.227441787719727
1159416000,34.23005676269531,30.382831573486328
1159502400,34.047386169433594,30.538183212280273
1159761600,33.99663162231445,30.37339973449707
1159848000,33.189849853515625,29.634201049804688
1159934400,33.79875183105469,29.992040634155273
1160020800,34.15900802612305,30.076780319213867
1160107200,34.260494232177734,29.973201751708984
1160366400,33.768310546875,29.775453567504883
1160452800,34.098121643066406,30.086212158203125
1160539200,33.7581672668457,29.70954132080078
1160625600,34.32646560668945,30.14269256591797
1160712000,34.70703125,30.227441787719727
1160971200,35.43260955810547,30.627653121948242
1161057600,35.21951675415039,30.571157455444336
1161144000,35.09772872924805,30.415786743164062
1161230400,35.38188552856445,30.905441284179688
1161316800,35.29054260253906,30.735939025878906
1161576000,35.4782829284668,30.905441284179688
1161662400,35.46306610107422,31.493989944458008
1161748800,36.031375885009766,31.818872451782227
1161835200,36.34089279174805,31.781198501586914
1161921600,36.25969696044922,31.86595344543457
1162184400,35.945091247558594,31.25857162475586
1162270800,36.239402770996094,31.639951705932617
1162357200,36.056732177734375,31.536380767822266
1162443600,36.122718811035156,31.917736053466797
1162530000,36.60981750488281,32.44508361816406
1162789200,36.995445251464844,32.84996795654297
1162875600,36.802650451660156,32.44508361816406
1162962000,37.614501953125,32.72758483886719
1163048400,38.022178649902344,33.05245590209961
1163134800,37.92536163330078,32.741695404052734
1163394000,37.93046188354492,33.123077392578125
1163480400,37.940650939941406,33.13719177246094
1163566800,38.119022369384766,33.17988586425781
1163653200,37.033538818359375,32.515811920166016
1163739600,37.242488861083984,32.77669906616211
1163998800,36.911231994628906,32.84310531616211
1164085200,37.40046691894531,33.3079719543457
1164171600,37.155845642089844,33.01386260986328
1164344400,36.88574981689453,32.653377532958984
1164603600,36.93162155151367,32.61068344116211
1164690000,37.79286193847656,33.14667510986328
1164776400,38.74583053588867,33.70166015625
1164862800,39.1433219909668,34.304080963134766
1164949200,39.34208297729492,34.67878723144531
1165208400,39.63256072998047,34.863792419433594
1165294800,39.78034591674805,35.07723617553711
1165381200,38.888519287109375,34.89223861694336
1165467600,38.582763671875,34.77840042114258
1165554000,38.47574234008789,34.54598617553711
1165813200,38.404380798339844,34.95864486694336
1165899600,38.85794448852539,35.0297966003418
1165986000,39.423614501953125,35.290687561035156
1166072400,40.12179946899414,36.035400390625
1166158800,39.393043518066406,35.75553512573242
1166418000,38.48085021972656,34.783138275146484
1166504400,39.23506546020508,35.33338165283203
1166590800,38.77130126953125,34.9349365234375
1166677200,38.66431427001953,34.7357063293457
1166763600,38.429874420166016,34.49854278564453
1167109200,38.75602722167969,34.6693115234375
1167195600,39.21977615356445,35.11992645263672
1167282000,39.408321380615234,35.2337646484375
1167368400,39.05160140991211,34.878013610839844
1167800400,37.76738357543945,33.66371154785156
1167886800,37.05902099609375,33.33641052246094
1167973200,37.32402420043945,33.4644889831543
1168232400,37.023338317871094,33.891395568847656
1168318800,36.73795700073242,33.50243377685547
1168405200,36.17737579345703,32.92374801635742
1168491600,36.172298431396484,32.582210540771484
1168578000,37.028446197509766,33.369625091552734
1168923600,36.5035285949707,33.04707336425781
1169010000,36.92653274536133,33.59255599975586
1169096400,36.671688079833984,33.639984130859375
1169182800,37.4718017578125,34.304080963134766
1169442000,37.150733947753906,33.782291412353516
1169528400,37.96101379394531,34.417903900146484
1169614800,38.16997146606445,34.55071258544922
1169701200,37.46669387817383,33.92459487915039
1169787600,37.51256561279297,33.91511154174805
1170046800,37.30361557006836,33.929351806640625
1170133200,37.91006088256836,34.659812927246094
1170219600,37.76229476928711,34.56970977783203
1170306000,38.26170349121094,35.32387924194336
1170392400,38.496131896972656,35.11992645263672
1170651600,38.5623779296875,34.996612548828125
1170738000,38.455345153808594,34.802120208740234
1170824400,38.27621841430664,34.45586395263672
1170910800,38.61912536621094,34.98237991333008
1170997200,38.49630355834961,34.77840042114258
1171256400,38.178993225097656,34.304080963134766
1171342800,38.614009857177734,34.54598617553711
1171429200,38.69077682495117,34.48866271972656
1171515600,38.55770492553711,34.092124938964844
1171602000,38.5321159362793,33.829349517822266
1171947600,38.31718063354492,33.499732971191406
1172034000,38.2711181640625,33.41372299194336
1172120400,38.42464065551758,33.762447357177734
1172206800,38.49630355834961,33.953575134277344
1172466000,38.588417053222656,34.11600112915039
1172552400,36.76136016845703,32.76397705078125
1172638800,36.68458557128906,32.73530578613281
1172725200,36.331459045410156,32.295799255371094
1172811600,35.829917907714844,31.908803939819336
1173070800,35.81455993652344,31.73680877685547
1173157200,36.33656311035156,32.3292236328125
1173243600,36.66410827636719,32.64455032348633
1173330000,36.7715950012207,32.70664596557617
1173416400,36.397987365722656,32.711429595947266
1173672000,36.27005386352539,32.8834228515625
1173758400,35.77873992919922,32.41044998168945
1173844800,36.34681701660156,32.63975524902344
1173931200,36.177940368652344,32.90253448486328
1174017600,35.75313949584961,32.525108337402344
1174276800,36.38776397705078,33.14617919921875
1174363200,36.84834671020508,33.466285705566406
1174449600,37.477840423583984,34.08256530761719
1174536000,38.05616760253906,34.8421745300293
1174622400,38.393943786621094,35.21005630493164
1174881600,38.6242561340332,35.544471740722656
1174968000,38.74705505371094,35.43458557128906
1175054400,38.670291900634766,35.391597747802734
1175140800,39.018310546875,35.807247161865234
1175227200,38.614009857177734,35.33427429199219
1175486400,38.97737121582031,35.749916076660156
1175572800,39.3049201965332,35.99354553222656
1175659200,39.46356964111328,36.09388732910156
1175745600,39.51987075805664,36.12253952026367
1176091200,39.3049201965332,36.06522750854492
1176177600,39.6989860534668,36.805728912353516
1176264000,39.289546966552734,36.576416015625
1176350400,39.60687255859375,36.86783218383789
1176436800,39.61709976196289,36.79140853881836
1176696000,40.00605010986328,37.202247619628906
1176782400,40.12377166748047,37.2452507019043
1176868800,40.02141189575195,37.15448760986328
1176955200,39.64269256591797,36.69584274291992
1177041600,40.81978225708008,37.4793586730957
1177300800,40.53318786621094,37.054161071777344
1177387200,40.226139068603516,36.834388732910156
1177473600,40.901668548583984,37.41725158691406
1177560000,41.22410202026367,37.3503532409668
1177646400,41.12684631347656,37.302581787109375
1177905600,40.625308990478516,37.16404724121094
1177992000,40.768611907958984,37.431575775146484
1178078400,40.850494384765625,37.57012176513672
1178164800,41.29063415527344,38.00966262817383
1178251200,41.22410202026367,37.88546371459961
1178510400,41.36741638183594,38.01920700073242
1178596800,41.648887634277344,38.243751525878906
1178683200,41.66935729980469,38.10044860839844
1178769600,40.80583572387695,37.35514450073242
1178856000,41.751583099365234,38.23897933959961
1179115200,41.76187515258789,38.635498046875
1179201600,41.7001953125,38.56863021850586
1179288000,41.864646911621094,38.84773254394531
1179374400,42.04456329345703,39.198997497558594
1179460800,42.79499435424805,39.86787796020508
1179720000,42.964603424072266,39.858245849609375
1179806400,42.54314422607422,39.54546356201172
1179892800,42.656219482421875,39.17013931274414
1179979200,42.291282653808594,38.481998443603516
1180065600,42.92350387573242,39.04020309448242
1180411200,42.46604537963867,38.83810043334961
1180497600,43.175331115722656,39.57915496826172
1180584000,42.74873352050781,39.213436126708984
1180670400,43.28843307495117,39.569549560546875
1180929600,43.28843307495117,40.00261306762695
1181016000,43.30898666381836,39.81014633178711
1181102400,42.98004150390625,39.35779571533203
1181188800,42.12680435180664,38.592681884765625
1181275200,42.49687957763672,38.8284797668457
1181534400,42.69219970703125,39.150875091552734
1181620800,42.14736557006836,38.76591110229492
1181707200,42.84125900268555,39.04983901977539
1181793600,43.57111358642578,39.617652893066406
1181880000,44.172489166259766,40.02186965942383
1182139200,44.38836669921875,40.12770462036133
1182225600,44.12110137939453,40.07961654663086
1182312000,42.56885528564453,38.96321105957031
1182398400,43.32954025268555,39.86787796020508
1182484800,42.41462707519531,39.242313385009766
1182744000,42.337554931640625,39.915985107421875
1182830400,42.05484390258789,39.795692443847656
1182916800,42.908077239990234,40.368343353271484
1183003200,42.96975326538086,40.50787353515625
1183089600,43.11366653442383,40.53675842285156
1183348800,43.596824645996094,40.97465515136719
1183435200,43.8744010925293,41.542476654052734
1183608000,43.77157211303711,41.65795135498047
1183694400,44.43975830078125,42.19208908081055
1183953600,44.943485260009766,43.06789016723633
1184040000,44.460323333740234,42.827293395996094
1184126400,44.86638641357422,43.66939163208008
1184212800,46.06398391723633,44.89646911621094
1184299200,46.42891311645508,44.91090393066406
1184558400,46.10511779785156,44.328651428222656
1184644800,45.79157257080078,43.837825775146484
1184731200,46.850399017333984,44.79060363769531
1184817600,47.43635940551758,44.752113342285156
1184904000,47.25647735595703,44.328651428222656
1185163200,48.027408599853516,44.54519271850586
1185249600,46.69105911254883,43.2363166809082
1185336000,47.693355560302734,43.81377029418945
1185422400,45.34953689575195,42.08624267578125
1185508800,43.99259567260742,40.998722076416016
1185768000,44.20846939086914,41.590599060058594
1185854400,43.756168365478516,41.027587890625
1185940800,44.12110137939453,40.984275817871094
1186027200,43.781856536865234,40.368343353271484
1186113600,42.1884765625,38.98727035522461
1186372800,42.93889617919922,39.468475341796875
1186459200,44.04914093017578,40.026676177978516
1186545600,45.179931640625,40.58007049560547
1186632000,43.14152908325195,39.03058624267578
1186718400,43.611141204833984,40.14216995239258
1186977600,42.79059600830078,39.67539978027344
1187064000,42.898983001708984,39.67539978027344
1187150400,42.15587615966797,39.13745880126953
1187236800,41.6295166015625,39.44277572631836
1187323200,43.420196533203125,40.882083892822266
1187582400,43.6214485168457,41.138938903808594
1187668800,42.90929412841797,40.852989196777344
1187755200,43.1312141418457,41.38123321533203
1187841600,43.218936920166016,41.42485427856445
1187928000,44.22005081176758,42.268070220947266
1188187200,43.92592239379883,42.16144943237305
1188273600,42.83190155029297,40.852989196777344
1188360000,43.98267364501953,42.01609802246094
1188446400,44.07040786743164,42.253543853759766
1188532800,44.24070739746094,42.529781341552734
1188878400,45.0147705078125,42.999847412109375
1188964800,45.00962829589844,42.8205451965332
1189051200,45.14894485473633,43.096763610839844
1189137600,44.251041412353516,42.47644805908203
1189396800,43.79176330566406,42.18569564819336
1189483200,44.86513137817383,42.931983947753906
1189569600,45.23151397705078,43.222782135009766
1189656000,45.73210144042969,43.65892028808594
1189742400,45.75790786743164,43.930320739746094
1190001600,46.0623664855957,44.06599044799805
1190088000,47.35249328613281,45.23392105102539
1190174400,47.53824996948242,45.60708236694336
1190260800,47.52274703979492,45.636138916015625
1190347200,47.63629150390625,45.96085739135742
1190606400,47.336978912353516,45.723388671875
1190692800,47.455684661865234,44.52639389038086
1190779200,47.66726303100586,44.83169174194336
1190865600,47.976905822753906,45.31630325317383
1190952000,47.76530456542969,45.350223541259766
1191211200,48.48261642456055,45.76701354980469
1191297600,47.60017395019531,44.85592269897461
1191384000,47.130577087402344,44.3325309753418
1191470400,46.91899108886719,44.506996154785156
1191556800,47.14604568481445,44.739627838134766
1191816000,46.795162200927734,44.381004333496094
1191902400,47.82207489013672,44.97222900390625
1191988800,48.059486389160156,44.62331771850586
1192075200,47.81691360473633,44.099918365478516
1192161600,48.240074157714844,44.29861831665039
1192420800,48.93156814575195,44.74445724487305
1192507200,48.890296936035156,45.28721618652344
1192593600,48.9212532043457,45.19512939453125
1192680000,49.050254821777344,44.78807067871094
1192766400,47.54856872558594,43.261539459228516
1193025600,46.913841247558594,42.85932159423828
1193112000,47.1408805847168,43.0919303894043
1193198400,47.543399810791016,43.56684112548828
1193284800,47.25444030761719,44.21137619018555
1193371200,47.58467483520508,44.4149169921875
1193630400,48.30716323852539,45.0109977722168
1193716800,47.03253173828125,43.654075622558594
1193803200,47.47119140625,44.34706115722656
1193889600,45.670169830322266,43.15009689331055
1193976000,45.376014709472656,42.878692626953125
1194238800,45.23667907714844,42.878692626953125
1194325200,46.64033126831055,43.92544937133789
1194411600,45.174232482910156,42.42314529418945
1194498000,46.32431411743164,43.217933654785156
1194584400,44.9929313659668,42.287471771240234
1194843600,43.79623031616211,41.32308578491211
1194930000,45.00844955444336,42.079078674316406
1195016400,44.71315383911133,42.030296325683594
1195102800,43.77031326293945,41.05942153930664
1195189200,44.08632278442383,41.947364807128906
1195448400,43.573448181152344,41.48389434814453
1195534800,45.49544143676758,42.88407897949219
1195621200,45.09135055541992,41.835147857666016
1195794000,45.73890686035156,42.283973693847656
1196053200,44.38681411743164,40.87891387939453
1196139600,44.749427795410156,41.13259506225586
1196226000,45.5472412109375,41.98639678955078
1196312400,45.89432907104492,42.230323791503906
1196398800,46.189632415771484,42.82062530517578
1196658000,46.02901840209961,42.85479736328125
1196744400,45.650856018066406,42.523040771484375
1196830800,46.583335876464844,43.56709289550781
1196917200,47.370784759521484,44.58188247680664
1197003600,47.401851654052734,44.37696838378906
1197262800,47.67644119262695,44.74775695800781
1197349200,46.76984405517578,43.85494613647461
1197435600,47.61947250366211,44.77701950073242
1197522000,48.033905029296875,45.4112663269043
1197608400,47.2360954284668,44.894126892089844
1197867600,46.567779541015625,43.898841857910156
1197954000,47.36042404174805,44.48917007446289
1198040400,47.36559295654297,44.34768295288086
1198126800,47.72821807861328,44.90875244140625
1198213200,48.40168380737305,45.87963104248047
1198472400,48.5208625793457,46.09428405761719
1198645200,49.11661911010742,46.269920349121094
1198731600,48.526031494140625,45.738128662109375
1198818000,49.21506881713867,46.279659271240234
1199077200,48.53641128540039,45.533226013183594
1199250000,48.44315719604492,45.596649169921875
1199336400,48.608909606933594,46.157684326171875
1199422800,47.70234298706055,45.5429801940918
1199682000,47.25681686401367,44.94777297973633
1199768400,46.65068435668945,44.3720817565918
1199854800,47.43293380737305,45.16244888305664
1199941200,47.484764099121094,44.83557891845703
1200027600,46.78019332885742,44.235469818115234
1200286800,47.05477523803711,44.35256576538086
1200373200,46.11709976196289,43.06459426879883
1200459600,44.8271369934082,42.079078674316406
1200546000,43.46982955932617,40.37153244018555
1200632400,44.075965881347656,40.7179069519043
1200978000,42.71349334716797,39.639732360839844
1201064400,43.23152160644531,39.73728942871094
1201150800,44.55256271362305,40.820369720458984
1201237200,43.485374450683594,39.91780471801758
1201496400,44.101863861083984,40.4251823425293
1201582800,44.075965881347656,40.298343658447266
1201669200,44.1795768737793,40.605716705322266
1201755600,44.39714813232422,40.61548614501953
1201842000,44.526676177978516,40.244667053222656
1202101200,44.262474060058594,40.0153923034668
1202187600,42.53734588623047,38.90301513671875
1202274000,42.190242767333984,37.815086364746094
1202360400,42.606475830078125,38.415164947509766
1202446800,42.51283264160156,38.66885757446289
1202706000,43.29848098754883,39.23967361450195
1202792400,43.90201187133789,39.57627487182617
1202878800,44.479515075683594,40.352664947509766
1202965200,44.51073455810547,40.70648193359375
1203051600,44.41708755493164,41.079925537109375
1203397200,45.27036666870117,41.68433380126953
1203483600,45.837459564208984,42.426353454589844
1203570000,45.223541259765625,41.6597785949707
1203656400,45.35360336303711,41.974246978759766
1203915600,46.37338638305664,42.83910369873047
1204002000,46.768798828125,43.30099868774414
1204088400,46.50865173339844,43.35013198852539
1204174800,46.50341796875,43.743263244628906
1204261200,45.27036666870117,42.58358383178711
1204520400,45.6553955078125,42.848934173583984
1204606800,45.1038703918457,42.617984771728516
1204693200,45.36402130126953,43.630226135253906
1204779600,43.969635009765625,43.14375686645508
1204866000,42.91865158081055,41.89564895629883
1205121600,42.90304183959961,41.63521194458008
1205208000,45.09865951538086,43.320640563964844
1205294400,44.72926712036133,42.617984771728516
1205380800,45.29116439819336,42.77030563354492
1205467200,44.69807434082031,41.934940338134766
1205726400,44.6356086730957,41.36984634399414
1205812800,46.02997589111328,42.31822204589844
1205899200,43.92801284790039,40.23965835571289
1205985600,44.22457504272461,40.888301849365234
1206331200,44.718868255615234,41.28138732910156
1206417600,44.328643798828125,41.541831970214844
1206504000,44.88015365600586,41.74820327758789
1206590400,44.84891128540039,41.47303771972656
1206676800,44.33904266357422,41.52216720581055
1206936000,44.00608444213867,41.94477462768555
1207022400,45.275569915771484,42.62287521362305
1207108800,46.055999755859375,43.00126647949219
1207195200,45.905113220214844,43.104434967041016
1207281600,46.170448303222656,43.26661682128906
1207540800,46.26410675048828,43.37472152709961
1207627200,46.62312698364258,43.87101364135742
1207713600,46.6699333190918,44.20024108886719
1207800000,46.591888427734375,44.02825927734375
1207886400,46.1080436706543,43.6351318359375
1208145600,46.6699333190918,43.880836486816406
1208232000,47.242252349853516,44.30835723876953
1208318400,48.32966995239258,45.17319107055664
1208404800,48.5845832824707,45.20269012451172
1208491200,48.90719985961914,45.78742980957031
1208750400,49.042457580566406,45.551551818847656
1208836800,49.11012268066406,46.20509719848633
1208923200,49.02165222167969,46.42622375488281
1209009600,48.178775787353516,45.40414810180664
1209096000,48.10593795776367,45.546630859375
1209355200,48.100730895996094,45.453277587890625
1209441600,47.757347106933594,46.55397033691406
1209528000,48.423316955566406,47.2468376159668
1209614400,46.6699333190918,46.65224838256836
1209700800,46.62312698364258,46.8389892578125
1209960000,46.57108688354492,46.98640441894531
1210046400,46.8624382019043,47.60063552856445
1210132800,46.21207809448242,46.819332122802734
1210219200,46.78962326049805,47.8807258605957
1210305600,46.418540954589844,47.85615921020508
1210564800,46.611907958984375,47.84141159057617
1210651200,46.86801528930664,48.023231506347656
1210737600,46.988197326660156,48.0183219909668
1210824000,47.714630126953125,48.72076416015625
1210910400,48.43061447143555,49.65570068359375
1211169600,49.31383514404297,50.555999755859375
1211256000,49.418338775634766,50.99625015258789
1211342400,48.95322036743164,50.96163558959961
1211428800,48.346988677978516,50.412567138671875
1211515200,47.401065826416016,49.82883071899414
1211860800,46.930694580078125,49.25995635986328
1211947200,47.25994873046875,49.67548751831055
1212033600,46.69552993774414,48.903804779052734
1212120000,46.3871955871582,49.047245025634766
1212379200,45.89068603515625,49.15607833862305
1212465600,44.79322814941406,48.40910339355469
1212552000,44.814117431640625,47.5088005065918
1212638400,46.67462921142578,49.4627685546875
1212724800,45.35762405395508,49.22037124633789
1212984000,46.54917907714844,50.06132507324219
1213070400,45.932491302490234,48.864200592041016
1213156800,46.308780670166016,49.18079376220703
1213243200,45.498748779296875,48.508060455322266
1213329600,46.17814636230469,49.17090606689453
1213588800,45.98477554321289,49.21543502807617
1213675200,46.31404113769531,49.650753021240234
1213761600,45.90113830566406,49.101654052734375
1213848000,44.83502960205078,47.914451599121094
1213934400,44.37515640258789,47.795719146728516
1214193600,45.833221435546875,49.00272750854492
1214280000,45.42559051513672,48.794952392578125
1214366400,45.78095245361328,49.15113067626953
1214452800,45.1590576171875,48.186519622802734
1214539200,45.23221969604492,48.379425048828125
1214798400,46.05794143676758,49.03733825683594
1214884800,46.17292022705078,49.01262283325195
1214971200,45.68167495727539,48.19144058227539
1215057600,46.131126403808594,48.790000915527344
1215403200,45.44125747680664,47.89463806152344
1215489600,44.913429260253906,47.3851203918457
1215576000,44.061561584472656,46.455142974853516
1215662400,44.976139068603516,47.612674713134766
1215748800,44.673004150390625,45.63395690917969
1216008000,44.641685485839844,45.90603256225586
1216094400,42.95361328125,44.23401641845703
1216180800,42.23238754272461,42.73516845703125
1216267200,41.9815673828125,42.37898254394531
1216353600,42.613922119140625,42.56697463989258
1216612800,43.366485595703125,42.99239730834961
1216699200,43.30378341674805,42.359195709228516
1216785600,42.32648468017578,40.88506317138672
1216872000,42.2271728515625,40.56352615356445
1216958400,42.697532653808594,40.840545654296875
1217217600,42.16447830200195,40.805904388427734
1217304000,42.27943420410156,40.97904968261719
1217390400,44.0981559753418,43.1655387878418
1217476800,42.03382110595703,41.82991409301758
1217563200,41.66278076171875,41.706241607666016
1217822400,40.0322151184082,40.95927429199219
1217908800,40.94678497314453,40.805904388427734
1217995200,40.93632507324219,41.82991409301758
1218081600,40.4712028503418,41.27091598510742
1218168000,41.14015579223633,41.75075149536133
1218427200,41.05610275268555,41.59245681762695
1218513600,40.38372802734375,41.335235595703125
1218600000,41.06135559082031,42.660953521728516
1218686400,40.68314743041992,42.82914352416992
1218772800,40.483543395996094,41.99181365966797
1219032000,40.19987487792969,41.46348190307617
1219118400,40.945796966552734,42.22108840942383
1219204800,41.39754104614258,43.093299865722656
1219291200,42.20647048950195,44.12007141113281
1219377600,42.18021011352539,43.91072463989258
1219636800,41.34501266479492,42.619815826416016
1219723200,41.99636459350586,42.75938034057617
1219809600,42.26949691772461,43.173038482666016
1219896000,42.6424446105957,43.45217514038086
1219982400,42.02787780761719,43.023529052734375
1220328000,40.614871978759766,41.5133171081543
1220414400,40.98257064819336,41.95692443847656
1220500800,39.995025634765625,40.481605529785156
1220587200,39.72188949584961,39.983154296875
1220846400,40.32595443725586,40.3968620300293
1220932800,38.482208251953125,39.27043151855469
1221019200,39.52754211425781,40.45168685913086
1221105600,39.690372467041016,41.269100189208984
1221192000,40.709415435791016,41.98681640625
1221451200,38.476966857910156,39.91836929321289
1221537600,40.147361755371094,40.800594329833984
1221624000,39.54330825805664,39.898441314697266
1221710400,40.84074020385742,41.3089714050293
1221796800,41.81776428222656,43.76118850708008
1222056000,41.4343147277832,43.526920318603516
1222142400,40.809207916259766,42.59489440917969
1222228800,40.987823486328125,42.48025894165039
1222315200,42.374549865722656,43.59672164916992
1222401600,42.364051818847656,43.33753204345703
1222660800,38.90243911743164,38.62747573852539
1222747200,40.79345703125,41.10960388183594
1222833600,41.27671813964844,40.970035552978516
1222920000,40.709415435791016,39.65421676635742
1223006400,40.9405403137207,39.564491271972656
1223265600,40.614871978759766,38.29853820800781
1223352000,39.95827865600586,36.55903625488281
1223438400,40.44677734375,36.4344367980957
1223524800,35.71923065185547,31.898826599121094
1223611200,32.75663757324219,28.823570251464844
1223870400,38.38766098022461,34.83449935913086
1223956800,38.06199645996094,34.16164016723633
1224043200,32.75138854980469,29.895172119140625
1224129600,36.48088455200195,31.450227737426758
1224216000,35.740238189697266,31.076433181762695
1224475200,39.39096450805664,34.69495391845703
1224561600,37.5577278137207,33.29439926147461
1224648000,33.917510986328125,30.772397994995117
1224734400,36.974674224853516,33.2794303894043
1224820800,36.26552963256836,31.853954315185547
1225080000,34.7159309387207,30.7574405670166
1225166400,39.32267379760742,34.89931106567383
1225252800,39.21236801147461,35.387752532958984
1225339200,39.42247009277344,36.972747802734375
1225425600,38.93396759033203,37.18206024169922
1225688400,39.02326202392578,36.72850036621094
1225774800,40.704166412353516,38.97138977050781
1225861200,38.708099365234375,37.32162094116211
1225947600,36.74878692626953,34.94416427612305
1226034000,39.06803512573242,36.61387634277344
1226293200,39.10502243041992,37.05247497558594
1226379600,38.3812370300293,36.65373229980469
1226466000,36.41594314575195,33.533634185791016
1226552400,39.8393669128418,37.73529815673828
1226638800,38.92538833618164,36.538787841796875
1226898000,38.76689910888672,35.58359909057617
1226984400,40.325416564941406,36.90077209472656
1227070800,38.78803634643555,35.49813461303711
1227157200,36.19408416748047,32.37614059448242
1227243600,40.05067443847656,35.437801361083984
1227502800,41.63030242919922,37.35322952270508
1227589200,41.26576614379883,38.47432327270508
1227675600,42.73445129394531,40.18361282348633
1227848400,42.3435173034668,39.721107482910156
1228107600,39.25821304321289,36.20698165893555
1228194000,41.00165939331055,37.97661590576172
1228280400,41.6989860534668,37.574432373046875
1228366800,40.29368209838867,36.07627868652344
1228453200,40.468040466308594,37.41355514526367
1228712400,42.052955627441406,39.258609771728516
1228798800,41.313323974609375,37.98667907714844
1228885200,42.3012580871582,39.43454360961914
1228971600,42.27485275268555,39.94733810424805
1229058000,42.50203323364258,39.71608352661133
1229317200,42.23786926269531,39.31893539428711
1229403600,43.92314529418945,39.721107482910156
1229490000,42.824275970458984,38.62012481689453
1229576400,40.67936325073242,36.71474075317383
1229662800,39.63330841064453,35.61879348754883
1229922000,39.5752067565918,34.884796142578125
1230008400,39.67558670043945,34.78927993774414
1230094800,40.03483581542969,35.00041580200195
1230267600,40.77974319458008,35.367427825927734
1230526800,41.21823501586914,35.97072219848633
1230613200,41.519351959228516,36.89070510864258
1230699600,42.174461364746094,37.18732452392578
1230872400,43.13068771362305,38.46929168701172
1231131600,43.125404357910156,38.53968811035156
1231218000,42.42276382446289,38.886558532714844
1231304400,41.33973693847656,37.18230056762695
1231390800,41.78351974487305,37.32307052612305
1231477200,40.98049545288086,36.609169006347656
1231736400,40.43632888793945,35.60371780395508
1231822800,41.1653938293457,36.106449127197266
1231909200,39.67558670043945,35.0356330871582
1231995600,40.4997444152832,35.57856750488281
1232082000,41.2604866027832,36.06621170043945
1232427600,40.30424880981445,34.34184646606445
1232514000,41.873329162597656,35.809837341308594
1232600400,41.32918167114258,35.166324615478516
1232686800,41.228797912597656,35.60371780395508
1232946000,41.52464294433594,35.83999252319336
1233032400,41.6937141418457,36.242183685302734
1233118800,41.86805725097656,37.09683609008789
1233205200,40.67936325073242,35.503170013427734
1233291600,40.404659271240234,35.45287322998047
1233550800,40.51558303833008,35.33725357055664
1233637200,41.27107620239258,36.015960693359375
1233723600,41.028038024902344,35.99584197998047
1233810000,42.148048400878906,36.82536697387695
1233896400,42.65776062011719,37.65486526489258
1234155600,42.201141357421875,37.41355514526367
1234242000,40.427703857421875,35.75454330444336
1234328400,39.599395751953125,35.82490539550781
1234414800,39.93922805786133,35.44438552856445
1234501200,39.6047248840332,35.378440856933594
1234846800,37.847225189208984,33.57731246948242
1234933200,38.19766616821289,33.54685974121094
1235019600,38.314476013183594,33.83096694946289
1235106000,37.820674896240234,33.01413345336914
1235365200,36.7959098815918,31.93343162536621
1235451600,38.27731704711914,33.120662689208984
1235538000,38.25606918334961,32.21756362915039
1235624400,37.67200469970703,32.05012512207031
1235710800,36.05256652832031,30.802024841308594
1235970000,34.46498489379883,29.234272003173828
1236056400,34.172943115234375,29.290082931518555
1236142800,34.873817443847656,30.076492309570312
1236229200,33.03667449951172,28.645727157592773
1236315600,33.99772262573242,29.564054489135742
1236571200,34.284446716308594,29.569129943847656
1236657600,35.78176498413086,31.344900131225586
1236744000,34.921600341796875,31.06077766418457
1236830400,35.654335021972656,32.16681671142578
1236916800,35.68088912963867,31.918212890625
1237176000,35.55876159667969,31.93343162536621
1237262400,36.68442916870117,33.135894775390625
1237348800,36.726871490478516,33.78532409667969
1237435200,36.2808723449707,34.05928039550781
1237521600,35.09149932861328,32.83147430419922
1237780800,37.4489860534668,35.084171295166016
1237867200,36.83838653564453,34.99283981323242
1237953600,37.2525520324707,35.36320877075195
1238040000,37.820674896240234,35.601680755615234
1238126400,37.15696334838867,34.95731735229492
1238385600,36.44016647338867,33.89186096191406
1238472000,36.15875244140625,34.11510467529297
1238558400,36.758750915527344,34.65290069580078
1238644800,37.300315856933594,35.672706604003906
1238731200,37.401214599609375,35.75896072387695
1238990400,37.19414520263672,35.4596061706543
1239076800,36.48263168334961,34.703636169433594
1239163200,36.615386962890625,34.74424362182617
1239249600,37.08263397216797,35.1247444152832
1239595200,36.11627960205078,34.49054718017578
1239681600,35.946372985839844,33.780250549316406
1239768000,36.18000030517578,33.841121673583984
1239854400,35.79240417480469,33.45045852661133
1239940800,35.44195556640625,33.49103546142578
1240200000,34.666744232177734,32.4052848815918
1240286400,35.16583251953125,32.917724609375
1240372800,34.3800163269043,32.34439468383789
1240459200,34.88975143432617,33.24751281738281
1240545600,35.34638977050781,33.790382385253906
1240804800,35.11275863647461,33.18663024902344
1240891200,35.617164611816406,33.480892181396484
1240977600,36.33928298950195,34.27745819091797
1241064000,35.399471282958984,33.53670120239258
1241150400,36.1109733581543,33.927371978759766
1241409600,36.21185302734375,33.83096694946289
1241496000,35.91982650756836,33.359130859375
1241582400,36.41361618041992,34.5565185546875
1241668800,36.59945297241211,34.49054718017578
1241755200,37.59236145019531,35.708229064941406
1242014400,36.99947738647461,34.50068664550781
1242100800,37.8273811340332,35.10447311401367
1242187200,37.26654052734375,34.551429748535156
1242273600,37.261192321777344,34.424591064453125
1242360000,36.91400909423828,33.74839401245117
1242619200,37.656455993652344,33.82523727416992
1242705600,37.66713333129883,33.73814392089844
1242792000,37.181087493896484,33.40515899658203
1242878400,36.529441833496094,33.02608871459961
1242964800,36.76445007324219,33.01072311401367
1243310400,37.28789520263672,33.63570022583008
1243396800,36.481346130371094,33.077327728271484
1243483200,36.97810363769531,33.71253967285156
1243569600,37.042213439941406,34.15309143066406
1243828800,38.329463958740234,35.45426940917969
1243915200,38.949058532714844,35.52596664428711
1244001600,38.50040817260742,34.96760940551758
1244088000,38.981109619140625,35.75137710571289
1244174400,38.97575378417969,35.536224365234375
1244433600,39.082611083984375,35.643795013427734
1244520000,39.05590057373047,35.95628356933594
1244606400,39.44047927856445,35.97166442871094
1244692800,39.552642822265625,36.8322639465332
1244779200,39.40842056274414,37.226722717285156
1245038400,38.89030456542969,36.412193298339844
1245124800,38.26002502441406,35.79747009277344
1245211200,38.14786148071289,35.25959396362305
1245297600,38.15854263305664,35.0546760559082
1245384000,37.95023727416992,34.865142822265625
1245643200,36.769805908203125,33.68692398071289
1245729600,36.828548431396484,33.78937530517578
1245816000,36.56148147583008,33.66642379760742
1245902400,37.3253059387207,34.25554275512695
1245988800,36.881961822509766,33.78424835205078
1246248000,37.699195861816406,34.26066589355469
1246334400,37.34131622314453,33.93794250488281
1246420800,37.688507080078125,34.07625961303711
1246507200,36.58284378051758,33.00047302246094
1246852800,36.37452697753906,32.85704040527344
1246939200,35.55195999145508,32.11936950683594
1247025600,35.3917236328125,32.160343170166016
1247112000,35.23683547973633,32.314022064208984
1247198400,34.78282928466797,31.453433990478516
1247457600,35.092613220214844,31.986186981201172
1247544000,35.370361328125,32.27306365966797
1247630400,36.55614471435547,33.077327728271484
1247716800,36.56683349609375,33.24124526977539
1247803200,36.598873138427734,33.35906982421875
1248062400,36.823204040527344,33.62545394897461
1248148800,37.640445709228516,33.93794250488281
1248235200,37.38404846191406,33.77912902832031
1248321600,38.24934768676758,34.77806091308594
1248408000,38.6125602722168,35.0546760559082
1248667200,38.858272552490234,35.269840240478516
1248753600,38.39890670776367,35.008575439453125
1248840000,38.1531982421875,34.38361740112305
1248926400,37.77397537231445,34.68071746826172
1249012800,37.597713470458984,35.587440490722656
1249272000,37.736568450927734,36.063865661621094
1249358400,37.70988464355469,36.06897735595703
1249444800,37.405418395996094,35.75137710571289
1249531200,37.24517822265625,35.4747314453125
1249617600,37.10630416870117,35.602813720703125
1249876800,36.9514045715332,35.46449279785156
1249963200,36.61283493041992,34.803672790527344
1250049600,37.13949203491211,35.20323944091797
1250136000,36.94601821899414,35.10591506958008
1250222400,36.65583801269531,35.15713119506836
1250481600,35.763763427734375,34.45348358154297
1250568000,35.73150634765625,34.63456344604492
1250654400,36.54298400878906,35.265804290771484
1250740800,36.86003875732422,35.503807067871094
1250827200,37.57477951049805,36.07810974121094
1251086400,38.31639862060547,36.61103439331055
1251172800,37.98319625854492,36.554107666015625
1251259200,38.35399627685547,36.78175354003906
1251345600,38.079933166503906,36.73518371582031
1251432000,37.68225860595703,36.569637298583984
1251691200,37.16099166870117,36.186771392822266
1251777600,36.7633171081543,35.43135070800781
1251864000,36.639705657958984,35.203704833984375
1251950400,36.682708740234375,35.353763580322266
1252036800,37.177101135253906,35.67970275878906
1252382400,37.96707534790039,36.46615219116211
1252468800,37.88645935058594,36.38853073120117
1252555200,37.96707534790039,36.9680290222168
1252641600,37.60700607299805,36.605857849121094
1252900800,37.617774963378906,36.75590515136719
1252987200,37.34370040893555,37.0611686706543
1253073600,37.80047607421875,37.48542022705078
1253160000,37.53177261352539,37.237064361572266
1253246400,37.612396240234375,37.58372116088867
1253505600,37.38669204711914,37.27846908569336
1253592000,37.526424407958984,37.578556060791016
1253678400,37.08036804199219,36.92664337158203
1253764800,37.042747497558594,36.585174560546875
1253851200,36.91915512084961,36.55927658081055
1254110400,37.39743423461914,37.097381591796875
1254196800,37.11800765991211,36.68864059448242
1254283200,36.870792388916016,36.44028854370117
1254369600,36.15068435668945,35.60210037231445
1254456000,35.77987289428711,35.255435943603516
1254715200,36.31727981567383,35.90217971801758
1254801600,36.897666931152344,36.50754928588867
1254888000,36.90302658081055,36.481658935546875
1254974400,37.107242584228516,36.9680290222168
1255060800,37.2254638671875,37.645816802978516
1255320000,37.6876220703125,38.11664581298828
1255406400,37.75749969482422,38.32362365722656
1255492800,38.6065788269043,39.04279327392578
1255579200,39.19771957397461,39.67919158935547
1255665600,39.29445266723633,39.741275787353516
1255924800,39.56315612792969,40.18107604980469
1256011200,39.24071502685547,39.8551025390625
1256097600,39.396568298339844,39.82405471801758
1256184000,40.00382614135742,39.98961639404297
1256270400,39.53627395629883,39.674015045166016
1256529600,39.353572845458984,39.03761291503906
1256616000,40.25638961791992,39.62743377685547
1256702400,39.6813850402832,39.26528549194336
1256788800,39.74586868286133,40.33109664916992
1256875200,38.515235900878906,39.601585388183594
1257138000,38.773170471191406,39.653316497802734
1257224400,38.5528450012207,39.68437194824219
1257310800,38.31639862060547,39.467041015625
1257397200,38.96126937866211,39.96375274658203
1257483600,39.00424575805664,40.113800048828125
1257742800,39.37722396850586,40.18107604980469
1257829200,39.24750900268555,40.53289794921875
1257915600,39.40963363647461,40.6208610534668
1258002000,38.86372375488281,40.056888580322266
1258088400,39.17182540893555,40.32594299316406
1258347600,40.23125457763672,41.03055191040039
1258434000,40.555564880371094,41.13495635986328
1258520400,40.68528747558594,41.19237518310547
1258606800,40.350162506103516,40.36769485473633
1258693200,40.204219818115234,40.07018280029297
1258952400,40.917701721191406,41.09843063354492
1259038800,41.06366729736328,41.249778747558594
1259125200,41.33392333984375,41.568172454833984
1259298000,40.46908950805664,40.8009147644043
1259557200,40.577178955078125,40.73305892944336
1259643600,41.10149002075195,41.26543426513672
1259730000,40.96636962890625,41.093204498291016
1259816400,40.53394317626953,40.69131088256836
1259902800,40.13395309448242,40.74872970581055
1260162000,39.87450408935547,40.8009147644043
1260248400,39.4312629699707,40.064964294433594
1260334800,39.344791412353516,40.22154998779297
1260421200,39.13399124145508,40.409446716308594
1260507600,39.36642074584961,40.5869026184082
1260766800,37.66917037963867,40.32595443725586
1260853200,37.38806915283203,40.38336181640625
1260939600,36.98808670043945,40.654754638671875
1261026000,36.87459182739258,40.075401306152344
1261112400,36.86919021606445,40.13803482055664
1261371600,37.03134536743164,40.451210021972656
1261458000,37.06377410888672,40.445987701416016
1261544400,36.896217346191406,40.211097717285156
1261630800,37.1124267578125,40.4146728515625
1261976400,37.339439392089844,40.59211730957031
1262062800,37.20972442626953,40.29985427856445
1262149200,37.171878814697266,40.52951431274414
1262235600,36.85838317871094,40.18501281738281
1262581200,37.37728500366211,41.26543426513672
1262667600,37.523223876953125,41.557743072509766
1262754000,37.84754180908203,41.562965393066406
1262840400,37.728614807128906,41.406349182128906
1262926800,37.5772705078125,41.47945785522461
1263186000,37.99888229370117,42.21540832519531
1263272400,37.80968475341797,41.97007751464844
1263358800,37.658363342285156,41.651695251464844
1263445200,37.663761138916016,41.521209716796875
1263531600,37.35565948486328,41.35418701171875
1263877200,37.44213104248047,41.589054107666016
1263963600,36.77189636230469,40.790462493896484
1264050000,36.05299377441406,39.79354476928711
1264136400,35.72868347167969,38.93232727050781
1264395600,35.593544006347656,38.91143035888672
1264482000,35.63138961791992,38.70267868041992
1264568400,35.42597198486328,38.46778106689453
1264654800,35.112483978271484,38.22770309448242
1264741200,34.82600402832031,37.64311599731445
1265000400,35.77191925048828,38.4051399230957
1265086800,36.19352340698242,38.8592643737793
1265173200,35.998939514160156,38.212032318115234
1265259600,34.98275375366211,37.25165557861328
1265346000,35.025997161865234,37.15247344970703
1265605200,35.009674072265625,36.60441589355469
1265691600,35.47212219238281,37.2203369140625
1265778000,35.28169631958008,36.92803955078125
1265864400,35.493873596191406,37.439552307128906
1265950800,35.25450134277344,37.41846466064453
1266296400,36.059696197509766,38.46180725097656
1266382800,35.77677917480469,38.38277053833008
1266469200,35.88559341430664,38.793792724609375
1266555600,35.83662796020508,39.020389556884766
1266814800,35.5809211730957,38.446014404296875
1266901200,35.33065414428711,37.96122741699219
1266987600,35.662540435791016,38.11930847167969
1267074000,35.43947219848633,37.99808883666992
1267160400,35.36330795288086,38.098228454589844
1267419600,35.5809211730957,38.366973876953125
1267506000,35.62989044189453,38.63573455810547
1267592400,35.59724426269531,38.53559112548828
1267678800,35.5809211730957,38.509239196777344
1267765200,36.1630744934082,39.15213394165039
1268024400,36.16850280761719,39.3312873840332
1268110800,36.33171081542969,39.15213394165039
1268197200,36.57109451293945,38.972965240478516
1268283600,36.57109451293945,38.988773345947266
1268370000,36.34260177612305,38.84648513793945
1268625600,36.0705680847168,38.767452239990234
1268712000,36.21746063232422,38.983516693115234
1268798400,36.64727020263672,39.347110748291016
1268884800,36.66359329223633,39.39452362060547
1268971200,36.473167419433594,39.51045227050781
1269230400,36.43508529663086,39.236427307128906
1269316800,36.42420196533203,39.3997802734375
1269403200,36.179386138916016,38.957149505615234
1269489600,36.0705680847168,38.888648986816406
1269576000,36.20114517211914,39.22062301635742
1269835200,36.614620208740234,39.64219665527344
1269921600,36.478614807128906,39.6790657043457
1270008000,36.440528869628906,39.95835494995117
1270094400,36.78328323364258,40.41153335571289
1270440000,37.09883117675781,40.92266845703125
1270526400,36.94105529785156,41.03858947753906
1270612800,36.63637924194336,40.76985168457031
1270699200,36.9193000793457,40.92266845703125
1270785600,37.408939361572266,41.89225387573242
1271044800,37.3817253112793,42.38230514526367
1271131200,37.35451889038086,42.266380310058594
1271217600,37.327327728271484,42.46134567260742
1271304000,37.13690948486328,42.99357604980469
1271390400,36.95738220214844,42.550933837890625
1271649600,37.1205940246582,42.85128402709961
1271736000,37.523189544677734,43.2359619140625
1271822400,37.49598693847656,43.16744613647461
1271908800,37.30012512207031,42.78806686401367
1271995200,37.67007827758789,43.56266403198242
1272254400,37.69728088378906,43.52051544189453
1272340800,37.1423454284668,42.27693176269531
1272427200,37.64286804199219,42.482418060302734
1272513600,37.35451889038086,43.36243438720703
1272600000,36.87031936645508,42.914527893066406
1272859200,36.90841293334961,43.64697265625
1272945600,36.1630744934082,42.55619812011719
1273032000,35.99983596801758,42.255836486816406
1273118400,34.759403228759766,40.680259704589844
1273204800,34.65603256225586,40.62757110595703
1273464000,35.48844528198242,42.09773635864258
1273550400,35.307674407958984,41.99762725830078
1273636800,35.55417251586914,42.187347412109375
1273723200,35.4610481262207,41.58661651611328
1273809600,34.83661651611328,41.012245178222656
1274068800,34.6558723449707,41.34199905395508
1274155200,34.3929328918457,40.87395477294922
1274241600,34.20671463012695,40.74100112915039
1274328000,33.04549026489258,39.1453971862793
1274414400,33.34675216674805,39.61344528198242
1274673600,32.96879577636719,39.060306549072266
1274760000,32.70588302612305,38.597572326660156
1274846400,32.486785888671875,38.055084228515625
1274932800,33.66444778442383,39.54961013793945
1275019200,33.11669921875,39.28901290893555
1275364800,32.45391845703125,38.44865036010742
1275451200,33.286495208740234,39.42728042602539
1275537600,33.71921920776367,39.310272216796875
1275624000,32.607295989990234,37.91147232055664
1275883200,32.481327056884766,37.948692321777344
1275969600,33.54393768310547,37.77317428588867
1276056000,32.88116455078125,37.650848388671875
1276142400,33.899967193603516,39.448543548583984
1276228800,33.88353729248047,39.390052795410156
1276488000,33.61514663696289,39.453887939453125
1276574400,34.23957824707031,40.01233673095703
1276660800,34.23957824707031,39.8634147644043
1276747200,34.28887939453125,40.06019973754883
1276833600,34.56273651123047,40.16657638549805
1277092800,34.57917785644531,40.27295684814453
1277179200,33.927371978759766,39.3581428527832
1277265600,33.46725082397461,38.43268966674805
1277352000,32.903076171875,37.672119140625
1277438400,32.37175369262695,37.26259994506836
1277697600,32.02668380737305,37.20940017700195
1277784000,31.380352020263672,36.35842514038086
1277870400,31.259843826293945,36.09247589111328
1277956800,31.007869720458984,35.8903694152832
1278043200,30.985960006713867,35.799964904785156
1278388800,31.473459243774414,35.93291473388672
1278475200,32.00476837158203,36.93813705444336
1278561600,32.21291732788086,37.4487419128418
1278648000,32.19649124145508,38.20930480957031
1278907200,32.284122467041016,38.21464157104492
1278993600,32.54703903198242,38.94858932495117
1279080000,32.459407806396484,38.85285949707031
1279166400,32.46488952636719,38.84754180908203
1279252800,31.747333526611328,38.028480529785156
1279512000,32.00476837158203,38.294410705566406
1279598400,32.28961181640625,38.87946701049805
1279684800,31.86237144470215,38.384822845458984
1279771200,32.52513885498047,39.060306549072266
1279857600,32.71137237548828,39.102840423583984
1280116800,33.07835388183594,39.68790054321289
1280203200,33.30841827392578,40.04956817626953
1280289600,33.36317825317383,40.18785858154297
1280376000,33.050960540771484,40.432498931884766
1280462400,32.6894645690918,40.5335578918457
1280721600,33.927371978759766,41.379234313964844
1280808000,34.35460662841797,41.836639404296875
1280894400,34.35460662841797,42.02811050415039
1280980800,34.3491325378418,42.0546989440918
1281067200,33.94380187988281,41.87386703491211
1281326400,34.20671463012695,42.17169952392578
1281412800,33.921878814697266,42.038753509521484
1281499200,33.31505584716797,41.022884368896484
1281585600,33.22678756713867,40.99095916748047
1281672000,33.05025100708008,41.1664924621582
1281931200,33.03369903564453,41.33135986328125
1282017600,33.55226516723633,41.75009536743164
1282104000,33.182655334472656,41.35820770263672
1282190400,32.70821762084961,40.7140007019043
1282276800,32.48755645751953,40.28988265991211
1282536000,32.824073791503906,40.28988265991211
1282622400,32.5151252746582,39.60810852050781
1282708800,32.49858856201172,39.76380157470703
1282795200,32.2613639831543,39.36653518676758
1282881600,32.98957061767578,40.225486755371094
1283140800,32.54825210571289,39.60810852050781
1283227200,32.608917236328125,39.769161224365234
1283313600,33.60191345214844,41.2132568359375
1283400000,33.6846809387207,41.578311920166016
1283486400,33.828094482421875,41.87356948852539
1283832000,33.4033088684082,41.36357879638672
1283918400,33.51365280151367,41.47093963623047
1284004800,33.67916488647461,41.52997970581055
1284091200,33.76190948486328,42.31379699707031
1284350400,33.651573181152344,42.54462432861328
1284436800,33.657081604003906,42.68419647216797
1284523200,33.651573181152344,42.523162841796875
1284609600,33.6350212097168,42.43726348876953
1284696000,33.53020477294922,42.12051773071289
1284955200,33.95498275756836,42.89358901977539
1285041600,33.949462890625,42.81305694580078
1285128000,33.89982223510742,42.54462432861328
1285214400,33.73432159423828,42.16347122192383
1285300800,34.0653190612793,43.01168441772461
1285560000,34.043243408203125,42.99020767211914
1285646400,34.236331939697266,43.41967010498047
1285732800,33.9770622253418,43.63442611694336
1285819200,34.08738327026367,43.51094055175781
1285905600,34.501129150390625,43.99409866333008
1286164800,34.30805969238281,43.6505241394043
1286251200,34.89833068847656,44.767147064208984
1286337600,35.27346420288086,45.03556823730469
1286424000,35.22381591796875,44.83694076538086
1286510400,35.516197204589844,45.06241989135742
1286769600,35.6099853515625,44.93893814086914
1286856000,35.692726135253906,45.008731842041016
1286942400,35.880279541015625,44.91747283935547
1287028800,36.02372741699219,45.04092788696289
1287115200,35.963050842285156,44.8852424621582
1287374400,36.56436538696289,45.35230255126953
1287460800,35.92441940307617,44.44504928588867
1287547200,36.415409088134766,45.1053581237793
1287633600,36.58642578125,45.22883987426758
1287720000,36.59746170043945,45.389892578125
1287979200,36.520233154296875,45.56168746948242
1288065600,36.70227813720703,45.71198654174805
1288152000,36.22784423828125,45.261051177978516
1288238400,36.531253814697266,45.33083724975586
1288324800,36.68022155761719,44.34303665161133
1288584000,36.9339714050293,43.72568130493164
1288670400,37.424964904785156,44.10145950317383
1288756800,37.4966926574707,44.39672088623047
1288843200,38.2745361328125,45.70662307739258
1288929600,38.61655807495117,45.6207275390625
1289192400,38.793087005615234,45.52409362792969
1289278800,39.209442138671875,44.858421325683594
1289365200,39.48701095581055,45.722721099853516
1289451600,39.875614166259766,46.21662521362305
1289538000,39.40927505493164,45.86769104003906
1289797200,39.12615966796875,45.55629348754883
1289883600,38.2712516784668,44.657527923583984
1289970000,38.31011199951172,44.646697998046875
1290056400,39.03179168701172,45.38302230834961
1290142800,39.15946960449219,45.448028564453125
1290402000,38.96518325805664,45.18270492553711
1290488400,38.29347610473633,44.262264251708984
1290574800,38.79308319091797,44.90115737915039
1290747600,38.432247161865234,44.42470932006836
1291006800,38.55437469482422,44.229793548583984
1291093200,38.615455627441406,43.8399658203125
1291179600,39.59805679321289,44.776634216308594
1291266000,39.68130874633789,45.751224517822266
1291352400,39.52032470703125,45.962379455566406
1291611600,39.58692169189453,45.99485397338867
1291698000,39.67021942138672,46.725791931152344
1291784400,39.88671112060547,46.63917541503906
1291870800,39.96998977661133,46.915321350097656
1291957200,40.06990432739258,47.12103271484375
1292216400,40.169830322265625,47.84656524658203
1292302800,40.06990432739258,47.85197448730469
1292389200,39.88671112060547,47.65163803100586
1292475600,40.092124938964844,48.220157623291016
1292562000,40.064353942871094,47.91153335571289
1292821200,40.092124938964844,48.079383850097656
1292907600,40.36968231201172,48.31219482421875
1292994000,40.414093017578125,48.685791015625
1293080400,40.636138916015625,49.09728240966797
1293426000,40.53068161010742,48.7940788269043
1293512400,40.75828170776367,49.373416900634766
1293598800,40.73051834106445,49.47087097167969
1293685200,40.7249755859375,49.595401763916016
1293771600,40.591739654541016,49.40591049194336
1294030800,41.385589599609375,49.779502868652344
1294117200,41.57987594604492,49.595401763916016
1294203600,41.46883773803711,49.5087776184082
1294290000,41.73533248901367,49.102684020996094
1294376400,41.962928771972656,49.373416900634766
1294635600,41.70757293701172,48.951107025146484
1294722000,42.01845169067383,49.719932556152344
1294808400,42.51251983642578,50.055625915527344
1294894800,42.58467102050781,49.90943145751953
1294981200,43.21199035644531,50.26136779785156
1295326800,43.694976806640625,50.54292297363281
1295413200,43.43405532836914,50.3371696472168
1295499600,43.162025451660156,50.1963996887207
1295586000,43.8448486328125,50.77574157714844
1295845200,43.62834930419922,50.948997497558594
1295931600,43.67829513549805,50.938167572021484
1296018000,44.22233581542969,51.24137496948242
1296104400,44.34446716308594,51.300933837890625
1296190800,43.850399017333984,50.55376434326172
1296450000,44.78858947753906,51.39837646484375
1296536400,46.581687927246094,52.09683609008789
1296622800,46.304115295410156,52.23760223388672
1296709200,46.32078170776367,52.68697738647461
1296795600,46.23194122314453,52.57870101928711
1297054800,46.592777252197266,52.876502990722656
1297141200,46.308170318603516,52.919795989990234
1297227600,46.06821060180664,52.1076545715332
1297314000,46.43093490600586,52.35672378540039
1297400400,46.21889114379883,52.22136306762695
1297659600,47.3852424621582,52.886871337890625
1297746000,46.30259323120117,52.554107666015625
1297832400,46.70440673828125,52.72867202758789
1297918800,46.8104362487793,53.00689697265625
1298005200,47.156463623046875,53.8524169921875
1298350800,47.68102264404297,54.72523498535156
1298437200,48.59065628051758,55.78896713256836
1298523600,47.976768493652344,55.658058166503906
1298610000,47.625205993652344,55.69622802734375
1298869200,47.731231689453125,56.59630584716797
1298955600,47.3238410949707,56.132652282714844
1299042000,47.48011779785156,56.44358825683594
1299128400,47.89308547973633,56.836341857910156
1299214800,47.48011779785156,56.59630584716797
1299474000,47.27920913696289,56.192657470703125
1299560400,47.21223068237305,56.60724639892578
1299646800,47.08946228027344,55.71805953979492
1299733200,45.41525650024414,54.04882049560547
1299819600,45.8282470703125,54.51248550415039
1300075200,45.97333526611328,54.987091064453125
1300161600,45.420841217041016,55.22163391113281
1300248000,44.26007080078125,54.283382415771484
1300334400,45.29249572753906,55.77261734008789
1300420800,45.119476318359375,56.078102111816406
1300680000,46.23004150390625,57.38186264038086
1300766400,46.07378387451172,57.40370178222656
1300852800,46.09610366821289,57.5400505065918
1300939200,46.16865539550781,57.48550033569336
1301025600,46.66532897949219,58.24921417236328
1301284800,46.581634521484375,57.84553527832031
1301371200,46.4588508605957,58.57105255126953
1301457600,47.1508674621582,58.92018508911133
1301544000,46.949954986572266,58.63652420043945
1301630400,47.256893157958984,59.08929443359375
1301889600,47.362911224365234,59.04020309448242
1301976000,47.66984176635742,59.64027404785156
1302062400,47.53590774536133,59.274757385253906
1302148800,47.859596252441406,59.42750549316406
1302235200,47.96561050415039,59.820274353027344
1302494400,47.52474594116211,58.79469680786133
1302580800,46.41978073120117,56.83089828491211
1302667200,46.408626556396484,56.62907028198242
1302753600,46.56489562988281,57.21272659301758
1302840000,47.03923416137695,57.95460891723633
1303099200,46.3751335144043,57.00544738769531
1303185600,46.76579666137695,57.49641036987305
1303272000,47.7982177734375,58.811073303222656
1303358400,48.194435119628906,58.98563766479492
1303704000,48.116302490234375,58.59835433959961
1303790400,48.785972595214844,59.32386779785156
1303876800,48.98686218261719,59.443885803222656
1303963200,48.741336822509766,59.35659408569336
1304049600,49.098514556884766,59.70026397705078
1304308800,48.53487014770508,59.012901306152344
1304395200,47.78145980834961,57.91646194458008
1304481600,47.32942581176758,57.103660583496094
1304568000,46.107276916503906,55.979923248291016
1304654400,46.14633560180664,56.12172317504883
1304913600,46.41978073120117,56.78179931640625
1305000000,46.50905227661133,56.9290771484375
1305086400,45.52692413330078,55.78351593017578
1305172800,45.48764419555664,56.05628204345703
1305259200,45.38663101196289,55.85441589355469
1305518400,45.033050537109375,55.45075607299805
1305604800,45.12845230102539,55.19786834716797
1305691200,45.87489700317383,56.54471206665039
1305777600,46.20600128173828,57.09992980957031
1305864000,45.779476165771484,56.38528823852539
1306123200,45.27434158325195,55.72562789916992
1306209600,45.622337341308594,56.220375061035156
1306296000,45.998355865478516,56.75910568237305
1306382400,46.23967742919922,56.819583892822266
1306468800,46.37437057495117,56.737117767333984
1306814400,46.84580612182617,57.67164611816406
1306900800,46.03764343261719,56.341312408447266
1306987200,45.644779205322266,55.58818435668945
1307073600,45.56060028076172,55.522239685058594
1307332800,45.061100006103516,54.796592712402344
1307419200,44.89834213256836,54.681156158447266
1307505600,45.324886322021484,54.945030212402344
1307592000,45.56060028076172,55.64864730834961
1307678400,44.774879455566406,54.79106903076172
1307937600,44.466190338134766,54.384273529052734
1308024000,45.11162567138672,55.302337646484375
1308110400,44.14631271362305,54.09843444824219
1308196800,44.46059036254883,54.659156799316406
1308283200,44.34834671020508,54.51622009277344
1308542400,44.73558044433594,54.92300796508789
1308628800,45.2182502746582,55.84656524658203
1308715200,44.79732894897461,55.56069564819336
1308801600,44.02284622192383,54.62067413330078
1308888000,43.09119415283203,53.81808090209961
1309147200,43.730995178222656,54.36779022216797
1309233600,44.69070816040039,55.16488265991211
1309320000,45.03865051269531,55.6761474609375
1309406400,45.672828674316406,56.53371047973633
1309492800,46.02640914916992,57.22087860107422
1309838400,45.79631042480469,57.78709411621094
1309924800,45.779476165771484,57.76508331298828
1310011200,46.22283935546875,58.595157623291016
1310097600,46.25652313232422,58.21038055419922
1310356800,45.964683532714844,57.39680862426758
1310443200,45.95906448364258,57.38578414916992
1310529600,46.29019546508789,57.77062225341797
1310616000,46.155494689941406,57.539710998535156
1310702400,46.58205032348633,58.37530517578125
1310961600,46.3856086730957,58.39728927612305
1311048000,46.935611724853516,59.084449768066406
1311134400,46.75041961669922,58.87555694580078
1311220800,47.7157096862793,60.15641784667969
1311307200,47.827972412109375,59.90353012084961
1311566400,47.463172912597656,59.425262451171875
1311652800,47.35090255737305,59.133907318115234
1311739200,46.756011962890625,58.06745529174805
1311825600,45.71773910522461,57.73762130737305
1311912000,44.78049850463867,57.1823844909668
1312171200,44.67386245727539,57.93001937866211
1312257600,43.68610382080078,56.86905288696289
1312344000,43.61872863769531,56.48975372314453
1312430400,41.44117736816406,53.235382080078125
1312516800,41.99118423461914,53.65867614746094
1312776000,39.39268112182617,49.6126708984375
1312862400,40.206459045410156,51.344303131103516
1312948800,38.43256759643555,49.78859329223633
1313035200,40.43809509277344,51.712623596191406
1313121600,40.67536163330078,52.696632385253906
1313380800,41.969078063964844,54.47774887084961
1313467200,41.52275085449219,53.95000457763672
1313553600,41.89562225341797,54.127323150634766
1313640000,40.07653045654297,51.666996002197266
1313726400,39.4325065612793,51.69471740722656
1313985600,39.647178649902344,51.70026397705078
1314072000,41.6131706237793,53.93337631225586
1314158400,41.545372009277344,54.07746124267578
1314244800,40.545433044433594,53.17422866821289
1314331200,41.03693389892578,53.66740036010742
1314590400,41.87302017211914,54.7147102355957
1314676800,41.754390716552734,54.52629089355469
1314763200,41.8165283203125,54.77011489868164
1314849600,41.51710891723633,54.592796325683594
1314936000,40.75444030761719,53.42357635498047
1315281600,40.1951789855957,52.980289459228516
1315368000,41.60749816894531,55.01948928833008
1315454400,41.138614654541016,54.53184509277344
1315540800,40.1160774230957,52.74755096435547
1315800000,40.5849723815918,53.14651870727539
1315886400,40.477630615234375,53.15761947631836
1315972800,41.03693389892578,53.92231369018555
1316059200,41.81087875366211,55.00285339355469
1316145600,42.115962982177734,55.2078857421875
1316404800,41.63574981689453,54.69808578491211
1316491200,41.81087875366211,54.18829345703125
1316577600,40.6584358215332,52.23774337768555
1316664000,39.11614227294922,49.9658317565918
1316750400,39.155677795410156,49.87716293334961
1317009600,40.51719665527344,50.697269439697266
1317096000,41.189456939697266,51.83322525024414
1317182400,40.71491241455078,50.835792541503906
1317268800,41.7374382019043,52.304237365722656
1317355200,41.0312614440918,51.30680847167969
1317614400,40.1951789855957,49.80512237548828
1317700800,41.14427185058594,50.691707611083984
1317787200,41.777000427246094,52.45387649536133
1317873600,41.74308776855469,52.4261360168457
1317960000,41.556663513183594,52.30978775024414
1318219200,43.09328842163086,54.41546630859375
1318305600,43.087642669677734,54.08298110961914
1318392000,43.5904426574707,54.182743072509766
1318478400,43.144126892089844,54.18829345703125
1318564800,44.127140045166016,55.673343658447266
1318824000,43.76555633544922,54.64267349243164
1318910400,44.567779541015625,57.04758834838867
1318996800,44.307899475097656,56.654170989990234
1319083200,44.466087341308594,57.29141616821289
1319169600,45.268287658691406,58.47724914550781
1319428800,45.290897369384766,58.88731384277344
1319515200,44.87849807739258,57.906490325927734
1319601600,45.79933166503906,59.164371490478516
1319688000,46.25692367553711,60.38345718383789
1319774400,46.030948638916016,60.754703521728516
1320033600,44.11581802368164,58.211265563964844
1320120000,42.901214599609375,56.56549835205078
1320206400,43.709068298339844,57.92866134643555
1320292800,44.55081558227539,58.80973815917969
1320379200,44.35874557495117,58.97596740722656
1320642000,44.82764434814453,59.6907958984375
1320728400,45.327735900878906,60.322479248046875
1320814800,43.980899810791016,57.784576416015625
1320901200,44.72535705566406,58.46062088012695
1320987600,45.305023193359375,59.31951904296875
1321246800,44.873085021972656,58.8318977355957
1321333200,44.94700241088867,57.224918365478516
1321419600,44.46961212158203,56.43742370605469
1321506000,44.247982025146484,55.89567184448242
1321592400,44.270713806152344,54.66695022583008
1321851600,43.708099365234375,53.42705154418945
1321938000,43.20799255371094,53.85151290893555
1322024400,42.38393783569336,52.36028289794922
1322197200,41.99749755859375,51.544857025146484
1322456400,43.100006103515625,53.48847579956055
1322542800,43.71944808959961,54.39326477050781
1322629200,45.71418762207031,57.42598342895508
1322715600,45.34480285644531,56.8730583190918
1322802000,45.34480285644531,56.794857025146484
1323061200,45.719879150390625,57.42598342895508
1323147600,45.93015670776367,58.286075592041016
1323234000,46.077903747558594,58.37544631958008
1323320400,45.390262603759766,57.107627868652344
1323406800,46.22567367553711,58.22465515136719
1323666000,45.492549896240234,57.56559753417969
1323752400,45.765342712402344,57.8727912902832
1323838800,45.145896911621094,56.14698028564453
1323925200,45.4811897277832,55.66666030883789
1324011600,45.55507278442383,56.33129119873047
1324270800,45.197044372558594,55.69459915161133
1324357200,46.600746154785156,57.900726318359375
1324443600,47.23725128173828,58.88369369506836
1324530000,47.902164459228516,59.375179290771484
1324616400,48.4306755065918,60.03980255126953
1324962000,48.46476745605469,60.307891845703125
1325048400,47.83964157104492,59.17971420288086
1325134800,48.4591064453125,60.02305221557617
1325221200,48.16926193237305,59.425445556640625
1325566800,48.87395095825195,61.642723083496094
1325653200,48.88532257080078,61.53662109375
1325739600,48.73756408691406,60.933414459228516
1325826000,48.37385177612305,60.49217224121094
1326085200,48.58979034423828,61.151214599609375
1326171600,48.71484375,60.91107940673828
1326258000,48.35112762451172,60.190608978271484
1326344400,48.15789031982422,58.626773834228516
1326430800,48.237457275390625,59.25230026245117
1326776400,48.697776794433594,59.60416793823242
1326862800,49.12968444824219,59.66559600830078
1326949200,49.459312438964844,59.7214241027832
1327035600,49.72071075439453,59.6991081237793
1327294800,49.7093505859375,59.7661247253418
1327381200,49.54454803466797,59.60416793823242
1327467600,49.56726837158203,60.168251037597656
1327554000,49.31154251098633,59.53152847290039
1327640400,48.7773323059082,58.06269836425781
1327899600,48.5841064453125,57.7554931640625
1327986000,47.58958435058594,57.593528747558594
1328072400,47.72028732299805,57.40920639038086
1328158800,47.47023391723633,57.9118766784668
1328245200,48.26018524169922,58.92277908325195
1328504400,48.731849670410156,59.57625961303711
1328590800,49.067176818847656,59.66559600830078
1328677200,48.75290298461914,59.626495361328125
1328763600,48.50147247314453,59.40869140625
1328850000,47.88436508178711,58.79990005493164
1329109200,48.23863983154297,59.41427230834961
1329195600,48.3814697265625,59.475677490234375
1329282000,48.06719970703125,59.093013763427734
1329368400,48.80432891845703,59.94844055175781
1329454800,48.92430877685547,60.02723693847656
1329800400,49.46717834472656,61.01212692260742
1329886800,49.66717529296875,60.49997329711914
1329973200,49.72430419921875,60.97837448120117
1330059600,49.90715026855469,61.389198303222656
1330318800,49.844295501708984,61.698734283447266
1330405200,49.792884826660156,61.687477111816406
1330491600,49.42716598510742,61.41170120239258
1330578000,49.61575698852539,61.77189254760742
1330664400,49.33002471923828,61.687477111816406
1330923600,49.718589782714844,61.524269104003906
1331010000,49.06145477294922,61.259769439697266
1331096400,49.0443115234375,61.60306167602539
1331182800,48.47290802001953,61.923851013183594
1331269200,48.170082092285156,61.66497039794922
1331524800,48.88432693481445,61.9069709777832
1331611200,49.63288116455078,62.57669448852539
1331697600,49.15288543701172,62.2952995300293
1331784000,49.192909240722656,61.923851013183594
1331870400,49.39286804199219,62.06455612182617
1332129600,49.707149505615234,62.30091094970703
1332216000,49.48430252075195,61.389198303222656
1332302400,49.14717483520508,60.730716705322266
1332388800,48.75861740112305,59.28996276855469
1332475200,48.88432693481445,59.858402252197266
1332734400,49.730010986328125,60.69132614135742
1332820800,49.49571990966797,60.24112319946289
1332907200,49.06145477294922,59.59389877319336
1332993600,49.18716812133789,60.13417053222656
1333080000,49.55859375,60.33676528930664
1333339200,49.75286865234375,60.95021438598633
1333425600,49.0443115234375,60.29738235473633
1333512000,48.55861282348633,59.430686950683594
1333598400,48.4671745300293,58.95232009887695
1333944000,47.9300651550293,58.2431755065918
1334030400,46.95295333862305,57.09510803222656
1334116800,47.25578689575195,56.813720703125
1334203200,47.77006530761719,57.73668670654297
1334289600,47.39864730834961,56.71803283691406
1334548800,48.00434875488281,57.12887191772461
1334635200,48.82717514038086,58.31637954711914
1334721600,48.99858856201172,58.18692398071289
1334808000,48.73003005981445,57.69165802001953
1334894400,48.74148178100586,57.697296142578125
1335153600,48.96432113647461,57.65226364135742
1335240000,49.3185920715332,57.98431396484375
1335326400,49.62715148925781,58.44579315185547
1335412800,49.18146896362305,59.779624938964844
1335499200,49.18716812133789,59.768341064453125
1335758400,49.335731506347656,59.97097396850586
1335844800,49.7357292175293,60.9333381652832
1335931200,49.2557487487793,60.235469818115234
1336017600,48.94147491455078,59.65016174316406
1336104000,48.324317932128906,58.37264633178711
1336363200,48.272911071777344,58.141902923583984
1336449600,48.01005554199219,57.87737274169922
1336536000,47.60435104370117,57.28081512451172
1336622400,47.661888122558594,58.17002487182617
1336708800,47.811492919921875,57.79294967651367
1336968000,47.24763488769531,57.37086868286133
1337054400,47.05778121948242,56.78555679321289
1337140800,47.27641296386719,56.842350006103516
1337227200,47.1268310546875,56.86507034301758
1337313600,46.87367248535156,55.911048889160156
1337572800,47.201602935791016,56.609535217285156
1337659200,47.14981460571289,56.39942169189453
1337745600,47.201602935791016,56.217742919921875
1337832000,47.52956771850586,56.819644927978516
1337918400,47.224609375,56.13821029663086
1338264000,47.138328552246094,56.92186737060547
1338350400,45.907081604003906,55.439754486083984
1338436800,45.239688873291016,55.825889587402344
1338523200,44.8311653137207,54.7469482421875
1338782400,44.77940368652344,54.84349822998047
1338868800,44.647056579589844,54.792381286621094
1338955200,46.1314697265625,56.67200469970703
1339041600,46.42489242553711,57.00703430175781
1339128000,46.511199951171875,57.26254653930664
1339387200,46.1832275390625,56.73444366455078
1339473600,46.75284194946289,57.205780029296875
1339560000,46.39036560058594,56.85940170288086
1339646400,47.25338363647461,57.87584686279297
1339732800,47.88051986694336,59.244380950927734
1339992000,47.81723403930664,58.7503547668457
1340078400,48.605464935302734,59.09103775024414
1340164800,48.88737487792969,58.84687423706055
1340251200,47.241886138916016,56.796913146972656
1340337600,47.241886138916016,57.03542709350586
1340596800,46.741336822509766,56.263145446777344
1340683200,47.408748626708984,57.325035095214844
1340769600,47.8690071105957,58.24493408203125
1340856000,47.811492919921875,58.7503547668457
1340942400,49.23259735107422,59.90876007080078
1341201600,49.10027313232422,60.11320114135742
1341288000,49.64110565185547,60.97066879272461
1341460800,49.23259735107422,60.2097282409668
1341547200,48.78957748413086,59.664581298828125
1341806400,48.12792205810547,59.31822204589844
1341892800,47.81723403930664,58.988861083984375
1341979200,48.54794692993164,59.53964614868164
1342065600,48.39834213256836,59.64188003540039
1342152000,49.17505645751953,60.19837188720703
1342411200,48.93341064453125,60.635623931884766
1342497600,49.324649810791016,61.00471878051758
1342584000,49.6008186340332,61.26028060913086
1342670400,49.6008186340332,61.80540084838867
1342756800,49.45121765136719,62.00416946411133
1343016000,49.025455474853516,61.30000305175781
1343102400,48.66301345825195,60.36305618286133
1343188800,49.0427360534668,60.22677230834961
1343275200,49.7791633605957,61.481727600097656
1343361600,50.314239501953125,62.04389190673828
1343620800,50.377540588378906,62.361907958984375
1343707200,49.96904373168945,62.22563934326172
1343793600,50.00357437133789,62.7480354309082
1343880000,49.41096496582031,62.038230895996094
1343966400,50.37179183959961,63.10013198852539
1344225600,50.314239501953125,63.208003997802734
1344312000,50.58466339111328,63.57144546508789
1344398400,50.791786193847656,63.679351806640625
1344484800,51.07555389404297,63.957584381103516
1344571200,51.21453857421875,64.48001098632812
1344830400,51.04080581665039,64.3266830444336
1344916800,51.07555389404297,64.34938049316406
1345003200,50.95970153808594,64.43525695800781
1345089600,51.34772491455078,64.86456298828125
1345176000,51.19135665893555,64.48678588867188
1345435200,50.930763244628906,64.4066390991211
1345521600,50.647029876708984,64.09752655029297
1345608000,50.80337905883789,64.19486999511719
1345694400,50.56014633178711,63.70259475708008
1345780800,50.98867416381836,64.11471557617188
1346040000,50.809173583984375,63.95444869995117
1346126400,51.01762771606445,64.309326171875
1346212800,50.90180587768555,63.9944953918457
1346299200,50.49645233154297,63.49653625488281
1346385600,50.55438232421875,64.20057678222656
1346731200,50.45014190673828,63.662513732910156
1346817600,50.57174301147461,63.40493392944336
1346904000,51.53302001953125,64.69857025146484
1346990400,52.07158279418945,65.25379180908203
1347249600,51.81678009033203,65.23090362548828
1347336000,51.89784240722656,65.35681915283203
1347422400,51.8572998046875,65.528564453125
1347508800,52.83019256591797,66.71916198730469
1347595200,53.44982147216797,67.11410522460938
1347854400,53.22395324707031,67.0511245727539
1347940800,53.07340621948242,66.9538345336914
1348027200,52.44798278808594,66.74203491210938
1348113600,52.99812316894531,67.45756530761719
1348200000,53.229740142822266,67.42892456054688
1348459200,53.20658493041992,67.41747283935547
1348545600,53.12552261352539,66.93093872070312
1348632000,52.83019256591797,66.57032775878906
1348718400,53.16025924682617,67.08549499511719
1348804800,52.957576751708984,66.71916198730469
1349064000,53.16025924682617,67.11410522460938
1349150400,53.11392593383789,67.5204849243164
1349236800,53.102352142333984,66.4787368774414
1349323200,53.40345764160156,67.05683135986328
1349409600,53.59458923339844,67.25721740722656
1349668800,53.66987609863281,67.32588195800781
1349755200,53.35136032104492,67.17706298828125
1349841600,52.714351654052734,64.36658477783203
1349928000,52.79542922973633,64.71575164794922
1350014400,52.714351654052734,64.14905548095703
1350273600,52.992332458496094,64.57836151123047
1350360000,53.49612045288086,65.3053207397461
1350446400,54.08100509643555,65.9292221069336
1350532800,54.13313674926758,65.62586212158203
1350619200,53.36294174194336,64.89891815185547
1350878400,53.386104583740234,64.53257751464844
1350964800,52.22213363647461,62.609275817871094
1351051200,52.048404693603516,62.79821014404297
1351137600,52.36691665649414,63.51369094848633
1351224000,52.47693634033203,63.63962173461914
1351656000,52.79542922973633,63.10157012939453
1351742400,53.04444885253906,63.79987716674805
1351828800,52.27424240112305,62.03116226196289
1352091600,52.482730865478516,62.50054931640625
1352178000,53.05025100708008,63.170265197753906
1352264400,51.3836669921875,61.53892517089844
1352350800,50.73685836791992,60.600162506103516
1352437200,50.818450927734375,60.5829963684082
1352696400,50.882530212402344,60.63454055786133
1352782800,50.38724899291992,60.26245880126953
1352869200,50.154151916503906,59.17707061767578
1352955600,50.194942474365234,58.66900634765625
1353042000,50.375572204589844,59.119319915771484
1353301200,51.08647537231445,60.245140075683594
1353387600,50.987422943115234,59.78903579711914
1353474000,51.284610748291016,60.10078430175781
1353646800,51.91393280029297,60.89173889160156
1353906000,51.64009094238281,60.61464309692383
1353992400,50.90003204345703,59.685123443603516
1354078800,51.33704376220703,60.95527267456055
1354165200,51.348697662353516,61.076480865478516
1354251600,51.360374450683594,61.01874542236328
1354510800,51.05152893066406,60.42412185668945
1354597200,50.80679702758789,60.019989013671875
1354683600,51.121463775634766,60.718544006347656
1354770000,51.27876281738281,61.457550048828125
1354856400,51.628414154052734,61.7692985534668
1355115600,51.517704010009766,61.751991271972656
1355202000,51.85566711425781,62.20230484008789
1355288400,52.12370300292969,62.39862060546875
1355374800,51.61674118041992,62.30044937133789
1355461200,51.32537841796875,62.24849319458008
1355720400,51.78575134277344,62.7449951171875
1355806800,52.187828063964844,63.5648078918457
1355893200,51.53518295288086,63.45513153076172
1355979600,51.79740524291992,63.726470947265625
1356066000,50.8300895690918,63.33966827392578
1356325200,50.64945983886719,62.71613693237305
1356498000,50.73685836791992,62.61799240112305
1356584400,50.614498138427734,62.652626037597656
1356670800,49.588897705078125,61.457550048828125
1356930000,50.433837890625,62.433250427246094
1357102800,51.69251251220703,63.732261657714844
1357189200,51.599281311035156,63.46092224121094
1357275600,51.83818435668945,63.79574203491211
1357534800,51.23799514770508,63.36273956298828
1357621200,51.55847930908203,63.079856872558594
1357707600,51.360374450683594,63.24149703979492
1357794000,51.91977310180664,63.77843475341797
1357880400,52.216949462890625,64.50590515136719
1358139600,52.199485778808594,65.15249633789062
1358226000,52.17033004760742,65.49312591552734
1358312400,52.13539123535156,65.79912567138672
1358398800,52.560752868652344,66.24365997314453
1358485200,52.91038513183594,66.5323486328125
1358830800,52.980316162109375,66.9191665649414
1358917200,52.85210418701172,66.39955139160156
1359003600,53.230873107910156,66.68245697021484
1359090000,53.452308654785156,67.08655548095703
1359349200,53.09102249145508,66.99419403076172
1359435600,53.469783782958984,67.66968536376953
1359522000,52.834625244140625,67.23090362548828
1359608400,52.42673110961914,66.4803695678711
1359694800,52.46753692626953,67.25978088378906
1359954000,51.94889450073242,66.50922393798828
1360040400,52.292694091796875,66.86138916015625
1360126800,52.32182693481445,66.9191665649414
1360213200,51.75299835205078,66.40532684326172
1360299600,51.9641227722168,66.76326751708984
1360558800,51.77056884765625,66.76326751708984
1360645200,51.876155853271484,67.25978088378906
1360731600,51.99930953979492,67.21904754638672
1360818000,51.91135025024414,67.32377624511719
1360904400,51.817501068115234,66.88738250732422
1361250000,52.38047409057617,67.44597625732422
1361336400,52.175228118896484,66.90486145019531
1361422800,51.952369689941406,66.90486145019531
1361509200,52.31009292602539,67.46922302246094
1361768400,51.430458068847656,66.06118774414062
1361854800,51.905479431152344,66.88738250732422
1361941200,52.503631591796875,67.87068939208984
1362027600,52.51536560058594,68.16161346435547
1362114000,52.444984436035156,68.01614379882812
1362373200,52.163490295410156,68.35943603515625
1362459600,52.550559997558594,68.61546325683594
1362546000,52.521236419677734,68.92961883544922
1362632400,52.02275848388672,68.98201751708984
1362718800,52.175228118896484,68.9878158569336
1362974400,52.286678314208984,69.08090209960938
1363060800,52.286678314208984,68.80162811279297
1363147200,52.345314025878906,68.86565399169922
1363233600,52.67959213256836,69.81982421875
1363320000,52.40980911254883,69.63365936279297
1363579200,52.05794906616211,69.31362915039062
1363665600,51.946510314941406,69.50565338134766
1363752000,51.97584533691406,70.02347564697266
1363838400,51.70608139038086,70.01766967773438
1363924800,52.36287307739258,70.50639343261719
1364184000,52.204551696777344,69.924560546875
1364270400,52.85549545288086,70.39005279541016
1364356800,53.11939239501953,69.93038177490234
1364443200,52.84376907348633,69.1332778930664
1364788800,53.2308235168457,69.5929183959961
1364875200,53.11939239501953,69.2380142211914
1364961600,52.738224029541016,68.52818298339844
1365048000,52.64437484741211,68.6968994140625
1365134400,52.198673248291016,68.37689208984375
1365393600,51.958251953125,68.54562377929688
1365480000,52.05794906616211,69.0285415649414
1365566400,52.00516891479492,69.61038208007812
1365652800,52.32185363769531,70.3725814819336
1365739200,52.186973571777344,69.78494262695312
1365998400,50.72085189819336,67.82415771484375
1366084800,50.791229248046875,68.08016204833984
1366171200,50.480430603027344,66.80015563964844
1366257600,50.79710006713867,67.25396728515625
1366344000,51.28384780883789,67.43433380126953
1366603200,51.65916442871094,67.82415771484375
1366689600,52.368751525878906,68.35362243652344
1366776000,52.444984436035156,68.819091796875
1366862400,51.64744186401367,68.9529037475586
1366948800,51.60636901855469,69.8431167602539
1367208000,51.72953414916992,70.58784484863281
1367294400,52.186973571777344,70.98931884765625
1367380800,51.31903839111328,69.9769287109375
1367467200,51.97584533691406,71.00678253173828
1367553600,52.79098892211914,71.8504409790039
1367812800,53.11939239501953,71.71078491210938
1367899200,53.453651428222656,71.588623046875
1367985600,53.77620315551758,71.77478790283203
1368072000,53.752559661865234,71.93769836425781
1368158400,53.227046966552734,71.69914245605469
1368417600,53.20343017578125,71.4780502319336
1368504000,53.79982376098633,72.72900390625
1368590400,53.87656784057617,72.14834594726562
1368676800,53.55771255493164,72.00172424316406
1368763200,54.183631896972656,72.38880157470703
1369022400,54.632415771484375,73.18647766113281
1369108800,54.79774475097656,73.86685180664062
1369195200,54.43756866455078,73.27445983886719
1369281600,54.20136260986328,73.55010986328125
1369368000,54.047828674316406,73.57947540283203
1369713600,54.549747467041016,74.15425109863281
1369800000,54.37261199951172,73.6029281616211
1369886400,54.378501892089844,73.38003540039062
1369972800,53.42190933227539,71.9958267211914
1370232000,54.00648880004883,72.78179168701172
1370318400,53.610862731933594,72.1190185546875
1370404800,52.93769836425781,71.3037338256836
1370491200,53.28018569946289,70.72895050048828
1370577600,54.00057601928711,71.37999725341797
1370836800,53.805721282958984,71.96063995361328
1370923200,53.41598129272461,71.23335266113281
1371009600,52.9908332824707,70.36531066894531
1371096000,53.929725646972656,71.35653686523438
1371182400,53.48686218261719,70.54712677001953
1371441600,54.03601837158203,71.09847259521484
1371528000,54.28403854370117,71.27442169189453
1371614400,53.7348518371582,70.67616271972656
1371700800,52.58340072631836,69.18053436279297
1371787200,52.837318420410156,69.75531768798828
1372046400,52.24681854248047,68.51776123046875
1372132800,52.61883544921875,68.88728332519531
1372219200,53.026275634765625,69.29785919189453
1372305600,53.16799545288086,69.62628936767578
1372392000,53.351043701171875,69.4092788696289
1372651200,53.32154083251953,69.8432846069336
1372737600,53.52228546142578,69.88436126708984
1372824000,53.55181884765625,69.8432846069336
1372996800,54.071441650390625,70.6820297241211
1373256000,54.472984313964844,71.11019897460938
1373342400,55.116634368896484,72.30083465576172
1373428800,54.8095588684082,72.0838394165039
1373515200,55.07528305053711,72.5940933227539
1373601600,55.15204620361328,72.76417541503906
1373860800,55.0634651184082,73.12782287597656
1373947200,55.09299850463867,72.79940795898438
1374033600,55.18748092651367,72.93428039550781
1374120000,55.73072052001953,73.59119415283203
1374206400,56.19720458984375,74.435791015625
1374465600,55.9964485168457,74.50616455078125
1374552000,56.21495056152344,74.64107513427734
1374638400,56.09095001220703,74.11905670166016
1374724800,56.07912826538086,74.93433380126953
1374811200,55.97283172607422,74.8170166015625
1375070400,55.52405548095703,74.00174713134766
1375156800,55.394161224365234,73.77300262451172
1375243200,55.35873031616211,73.83753204345703
1375329600,54.75642395019531,74.16011047363281
1375416000,54.295841217041016,73.28619384765625
1375675200,54.08323669433594,72.7231216430664
1375761600,54.01239776611328,72.2245864868164
1375848000,53.935638427734375,72.33602142333984
1375934400,54.19544982910156,72.18353271484375
1376020800,53.93980026245117,71.84921264648438
1376280000,53.44627380371094,71.43865203857422
1376366400,53.154945373535156,71.84921264648438
1376452800,52.88737487792969,71.58529663085938
1376539200,52.417694091796875,71.11219787597656
1376625600,52.26902389526367,70.89338684082031
1376884800,51.6804084777832,70.17191314697266
1376971200,51.62689971923828,69.95308685302734
1377057600,51.38312530517578,69.60419464111328
1377144000,51.7160758972168,69.95308685302734
1377230400,52.03715133666992,70.68641662597656
1377489600,51.78147506713867,70.27833557128906
1377576000,51.62094497680664,70.26058959960938
1377662400,52.821964263916016,72.03472137451172
1377748800,51.88850402832031,71.18315887451172
1377835200,51.82311248779297,71.21862030029297
1378180800,51.81716537475586,71.28961944580078
1378267200,52.17984390258789,71.47289276123047
1378353600,51.936073303222656,71.77454376220703
1378440000,51.87660598754883,71.67988586425781
1378699200,52.34634017944336,72.27716827392578
1378785600,52.215511322021484,72.7443618774414
1378872000,52.821964263916016,73.28250122070312
1378958400,52.310665130615234,73.26475524902344
1379044800,52.56037139892578,73.41261291503906
1379304000,52.72090530395508,73.37712860107422
1379390400,52.8814582824707,73.53089141845703
1379476800,53.26197814941406,74.40609741210938
1379563200,53.0836067199707,74.18140411376953
1379649600,52.7149658203125,73.87388610839844
1379908800,52.173919677734375,74.22869110107422
1379995200,51.942020416259766,73.61959838867188
1380081600,51.811222076416016,73.37120056152344
1380168000,51.769588470458984,73.02820587158203
1380254400,51.668495178222656,72.52554321289062
1380513600,51.15717315673828,71.85138702392578
1380600000,51.13338851928711,71.74493408203125
1380686400,51.18095779418945,71.45519256591797
1380772800,50.836124420166016,69.92943572998047
1380859200,51.323646545410156,69.85847473144531
1381118400,51.073936462402344,69.70471954345703
1381204800,50.842044830322266,69.03057098388672
1381291200,50.63393020629883,68.67574310302734
1381377600,51.15717315673828,68.82357788085938
1381464000,51.6982421875,69.58645629882812
1381723200,52.08472442626953,70.12460327148438
1381809600,51.60310745239258,69.87031555175781
1381896000,51.91228485107422,70.46759033203125
1381982400,52.01335906982422,70.68050384521484
1382068800,52.05498504638672,70.75735473632812
1382328000,51.86471939086914,70.8578872680664
1382414400,52.310665130615234,71.34280395507812
1382500800,52.090660095214844,71.04120635986328
1382587200,52.57225799560547,71.29552459716797
1382673600,52.304718017578125,71.31324768066406
1382932800,52.459285736083984,71.50248718261719
1383019200,52.87550354003906,71.85138702392578
1383105600,52.80414962768555,71.1417465209961
1383192000,53.28575897216797,70.9406967163086
1383278400,53.40467834472656,69.78752136230469
1383541200,54.760292053222656,69.84073638916016
1383627600,54.69490051269531,70.0477294921875
1383714000,55.42621994018555,71.63851928710938
1383800400,55.049102783203125,70.9111328125
1383886800,55.51004409790039,71.66807556152344
1384146000,55.64772415161133,71.6030044555664
1384232400,55.474098205566406,70.96434020996094
1384318800,55.42621994018555,71.017578125
1384405200,55.80335998535156,71.2978515625
1384491600,57.030521392822266,71.59602355957031
1384750800,57.13825607299805,71.89417266845703
1384837200,57.12031173706055,72.7886734008789
1384923600,56.67732620239258,72.75291442871094
1385010000,56.68332290649414,73.62356567382812
1385096400,56.87488555908203,73.96344757080078
1385355600,56.922767639160156,73.79052734375
1385442000,56.431907653808594,73.21804809570312
1385528400,56.15055847167969,73.00337982177734
1385701200,55.9589958190918,73.01527404785156
1385960400,55.982933044433594,72.95565032958984
1386046800,56.50374221801758,73.06297302246094
1386133200,56.67134475708008,72.61573028564453
1386219600,56.34807586669922,72.21619415283203
1386306000,57.25799560546875,72.92581939697266
1386565200,57.371734619140625,73.55199432373047
1386651600,57.29390335083008,73.7428207397461
1386738000,56.425933837890625,72.8125228881836
1386824400,57.084415435791016,72.15056610107422
1386910800,57.054473876953125,71.5005874633789
1387170000,58.19783401489258,71.69142150878906
1387256400,57.9164924621582,70.80884552001953
1387342800,59.58661651611328,72.5143814086914
1387429200,59.52079391479492,73.48041534423828
1387515600,59.07182312011719,73.21804809570312
1387774800,58.97003936767578,73.2299575805664
1387861200,59.39508056640625,73.65336608886719
1388034000,60.40074920654297,74.4285888671875
1388120400,60.765907287597656,74.6790542602539
1388379600,60.04758071899414,74.08273315429688
1388466000,60.58031463623047,74.48822021484375
1388638800,59.71232604980469,74.02904510498047
1388725200,59.568687438964844,74.1542739868164
1388984400,59.65847396850586,73.95747375488281
1389070800,60.502532958984375,74.5836410522461
1389157200,60.304969787597656,73.52218627929688
1389243600,59.71832275390625,73.52218627929688
1389330000,60.17329406738281,72.16251373291016
1389589200,58.99398422241211,71.11296081542969
1389675600,59.335205078125,71.30379486083984
1389762000,59.13166427612305,71.07122802734375
1389848400,59.227455139160156,70.86251068115234
1389934800,59.359153747558594,71.1368179321289
1390280400,58.96405029296875,71.77490997314453
1390366800,58.59291458129883,71.81664276123047
1390453200,58.04816436767578,70.60013580322266
1390539600,56.779090881347656,69.34782409667969
1390798800,56.82099533081055,69.43130493164062
1390885200,57.25799560546875,69.67579650878906
1390971600,56.934757232666016,69.17487335205078
1391058000,56.2642936706543,69.44324493408203
1391144400,55.16881561279297,66.56891632080078
1391403600,53.90573501586914,66.27668762207031
1391490000,53.88777160644531,66.09183502197266
1391576400,53.624359130859375,65.31062316894531
1391662800,54.13677978515625,66.3542251586914
1391749200,54.60703659057617,66.81936645507812
1392008400,53.96798324584961,66.60469818115234
1392094800,54.76377487182617,67.73176574707031
1392181200,54.908470153808594,67.4008560180664
1392267600,55.119449615478516,67.68963623046875
1392354000,56.735137939453125,68.27323150634766
1392699600,56.71101760864258,67.80996704101562
1392786000,56.63867950439453,68.34542846679688
1392872400,57.494728088378906,68.94705200195312
1392958800,57.289772033691406,67.79192352294922
1393218000,58.13980484008789,68.67632293701172
1393304400,58.06142044067383,69.16967010498047
1393390800,57.7479362487793,69.4945297241211
1393477200,57.7780876159668,69.60282897949219
1393563600,58.037315368652344,69.38623046875
1393822800,57.57310104370117,69.09147644042969
1393909200,58.18802261352539,69.38023376464844
1393995600,56.54823684692383,68.84478759765625
1394082000,56.524147033691406,69.09745788574219
1394168400,57.265625,69.23582458496094
1394424000,57.57310104370117,69.69307708740234
1394510400,56.67485046386719,68.89291381835938
1394596800,56.79541778564453,69.57877349853516
1394683200,56.451786041259766,68.85681915283203
1394769600,56.34928512573242,68.646240234375
1395028800,56.861717224121094,69.22982025146484
1395115200,57.096832275390625,69.93372344970703
1395201600,56.50605773925781,69.30803680419922
1395288000,57.018463134765625,69.4945297241211
1395374400,56.855712890625,69.56671142578125
1395633600,57.05465316772461,69.69908142089844
1395720000,57.217437744140625,70.44510650634766
1395806400,57.09081268310547,70.81812286376953
1395892800,58.01922607421875,70.79405975341797
1395979200,58.89939498901367,71.2934341430664
1396238400,58.88737106323242,71.54009246826172
1396324800,58.91747283935547,71.5942153930664
1396411200,59.050106048583984,71.80480194091797
1396497600,59.03807067871094,71.61829376220703
1396584000,58.694435119628906,71.47393035888672
1396843200,58.344757080078125,70.59552001953125
1396929600,58.74869155883789,70.87226867675781
1397016000,58.67633056640625,71.65440368652344
1397102400,58.344757080078125,70.20446014404297
1397188800,58.308597564697266,70.40899658203125
1397448000,58.9958610534668,71.41375732421875
1397534400,59.490196228027344,72.3763427734375
1397620800,60.24980545043945,73.29684448242188
1397707200,60.5391960144043,74.40987396240234
1398052800,60.84663391113281,74.74676513671875
1398139200,60.50904083251953,74.60240173339844
1398225600,60.587398529052734,75.01753234863281
1398312000,60.29197311401367,74.78288269042969
1398398400,60.53315734863281,74.59638214111328
1398657600,60.9913215637207,75.64322662353516
1398744000,61.160125732421875,75.7876205444336
1398830400,61.73887634277344,75.5168685913086
1398916800,61.136016845703125,75.16792297363281
1399003200,61.49771499633789,75.03556823730469
1399262400,62.04030227661133,75.42062377929688
1399348800,61.895606994628906,75.18598175048828
1399435200,62.160865783691406,75.94403839111328
1399521600,61.68458938598633,75.25816345214844
1399608000,61.87882995605469,75.22206115722656
1399867200,62.048789978027344,75.34839630126953
1399953600,62.127681732177734,75.71540832519531
1400040000,62.085182189941406,76.0583267211914
1400126400,61.16868591308594,75.12391662597656
1400212800,61.14442825317383,74.74165344238281
1400472000,61.223331451416016,74.60212707519531
1400558400,61.1019401550293,74.32905578613281
1400644800,61.927406311035156,75.33627319335938
1400731200,61.60568618774414,75.01470184326172
1400817600,61.496456146240234,74.85696411132812
1401163200,61.52073669433594,74.53538513183594
1401249600,61.33864212036133,74.34120178222656
1401336000,61.46608352661133,74.2198486328125
1401422400,61.01698303222656,74.50502014160156
1401681600,60.65885543823242,74.15309143066406
1401768000,60.93196105957031,74.35938262939453
1401854400,60.71953582763672,74.238037109375
1401940800,61.029117584228516,74.94795227050781
1402027200,61.66642379760742,75.3545150756836
1402286400,61.617835998535156,75.46371459960938
1402372800,61.5814323425293,76.05225372314453
1402459200,61.87882995605469,75.9552001953125
1402545600,61.702816009521484,76.51947784423828
1402632000,62.3036994934082,77.21725463867188
1402891200,62.46758270263672,77.99392700195312
1402977600,62.164085388183594,78.16988372802734
1403064000,62.352272033691406,79.04967498779297
1403150400,62.29156494140625,80.0873031616211
1403236800,63.0198974609375,80.29964447021484
1403496000,63.35371780395508,80.68798065185547
1403582400,62.352272033691406,79.95381927490234
1403668800,61.994144439697266,79.62613677978516
1403755200,61.927406311035156,79.43802642822266
1403841600,61.429710388183594,79.09822845458984
1404100800,61.1080207824707,79.21353912353516
1404187200,61.52073669433594,79.20748138427734
1404273600,61.648216247558594,79.01937866210938
1404360000,62.26728439331055,79.60186767578125
1404705600,62.3036994934082,79.16498565673828
1404792000,62.412940979003906,78.81914520263672
1404878400,62.849971771240234,79.72320556640625
1404964800,62.25514602661133,79.031494140625
1405051200,61.751365661621094,77.95146179199219
1405310400,62.32191848754883,78.43082427978516
1405396800,62.145896911621094,78.43082427978516
1405483200,62.9835090637207,79.41981506347656
1405569600,62.09734344482422,78.92835235595703
1405656000,62.352272033691406,79.116455078125
1405915200,62.56467056274414,79.66253662109375
1406001600,62.843868255615234,80.44528198242188
1406088000,63.274818420410156,81.23407745361328
1406174400,63.29303741455078,81.82263946533203
1406260800,62.62539291381836,81.04597473144531
1406520000,63.347652435302734,80.84575653076172
1406606400,62.849971771240234,80.34818267822266
1406692800,62.667877197265625,80.4149169921875
1406779200,60.05189895629883,78.4186782836914
1406865600,59.96692657470703,77.60562896728516
1407124800,60.77418899536133,77.76942443847656
1407211200,59.60276794433594,75.82170867919922
1407297600,60.07618713378906,76.28893280029297
1407384000,59.6452522277832,76.24038696289062
1407470400,60.537452697753906,77.58132934570312
1407729600,60.34191131591797,77.49031829833984
1407816000,60.19522476196289,77.11412811279297
1407902400,60.56192398071289,77.42357635498047
1407988800,60.56192398071289,77.03524780273438
1408075200,60.52524948120117,77.16376495361328
1408334400,60.82472229003906,77.28614044189453
1408420800,60.806392669677734,78.09998321533203
1408507200,60.934749603271484,78.01435089111328
1408593600,60.67803192138672,78.2835693359375
1408680000,60.20133590698242,77.78177642822266
1408939200,60.35411071777344,78.22850036621094
1409025600,60.89807891845703,78.47940063476562
1409112000,60.83084487915039,78.7180404663086
1409198400,60.85527801513672,78.78536224365234
1409284800,60.78807067871094,79.21367645263672
1409630400,60.19522476196289,78.04492950439453
1409716800,60.57414245605469,78.24073791503906
1409803200,60.11573791503906,77.59211730957031
1409889600,60.66582107543945,77.95924377441406
1410148800,59.755149841308594,77.23106384277344
1410235200,59.522926330566406,76.60078430175781
1410321600,59.16843032836914,76.05004119873047
1410408000,59.302879333496094,75.77468872070312
1410494400,58.53892517089844,75.0587158203125
1410753600,58.85062026977539,76.0255355834961
1410840000,59.547359466552734,76.4661636352539
1410926400,59.333457946777344,76.31929779052734
1411012800,59.04618835449219,75.96439361572266
1411099200,59.35786819458008,76.36824035644531
1411358400,59.0034065246582,75.56664276123047
1411444800,58.69169616699219,75.30351257324219
1411531200,58.5633430480957,74.8996353149414
1411617600,57.603797912597656,73.84711456298828
1411704000,58.324989318847656,74.3305435180664
1411963200,57.71382141113281,73.767578125
1412049600,57.48155212402344,73.0149154663086
1412136000,56.75423812866211,71.99298858642578
1412222400,57.02317810058594,71.66254425048828
1412308800,57.40209197998047,72.02969360351562
1412568000,57.76881790161133,72.26220703125
1412654400,57.06598663330078,70.99555206298828
1412740800,57.8238410949707,72.17656707763672
1412827200,56.1186408996582,70.07154846191406
1412913600,55.98415756225586,69.69215393066406
1413172800,55.51967239379883,68.5539779663086
1413259200,55.342430114746094,67.17713165283203
1413345600,55.14073944091797,66.86505889892578
1413432000,55.37297821044922,67.96040344238281
1413518400,55.74580764770508,68.41321563720703
1413777600,56.08805847167969,68.2235336303711
1413864000,57.23710632324219,70.42643737792969
1413950400,56.91929626464844,69.75943756103516
1414036800,57.51823425292969,71.09955596923828
1414123200,57.7504768371582,70.92822265625
1414382400,57.273746490478516,70.38362884521484
1414468800,58.1233024597168,71.6747817993164
1414555200,57.81158447265625,71.68087005615234
1414641600,57.726051330566406,71.71762084960938
1414728000,59.1072998046875,73.4004135131836
1414990800,58.22109603881836,71.4605941772461
1415077200,57.76881790161133,70.59778594970703
1415163600,58.10497283935547,71.62583923339844
1415250000,58.832279205322266,72.53148651123047
1415336400,59.460205078125,72.69671630859375
1415595600,59.269351959228516,72.15819549560547
1415682000,59.349361419677734,72.47640991210938
1415768400,58.715328216552734,71.99298858642578
1415854800,58.27208709716797,71.25865173339844
1415941200,58.53679275512695,71.8392105102539
1416200400,58.549110412597656,71.4871597290039
1416286800,58.401371002197266,71.31424713134766
1416373200,58.856903076171875,71.93184661865234
1416459600,58.98617172241211,72.45063781738281
1416546000,59.595611572265625,73.23497772216797
1416805200,58.924598693847656,72.62356567382812
1416891600,58.34596633911133,71.7342300415039
1416978000,58.16128921508789,71.09192657470703
1417150800,55.735843658447266,67.23809051513672
1417410000,56.850074768066406,69.00442504882812
1417496400,57.9827766418457,70.41874694824219
1417582800,58.450599670410156,70.227294921875
1417669200,58.09356689453125,69.3441162109375
1417755600,57.75498580932617,68.47331237792969
1418014800,56.44993591308594,65.95966339111328
1418101200,56.252933502197266,66.08937072753906
1418187600,54.5847053527832,64.76151275634766
1418274000,54.91094970703125,64.79238891601562
1418360400,53.310420989990234,63.229888916015625
1418619600,53.49508285522461,62.2911262512207
1418706000,53.19344711303711,62.80989074707031
1418792400,54.80011749267578,65.47793579101562
1418878800,56.11751174926758,67.3369140625
1418965200,57.6441650390625,69.74555969238281
1419224400,57.453346252441406,69.18970489501953
1419310800,58.2289924621582,70.37548828125
1419397200,57.73037338256836,70.07905578613281
1419570000,57.37947082519531,69.94317626953125
1419829200,57.29328536987305,69.98641967773438
1419915600,57.26250457763672,69.85669708251953
1420002000,56.911643981933594,69.28235626220703
1420174800,57.14554977416992,69.5293960571289
1420434000,55.58195114135742,66.75019836425781
1420520400,55.28644943237305,66.71931457519531
1420606800,55.84664535522461,66.66373443603516
1420693200,56.77618408203125,68.18917083740234
1420779600,56.6961669921875,66.83047485351562
1421038800,55.60659408569336,65.3914794921875
1421125200,55.40341567993164,64.3539047241211
1421211600,55.24336624145508,64.16864013671875
1421298000,54.76321029663086,63.408992767333984
1421384400,56.0928840637207,64.92208099365234
1421730000,56.074405670166016,65.75586700439453
1421816400,56.55459213256836,66.79959869384766
1421902800,57.17018127441406,67.26898193359375
1421989200,55.9512939453125,65.99053955078125
1422248400,56.486846923828125,67.24427795410156
1422334800,55.988243103027344,66.8613510131836
1422421200,54.14143753051758,64.05127716064453
1422507600,53.913673400878906,63.6128044128418
1422594000,53.815185546875,63.32251739501953
1422853200,55.14486312866211,65.50262451171875
1422939600,56.78849411010742,67.64571380615234
1423026000,56.30218505859375,66.91693115234375
1423112400,56.856239318847656,67.50983428955078
1423198800,56.75080108642578,67.69510650634766
1423458000,56.787986755371094,68.20154571533203
1423544400,56.44688034057617,68.04717254638672
1423630800,56.192569732666016,67.92361450195312
1423717200,57.29039001464844,69.13978576660156
1423803600,57.91059112548828,70.33722686767578
1424149200,57.71215057373047,70.10023498535156
1424235600,56.44688034057617,68.87784576416016
1424322000,55.473106384277344,67.57437133789062
1424408400,55.770816802978516,67.73027801513672
1424667600,55.20641326904297,67.26876831054688
1424754000,55.460723876953125,67.33113861083984
1424840400,55.57235336303711,67.71782684326172
1424926800,54.983131408691406,66.76984405517578
1425013200,54.9149169921875,66.53284454345703
1425272400,54.60479736328125,66.04640197753906
1425358800,54.34429931640625,65.58486938476562
1425445200,54.071407318115234,65.58486938476562
1425531600,53.798492431640625,65.31668853759766
1425618000,53.11005401611328,64.58078002929688
1425873600,52.81853103637695,64.83021545410156
1425960000,52.260337829589844,64.18162536621094
1426046400,52.11146926879883,64.57454681396484
1426132800,52.235511779785156,63.876014709472656
1426219200,52.01844787597656,63.3770751953125
1426478400,52.570430755615234,64.31881713867188
1426564800,52.1486930847168,64.3437728881836
1426651200,53.3829460144043,66.54532623291016
1426737600,52.35338592529297,65.32918548583984
1426824000,52.43402099609375,66.7511215209961
1427083200,52.98601150512695,66.05885314941406
1427169600,52.42158508300781,64.98616027832031
1427256000,52.632469177246094,65.90296173095703
1427342400,52.29754638671875,65.6410140991211
1427428800,51.83859634399414,65.03604888916016
1427688000,53.11005401611328,66.6700668334961
1427774400,52.71931457519531,65.4726333618164
1427860800,52.3843879699707,65.35411834716797
1427947200,52.285152435302734,65.65972900390625
1428292800,52.79994201660156,66.68251037597656
1428379200,53.184486389160156,67.69286346435547
1428465600,52.136287689208984,66.52039337158203
1428552000,52.50224304199219,66.70122528076172
1428638400,53.06663131713867,66.67626190185547
1428897600,52.93019104003906,66.42058563232422
1428984000,53.730289459228516,67.8799819946289
1429070400,54.62960433959961,68.85910034179688
1429156800,54.41252517700195,68.70323944091797
1429243200,53.91633224487305,68.04837036132812
1429502400,54.10860061645508,68.78427124023438
1429588800,53.88533020019531,68.4350357055664
1429675200,54.24505615234375,68.29156494140625
1429761600,54.2946662902832,68.58472442626953
1429848000,53.941162109375,68.52234649658203
1430107200,53.96596908569336,68.41632843017578
1430193600,54.455936431884766,69.30194854736328
1430280000,54.499366760253906,69.68236541748047
1430366400,54.189231872558594,69.26451110839844
1430452800,55.10718536376953,68.00470733642578
1430712000,55.26844024658203,67.5556869506836
1430798400,54.95831298828125,67.3560791015625
1430884800,54.69783401489258,67.32489013671875
1430971200,54.33190155029297,67.0879135131836
1431057600,55.194007873535156,67.76148223876953
1431316800,54.26847839355469,66.95694732666016
1431403200,54.41856002807617,67.08165740966797
1431489600,54.13090515136719,67.16899108886719
1431576000,54.387306213378906,67.63673400878906
1431662400,54.62495803833008,68.0461654663086
1431921600,54.312252044677734,67.17693328857422
1432008000,54.39980697631836,66.15021514892578
1432094400,54.487361907958984,66.29508209228516
1432180800,54.53738021850586,66.44624328613281
1432267200,54.10588836669922,66.06832885742188
1432612800,53.37422561645508,65.06051635742188
1432699200,53.22412109375,64.94713592529297
1432785600,53.22412109375,65.02901458740234
1432872000,53.280418395996094,64.87786865234375
1433131200,53.236637115478516,64.64476776123047
1433217600,53.24290466308594,64.61331939697266
1433304000,53.12408447265625,64.35505676269531
1433390400,52.667564392089844,63.86375045776367
1433476800,52.70510482788086,63.98971939086914
1433736000,53.061553955078125,63.25276565551758
1433822400,52.892704010009766,63.25276565551758
1433908800,53.28667449951172,64.14089965820312
1433995200,53.21161651611328,63.693687438964844
1434081600,52.542484283447266,62.906333923339844
1434340800,52.354896545410156,62.540985107421875
1434427200,52.95524215698242,63.01341247558594
1434513600,52.98650360107422,62.837032318115234
1434600000,53.45553970336914,63.14567947387695
1434686400,53.28667449951172,62.65437698364258
1434945600,53.26165008544922,63.170894622802734
1435032000,53.19912338256836,63.04489517211914
1435118400,52.95524215698242,62.52840805053711
1435204800,52.48621368408203,61.942604064941406
1435291200,52.44244384765625,62.10639190673828
1435550400,51.79208755493164,60.90331268310547
1435636800,52.02971649169922,60.76471710205078
1435723200,51.51066970825195,60.52537155151367
1435809600,51.9921989440918,60.38679504394531
1436155200,51.6107177734375,59.69392776489258
1436241600,51.823333740234375,60.00887680053711
1436328000,51.26051712036133,58.93177032470703
1436414400,51.02914810180664,59.07035827636719
1436500800,51.416847229003906,59.467166900634766
1436760000,51.54192352294922,59.58686065673828
1436846400,51.973426818847656,60.18524169921875
1436932800,51.754554748535156,59.36009979248047
1437019200,51.84835433959961,59.51127243041992
1437105600,51.66074752807617,58.673519134521484
1437364800,51.12919235229492,58.54124069213867
1437451200,51.0666618347168,59.14592742919922
1437537600,51.14794158935547,58.900272369384766
1437624000,50.7414665222168,58.54124069213867
1437710400,49.99105453491211,57.067325592041016
1437969600,49.565799713134766,56.14769744873047
1438056000,51.5794677734375,58.20109939575195
1438142400,51.9921989440918,58.73651885986328
1438228800,51.910892486572266,58.59793472290039
1438315200,49.53452682495117,55.731964111328125
1438574400,48.815372467041016,53.91792678833008
1438660800,48.258811950683594,53.6722526550293
1438747200,48.258811950683594,52.92898178100586
1438833600,48.83412551879883,53.659671783447266
1438920000,48.046180725097656,52.752628326416016
1439179200,49.24686813354492,54.1005744934082
1439265600,48.91233444213867,54.031288146972656
1439352000,49.73290252685547,54.66747283935547
1439438400,49.6445198059082,54.07537078857422
1439524800,49.46147537231445,54.16356658935547
1439784000,49.72025680541992,53.08564758300781
1439870400,49.171119689941406,53.2195930480957
1439956800,48.11700439453125,51.60591125488281
1440043200,47.069190979003906,50.540748596191406
1440129600,45.529056549072266,48.32115173339844
1440388800,43.376644134521484,45.99949645996094
1440475200,43.37031555175781,44.66006088256836
1440561600,45.76259994506836,46.618160247802734
1440648000,47.245933532714844,49.52024841308594
1440734400,47.384796142578125,51.299747467041016
1440993600,47.49211120605469,51.65693283081055
1441080000,45.497501373291016,49.87104034423828
1441166400,46.223384857177734,49.78811264038086
1441252800,46.57685089111328,49.91569519042969
1441339200,45.73735046386719,48.90156555175781
1441684800,46.3937873840332,49.009986877441406
1441771200,45.446990966796875,47.785369873046875
1441857600,45.77522659301758,48.257362365722656
1441944000,45.88252258300781,48.34028244018555
1442203200,45.75628662109375,48.3275146484375
1442289600,45.989845275878906,49.2204704284668
1442376000,46.89878845214844,50.400428771972656
1442462400,46.99976348876953,50.64917755126953
1442548800,45.876224517822266,49.584014892578125
1442808000,46.324378967285156,49.8072624206543
1442894400,45.91408157348633,49.27149200439453
1442980800,45.63636016845703,48.55076599121094
1443067200,45.90776824951172,49.041893005371094
1443153600,46.223384857177734,49.55852127075195
1443412800,45.82571792602539,48.3275146484375
1443499200,46.059268951416016,48.633670806884766
1443585600,46.930335998535156,50.31114196777344
1443672000,46.747283935546875,49.966712951660156
1443758400,47.89607238769531,52.01412582397461
1444017600,48.48309326171875,53.59589767456055
1444104000,49.16481018066406,55.483848571777344
1444190400,49.99169158935547,56.20458984375
1444276800,50.51558303833008,57.34628677368164
1444363200,50.029571533203125,57.12942123413086
1444622400,50.0548210144043,56.60003662109375
1444708800,49.96644973754883,56.370426177978516
1444795200,50.59764862060547,57.250614166259766
1444881600,51.43085479736328,57.8629035949707
1444968000,52.062076568603516,58.22645568847656
1445227200,51.121559143066406,57.42282485961914
1445313600,51.02057647705078,57.39729690551758
1445400000,50.62921905517578,56.976341247558594
1445486400,52.32084274291992,58.43695831298828
1445572800,52.37766647338867,58.19457244873047
1445832000,51.2667121887207,56.619163513183594
1445918400,51.184661865234375,55.936702728271484
1446004800,51.93581008911133,57.269744873046875
1446091200,51.904266357421875,57.33351516723633
1446177600,52.22616195678711,57.964969635009766
1446440400,53.82942581176758,60.5672721862793
1446526800,54.8204231262207,62.595523834228516
1446613200,54.27128219604492,61.72170639038086
1446699600,53.53277587890625,60.305747985839844
1446786000,53.318172454833984,59.97410583496094
1447045200,52.178436279296875,58.883426666259766
1447131600,52.43313217163086,59.46385955810547
1447218000,51.96832275390625,58.800498962402344
1447304400,50.56119918823242,57.314388275146484
1447390800,49.72710418701172,56.56175994873047
1447650000,51.50990295410156,59.040897369384766
1447736400,50.91139602661133,58.76974105834961
1447822800,51.40802001953125,59.53156280517578
1447909200,51.127872467041016,58.6406135559082
1447995600,50.80315017700195,57.465614318847656
1448254800,51.115150451660156,58.11123275756836
1448341200,52.13386917114258,58.97632598876953
1448427600,51.732757568359375,58.666439056396484
1448600400,51.72003173828125,58.34365463256836
1448859600,51.993797302246094,58.956974029541016
1448946000,52.140254974365234,59.70586395263672
1449032400,50.65034866333008,58.26616668701172
1449118800,49.92451095581055,57.362327575683594
1449205200,50.21100997924805,57.917545318603516
1449464400,48.899391174316406,56.34870147705078
1449550800,47.517730712890625,55.806400299072266
1449637200,48.1544303894043,56.555301666259766
1449723600,48.1926383972168,57.65281677246094
1449810000,47.33306884765625,55.806400299072266
1450069200,48.40913009643555,57.67219543457031
1450155600,50.57395553588867,59.88665008544922
1450242000,50.395660400390625,60.325653076171875
1450328400,49.637969970703125,58.453392028808594
1450414800,49.20499801635742,57.982093811035156
1450674000,49.192264556884766,57.61410140991211
1450760400,49.440589904785156,58.279075622558594
1450846800,51.05784606933594,60.564537048339844
1450933200,50.51026916503906,59.42827224731445
1451278800,50.13460159301758,58.33718490600586
1451365200,50.40203094482422,58.91177749633789
1451451600,49.73347473144531,58.162872314453125
1451538000,49.631595611572266,58.078941345214844
1451883600,49.319602966308594,57.362327575683594
1451970000,49.739837646484375,57.85298156738281
1452056400,49.32598876953125,55.567527770996094
1452142800,48.53646469116211,53.598419189453125
1452229200,47.555908203125,53.02381896972656
1452488400,46.9192008972168,52.145809173583984
1452574800,47.88064193725586,53.036746978759766
1452661200,48.16716384887695,52.50734329223633
1452747600,50.376564025878906,55.180152893066406
1452834000,49.39601135253906,54.018062591552734
1453179600,48.64471435546875,52.62355041503906
1453266000,46.594505310058594,50.99014663696289
1453352400,47.18028259277344,52.32656478881836
1453438800,48.75294876098633,53.93413543701172
1453698000,47.1038703918457,52.2232666015625
1453784400,48.83571243286133,54.30856704711914
1453870800,47.93796157836914,53.77272415161133
1453957200,49.02035903930664,55.47068405151367
1454043600,49.56793212890625,55.82575988769531
1454302800,48.57468032836914,55.06394958496094
1454389200,47.492252349853516,52.44923782348633
1454475600,49.96906280517578,54.63138961791992
1454562000,50.82862091064453,54.741127014160156
1454648400,50.98781204223633,53.50804138183594
1454907600,51.67544937133789,55.515872955322266
1454994000,51.450584411621094,53.53384780883789
1455080400,50.981563568115234,53.611324310302734
1455166800,51.14218521118164,53.57905578613281
1455253200,52.06093215942383,55.154335021972656
1455598800,52.183021545410156,55.448551177978516
1455685200,52.684165954589844,57.7368278503418
1455771600,52.9732780456543,56.703857421875
1455858000,53.00539779663086,56.553462982177734
1456117200,52.93473434448242,58.07026290893555
1456203600,52.189449310302734,55.513919830322266
1456290000,52.37576675415039,55.74928283691406
1456376400,52.6905632019043,55.76891326904297
1456462800,52.523521423339844,55.14781188964844
1456722000,51.49555969238281,54.552852630615234
1456808400,52.2215690612793,56.31156539916992
1456894800,53.13389205932617,56.971900939941406
1456981200,52.94114685058594,57.22687530517578
1457067600,52.870479583740234,57.48837661743164
1457326800,54.26466751098633,59.27976989746094
1457413200,53.088924407958984,58.0179557800293
1457499600,52.94114685058594,60.6854362487793
1457586000,52.799800872802734,61.41771697998047
1457672400,52.80622863769531,61.836143493652344
1457928000,52.94758224487305,61.6269416809082
1458014400,53.211002349853516,61.63346862792969
1458100800,53.24311447143555,62.37223815917969
1458187200,54.033382415771484,63.346405029296875
1458273600,54.0976448059082,63.86943435668945
1458532800,53.725013732910156,63.05220413208008
1458619200,54.04624557495117,62.43763732910156
1458705600,53.80851745605469,61.18889617919922
1458792000,53.956275939941406,62.01268005371094
1459137600,54.1104850769043,61.90152359008789
1459224000,54.30965805053711,62.3199577331543
1459310400,54.3032341003418,62.274173736572266
1459396800,53.70571517944336,62.37223815917969
1459483200,53.30093765258789,61.6269416809082
1459742400,53.429443359375,61.08427810668945
1459828800,52.819087982177734,60.58738327026367
1459915200,53.525814056396484,62.006134033203125
1460001600,52.921878814697266,61.97345733642578
1460088000,53.461578369140625,62.98030471801758
1460347200,53.532249450683594,62.267642974853516
1460433600,54.19401931762695,63.75176239013672
1460520000,54.502418518066406,63.81061935424805
1460606400,54.88789749145508,64.05904388427734
1460692800,54.592342376708984,63.56871795654297
1460952000,55.112754821777344,64.5298080444336
1461038400,55.38902282714844,65.70659637451172
1461124800,55.76811599731445,66.48465728759766
1461211200,55.76168441772461,66.29503631591797
1461297600,56.23712158203125,66.69385528564453
1461556800,56.108619689941406,66.36695861816406
1461643200,56.3013801574707,66.8769302368164
1461729600,56.83464050292969,67.89684295654297
1461816000,56.55837631225586,66.94882202148438
1461902400,56.79611587524414,66.80501556396484
1462161600,57.26511001586914,67.54380798339844
1462248000,56.60976028442383,66.24273681640625
1462334400,56.50055694580078,65.76547241210938
1462420800,56.564781188964844,66.30812072753906
1462507200,56.866764068603516,66.5958023071289
1462766400,56.90531539916992,65.6085433959961
1462852800,57.81764602661133,66.21004486083984
1462939200,57.53907012939453,66.12505340576172
1463025600,58.09623718261719,66.76577758789062
1463112000,57.44187927246094,65.86353302001953
1463371200,58.03144836425781,66.8769302368164
1463457600,58.00555419921875,66.56639099121094
1463544000,57.88892364501953,66.11048889160156
1463630400,58.381309509277344,65.97174072265625
1463716800,58.14159393310547,65.93209075927734
1463976000,58.05088424682617,65.66121673583984
1464062400,58.09623718261719,66.1963882446289
1464148800,58.47850036621094,67.24028778076172
1464235200,58.18046188354492,67.06193542480469
1464321600,58.31651306152344,67.40547180175781
1464667200,57.67509841918945,66.73155212402344
1464753600,57.81764602661133,66.81743621826172
1464840000,57.3576545715332,66.4210205078125
1464926400,57.25399398803711,66.50692749023438
1465185600,57.8824348449707,66.84386444091797
1465272000,58.77006530761719,68.26441192626953
1465358400,58.821876525878906,68.11243438720703
1465444800,58.74412155151367,67.92743682861328
1465531200,58.29709243774414,67.37905883789062
1465790400,58.69228744506836,67.45835876464844
1465876800,58.58864974975586,66.91654968261719
1465963200,58.413719177246094,66.48709869384766
1466049600,59.10047912597656,66.77782440185547
1466136000,58.776527404785156,67.10816955566406
1466395200,59.035675048828125,67.7953109741211
1466481600,59.30131530761719,68.2115478515625
1466568000,59.068077087402344,67.5838851928711
1466654400,59.47624588012695,69.00440979003906
1466740800,57.91484069824219,67.32621002197266
1467000000,57.57145690917969,66.3087387084961
1467086400,58.899620056152344,67.14781951904297
1467172800,59.90386962890625,68.33047485351562
1467259200,60.733154296875,69.26206970214844
1467345600,60.79795455932617,68.81279754638672
1467691200,60.26666259765625,68.42958068847656
1467777600,60.959896087646484,69.09688568115234
1467864000,60.22779083251953,68.08602142333984
1467950400,60.603572845458984,69.22245025634766
1468209600,60.83033752441406,69.63207244873047
1468296000,61.517093658447266,70.5504379272461
1468382400,61.471744537353516,70.46456146240234
1468468800,61.517093658447266,70.49761962890625
1468555200,61.627235412597656,70.71562957763672
1468814400,61.43288803100586,70.09455871582031
1468900800,61.20610809326172,70.06151580810547
1468987200,60.85624313354492,69.76420593261719
1469073600,60.804420471191406,69.63207244873047
1469160000,60.908084869384766,69.81046295166016
1469419200,59.73539733886719,68.09925079345703
1469505600,59.30131530761719,67.84153747558594
1469592000,58.899620056152344,67.56404876708984
1469678400,58.439613342285156,67.25350952148438
1469764800,57.62974548339844,67.70943450927734
1470024000,55.627777099609375,65.48284149169922
1470110400,56.392295837402344,65.79996490478516
1470196800,56.683837890625,66.47390747070312
1470283200,56.67736053466797,66.32853698730469
1470369600,56.729183197021484,66.40779876708984
1470628800,57.39652633666992,66.86371612548828
1470715200,57.46780014038086,66.9429931640625
1470801600,56.46154022216797,66.16336822509766
1470888000,56.6640739440918,66.99583435058594
1470974400,57.4024543762207,67.49797058105469
1471233600,57.376304626464844,67.9010238647461
1471320000,57.44818878173828,67.80191802978516
1471406400,57.57232666015625,68.2492446899414
1471492800,58.09506607055664,69.13725280761719
1471579200,57.369773864746094,68.31600189208984
1471838400,57.49390411376953,68.06230163574219
1471924800,57.31751251220703,67.88871765136719
1472011200,57.51350402832031,68.23588562011719
1472097600,57.14761734008789,68.0289306640625
1472184000,57.02346420288086,67.64835357666016
1472443200,57.39592742919922,68.13574981689453
1472529600,57.18682861328125,67.90205383300781
1472616000,56.93851089477539,67.15426635742188
1472702400,56.74250411987305,66.90723419189453
1472788800,57.12147521972656,67.38795471191406
1473134400,57.87290954589844,68.38945770263672
1473220800,57.657283782958984,68.68991088867188
1473307200,58.186546325683594,69.517822265625
1473393600,56.74250411987305,67.61495971679688
1473652800,57.03650665283203,68.269287109375
1473739200,55.67744064331055,66.38642883300781
1473825600,55.27883529663086,65.71209716796875
1473912000,55.592491149902344,66.43319702148438
1473998400,54.90640640258789,65.32484436035156
1474257600,54.77573013305664,65.4583969116211
1474344000,53.93281555175781,65.23139190673828
1474430400,54.42941665649414,66.51998901367188
1474516800,54.586246490478516,66.75366973876953
1474603200,54.527442932128906,66.24624633789062
1474862400,54.272579193115234,65.95244598388672
1474948800,54.390201568603516,66.08599853515625
1475035200,56.78168869018555,68.20252227783203
1475121600,56.494205474853516,67.61495971679688
1475208000,57.029998779296875,68.71663665771484
1475467200,56.87971496582031,68.40280151367188
1475553600,56.356964111328125,67.61495971679688
1475640000,56.8470573425293,68.25594329833984
1475726400,56.87318420410156,68.2225570678711
1475812800,56.677154541015625,68.2826156616211
1476072000,57.7879638671875,69.42433166503906
1476158400,57.33055877685547,68.79673767089844
1476244800,56.93199157714844,68.20252227783203
1476331200,56.55952835083008,67.29447937011719
1476417600,56.54645919799805,67.48810577392578
1476676800,56.54645919799805,67.67506408691406
1476763200,56.696754455566406,67.96214294433594
1476849600,56.958126068115234,68.2826156616211
1476936000,56.984275817871094,68.01556396484375
1477022400,56.5987548828125,67.63500213623047
1477281600,56.78824234008789,67.20767974853516
1477368000,56.6640739440918,67.2811279296875
1477454400,56.905845642089844,67.56155395507812
1477540800,56.79477310180664,66.71359252929688
1477627200,55.39646530151367,69.31749725341797
1477886400,54.442474365234375,69.93846130371094
1477972800,54.65810775756836,71.0935287475586
1478059200,54.527442932128906,70.36576843261719
1478145600,54.66464614868164,70.36576843261719
1478232000,54.6058235168457,69.95848846435547
1478494800,55.834259033203125,71.34056854248047
1478581200,56.236358642578125,71.63433074951172
1478667600,56.85600280761719,71.86802673339844
1478754000,57.38337326049805,71.96817016601562
1478840400,56.473690032958984,71.20036315917969
1479099600,56.2165641784668,71.16695404052734
1479186000,57.23174285888672,72.74932861328125
1479272400,56.52640914916992,73.06629943847656
1479358800,56.18362808227539,72.91118621826172
1479445200,56.2165641784668,73.63951110839844
1479704400,57.014225006103516,74.3003921508789
1479790800,57.13946533203125,74.59709930419922
1479877200,57.29767990112305,74.85334777832031
1480050000,57.429500579833984,74.85334777832031
1480309200,57.001033782958984,74.51616668701172
1480395600,56.62529754638672,73.73391723632812
1480482000,57.548152923583984,75.2309799194336
1480568400,57.50860595703125,76.39762115478516
1480654800,57.37677764892578,76.20205688476562
1480914000,57.66682434082031,76.37063598632812
1481000400,57.71955871582031,76.04019927978516
1481086800,58.055747985839844,77.1731185913086
1481173200,58.22056198120117,77.6653823852539
1481259600,58.6688117980957,78.09696960449219
1481518800,59.974021911621094,79.00060272216797
1481605200,61.02875900268555,79.18267822265625
1481691600,59.71034622192383,78.19812774658203
1481778000,59.914695739746094,78.93319702148438
1481864400,60.10586929321289,79.62774658203125
1482123600,59.60487747192383,79.33780670166016
1482210000,59.611480712890625,79.54010009765625
1482296400,59.51258850097656,79.51311492919922
1482382800,59.90152359008789,80.09307861328125
1482469200,59.79605484008789,79.85704040527344
1482814800,59.82241439819336,79.72218322753906
1482901200,59.52577209472656,79.51311492919922
1482987600,59.558738708496094,79.45243072509766
1483074000,59.49939727783203,79.3714828491211
1483419600,59.914695739746094,79.47265625
1483506000,59.2555046081543,79.45243072509766
1483592400,58.37217330932617,79.1084976196289
1483678800,58.33921432495117,78.79155731201172
1483938000,57.37677764892578,78.11719512939453
1484024400,56.64508056640625,77.52378845214844
1484110800,57.225154876708984,78.17790222167969
1484197200,56.915340423583984,78.3330078125
1484283600,56.92193603515625,78.48135375976562
1484629200,57.58771514892578,78.41392517089844
1484715600,56.87578201293945,78.18464660644531
1484802000,55.85404968261719,77.94190216064453
1484888400,56.61869812011719,77.95537567138672
1485147600,56.012229919433594,77.8137435913086
1485234000,56.091331481933594,78.474609375
1485320400,56.256126403808594,79.06132507324219
1485406800,56.427547454833984,78.59600067138672
1485493200,56.368194580078125,76.73479461669922
1485752400,55.939735412597656,75.40631866455078
1485838800,55.30029296875,75.08935546875
1485925200,54.67405319213867,74.85334777832031
1486011600,55.01027297973633,75.66931915283203
1486098000,55.0695915222168,76.58641052246094
1486357200,54.9179573059082,76.18855285644531
1486443600,54.56198501586914,75.11632537841797
1486530000,54.20278549194336,75.24445343017578
1486616400,54.44225311279297,75.7030029296875
1486702800,54.894615173339844,76.23574829101562
1486962000,55.21391677856445,76.81568908691406
1487048400,55.094173431396484,76.60466003417969
1487134800,55.320350646972656,76.63868713378906
1487221200,54.74826431274414,75.35195922851562
1487307600,54.3890495300293,75.11367797851562
1487653200,54.47550582885742,76.06000518798828
1487739600,53.83689498901367,75.1477279663086
1487826000,54.4023551940918,75.58345031738281
1487912400,53.93667984008789,74.9707260131836
1488171600,54.24268341064453,76.08043670654297
1488258000,54.096343994140625,76.59103393554688
1488344400,55.22724151611328,77.5305404663086
1488430800,55.413509368896484,77.1765365600586
1488517200,54.85469436645508,77.30589294433594
1488776400,55.10083770751953,77.04718780517578
1488862800,54.894615173339844,76.12125396728516
1488949200,53.90342330932617,74.62348175048828
1489035600,54.32917404174805,74.91622924804688
1489122000,54.28924560546875,75.30430603027344
1489377600,54.16286849975586,74.44650268554688
1489464000,53.876808166503906,73.09169006347656
1489550400,54.548702239990234,74.12650299072266
1489636800,54.59526062011719,73.43208312988281
1489723200,54.548702239990234,73.30953979492188
1489982400,54.548702239990234,73.29590606689453
1490068800,54.43561553955078,73.55464172363281
1490155200,54.3890495300293,73.79291534423828
1490241600,54.45555877685547,73.43888854980469
1490328000,54.03646469116211,73.52059173583984
1490587200,54.0497932434082,72.35639953613281
1490673600,54.44225311279297,72.96231842041016
1490760000,54.56199645996094,73.5750732421875
1490846400,55.6795768737793,73.37760925292969
1490932800,54.55532455444336,73.09849548339844
1491192000,54.59526062011719,73.3912353515625
1491278400,54.794822692871094,73.97673797607422
1491364800,54.90127944946289,73.9631118774414
1491451200,55.220577239990234,74.4056396484375
1491537600,55.05427169799805,74.1128921508789
1491796800,55.300384521484375,74.5009536743164
1491883200,55.107479095458984,74.18778228759766
1491969600,55.19397735595703,74.18778228759766
1492056000,54.342472076416016,72.23385620117188
1492401600,54.26930236816406,72.28150177001953
1492488000,53.91674041748047,71.94792938232422
1492574400,53.54419708251953,70.96073913574219
1492660800,53.890106201171875,71.40326690673828
1492747200,53.677242279052734,71.41006469726562
1493006400,53.956626892089844,72.11811828613281
1493092800,54.369083404541016,72.66277313232422
1493179200,54.14956283569336,72.22022247314453
1493265600,54.05642318725586,71.80493927001953
1493352000,54.31586837768555,72.64237213134766
1493611200,54.58860397338867,72.11132049560547
1493697600,54.58195114135742,71.73006439208984
1493784000,55.01434326171875,72.65595245361328
1493870400,54.30921173095703,71.35563659667969
1493956800,54.56199645996094,72.02279663085938
1494216000,55.14073944091797,72.62873840332031
1494302400,54.75492477416992,71.53944396972656
1494388800,55.00337600708008,72.50617980957031
1494475200,55.473445892333984,72.30877685546875
1494561600,55.433162689208984,72.13854217529297
1494820800,55.60102081298828,72.74446105957031
1494907200,55.433162689208984,73.01679229736328
1494993600,55.05710220336914,72.00581359863281
1495080000,54.895912170410156,72.32905578613281
1495166400,55.01680374145508,73.25749206542969
1495425600,55.25856018066406,72.98240661621094
1495512000,55.45330047607422,73.08555603027344
1495598400,55.25856018066406,73.05116271972656
1495684800,54.895912170410156,72.28776550292969
1495771200,54.76161575317383,72.01957702636719
1496116800,54.45946502685547,71.56566619873047
1496203200,54.05653762817383,71.16680145263672
1496289600,54.19084930419922,71.71009826660156
1496376000,53.385047912597656,70.91230773925781
1496635200,53.80136489868164,70.96733856201172
1496721600,54.53331756591797,71.64131164550781
1496808000,54.33185958862305,71.3662338256836
1496894400,54.13711929321289,71.52440643310547
1496980800,55.1511116027832,73.17496490478516
1497240000,55.68831253051758,74.3028564453125
1497326400,55.70845031738281,74.3647232055664
1497412800,55.11082077026367,73.3125228881836
1497499200,55.23841094970703,73.12681579589844
1497585600,56.06435775756836,74.51604461669922
1497844800,55.57416534423828,73.9039535522461
1497931200,55.2719841003418,73.22999572753906
1498017600,54.68777084350586,71.86139678955078
1498104000,54.446022033691406,71.83386993408203
1498190400,54.80191421508789,72.21212005615234
1498449600,54.553470611572266,71.62066650390625
1498536000,54.46616744995117,71.57254791259766
1498622400,54.748199462890625,71.71694946289062
1498708800,54.19084930419922,71.60694885253906
1498795200,54.210994720458984,71.75137329101562
1499054400,55.130950927734375,73.10618591308594
1499227200,54.29157638549805,71.95081329345703
1499313600,53.80136489868164,71.40060424804688
1499400000,53.86852264404297,71.17366027832031
1499659200,53.82823181152344,70.86416625976562
1499745600,54.123680114746094,70.91920471191406
1499832000,54.36542892456055,71.44876098632812
1499918400,54.37215042114258,71.61382293701172
1500004800,54.5803337097168,71.82701110839844
1500264000,54.298282623291016,71.66883087158203
1500350400,54.123680114746094,71.33184051513672
1500436800,54.29157638549805,71.84074401855469
1500523200,54.298282623291016,71.95767974853516
1500609600,53.80136489868164,71.00860595703125
1500868800,53.63349533081055,70.97418975830078
1500955200,53.90209197998047,71.79264068603516
1501041600,53.96925735473633,72.29466247558594
1501128000,54.27815246582031,72.97551727294922
1501214400,53.452205657958984,74.35787200927734
1501473600,53.74763488769531,75.09376525878906
1501560000,53.83494567871094,76.18721008300781
1501646400,54.123680114746094,75.9671630859375
1501732800,54.04982376098633,75.25879669189453
1501819200,53.8618049621582,75.7264633178711
1502078400,53.82823181152344,75.49950408935547
1502164800,53.69393539428711,75.89151763916016
1502251200,53.8618049621582,76.26289367675781
1502337600,53.54313659667969,75.7264633178711
1502424000,53.027835845947266,75.12126159667969
1502683200,53.041404724121094,74.76364135742188
1502769600,52.912574768066406,74.6673583984375
1502856000,52.52610778808594,74.2158432006836
1502942400,51.705711364746094,73.57675170898438
1503028800,51.963356018066406,73.96576690673828
1503288000,51.78706741333008,73.4794921875
1503374400,52.031166076660156,73.88240814208984
1503460800,51.943016052246094,74.05606079101562
1503547200,51.753177642822266,74.63260650634766
1503633600,52.01759719848633,75.18138122558594
1503892800,51.848087310791016,74.85491180419922
1503979200,51.83454132080078,74.92435455322266
1504065600,51.59721755981445,74.83406829833984
1504152000,51.753177642822266,74.75765991210938
1504238400,51.9158821105957,75.54956817626953
1504584000,52.32948684692383,76.02191925048828
1504670400,53.41432189941406,77.65433502197266
1504756800,53.58381652832031,77.66127014160156
1504843200,53.44142532348633,76.95269775390625
1505102400,53.732975006103516,78.16140747070312
1505188800,53.90249252319336,78.14056396484375
1505275200,54.08555221557617,79.31450653076172
1505361600,54.30250930786133,79.50206756591797
1505448000,54.2889518737793,79.6270980834961
1505707200,54.30250930786133,80.01610565185547
1505793600,54.390655517578125,80.81495666503906
1505880000,54.614402770996094,80.8357925415039
1505966400,54.16691970825195,80.90528106689453
1506052800,54.1872444152832,81.4748764038086
1506312000,54.90597152709961,81.96113586425781
1506398400,54.84492111206055,81.6346435546875
1506484800,55.211082458496094,81.58599090576172
1506571200,55.72636032104492,81.70410919189453
1506657600,55.58397674560547,81.62074279785156
1506916800,55.3466911315918,81.57213592529297
1507003200,55.4348030090332,81.8430404663086
1507089600,55.45515060424805,81.67633056640625
1507176000,55.611106872558594,82.37096405029297
1507262400,55.40090560913086,81.29425048828125
1507521600,55.61787796020508,81.76663208007812
1507608000,55.77383041381836,82.5237808227539
1507694400,56.00434875488281,82.89195251464844
1507780800,55.889068603515625,82.75994110107422
1507867200,55.875518798828125,82.77384948730469
1508126400,56.1467399597168,83.44766235351562
1508212800,56.248443603515625,83.51018524169922
1508299200,56.112823486328125,82.07225799560547
1508385600,56.099266052246094,82.10698699951172
1508472000,56.35015106201172,82.41267395019531
1508731200,56.438270568847656,82.61409759521484
1508817600,56.5942268371582,82.8224868774414
1508904000,56.39081573486328,82.27369689941406
1508990400,56.5942268371582,82.27369689941406
1509076800,56.756935119628906,78.86995697021484
1509336000,56.641693115234375,79.46039581298828
1509422400,56.51286315917969,80.50235748291016
1509508800,56.86542892456055,80.50931549072266
1509595200,56.63489532470703,80.11335754394531
1509681600,56.3975944519043,79.8771743774414
1509944400,56.78407287597656,81.30121612548828
1510030800,56.668792724609375,81.44014739990234
1510117200,56.5942268371582,81.04418182373047
1510203600,56.933223724365234,81.44014739990234
1510290000,56.755313873291016,81.39845275878906
1510549200,56.721099853515625,81.43319702148438
1510635600,56.27631759643555,81.21785736083984
1510722000,55.57148742675781,80.891357421875
1510808400,55.126712799072266,80.33043670654297
1510894800,54.907718658447266,80.4286117553711
1511154000,55.11986541748047,80.43560791015625
1511240400,55.33883285522461,80.75112915039062
1511326800,55.49620819091797,81.2699966430664
1511499600,55.7152099609375,81.6906509399414
1511758800,55.503074645996094,81.0456314086914
1511845200,55.88627243041992,81.64859008789062
1511931600,56.296817779541016,82.16043090820312
1512018000,56.99482345581055,83.42952728271484
1512104400,57.11116409301758,83.79409790039062
1512363600,57.1864128112793,84.72663116455078
1512450000,56.721099853515625,84.4111328125
1512536400,56.30368423461914,83.86422729492188
1512622800,56.488441467285156,83.87825012207031
1512709200,56.56369400024414,84.0815658569336
1512968400,56.81689453125,84.43214416503906
1513054800,56.63214874267578,83.91329956054688
1513141200,56.878475189208984,84.08857727050781
1513227600,56.727943420410156,83.80815887451172
1513314000,56.81689453125,83.94837188720703
1513573200,56.755313873291016,83.9273452758789
1513659600,56.41316223144531,84.0254898071289
1513746000,56.70741653442383,84.76171875
1513832400,57.37800979614258,87.5171890258789
1513918800,57.46012496948242,87.62938690185547
1514264400,57.466983795166016,88.33055877685547
1514350800,57.41222381591797,88.02903747558594
1514437200,57.494354248046875,88.05008697509766
1514523600,57.23429870605469,87.77664184570312
1514869200,58.18548583984375,89.452392578125
1514955600,59.328243255615234,90.10443115234375
1515042000,59.41037368774414,89.82398223876953
1515128400,59.36246871948242,89.67674255371094
1515387600,59.62934112548828,90.11845397949219
1515474000,59.376155853271484,89.63468170166016
1515560400,58.90399932861328,90.2095947265625
1515646800,59.48565673828125,92.95111846923828
1515733200,59.88939666748047,93.67325592041016
1516078800,59.513038635253906,92.55845642089844
1516165200,60.21783447265625,92.8038558959961
1516251600,59.82780456542969,92.26396942138672
1516338000,59.63619613647461,92.06063842773438
1516597200,60.388919830322266,92.94407653808594
1516683600,60.423160552978516,91.86431121826172
1516770000,60.58052062988281,92.12372589111328
1516856400,60.47102737426758,91.60490417480469
1516942800,60.902137756347656,91.9835205078125
1517202000,60.224693298339844,90.08338165283203
1517288400,59.382991790771484,87.80467224121094
1517374800,59.73881149291992,87.88883209228516
1517461200,60.95002746582031,88.04306030273438
1517547600,57.84335708618164,83.14205932617188
1517806800,54.5518798828125,78.96321105957031
1517893200,53.61441421508789,82.16043090820312
1517979600,52.64954376220703,80.83528137207031
1518066000,52.054229736328125,78.73882293701172
1518152400,52.38602828979492,79.58020782470703
1518411600,52.828460693359375,79.91676330566406
1518498000,52.74549102783203,79.4329833984375
1518584400,52.85610580444336,79.67137908935547
1518670800,52.683311462402344,79.68551635742188
1518757200,52.91142654418945,79.40935516357422
1519102800,52.36528778076172,78.58792877197266
1519189200,51.770782470703125,77.22833251953125
1519275600,52.44133758544922,77.81608581542969
1519362000,53.59580993652344,79.72801971435547
1519621200,54.50138854980469,81.15135192871094
1519707600,53.57504653930664,80.45032501220703
1519794000,52.358394622802734,79.25359344482422
1519880400,51.98508071899414,79.33856201171875
1519966800,52.227046966552734,79.0552978515625
1520226000,52.724761962890625,80.12457275390625
1520312400,52.662559509277344,80.47862243652344
1520398800,51.335289001464844,80.6131820678711
1520485200,51.2385139465332,80.26620483398438
1520571600,51.54267120361328,83.00664520263672
1520827200,52.01274108886719,82.7021713256836
1520913600,51.52191925048828,82.46846771240234
1521000000,50.8790283203125,81.52665710449219
1521086400,51.44587326049805,81.84532165527344
1521172800,51.92978286743164,81.71784210205078
1521432000,51.25922393798828,80.64859771728516
1521518400,51.14863204956055,81.08053588867188
1521604800,51.874473571777344,82.87919616699219
1521691200,50.80988693237305,80.5140380859375
1521777600,50.38821029663086,80.00420379638672
1522036800,51.155540466308594,81.68245697021484
1522123200,50.948150634765625,81.19384002685547
1522209600,50.332908630371094,79.38102722167969
1522296000,51.577232360839844,80.75479888916016
1522641600,50.6163330078125,79.48018646240234
1522728000,51.86067199707031,81.31423950195312
1522814400,51.7569694519043,81.06639862060547
1522900800,52.55195617675781,83.05620574951172
1522987200,51.7569694519043,81.26466369628906
1523246400,51.7569694519043,82.12857818603516
1523332800,53.27779769897461,84.16091918945312
1523419200,53.526668548583984,84.44414520263672
1523505600,53.381500244140625,84.43000030517578
1523592000,53.81008529663086,84.91857147216797
1523851200,54.29399108886719,85.470947265625
1523937600,54.14883041381836,86.00910949707031
1524024000,54.764060974121094,87.68029022216797
1524110400,54.90234375,87.60238647460938
1524196800,54.611976623535156,86.61100769042969
1524456000,55.00602722167969,87.51033782958984
1524542400,54.16265869140625,86.77388763427734
1524628800,54.9576530456543,86.90135955810547
1524715200,55.897796630859375,87.96353912353516
1524801600,53.775535583496094,89.66304779052734
1525060800,53.74787902832031,88.59375
1525147200,53.19483947753906,88.416748046875
1525233600,53.09115982055664,88.86285400390625
1525320000,52.91142654418945,89.2310791015625
1525406400,53.1602897644043,88.89117431640625
1525665600,53.740966796875,88.47339630126953
1525752000,53.982906341552734,89.62765502929688
1525838400,55.254886627197266,91.15010070800781
1525924800,56.4923095703125,91.22093963623047
1526011200,56.75766372680664,91.94320678710938
1526270400,57.141719818115234,92.33267974853516
1526356800,57.11378860473633,91.8724136352539
1526443200,57.27439880371094,91.74492645263672
1526529600,57.17662811279297,92.4735336303711
1526616000,56.771636962890625,91.33062744140625
1526875200,57.45595169067383,92.40923309326172
1526961600,57.0090446472168,91.59492492675781
1527048000,57.36517333984375,91.9306411743164
1527134400,56.05238723754883,90.4377670288086
1527220800,54.9630241394043,87.2805404663086
1527566400,54.760528564453125,86.70912170410156
1527652800,56.911293029785156,89.40203094482422
1527739200,56.729713439941406,88.78773498535156
1527825600,57.141719818115234,88.46627044677734
1528084800,56.54117965698242,87.33056640625
1528171200,56.33867263793945,87.66626739501953
1528257600,57.30231475830078,88.13057708740234
1528344000,57.87493896484375,90.68777465820312
1528430400,58.377708435058594,90.31633758544922
1528689600,58.02854537963867,91.11637115478516
1528776000,57.5537109375,90.77349853515625
1528862400,56.91826629638672,90.7663345336914
1528948800,57.183624267578125,90.3663330078125
1529035200,56.3247184753418,88.60200500488281
1529294400,56.43645095825195,89.98062133789062
1529380800,56.352657318115234,89.67345428466797
1529467200,56.178070068359375,89.4948959350586
1529553600,55.64737319946289,87.5662612915039
1529640000,56.82748031616211,89.35917663574219
1529899200,55.68225860595703,87.58056640625
1529985600,56.31075668334961,88.6877212524414
1530072000,57.05793380737305,90.00202941894531
1530158400,57.23949432373047,89.75916290283203
1530244800,57.77019500732422,90.3092041015625
1530504000,57.09284973144531,88.75200653076172
1530590400,57.42803955078125,89.0948486328125
1530763200,57.47690200805664,88.55915069580078
1530849600,57.49087142944336,88.67344665527344
1531108800,57.88890838623047,89.99488830566406
1531195200,58.419620513916016,91.13776397705078
1531281600,57.67241668701172,88.23057556152344
1531368000,57.74225997924805,88.7591552734375
1531454400,58.1751823425293,88.60200500488281
1531713600,57.60259246826172,87.84483337402344
1531800000,57.47690200805664,87.08055114746094
1531886400,57.41405487060547,86.80912017822266
1531972800,57.26741409301758,86.90912628173828
1532059200,56.84145736694336,87.33769226074219
1532318400,56.84145736694336,86.666259765625
1532404800,57.96573257446289,88.46627044677734
1532491200,58.37071990966797,89.21630096435547
1532577600,58.82460403442383,88.53771209716797
1532664000,57.20456314086914,89.98062133789062
1532923200,57.07887649536133,91.30921173095703
1533009600,56.91826629638672,90.19489288330078
1533096000,56.13616943359375,89.56632232666016
1533182400,55.80099105834961,88.40201568603516
1533268800,56.00350570678711,88.60914611816406
1533528000,55.989532470703125,88.78773498535156
1533614400,56.75068283081055,89.41629028320312
1533700800,56.37360763549805,88.4876937866211
1533787200,56.087310791015625,87.52340698242188
1533873600,56.03086471557617,88.10199737548828
1534132800,55.42412185668945,87.4591293334961
1534219200,55.247737884521484,87.55914306640625
1534305600,54.28118896484375,84.24475860595703
1534392000,55.02904510498047,84.8505630493164
1534478400,55.21248245239258,84.95149993896484
1534737600,55.600494384765625,84.9154281616211
1534824000,55.614601135253906,85.05244445800781
1534910400,56.411827087402344,85.75918579101562
1534996800,55.790992736816406,85.16783142089844
1535083200,56.17195129394531,85.8240737915039
1535342400,56.722259521484375,86.79044342041016
1535428800,56.63758087158203,86.43706512451172
1535515200,57.04677200317383,86.6966781616211
1535601600,56.79984664916992,86.40101623535156
1535688000,56.55998229980469,85.42744445800781
1536033600,56.64463424682617,85.7231216430664
1536120000,57.3995246887207,85.75918579101562
1536206400,56.764556884765625,83.09813690185547
1536292800,57.731109619140625,82.64380645751953
1536552000,57.64643478393555,82.55728149414062
1536638400,58.45778274536133,82.94669342041016
1536724800,58.64825439453125,83.50196075439453
1536811200,58.07680130004883,83.86978149414062
1536897600,58.500118255615234,84.64860534667969
1537156800,58.84580612182617,84.74234771728516
1537243200,59.001007080078125,85.1894760131836
1537329600,59.70649337768555,86.18465423583984
1537416000,59.84053421020508,86.11975860595703
1537502400,60.087486267089844,87.3529281616211
1537761600,61.09632873535156,88.42742919921875
1537848000,61.02580261230469,88.96829986572266
1537934400,60.517852783203125,87.94425964355469
1538020800,60.51077651977539,88.31925201416016
1538107200,59.98164749145508,88.1822280883789
1538366400,60.53899002075195,89.70386505126953
1538452800,60.9975700378418,89.9562759399414
1538539200,60.77886962890625,90.36734008789062
1538625600,60.37675476074219,90.10771942138672
1538712000,60.20741653442383,90.38175201416016
1538971200,60.7647590637207,90.02837371826172
1539057600,61.032840728759766,91.45625305175781
1539144000,59.62889862060547,88.41301727294922
1539230400,57.56884002685547,85.40581512451172
1539316800,57.413612365722656,84.92984771728516
1539576000,57.01856231689453,84.33132934570312
1539662400,57.28663635253906,84.74234771728516
1539748800,57.498294830322266,84.58369445800781
1539835200,57.74522399902344,84.7135238647461
1539921600,57.82987594604492,85.19666290283203
1540180800,57.25138473510742,84.5260009765625
1540267200,56.32716369628906,81.77842712402344
1540353600,54.760955810546875,79.47796630859375
1540440000,55.247737884521484,80.46592712402344
1540526400,54.69746398925781,80.42989349365234
1540785600,54.358821868896484,78.55489349365234
1540872000,55.57932662963867,79.93949127197266
1540958400,56.21428298950195,80.51644134521484
1541044800,56.912715911865234,80.17027282714844
1541131200,57.81576919555664,82.73757934570312
1541394000,57.59705352783203,85.77360534667969
1541480400,57.8439826965332,85.7447509765625
1541566800,58.57770538330078,87.1654281616211
1541653200,57.64643478393555,86.07649230957031
1541739600,57.632205963134766,86.18465423583984
1541998800,56.89105224609375,84.65583801269531
1542085200,55.586891174316406,83.18467712402344
1542171600,55.15217590332031,83.45149230957031
1542258000,55.7223014831543,85.16276550292969
1542344400,56.271026611328125,86.69927215576172
1542603600,56.456329345703125,86.96141815185547
1542690000,54.85286331176758,84.54380798339844
1542776400,55.273319244384766,85.61426544189453
1542949200,53.79811096191406,82.72331237792969
1543208400,54.859981536865234,83.72821044921875
1543294800,54.90987014770508,83.89569091796875
1543381200,55.90755844116211,86.02931213378906
1543467600,56.34229278564453,86.54633331298828
1543554000,56.6558723449707,86.61189270019531
1543813200,57.88163375854492,87.87165832519531
1543899600,56.60597229003906,85.37393951416016
1544072400,55.86481857299805,84.40544128417969
1544158800,55.33033752441406,84.09959411621094
1544418000,54.546417236328125,83.69908142089844
1544504400,54.64618682861328,84.08505249023438
1544590800,54.175838470458984,84.19425964355469
1544677200,54.859981536865234,84.42728424072266
1544763600,53.86225891113281,82.89078521728516
1545022800,52.76477813720703,81.88587951660156
1545109200,51.31096267700195,79.9124526977539
1545195600,50.4415283203125,78.5216064453125
1545282000,48.90931701660156,76.44622802734375
1545368400,48.54587936401367,75.8855209350586
1545627600,46.685855865478516,73.54072570800781
1545800400,48.91645431518555,78.2011947631836
1545886800,49.13025665283203,79.60661315917969
1545973200,48.581504821777344,79.11873626708984
1546232400,48.59576416015625,79.22066497802734
1546405200,49.66474914550781,80.604248046875
1546491600,48.90220642089844,79.06048583984375
1546578000,50.70522689819336,80.69891357421875
1546837200,50.968894958496094,81.74752807617188
1546923600,51.33946228027344,81.39069366455078
1547010000,51.610294342041016,82.48299407958984
1547096400,51.34660720825195,82.61407470703125
1547182800,51.111427307128906,81.95140075683594
1547442000,51.04728698730469,81.35428619384766
1547528400,51.07578659057617,81.64556121826172
1547614800,51.054412841796875,81.12126922607422
1547701200,51.40360641479492,81.52906036376953
1547787600,52.01649856567383,83.28401184082031
1548133200,51.232582092285156,81.80577087402344
1548219600,50.812110900878906,81.11397552490234
1548306000,50.883384704589844,82.65778350830078
1548392400,51.111427307128906,82.44657897949219
1548651600,50.769351959228516,81.68197631835938
1548738000,50.961769104003906,81.43438720703125
1548824400,51.51763916015625,82.29366302490234
1548910800,52.22317886352539,83.48790740966797
1548997200,54.10456085205078,86.19680786132812
1549256400,53.32065963745117,87.19441223144531
1549342800,53.869380950927734,87.0051040649414
1549429200,53.63420867919922,86.56819915771484
1549515600,53.22087478637695,86.0948715209961
1549602000,53.30735397338867,85.62155151367188
1549861200,53.39381408691406,85.16276550292969
1549947600,54.33053970336914,86.45166015625
1550034000,54.943023681640625,87.07062530517578
1550120400,54.95743942260742,86.9088363647461
1550206800,55.99504852294922,87.78410339355469
1550552400,56.36976623535156,87.75467681884766
1550638800,56.58591079711914,88.46813201904297
1550725200,56.07432556152344,87.62963104248047
1550811600,56.50664138793945,87.81351470947266
1551070800,56.56429672241211,87.98267364501953
1551157200,56.679595947265625,88.21806335449219
1551243600,57.26323699951172,88.32102966308594
1551330000,56.94618606567383,87.95326232910156
1551416400,57.64512634277344,89.7552719116211
1551675600,57.868499755859375,89.82147979736328
1551762000,57.78205108642578,90.6820297241211
1551848400,57.1263427734375,90.85855865478516
1551934800,57.76044464111328,89.68909454345703
1552021200,56.93179702758789,89.4537124633789
1552276800,57.48661422729492,90.92475891113281
1552363200,57.64512634277344,91.13069915771484
1552449600,58.156742095947266,91.6970443725586
1552536000,57.96219253540039,91.64556121826172
1552622400,57.75323486328125,92.16779327392578
1552881600,58.42334747314453,92.58702850341797
1552968000,58.27204513549805,92.14572143554688
1553054400,58.596290588378906,91.7117691040039
1553140800,58.93495178222656,92.57230377197266
1553227200,57.99100112915039,90.5349349975586
1553486400,57.58749008178711,90.3878173828125
1553572800,58.336891174316406,91.29985809326172
1553659200,57.8901252746582,90.31427764892578
1553745600,58.17836380004883,90.48343658447266
1553832000,58.22159194946289,90.60114288330078
1554091200,58.89171600341797,91.89562225341797
1554177600,58.639522552490234,91.88829040527344
1554264000,58.293663024902344,91.12335205078125
1554350400,59.12229919433594,91.79268646240234
1554436800,59.43935775756836,92.98421478271484
1554696000,59.80683517456055,93.17543029785156
1554782400,59.03582763671875,92.33696746826172
1554868800,58.76922607421875,92.3001708984375
1554955200,59.05023193359375,92.66793823242188
1555041600,58.30806350708008,88.08566284179688
1555300800,58.11349868774414,88.36515808105469
1555387200,58.50981903076172,89.12273406982422
1555473600,58.67555618286133,88.46076965332031
1555560000,58.45937728881836,88.1592025756836
1555905600,59.73477554321289,89.65967559814453
1555992000,60.08066177368164,89.74794006347656
1556078400,58.913333892822266,86.99706268310547
1556164800,59.24479293823242,86.71759033203125
1556251200,57.998207092285156,86.12916564941406
1556510400,57.62351608276367,86.58519744873047
1556596800,57.8469123840332,88.30631256103516
1556683200,56.68679428100586,86.65139770507812
1556769600,55.69239807128906,85.59959411621094
1556856000,55.82212829589844,86.25422668457031
1557115200,55.57712173461914,87.08535766601562
1557201600,55.28168487548828,86.98973083496094
1557288000,55.36815643310547,86.42339324951172
1557374400,55.31773376464844,89.13743591308594
1557460800,55.798744201660156,89.72586059570312
1557720000,55.17925262451172,88.58580780029297
1557806400,55.25211715698242,89.46842956542969
1557892800,55.66027069091797,89.83618927001953
1557979200,55.65296936035156,89.72480010986328
1558065600,55.325008392333984,89.51680755615234
1558324800,55.317718505859375,89.75450134277344
1558411200,55.57280349731445,90.12586975097656
1558497600,55.0699348449707,89.55393981933594
1558584000,53.7798957824707,87.54849243164062
1558670400,54.00584030151367,88.17241668701172
1559016000,52.919891357421875,87.87532806396484
1559102400,52.591922760009766,86.73147583007812
1559188800,52.45344161987305,85.69904327392578
1559275200,51.57886505126953,84.56265258789062
1559534400,52.38784408569336,86.15211486816406
1559620800,53.63413619995117,87.12512969970703
1559707200,53.18955612182617,87.38509368896484
1559793600,54.15890121459961,89.63565063476562
1559880000,54.355682373046875,90.22984313964844
1560139200,54.596187591552734,90.83149719238281
1560225600,54.545169830322266,89.99959564208984
1560312000,53.954811096191406,89.2717056274414
1560398400,54.428558349609375,89.80648040771484
1560484800,54.18804168701172,89.7322006225586
1560744000,54.72737121582031,90.16300964355469
1560830400,55.20111083984375,91.30685424804688
1560916800,54.895015716552734,91.2771224975586
1561003200,55.835174560546875,92.30956268310547
1561089600,56.622314453125,92.79235076904297
1561348800,56.08298110961914,92.77750396728516
1561435200,55.587379455566406,91.8342056274414
1561521600,55.82789993286133,92.0495834350586
1561608000,55.2594108581543,91.44053649902344
1561694400,55.84974670410156,92.42840576171875
1561953600,55.798744201660156,92.72550201416016
1562040000,55.186527252197266,91.30685424804688
1562126400,55.711280822753906,91.61880493164062
1562299200,55.4853401184082,91.75993347167969
1562558400,55.74044418334961,91.80448913574219
1562644800,55.704002380371094,91.61880493164062
1562731200,56.49113464355469,93.1711654663086
1562817600,56.534847259521484,93.16374206542969
1562904000,56.57859420776367,93.5722427368164
1563163200,56.177730560302734,93.37914276123047
1563249600,55.339576721191406,92.66607666015625
1563336000,55.01161193847656,92.20558166503906
1563422400,54.545169830322266,92.60667419433594
1563508800,54.65449142456055,92.87406158447266
1563768000,54.71280288696289,93.0746078491211
1563854400,54.93143844604492,93.45339965820312
1563940800,54.92416763305664,93.9881820678711
1564027200,54.61076354980469,93.3122787475586
1564113600,54.523311614990234,91.89360809326172
1564372800,54.909576416015625,92.27242279052734
1564459200,54.9168701171875,92.3541259765625
1564545600,54.19533920288086,91.44053649902344
1564632000,52.810569763183594,89.6801986694336
1564718400,52.2931022644043,89.67279815673828
1564977600,51.221736907958984,88.19469451904297
1565064000,51.71732711791992,88.6700439453125
1565150400,51.382076263427734,88.46208190917969
1565236800,52.75226593017578,91.5296859741211
1565323200,51.629878997802734,90.92805480957031
1565582400,51.37897872924805,90.2818374633789
1565668800,52.01356506347656,90.90576934814453
1565755200,49.91798400878906,87.45195770263672
1565841600,49.622833251953125,86.86518096923828
1565928000,50.39760208129883,86.9026870727539
1566187200,51.24617385864258,88.02828216552734
1566273600,50.93626022338867,87.142822265625
1566360000,51.445396423339844,88.45600891113281
1566446400,51.33472442626953,88.34342956542969
1566532800,49.7999267578125,86.42993927001953
1566792000,50.06555938720703,86.85015869140625
1566878400,49.578548431396484,86.91769409179688
1566964800,49.94011306762695,87.66810607910156
1567051200,50.493534088134766,88.18585205078125
1567137600,50.530426025390625,88.33592987060547
1567483200,50.58945083618164,87.24787139892578
1567569600,51.12811279296875,87.98323822021484
1567656000,51.85123062133789,88.2759017944336
1567742400,52.33823776245117,88.74115753173828
1568001600,52.751441955566406,89.58909606933594
1568088000,53.17942810058594,91.43504333496094
1568174400,53.07612609863281,91.0073471069336
1568260800,53.1130256652832,91.11238098144531
1568347200,53.60002517700195,91.17240905761719
1568606400,54.404335021972656,93.13844299316406
1568692800,53.99110412597656,92.96583557128906
1568779200,53.732852935791016,93.18345642089844
1568865600,53.37126922607422,92.79325103759766
1568952000,53.18681335449219,93.28849792480469
1569211200,53.22370910644531,93.72372436523438
1569297600,52.49319076538086,92.85330200195312
1569384000,52.64815902709961,92.68069458007812
1569470400,52.367767333984375,90.16688537597656
1569556800,52.74408721923828,88.99628448486328
1569816000,52.10211944580078,88.99628448486328
1569902400,50.87722396850586,87.05276489257812
1569988800,49.54903793334961,84.26131439208984
1570075200,50.16148376464844,84.90665435791016
1570161600,50.89199447631836,85.43193054199219
1570420800,50.19097900390625,84.98918914794922
1570507200,49.21698760986328,83.82608795166016
1570593600,49.76302719116211,84.8991470336914
1570680000,50.36071014404297,85.9872055053711
1570766400,50.89936447143555,87.15782165527344
1571025600,51.04694366455078,87.18035125732422
1571112000,51.22403335571289,87.27786254882812
1571198400,50.345951080322266,86.37743377685547
1571284800,50.2795524597168,86.5575180053711
1571371200,49.888458251953125,86.0997543334961
1571630400,50.722267150878906,87.50299072265625
1571716800,50.98053741455078,88.3959732055664
1571803200,51.467533111572266,88.53104400634766
1571889600,50.98053741455078,88.23088073730469
1571976000,51.098594665527344,89.04878997802734
1572235200,50.648475646972656,88.90624237060547
1572321600,50.50092315673828,88.64360809326172
1572408000,49.96961975097656,87.31541442871094
1572494400,49.85895538330078,87.15029907226562
1572580800,51.35686492919922,87.20284271240234
1572843600,52.88425827026367,91.22496032714844
1572930000,53.932071685791016,91.50259399414062
1573016400,52.751441955566406,89.9718017578125
1573102800,53.873050689697266,91.4650650024414
1573189200,52.84993362426758,90.74469757080078
1573448400,52.528831481933594,90.65464782714844
1573534800,51.8044548034668,90.76719665527344
1573621200,51.3787841796875,91.7577133178711
1573707600,51.15473937988281,91.517578125
1573794000,51.67003631591797,91.41908264160156
1574053200,51.16969299316406,89.83529663085938
1574139600,50.64693832397461,88.24396514892578
1574226000,50.80375671386719,88.91838073730469
1574312400,52.02849578857422,90.00201416015625
1574398800,51.8044548034668,89.89591979980469
1574658000,51.460941314697266,89.70649719238281
1574744400,51.3339729309082,89.2593994140625
1574830800,51.304107666015625,89.47157287597656
1575003600,50.87845230102539,88.75924682617188
1575262800,51.095008850097656,88.50918579101562
1575349200,50.691741943359375,87.8196029663086
1575435600,51.26676940917969,88.61528015136719
1575522000,51.087547302246094,88.15303039550781
1575608400,51.90899658203125,89.42610168457031
1575867600,52.021026611328125,88.8880844116211
1575954000,51.572940826416016,89.3351821899414
1576040400,51.49826431274414,88.07723999023438
1576126800,52.528831481933594,90.0323257446289
1576213200,51.69990158081055,89.38822174072266
1576472400,52.27492904663086,90.4491195678711
1576558800,52.03596115112305,89.87319946289062
1576645200,52.1778564453125,89.83529663085938
1576731600,51.81937789916992,89.51704406738281
1576818000,52.2301139831543,90.69158935546875
1577077200,52.491493225097656,91.18416595458984
1577163600,52.28986358642578,91.19173431396484
1577336400,52.372013092041016,91.38875579833984
1577422800,52.192779541015625,91.16143035888672
1577682000,51.8866081237793,90.8204116821289
1577768400,52.110633850097656,91.320556640625
1577941200,52.947025299072266,92.0177230834961
1578027600,52.52135467529297,91.699462890625
1578286800,52.92464065551758,91.38875579833984
1578373200,52.491493225097656,90.22177124023438
1578459600,51.69990158081055,89.19120025634766
1578546000,52.095699310302734,89.04719543457031
1578632400,51.63269805908203,88.23639678955078
1578891600,52.12556838989258,88.4030990600586
1578978000,51.677494049072266,88.13028717041016
1579064400,51.59535217285156,88.00145721435547
1579150800,51.39371871948242,88.5773696899414
1579237200,51.199554443359375,87.5846939086914
1579582800,50.46770477294922,85.86454010009766
1579669200,50.17646026611328,85.55382537841797
1579755600,49.86280059814453,85.70538330078125
1579842000,49.52675247192383,84.75814819335938
1580101200,48.346839904785156,83.65181732177734
1580187600,48.27962875366211,84.20499420166016
1580274000,47.87636184692383,83.63664245605469
1580360400,48.38418197631836,84.41715240478516
1580446800,46.39027404785156,81.1889877319336
1580706000,45.35223388671875,80.53728485107422
1580792400,44.784671783447266,80.96923065185547
1580878800,46.84579849243164,83.56842803955078
1580965200,46.21104049682617,82.96977996826172
1581051600,45.90486526489258,82.55300903320312
1581310800,45.420047760009766,83.19710540771484
1581397200,45.85182189941406,84.27317810058594
1581483600,46.412376403808594,84.90213775634766
1581570000,46.15482711791992,84.61416625976562
1581656400,45.942726135253906,84.39185333251953
1582002000,45.35944747924805,84.51451110839844
1582088400,45.7078971862793,84.89781951904297
1582174800,45.344295501708984,84.18484497070312
1582261200,44.791324615478516,83.57154083251953
1582520400,42.693031311035156,80.27497100830078
1582606800,41.05681610107422,77.2083969116211
1582693200,40.15538787841797,75.16148376464844
1582779600,37.73894119262695,72.16393280029297
1582866000,38.966102600097656,71.55827331542969
1583125200,40.81441116333008,74.04984283447266
1583211600,38.860042572021484,72.36324310302734
1583298000,39.70846176147461,75.53713989257812
1583384400,37.9586181640625,74.50984954833984
1583470800,36.125450134277344,73.07624816894531
1583726400,31.709192276000977,61.84494400024414
1583812800,32.88332748413086,65.149169921875
1583899200,31.80009651184082,63.654197692871094
1583985600,28.164072036743164,58.464054107666016
1584072000,28.876115798950195,63.953208923339844
1584331200,26.126379013061523,53.43488693237305
1584417600,27.883787155151367,54.1938591003418
1584504000,25.088590621948242,42.20359420776367
1584590400,26.080923080444336,43.997528076171875
1584676800,24.80074119567871,45.53081512451172
1584936000,23.823564529418945,41.56727981567383
1585022400,26.84600067138672,51.01997375488281
1585108800,28.247390747070312,53.1052360534668
1585195200,29.406370162963867,58.55604934692383
1585281600,27.989845275878906,52.72956848144531
1585540800,28.40646743774414,55.159820556640625
1585627200,28.762493133544922,55.550804138183594
1585713600,28.4291934967041,52.5609130859375
1585800000,30.603233337402344,58.35673141479492
1585886400,29.701801300048828,57.5824089050293
1586145600,30.65625762939453,61.63026809692383
1586232000,31.239543914794922,62.036582946777344
1586318400,33.21662521362305,65.91580963134766
1586404800,32.671226501464844,64.63551330566406
1586750400,32.39094161987305,65.09548950195312
1586836800,32.14097595214844,64.86549377441406
1586923200,30.663833618164062,63.240211486816406
1587009600,29.656352996826172,61.3236083984375
1587096000,32.73940658569336,66.82810974121094
1587355200,31.194095611572266,64.0682144165039
1587441600,31.027441024780273,62.58857345581055
1587528000,31.913719177246094,64.73517608642578
1587614400,32.91363525390625,66.54444885253906
1587700800,33.125732421875,66.7054443359375
1587960000,33.2848014831543,68.77536010742188
1588046400,34.06504440307617,68.92869567871094
1588132800,35.95122146606445,72.53959655761719
1588219200,35.201297760009766,70.5309829711914
1588305600,32.678794860839844,68.56837463378906
1588564800,33.99686050415039,70.10166931152344
1588651200,33.95899200439453,71.21329498291016
1588737600,33.32268142700195,69.03602600097656
1588824000,33.512062072753906,71.02163696289062
1588910400,34.98162078857422,73.19121551513672
1589169600,34.6483154296875,71.5812759399414
1589256000,34.06917190551758,69.84101104736328
1589342400,32.37807083129883,68.0010757446289
1589428800,32.66378402709961,69.03602600097656
1589515200,32.43212127685547,68.35369873046875
1589774400,35.01124954223633,71.99425506591797
1589860800,33.930179595947266,69.71503448486328
1589947200,35.034420013427734,72.34432220458984
1590033600,34.408935546875,71.59754180908203
1590120000,34.4398307800293,70.22842407226562
1590465600,35.45139694213867,72.57769012451172
1590552000,35.70623016357422,73.04443359375
1590638400,34.779598236083984,70.68741607666016
1590724800,35.111629486083984,71.33307647705078
1590984000,35.73710632324219,72.18095397949219
1591070400,36.532466888427734,73.65897369384766
1591156800,38.022804260253906,75.5959243774414
1591243200,37.91469192504883,74.89581298828125
1591329600,40.98801803588867,78.41968536376953
1591588800,42.269866943359375,80.30998992919922
1591675200,41.32778549194336,78.97978973388672
1591761600,39.11158752441406,75.90709686279297
1591848000,35.65988540649414,69.52056121826172
1591934400,36.42436218261719,71.86981964111328
1592193600,36.40119934082031,70.96745300292969
1592280000,37.219722747802734,73.14554595947266
1592366400,36.00737762451172,71.20860290527344
1592452800,36.231319427490234,71.51974487304688
1592539200,35.50544738769531,70.50070190429688
1592798400,35.84520721435547,71.24748229980469
1592884800,36.061424255371094,71.13082122802734
1592971200,34.362606048583984,68.17479705810547
1593057600,34.879981994628906,69.3960952758789
1593144000,33.683074951171875,67.25688171386719
1593403200,34.223602294921875,68.19813537597656
1593489600,34.53248977661133,69.41165161132812
1593576000,33.75257110595703,68.15924072265625
1593662400,34.03828811645508,68.69597625732422
1594008000,34.27766036987305,68.89824676513672
1594094400,33.38965606689453,67.14019775390625
1594180800,33.31242370605469,67.17130279541016
1594267200,31.93792152404785,64.36309814453125
1594353600,32.934043884277344,66.30009460449219
1594612800,32.9417724609375,66.43230438232422
1594699200,34.03055953979492,68.72708892822266
1594785600,34.462982177734375,69.1471939086914
1594872000,34.192718505859375,68.7348861694336
1594958400,33.60585403442383,67.82476043701172
1595217600,32.818214416503906,66.33119201660156
1595304000,34.47844314575195,71.09192657470703
1595390400,33.675357818603516,70.81965637207031
1595476800,33.744850158691406,70.79631042480469
1595563200,33.53635787963867,70.11176300048828
1595822400,34.03055953979492,70.81965637207031
1595908800,33.6290283203125,69.31831359863281
1595995200,33.999664306640625,70.06509399414062
1596081600,32.33173370361328,67.10908508300781
1596168000,32.493896484375,65.29659271240234
1596427200,32.62516784667969,65.97335815429688
1596513600,33.56724166870117,67.28024291992188
1596600000,33.860679626464844,67.83251953125
1596686400,33.69851303100586,68.04257202148438
1596772800,33.5440788269043,67.52136993408203
1597032000,34.370323181152344,69.80059814453125
1597118400,34.72554016113281,69.71503448486328
1597204800,34.71766662597656,70.57073211669922
1597291200,33.86724090576172,69.87062072753906
1597377600,34.016845703125,70.28288269042969
1597636800,33.57589340209961,70.60960388183594
1597723200,33.4105339050293,69.14977264404297
1597809600,33.04043960571289,68.17124938964844
1597896000,32.53649139404297,66.9244613647461
1597982400,32.29237747192383,67.13753509521484
1598241600,33.24517059326172,68.81045532226562
1598328000,32.19002151489258,67.96609497070312
1598414400,31.504953384399414,66.90079498291016
1598500800,31.2923583984375,67.00337982177734
1598587200,32.0404167175293,67.57156372070312
1598846400,31.449838638305664,66.23005676269531
1598932800,31.04825210571289,65.55929565429688
1599019200,30.859270095825195,65.64611053466797
1599105600,30.796281814575195,64.92801666259766
1599192000,30.77264404296875,64.65186309814453
1599537600,30.0639705657959,62.31605911254883
1599624000,29.882862091064453,63.15253829956055
1599710400,29.134803771972656,61.669010162353516
1599796800,29.056060791015625,61.30601119995117
1600056000,28.867076873779297,60.99036407470703
1600142400,28.559980392456055,60.24860763549805
1600228800,29.77262306213379,61.99253463745117
1600315200,29.764745712280273,62.174034118652344
1600401600,29.28441619873047,61.716339111328125
1600660800,28.68596839904785,60.20912551879883
1600747200,27.977283477783203,59.60152053833008
1600833600,27.07961654663086,56.77650451660156
1600920000,27.02450180053711,56.65814971923828
1601006400,27.276472091674805,56.68181610107422
1601265600,27.804052352905273,58.338951110839844
1601352000,26.99299430847168,56.737056732177734
1601438400,27.032373428344727,56.81597900390625
1601524800,26.08746337890625,55.56916809082031
1601611200,25.969348907470703,56.17679214477539
1601870400,26.56778907775879,57.368324279785156
1601956800,26.292192459106445,57.052696228027344
1602043200,26.378808975219727,58.22059631347656
1602129600,27.764677047729492,59.35688781738281
1602216000,27.355222702026367,58.394187927246094
1602475200,27.26860809326172,58.79663848876953
1602561600,26.945756912231445,57.920711517333984
1602648000,26.890640258789062,57.565616607666016
1602734400,27.12686538696289,58.00751876831055
1602820800,26.851261138916016,57.518272399902344
1603080000,26.31581687927246,56.24779510498047
1603166400,26.536296844482422,56.563446044921875
1603252800,26.111080169677734,55.924278259277344
1603339200,27.44970703125,57.920711517333984
1603425600,26.89851188659668,57.2657585144043
1603684800,26.26069450378418,55.97949981689453
1603771200,25.843358993530273,54.85107421875
1603857600,24.85907554626465,52.775718688964844
1603944000,25.961469650268555,54.290802001953125
1604030400,25.685871124267578,54.84318161010742
1604293200,26.7646484375,56.93434143066406
1604379600,26.307939529418945,56.61079025268555
1604466000,26.166202545166016,56.634464263916016
1604552400,26.11895179748535,56.92644500732422
1604638800,25.811857223510742,56.14522933959961
1604898000,29.079683303833008,62.65538024902344
1604984400,29.724824905395508,65.55142211914062
1605070800,29.418384552001953,65.07006072998047
1605157200,28.410348892211914,63.657562255859375
1605243600,29.095815658569336,65.51985931396484
1605502800,30.77318572998047,70.19926452636719
1605589200,31.184444427490234,69.69481658935547
1605675600,30.007068634033203,67.4848403930664
1605762000,30.160293579101562,68.64588928222656
1605848400,29.789339065551758,68.69392395019531
1606107600,31.740888595581055,72.88970184326172
1606194000,33.85371780395508,76.56501770019531
1606280400,32.91020202636719,73.77850341796875
1606453200,32.41021728515625,73.1139144897461
1606712400,30.748985290527344,69.80692291259766
1606798800,31.0473575592041,70.02313232421875
1606885200,32.20861053466797,71.96086120605469
1606971600,32.42634582519531,71.90483093261719
1607058000,33.61179733276367,74.69132995605469
1607317200,32.9827766418457,72.67351531982422
1607403600,34.063392639160156,73.298095703125
1607490000,34.514991760253906,72.41729736328125
1607576400,35.490760803222656,74.74738311767578
1607662800,35.321414947509766,74.02674102783203
1607922000,34.04725646972656,71.61656951904297
1608008400,34.70853805541992,71.56051635742188
1608094800,35.24077224731445,71.0160140991211
1608181200,35.06336212158203,70.79180908203125
1608267600,34.45853805541992,69.81494903564453
1608526800,33.82952117919922,68.93415069580078
1608613200,33.2569580078125,67.54890441894531
1608699600,33.68436813354492,68.61385345458984
1608786000,33.54726791381836,68.32559204101562
1609131600,33.66018295288086,67.98128509521484
1609218000,33.281158447265625,67.74906158447266
1609304400,33.54726791381836,68.32559204101562
1609390800,33.24082946777344,67.62095642089844
1609736400,33.46663284301758,67.82913970947266
1609822800,35.07948303222656,69.66279602050781
1609909200,35.97461700439453,71.90483093261719
1609995600,36.256866455078125,72.24112701416016
1610082000,36.66007614135742,72.92974090576172
1610341200,37.7729377746582,73.34611511230469
1610427600,38.611629486083984,74.7393569946289
1610514000,39.04708480834961,74.66730499267578
1610600400,40.57124328613281,76.4609375
1610686800,38.61968994140625,73.73845672607422
1611032400,39.385799407958984,75.67622375488281
1611118800,39.942230224609375,76.37285614013672
1611205200,38.79710006713867,73.6744155883789
1611291600,38.248741149902344,73.45021057128906
1611550800,37.82133483886719,72.78560638427734
1611637200,36.9907112121582,71.55252075195312
1611723600,36.57136535644531,70.62367248535156
1611810000,37.14393615722656,71.2802505493164
1611896400,36.160091400146484,68.22151947021484
1612155600,36.224605560302734,69.19034576416016
1612242000,36.79716873168945,69.7108383178711
1612328400,38.24065399169922,71.23220825195312
1612414800,38.974517822265625,71.26424407958984
1612501200,40.28092575073242,71.47244262695312
1612760400,42.014739990234375,73.25003814697266
1612846800,41.522674560546875,72.83365631103516
1612933200,41.92452621459961,74.08277130126953
1613019600,40.87477111816406,73.68242645263672
1613106000,41.432464599609375,74.1067886352539
1613451600,42.67903137207031,75.62532806396484
1613538000,43.34333801269531,77.89090728759766
1613624400,42.66263961791992,77.14383697509766
1613710800,42.949676513671875,77.79347229003906
1613970000,44.53251266479492,79.89665222167969
1614056400,45.14759063720703,80.90359497070312
1614142800,46.500797271728516,83.89190673828125
1614229200,45.72987747192383,83.11231231689453
1614315600,44.58991241455078,81.20404815673828
1614574800,46.254756927490234,82.86871337890625
1614661200,45.98411178588867,83.18540954589844
1614747600,46.35317611694336,84.11927795410156
1614834000,48.149234771728516,84.85821533203125
1614920400,49.96989822387695,88.51239776611328
1615179600,49.92069625854492,89.12144470214844
1615266000,49.149784088134766,88.91842651367188
1615352400,50.6588020324707,90.43695831298828
1615438800,50.281551361083984,90.29076385498047
1615525200,50.82282638549805,90.5912094116211
1615780800,49.52704620361328,89.5274429321289
1615867200,48.4772834777832,87.40803527832031
1615953600,48.69051742553711,87.72473907470703
1616040000,46.59101486206055,84.54966735839844
1616126400,46.32856750488281,83.94873046875
1616385600,45.85289764404297,83.26661682128906
1616472000,45.28702163696289,82.80375671386719
1616558400,46.2055549621582,85.02062225341797
1616644800,46.07433319091797,85.32109069824219
1616731200,47.3291130065918,87.27811431884766
1616990400,47.07487869262695,86.82335662841797
1617076800,46.492591857910156,86.01943969726562
1617163200,45.78729248046875,85.09371948242188
1617249600,47.066680908203125,85.87327575683594
1617595200,46.336769104003906,84.8663330078125
1617681600,46.2055549621582,84.11116027832031
1617768000,46.41057586669922,84.60649108886719
1617854400,45.92670822143555,83.6563949584961
1617940800,45.820091247558594,83.5751953125
1618200000,45.51665496826172,82.64946746826172
1618286400,45.688880920410156,83.02301025390625
1618372800,47.009273529052734,84.67145538330078
1618459200,46.730430603027344,83.98123168945312
1618545600,46.467994689941406,83.6076889038086
1618804800,46.32036590576172,83.85130310058594
1618891200,45.344425201416016,82.28404998779297
1618977600,45.92670822143555,83.42090606689453
1619064000,45.32802963256836,81.97547149658203
1619150400,45.574066162109375,82.46270751953125
1619409600,45.66427230834961,82.43834686279297
1619496000,46.262969970703125,83.39653778076172
1619582400,47.657169342041016,85.44290161132812
1619668800,48.33785629272461,86.80711364746094
1619755200,46.94365310668945,83.69701385498047
1620014400,48.23945236206055,85.69462585449219
1620100800,48.54289627075195,86.16559600830078
1620187200,50.002708435058594,88.47992706298828
1620273600,50.47837448120117,88.52863311767578
1620360000,51.20008087158203,89.34069061279297
1620619200,51.32310485839844,88.97525024414062
1620705600,49.691070556640625,86.64470672607422
1620792000,49.95731735229492,87.18876647949219
1620878400,49.34159469604492,86.62846374511719
1620964800,50.564720153808594,88.89405822753906
1621224000,51.74626159667969,89.98218536376953
1621310400,50.281829833984375,87.27787017822266
1621396800,49.0753288269043,84.82838439941406
1621483200,48.95884704589844,85.12427520751953
1621569600,49.02540588378906,85.5846176147461
1621828800,49.59953308105469,86.8011474609375
1621915200,48.47624588012695,85.37911987304688
1622001600,49.042049407958984,85.5846176147461
1622088000,48.725868225097656,84.6722183227539
1622174400,48.567779541015625,85.3133544921875
1622520000,50.30678939819336,87.66419219970703
1622606400,50.706180572509766,88.83963012695312
1622692800,50.905879974365234,88.43685913085938
1622779200,51.13054275512695,89.1437759399414
1623038400,50.79771423339844,88.56839752197266
1623124800,51.696346282958984,89.37391662597656
1623211200,52.12902069091797,88.5930404663086
1623297600,52.21222686767578,89.11089324951172
1623384000,51.7296257019043,88.69991302490234
1623643200,51.646427154541016,88.74922180175781
1623729600,53.52689743041992,90.6644287109375
1623816000,53.33551788330078,90.14659881591797
1623902400,51.579856872558594,88.00943756103516
1623988800,50.256866455078125,84.68864440917969
1624248000,52.079097747802734,87.1710205078125
1624334400,53.07757568359375,87.45870971679688
1624420800,53.46865463256836,87.35183715820312
1624507200,53.68497848510742,88.06697082519531
1624593600,53.801483154296875,88.1985092163086
1624852800,52.428565979003906,85.47774505615234
1624939200,52.10406494140625,85.28868103027344
1625025600,52.4868049621582,86.0942153930664
1625112000,52.63658142089844,87.30253601074219
1625198400,52.56169891357422,87.18745422363281
1625544000,51.063968658447266,85.47774505615234
1625630400,50.26518630981445,84.6064453125
1625716800,50.04052734375,84.33519744873047
1625803200,50.94747543334961,85.54348754882812
1626062400,50.897560119628906,85.71612548828125
1626148800,50.6562614440918,85.42842102050781
1626235200,49.53297424316406,83.8173599243164
1626321600,49.05037307739258,83.26661682128906
1626408000,47.69409942626953,81.06370544433594
1626667200,46.054927825927734,78.87725067138672
1626753600,46.5624885559082,79.34577178955078
1626840000,48.06021499633789,82.0500717163086
1626926400,47.51937484741211,81.22811126708984
1627012800,47.461124420166016,81.260986328125
1627272000,48.6593017578125,82.97891998291016
1627358400,48.11845779418945,82.6994400024414
1627444800,48.44296646118164,83.16798400878906
1627531200,49.033729553222656,84.31053161621094
1627617600,47.90212631225586,83.68582153320312
1627876800,47.91043472290039,83.5378646850586
1627963200,48.42631912231445,84.33519744873047
1628049600,47.29471969604492,82.44464874267578
1628136000,47.59425354003906,83.20909118652344
1628222400,48.14342498779297,83.80088806152344
1628481600,47.59425354003906,82.4035415649414
1628568000,48.40967559814453,83.90775299072266
1628654400,48.55113220214844,84.54068756103516
1628740800,48.44132614135742,84.36808013916016
1628827200,47.9514274597168,83.80912017822266
1629086400,47.2503547668457,82.95426177978516
1629172800,46.92938995361328,82.79808044433594
1629259200,45.941123962402344,80.55712127685547
1629345600,44.53900146484375,78.5494613647461
1629432000,44.54744338989258,78.55781555175781
1629691200,46.38035202026367,80.5821533203125
1629777600,46.760459899902344,81.50684356689453
1629864000,46.84492111206055,82.06497955322266
1629950400,46.21141815185547,80.99036407470703
1630036800,47.10675811767578,82.17327880859375
1630296000,46.59151077270508,81.96502685546875
1630382400,46.05093765258789,80.61544799804688
1630468800,45.41743850708008,79.732421875
1630555200,46.523948669433594,81.3985366821289
1630641600,46.34656524658203,81.21528625488281
1630987200,46.07626724243164,80.85704803466797
1631073600,45.65394973754883,80.29888153076172
1631160000,45.68773651123047,79.97400665283203
1631246400,45.594818115234375,80.03231811523438
1631505600,46.768890380859375,81.61514282226562
1631592000,46.10161590576172,80.14061737060547
1631678400,47.65579605102539,81.84007263183594
1631764800,47.148990631103516,81.07364654541016
1631851200,46.59151077270508,80.60713195800781
1632110400,45.3498649597168,78.95767211914062
1632196800,45.3076286315918,79.01598358154297
1632283200,46.633750915527344,81.34022521972656
1632369600,48.21326446533203,83.3562240600586
1632456000,48.644039154052734,83.80609130859375
1632715200,50.08841323852539,85.78044891357422
1632801600,50.61211013793945,86.1053466796875
1632888000,50.57831573486328,86.08036804199219
1632974400,49.68297576904297,84.51419067382812
1633060800,51.465206146240234,86.9134292602539
1633320000,52.13249588012695,87.2383041381836
1633406400,52.04802322387695,88.18799591064453
1633492800,51.09356689453125,87.41325378417969
1633579200,51.23715591430664,88.03804779052734
1633665600,52.52103805541992,90.01240539550781
1633924800,51.99734878540039,89.2459716796875
1634011200,51.727054595947266,89.26264953613281
1634097600,51.58346939086914,89.7957992553711
1634184000,52.36900329589844,90.64552307128906
1634270400,52.86735153198242,91.31199645996094
1634529600,52.84200668334961,91.27031707763672
1634616000,53.635990142822266,93.05307006835938
1634702400,53.93162536621094,94.26937866210938
1634788800,52.95181655883789,93.08642578125
1634875200,53.31501770019531,93.96946716308594
1635134400,54.35395050048828,94.84416961669922
1635220800,55.61249923706055,95.05242919921875
1635307200,54.16813278198242,93.36131286621094
1635393600,54.32016372680664,94.23603057861328
1635480000,54.45531463623047,95.37732696533203
1635739200,55.43511962890625,95.41065216064453
1635825600,54.75094223022461,94.82750701904297
1635912000,53.99919891357422,94.1444091796875
1635998400,54.40463638305664,94.56095123291016
1636084800,54.91987228393555,95.58558654785156
1636347600,55.51114273071289,95.92715454101562
1636434000,56.05172348022461,96.63524627685547
1636520400,54.947471618652344,95.09408569335938
1636606800,55.05018615722656,95.1024398803711
1636693200,54.630733489990234,95.16073608398438
1636952400,55.1015510559082,97.31836700439453
1637038800,55.65795135498047,97.70157623291016
1637125200,55.05018615722656,97.26338195800781
1637211600,54.45097351074219,96.44596862792969
1637298000,51.934303283691406,94.30553436279297
1637557200,52.653350830078125,95.99091339111328
1637643600,54.04009246826172,98.00494384765625
1637730000,54.33970260620117,98.75494384765625
1637902800,52.43079376220703,96.49652099609375
1638162000,52.72183609008789,96.78304290771484
1638248400,51.22380828857422,95.11450958251953
1638334800,51.18101501464844,94.46564483642578
1638421200,52.45647430419922,97.02741241455078
1638507600,52.12262725830078,96.41226959228516
1638766800,52.71327209472656,97.92066192626953
1638853200,53.30392074584961,99.3700942993164
1638939600,53.4580078125,99.81671905517578
1639026000,53.59496307373047,99.55549621582031
1639112400,53.937374114990234,99.72402954101562
1639371600,52.756072998046875,97.6510009765625
1639458000,52.67903518676758,97.9375228881836
1639544400,52.447914123535156,97.38134765625
1639630800,52.533512115478516,98.29145812988281
1639717200,51.386451721191406,95.72969055175781
1639976400,50.6417236328125,95.77182006835938
1640062800,51.78878402709961,97.30550384521484
1640149200,52.20822525024414,97.8616943359375
1640235600,52.23390197753906,98.09764862060547
1640581200,52.9786491394043,100.10323333740234
1640667600,52.807437896728516,99.909423828125
1640754000,52.34518814086914,99.39537811279297
1640840400,52.037025451660156,98.95719146728516
1640926800,52.379425048828125,98.88977813720703
1641186000,54.39106369018555,100.49931335449219
1641272400,56.436927795410156,102.32795715332031
1641358800,57.13885498046875,102.99369049072266
1641445200,58.482810974121094,103.87007904052734
1641531600,58.962162017822266,105.36163330078125
1641790800,58.61121368408203,105.42903900146484
1641877200,61.07651901245117,107.83915710449219
1641963600,60.89674758911133,107.29983520507812
1642050000,60.46018600463867,106.85319519042969
1642136400,61.521644592285156,108.67340087890625
1642482000,62.55743408203125,109.02734375
1642568400,62.58311080932617,108.63130950927734
1642654800,62.72006607055664,108.24364471435547
1642741200,61.7784423828125,106.94588470458984
1643000400,62.30917739868164,107.1734390258789
1643086800,64.14104461669922,111.73236846923828
1643173200,63.4904670715332,111.81664276123047
1643259600,64.3036880493164,114.07506561279297
1643346000,64.44064331054688,110.0638427734375
1643605200,65.02275085449219,110.67057800292969
1643691600,69.1915283203125,113.58627319335938
1643778000,69.01177215576172,114.10877227783203
1643864400,68.20710754394531,113.089111328125
1643950800,69.6880111694336,114.50484466552734
1644210000,70.52688598632812,116.75482177734375
1644296400,68.7035903930664,114.97673797607422
1644382800,68.37469482421875,116.11437225341797
1644469200,67.71692657470703,114.6396713256836
1644555600,69.42195892333984,116.97390747070312
1644814800,68.3573989868164,115.17056274414062
1644901200,67.50054168701172,114.32754516601562
1644987600,67.8121337890625,114.36157989501953
1645074000,67.7082748413086,113.77404022216797
1645160400,66.95526885986328,113.61223602294922
1645506000,66.17633056640625,112.7436752319336
1645592400,66.44464111328125,115.42601776123047
1645678800,65.6051025390625,114.8299560546875
1645765200,67.37071990966797,119.5389404296875
1646024400,67.87271881103516,122.62150573730469
1646110800,68.52183532714844,127.49231719970703
1646197200,69.69893646240234,131.25613403320312
1646283600,70.14033508300781,133.02734375
1646370000,72.78011322021484,135.09657287597656
1646629200,75.40257263183594,137.98326110839844
1646715600,75.97381591796875,145.21279907226562
1646802000,71.65496826171875,141.5852508544922
1646888400,73.87930297851562,145.45974731445312
1646974800,73.49848175048828,145.5279083251953
1647230400,70.86734771728516,141.9684600830078
1647316800,66.8341064453125,134.78146362304688
1647403200,66.58311462402344,134.2960968017578
1647489600,68.3573989868164,136.6208038330078
1647576000,68.0890884399414,137.71929931640625
1647835200,71.14431762695312,140.197265625
1647921600,70.83271789550781,139.72894287109375
1648008000,71.94923400878906,141.23617553710938
1648094400,72.16561126708984,141.61080932617188
1648180800,73.7408218383789,144.17396545410156
1648440000,71.6722640991211,141.6533966064453
1648526400,71.29145812988281,139.92478942871094
1648612800,72.51180267333984,140.91258239746094
1648699200,71.48185729980469,138.656005859375
1648785600,71.94058227539062,139.83958435058594
1649044800,71.9751968383789,139.96734619140625
1649131200,71.60303497314453,139.10728454589844
1649217600,72.3992919921875,140.34202575683594
1649304000,73.61100006103516,142.29208374023438
1649390400,75.16024780273438,144.701904296875
1649649600,72.5723876953125,140.9806671142578
1649736000,74.08702850341797,143.91848754882812
1649822400,75.13426971435547,146.18357849121094
1649908800,76.01709747314453,146.115478515625
1650254400,76.6402587890625,148.0740203857422
1650340800,75.95650482177734,146.31980895996094
1650427200,76.12960052490234,146.9158935546875
1650513600,75.3246841430664,140.14617919921875
1650600000,73.68022918701172,137.0550994873047
1650859200,71.19623565673828,134.10877990722656
1650945600,71.22222137451172,133.29127502441406
1651032000,73.25614929199219,133.0443572998047
1651118400,75.47181701660156,137.77037048339844
1651204800,73.7840805053711,133.41053771972656
1651464000,74.78810119628906,136.0332489013672
1651550400,76.32868194580078,138.36648559570312
1651636800,79.3666000366211,142.7093048095703
1651723200,78.16353607177734,141.57675170898438
1651809600,79.3579330444336,145.34910583496094
1652068800,73.10034942626953,135.60745239257812
1652155200,73.58502197265625,136.9103546142578
1652241600,75.11697387695312,138.93699645996094
1652328000,75.45796203613281,140.2568817138672
1652414400,77.69635009765625,142.94773864746094
1652673600,79.5237808227539,147.32461547851562
1652760000,80.53805541992188,148.1932373046875
1652846400,79.26148223876953,144.28684997558594
1652932800,79.68992614746094,143.25660705566406
1653019200,80.31946563720703,144.08079528808594
1653278400,82.09442901611328,147.4291229248047
1653364800,82.54037475585938,148.21896362304688
1653451200,84.20165252685547,150.59713745117188
1653537600,84.49894714355469,151.61021423339844
1653624000,85.32958984375,153.0611572265625
1653969600,83.93934631347656,149.95323181152344
1654056000,85.54817199707031,151.37840270996094
1654142400,85.39952850341797,151.10369873046875
1654228800,86.64114379882812,152.47732543945312
1654488000,86.42254638671875,151.8162841796875
1654574400,90.38345336914062,154.7095489501953
1654660800,91.4501724243164,155.50802612304688
1654747200,89.47409057617188,152.4086456298828
1654833600,87.83901977539062,150.58853149414062
1655092800,83.80818176269531,143.66012573242188
1655179200,84.02678680419922,143.84898376464844
1655265600,82.96880340576172,141.02438354492188
1655352000,79.90851593017578,133.486328125
1655438400,75.30059814453125,127.39070129394531
1655784000,79.98719024658203,132.72222900390625
1655870400,76.82198333740234,126.95284271240234
1655956800,74.5049057006836,122.2823715209961
1656043200,75.98260498046875,124.29133605957031
1656302400,77.8449935913086,126.69528198242188
1656388800,80.00468444824219,128.7300262451172
1656475200,77.04933166503906,126.18875122070312
1656561600,74.88088989257812,124.2999267578125
1656648000,76.55094146728516,125.78523254394531
1656993600,74.15516662597656,122.47984313964844
1657080000,72.81736755371094,120.86579132080078
1657166400,75.14320373535156,123.21819305419922
1657252800,75.26560974121094,122.57427215576172
1657512000,74.88088989257812,121.49248504638672
1657598400,73.88410949707031,119.26889038085938
1657684800,74.181396484375,118.47045135498047
1657771200,72.6949691772461,116.71043395996094
1657857600,73.9190902709961,118.17852783203125
1658116800,75.2831039428711,119.83554077148438
1658203200,77.18047332763672,124.15400695800781
1658289600,78.02861022949219,125.7938232421875
1658376000,76.7258071899414,124.83222198486328
1658462400,76.13998413085938,123.79341125488281
1658721600,78.6756591796875,127.4765625
1658808000,78.36961364746094,126.48065185546875
1658894400,80.06590270996094,128.14622497558594
1658980800,81.00148010253906,129.1163787841797
1659067200,84.75249481201172,140.61228942871094
1659326400,82.61029815673828,137.8048553466797
1659412800,82.2518081665039,136.6286163330078
1659499200,79.58499908447266,133.38336181640625
1659585600,76.23616790771484,129.76025390625
1659672000,77.3378677368164,131.90664672851562
1659931200,77.7750473022461,131.7091522216797
1660017600,79.20901489257812,133.42628479003906
1660104000,79.96097564697266,133.77825927734375
1660190400,82.27407836914062,137.04074096679688
1660276800,82.98919677734375,137.2382049560547
1660536000,81.5059814453125,134.6282196044922
1660622400,80.7467041015625,134.28480529785156
1660708800,81.40001678466797,135.39230346679688
1660795200,83.32469177246094,137.76609802246094
1660881600,83.059814453125,136.61387634277344
1661140800,82.9980239868164,135.92947387695312
1661227200,86.5206527709961,140.33914184570312
1661313600,87.03271484375,141.3787384033203
1661400000,87.48297119140625,142.6176300048828
1661486400,86.4058837890625,141.56935119628906
1661745600,88.39231872558594,142.6262969970703
1661832000,85.02859497070312,139.1522674560547
1661918400,84.3929443359375,136.93441772460938
1662004800,82.87442016601562,134.751220703125
1662091200,84.3929443359375,136.7524871826172
1662436800,83.82791137695312,136.12005615234375
1662523200,83.11279296875,134.3787078857422
1662609600,83.7926025390625,135.10641479492188
1662696000,85.19635009765625,138.58912658691406
1662955200,86.17632293701172,140.78099060058594
1663041600,84.16340637207031,138.10397338867188
1663128000,86.22930145263672,141.44808959960938
1663214400,83.72197723388672,139.1522674560547
1663300800,82.29173278808594,135.53961181640625
1663560000,82.28291320800781,135.92947387695312
1663646400,81.61192321777344,135.39230346679688
1663732800,80.29644775390625,134.2920684814453
1663819200,79.96096801757812,134.1881103515625
1663905600,75.70555114746094,125.4206771850586
1664164800,74.14289855957031,122.11992645263672
1664251200,75.69672393798828,122.17191314697266
1664337600,78.4512710571289,126.29570007324219
1664424000,78.29235076904297,125.4206771850586
1664510400,77.08283233642578,124.46773529052734
1664769600,81.15284729003906,131.45046997070312
1664856000,84.11044311523438,136.5618896484375
1664942400,87.50946044921875,137.34161376953125
1665028800,90.10507202148438,139.84532165527344
1665115200,89.19572448730469,138.64112854003906
1665374400,87.26225280761719,136.1373748779297
1665460800,86.5206527709961,136.16334533691406
1665547200,86.90027618408203,136.570556640625
1665633600,89.93733978271484,143.18942260742188
1665720000,87.5712661743164,138.73641967773438
1665979200,88.83375549316406,139.7500457763672
1666065600,88.99266052246094,140.97157287597656
1666152000,91.63243103027344,145.5458984375
1666238400,91.75604248046875,146.37757873535156
1666324800,93.45996856689453,150.04220581054688
1666584000,94.11328887939453,149.99024963378906
1666670400,93.47761535644531,151.5496368408203
1666756800,94.59002685546875,153.42092895507812
1666843200,94.9520034790039,154.12269592285156
1666929600,97.73300170898438,155.92469787597656
1667188800,97.83014678955078,156.72171020507812
1667275200,98.80127716064453,157.86532592773438
1667361600,96.77069091796875,154.6425018310547
1667448000,98.08616638183594,156.92100524902344
1667534400,99.1544189453125,158.90493774414062
1667797200,100.32862091064453,160.80221557617188
1667883600,100.64646911621094,160.5682830810547
1667970000,96.14387512207031,154.14869689941406
1668056400,97.55644989013672,157.06826782226562
1668142800,100.60232543945312,161.53860473632812
1668402000,100.89601135253906,161.61656188964844
1668488400,101.5723876953125,162.9161376953125
1668574800,100.48662567138672,160.2650909423828
1668661200,100.6201171875,160.71905517578125
1668747600,99.7479476928711,159.75872802734375
1669006800,98.76008605957031,158.23089599609375
1669093200,101.61688995361328,162.2905731201172
1669179600,101.10960388183594,160.85000610351562
1669352400,100.75362396240234,160.37857055664062
1669611600,97.72770690917969,155.7165069580078
1669698000,98.37741088867188,158.04751586914062
1669784400,99.08936309814453,160.0380401611328
1669870800,98.60877990722656,159.32217407226562
1669957200,97.77222442626953,158.04751586914062
1670216400,95.09339141845703,154.14500427246094
1670302800,92.45018768310547,150.17263793945312
1670389200,92.24549865722656,150.61790466308594
1670475600,92.93077087402344,151.5084228515625
1670562000,92.14759063720703,146.6717529296875
1670821200,94.41700744628906,148.19956970214844
1670907600,95.44940185546875,151.4996795654297
1670994000,94.74629974365234,150.4520263671875
1671080400,93.83856201171875,149.3258056640625
1671166800,93.17996978759766,147.30035400390625
1671426000,93.59825897216797,148.3130645751953
1671512400,94.95100402832031,150.74887084960938
1671598800,96.1702651977539,152.5211639404297
1671685200,94.23014068603516,150.23377990722656
1671771600,96.72206115722656,154.8783721923828
1672117200,98.06590270996094,156.8252716064453
1672203600,96.45504760742188,154.5116729736328
1672290000,97.184814453125,155.6815948486328
1672376400,98.1637954711914,156.70301818847656
1672722000,94.79082489013672,151.90130615234375
1672808400,95.06669616699219,150.28616333007812
1672894800,97.19373321533203,152.9925994873047
1672981200,98.36849975585938,154.14500427246094
1673240400,96.53514099121094,152.94020080566406
1673326800,97.97691345214844,153.69100952148438
1673413200,99.11607360839844,152.9576873779297
1673499600,100.76250457763672,154.5989990234375
1673586000,100.7002182006836,155.01809692382812
1673931600,100.50442504882812,157.5760955810547
1674018000,98.43968963623047,154.72994995117188
1674104400,99.07157897949219,156.27525329589844
1674190800,100.87821960449219,157.93402099609375
1674450000,100.35313415527344,157.7245330810547
1674536400,101.28760528564453,157.8729248046875
1674622800,100.75362396240234,156.34510803222656
1674709200,104.80298614501953,163.9493408203125
1674795600,102.88954162597656,156.66810607910156
1675054800,101.06511688232422,152.08460998535156
1675141200,103.24553680419922,151.927490234375
1675227600,102.11528778076172,149.60519409179688
1675314000,98.92029571533203,147.5535125732422
1675400400,99.60555267333984,147.93763732910156
1675659600,99.43647003173828,148.1035614013672
1675746000,102.27546691894531,151.9886016845703
1675832400,101.38550567626953,148.41786193847656
1675918800,101.76818084716797,147.055908203125
1676005200,106.05785369873047,150.13775634765625
1676264400,105.64530944824219,149.2996063232422
1676350800,104.4076919555664,150.4433135986328
1676437200,104.09381103515625,148.85791015625
1676523600,103.78890228271484,146.7088623046875
1676610000,99.79804992675781,143.43243408203125
1676955600,99.69938659667969,141.802978515625
1677042000,98.40797424316406,141.23052978515625
1677128400,99.31375885009766,142.6221160888672
1677214800,99.3227310180664,143.04489135742188
1677474000,99.14336395263672,143.40602111816406
1677560400,98.56940460205078,141.60043334960938
1677646800,99.44828033447266,142.72779846191406
1677733200,99.90567016601562,143.17698669433594
1677819600,101.17015838623047,145.29083251953125
1678078800,102.06700134277344,146.35653686523438
1678165200,100.09398651123047,144.47171020507812
1678251600,98.63218688964844,143.55572509765625
1678338000,97.86988067626953,141.37142944335938
1678424400,96.65917205810547,140.63157653808594
1678680000,95.54712677001953,139.7860870361328
1678766400,95.90583801269531,141.59161376953125
1678852800,91.134765625,135.4615020751953
1678939200,90.60564422607422,135.89308166503906
1679025600,89.5384292602539,134.1755828857422
1679284800,91.8791275024414,136.14849853515625
1679371200,95.99552154541016,140.3144989013672
1679457600,93.79832458496094,137.46084594726562
1679544000,92.74007415771484,136.09567260742188
1679630400,92.84770202636719,137.4520263671875
1679889600,94.88347625732422,138.85244750976562
1679976000,96.06729125976562,140.4730682373047
1680062400,97.71742248535156,141.67970275878906
1680148800,98.1927490234375,143.02725219726562
1680235200,98.34520721435547,143.70547485351562
1680494400,104.14761352539062,149.6858673095703
1680580800,103.15215301513672,148.88433837890625
1680667200,104.91888427734375,149.6241912841797
1680753600,103.17906188964844,147.6600799560547
1681099200,102.7216796875,148.2237548828125
1681185600,103.44810485839844,149.04287719726562
1681272000,103.3404769897461,149.57135009765625
1681358400,103.82475280761719,151.57066345214844
1681444800,104.07587432861328,151.8789520263672
1681704000,102.86516571044922,150.54017639160156
1681790400,104.8740463256836,150.18789672851562
1681876800,104.54222106933594,150.32882690429688
1681963200,103.70817565917969,149.5977783203125
1682049600,104.04000091552734,148.95480346679688
1682308800,106.00402069091797,151.03341674804688
1682395200,104.49738311767578,148.84031677246094
1682481600,103.53778076171875,146.18922424316406
1682568000,104.775390625,147.04354858398438
1682654400,106.12959289550781,148.4792022705078
1682913600,102.83826446533203,147.29901123046875
1683000000,98.73979949951172,140.95748901367188
1683086400,96.793701171875,138.1302490234375
1683172800,95.09871673583984,137.59300231933594
1683259200,97.46631622314453,141.10720825195312
1683518400,97.85194396972656,140.5523223876953
1683604800,97.87886047363281,140.14715576171875
1683691200,96.6233139038086,138.35923767089844
1683777600,94.87450408935547,137.59300231933594
1683864000,94.86554718017578,137.94525146484375
1684123200,95.04644775390625,138.45608520507812
1684209600,92.73973083496094,135.20606994628906
1684296000,94.82030487060547,137.143798828125
1684382400,95.6796875,136.97476196289062
1684468800,96.1229476928711,138.05982971191406
1684728000,94.95600128173828,135.5784149169922
1684814400,96.24958038330078,139.50062561035156
1684900800,97.32606506347656,139.8741912841797
1684987200,95.58016967773438,137.46392822265625
1685073600,94.95600128173828,137.03701782226562
1685419200,94.1147232055664,136.1832275390625
1685505600,92.43215942382812,133.9597625732422
1685592000,93.49958038330078,135.3294219970703
1685678400,95.6706314086914,138.9759063720703
1685937600,95.2454833984375,138.30886840820312
1686024000,96.0234375,138.55789184570312
1686110400,98.17636108398438,142.1510467529297
1686196800,97.86880493164062,141.62628173828125
1686283200,97.1451416015625,141.28831481933594
1686542400,96.26766967773438,139.9275360107422
1686628800,96.28575134277344,140.97702026367188
1686715200,95.12786865234375,139.714111328125
1686801600,95.7882308959961,140.77247619628906
1686888000,95.10074615478516,139.8653106689453
1687233600,92.92063903808594,136.6812744140625
1687320000,93.96094512939453,137.74856567382812
1687406400,93.4453125,135.75633239746094
1687492800,92.63116455078125,134.60902404785156
1687752000,94.34088134765625,136.97476196289062
1687838400,94.57606506347656,136.5478973388672
1687924800,95.34497833251953,137.78411865234375
1688011200,96.52096557617188,138.9581298828125
1688097600,97.01847839355469,139.94534301757812
1688356800,97.20846557617188,139.82083129882812
1688529600,96.7109146118164,139.0203857421875
1688616000,93.1015625,135.96978759765625
1688702400,93.31867218017578,137.1615753173828
1688961600,94.70270538330078,138.07762145996094
1689048000,95.860595703125,140.63014221191406
1689134400,96.33099365234375,141.98202514648438
1689220800,94.56702423095703,140.08763122558594
1689307200,91.31046295166016,136.5923614501953
1689566400,91.70846557617188,136.4678192138672
1689652800,91.29236602783203,136.7435302734375
1689739200,91.92558288574219,137.57955932617188
1689825600,93.54481506347656,139.1004180908203
1689912000,93.9790267944336,141.13711547851562
1690171200,95.45352172851562,143.92092895507812
1690257600,95.5982666015625,144.57904052734375
1690344000,95.06454467773438,143.49400329589844
1690430400,95.3630599975586,141.99984741210938
1690516800,94.22327423095703,141.29721069335938
1690776000,97.00945281982422,145.557373046875
1690862400,96.44859313964844,144.3478240966797
1690948800,95.2454833984375,142.06207275390625
1691035200,96.90089416503906,142.0087127685547
1691121600,97.17227172851562,141.68853759765625
1691380800,96.97327423095703,142.20437622070312
1691467200,97.45268249511719,141.99095153808594
1691553600,99.10812377929688,142.17770385742188
1691640000,99.61469268798828,143.0404052734375
1691726400,101.16154479980469,145.99317932128906
1691985600,101.24298095703125,145.88645935058594
1692072000,98.64373016357422,141.62628173828125
1692158400,96.98384857177734,141.08377075195312
1692244800,98.86261749267578,143.44532775878906
1692331200,100.35831451416016,144.47792053222656
1692590400,99.14533996582031,143.99307250976562
1692676800,98.58900451660156,142.8077850341797
1692763200,97.72260284423828,142.99636840820312
1692849600,96.99296569824219,141.82009887695312
1692936000,98.72582244873047,142.87960815429688
1693195200,99.55574798583984,143.85838317871094
1693281600,100.14854431152344,143.6339111328125
1693368000,101.1244125366211,143.83143615722656
1693454400,101.40714263916016,144.65756225585938
1693540800,103.5321273803711,147.5309600830078
1693886400,103.54125213623047,149.470458984375
1693972800,104.43502044677734,149.62313842773438
1694059200,103.92430114746094,149.63211059570312
1694145600,105.43824768066406,150.1439208984375
1694404800,104.11582946777344,147.0460662841797
1694491200,107.15283203125,149.78477478027344
1694577600,106.19524383544922,149.23699951171875
1694664000,108.09223937988281,150.16189575195312
1694750400,106.4323501586914,149.50637817382812
1695009600,107.2896499633789,150.1529083251953
1695096000,107.00691223144531,150.1349639892578
1695182400,106.15874481201172,149.67701721191406
1695268800,104.66303253173828,148.33009338378906
1695355200,104.82721710205078,149.30885314941406
1695614400,106.00370788574219,151.49082946777344
1695700800,106.1678695678711,150.67372131347656
1695787200,109.62440490722656,153.5830078125
1695873600,108.95863342285156,153.178955078125
1695960000,107.23492431640625,151.4100341796875
1696219200,105.45648193359375,149.5422821044922
1696305600,105.6388931274414,149.89247131347656
1696392000,101.68987274169922,146.39952087402344
1696478400,99.40070343017578,147.17176818847656
1696564800,97.74082946777344,145.67221069335938
1696824000,101.16089630126953,149.70391845703125
1696910400,100.73223876953125,149.5422821044922
1696996800,97.12065887451172,144.65756225585938
1697083200,97.10242462158203,144.77427673339844
1697169600,100.20327758789062,147.31541442871094
1697428800,100.27623748779297,148.51866149902344
1697515200,101.58953094482422,150.48513793945312
1697601600,103.01229095458984,151.67938232421875
1697688000,103.07612609863281,151.84104919433594
1697774400,101.30681610107422,149.80270385742188
1698033600,99.82023620605469,144.28041076660156
1698120000,98.85350036621094,140.6616973876953
1698206400,99.03589630126953,139.9613037109375
1698292800,98.13301086425781,138.95562744140625
1698379200,96.26337432861328,129.6171112060547
1698638400,96.56432342529297,131.17953491210938
1698724800,96.53697967529297,130.8562774658203
1698811200,96.34544372558594,129.28488159179688
1698897600,99.51014709472656,133.57699584960938
1698984000,98.29715728759766,132.5443878173828
1699246800,96.55522155761719,131.99661254882812
1699333200,95.041259765625,129.67098999023438
1699419600,93.8738784790039,127.86611938476562
1699506000,93.9012451171875,127.45308685302734
1699592400,94.62174224853516,128.3599853515625
1699851600,95.61582946777344,129.30284118652344
1699938000,95.9839859008789,130.24566650390625
1700024400,95.40415954589844,130.70361328125
1700110800,94.29971313476562,128.63485717773438
1700197200,96.60061645507812,131.07562255859375
1700456400,96.17725372314453,131.00303649902344
1700542800,96.14043426513672,130.69451904296875
1700629200,95.72628021240234,130.95767211914062
1700802000,96.2416763305664,131.47483825683594
1701061200,95.68025207519531,130.98489379882812
1701147600,95.62503814697266,132.02833557128906
1701234000,94.18927001953125,130.5765838623047
1701320400,94.55741882324219,130.29530334472656
1701406800,94.78751373291016,131.39320373535156
1701666000,94.2721176147461,131.4476318359375
1701752400,92.44060516357422,129.62388610839844
1701838800,91.2165298461914,129.32443237304688
1701925200,90.58148193359375,129.22462463378906
1702011600,91.62149810791016,130.93951416015625
1702270800,91.68590545654297,130.97581481933594
1702357200,90.24095916748047,129.29722595214844
1702443600,91.04165649414062,131.2117156982422
1702530000,93.48980712890625,136.03880310058594
1702616400,92.86396789550781,135.51255798339844
1702875600,93.55422973632812,135.81199645996094
1702962000,94.78751373291016,137.5904083251953
1703048400,93.20448303222656,136.3291778564453
1703134800,93.62787628173828,136.74655151367188
1703221200,93.79353332519531,137.0550537109375
1703566800,94.00520324707031,138.28903198242188
1703653200,93.56343841552734,137.8353729248047
1703739600,92.21052551269531,135.89364624023438
1703826000,92.0172348022461,135.34017944335938
1704171600,94.20767974853516,135.63050842285156
1704258000,94.99920654296875,138.21646118164062
1704344400,94.17086791992188,136.70118713378906
1704430800,94.4561767578125,136.46527099609375
1704690000,92.88237762451172,135.64866638183594
1704776400,91.73193359375,132.2007598876953
1704862800,90.82998657226562,131.11192321777344
1704949200,90.81156158447266,131.8196563720703
1705035600,91.98961639404297,133.62530517578125
1705381200,89.90962982177734,130.37696838378906
1705467600,89.25617218017578,129.8597869873047
1705554000,89.09051513671875,128.68020629882812
1705640400,89.22854614257812,129.0613250732422
1705899600,89.10892486572266,129.2881317138672
1705986000,90.11211395263672,128.9252166748047
1706072400,91.6675033569336,131.49301147460938
1706158800,93.99600219726562,134.80484008789062
1706245200,94.79672241210938,135.32200622558594
1706504400,94.9163589477539,135.26756286621094
1706590800,96.49938201904297,136.21121215820312
1706677200,94.62183380126953,133.7704620361328
1706763600,94.23530578613281,134.18780517578125
1706850000,93.84874725341797,138.13479614257812
1707109200,93.46219635009766,138.21646118164062
1707195600,94.10645294189453,138.23460388183594
1707282000,94.0788345336914,138.03500366210938
1707368400,95.68946838378906,139.78616333007812
1707454800,93.6646728515625,137.04595947265625
1707714000,94.95317077636719,137.98959350585938
1707800400,94.13573455810547,136.64675903320312
1707886800,93.6712646484375,137.01876831054688
1707973200,96.35584259033203,141.6783905029297
1708059600,96.35584259033203,141.8343048095703
1708405200,95.44550323486328,141.25645446777344
1708491600,97.39620971679688,142.57730102539062
1708578000,97.3126220703125,142.568115234375
1708664400,96.45800018310547,141.86183166503906
1708923600,96.8388671875,141.66921997070312
1709010000,96.63450622558594,139.56871032714844
1709096400,96.90388488769531,139.73379516601562
1709182800,97.08966827392578,139.43112182617188
1709269200,98.31582641601562,140.1649169921875
1709528400,96.94105529785156,136.5601348876953
1709614800,98.13005065917969,137.2113800048828
1709701200,99.17971801757812,136.05564880371094
1709787600,99.73706817626953,137.00958251953125
1709874000,100.6752700805664,137.47738647460938
1710129600,101.269775390625,139.4219512939453
1710216000,100.61952209472656,139.32106018066406
1710302400,101.74351501464844,141.1555633544922
1710388800,103.54559326171875,142.81576538085938
1710475200,103.35980987548828,142.67819213867188
1710734400,104.31659698486328,142.54977416992188
1710820800,105.05043029785156,143.6596221923828
1710907200,104.95752716064453,141.7609405517578
1710993600,105.42198944091797,142.0452880859375
1711080000,105.42198944091797,141.86183166503906
1711339200,106.49952697753906,143.5220489501953
1711425600,105.7006607055664,142.42135620117188
1711512000,106.7967758178711,143.41200256347656
1711598400,107.97650146484375,144.68695068359375
1711944000,108.67317199707031,145.9160919189453
1712030400,110.80036926269531,146.5581512451172
1712116800,110.81895446777344,147.1635284423828
1712203200,111.20909881591797,147.39285278320312
1712289600,112.74180603027344,148.22755432128906
1712548800,111.98009490966797,147.92486572265625
1712635200,112.5653076171875,148.5944366455078
1712721600,113.5127944946289,149.208984375
1712808000,113.13194274902344,148.49351501464844
1712894400,111.81288146972656,145.8059844970703
1713153600,111.17193603515625,144.5493621826172
1713240000,110.25232696533203,143.3477783203125
1713326400,110.19659423828125,143.4578399658203
1713412800,110.09440612792969,144.5310516357422
1713499200,111.35772705078125,146.7599334716797
1713758400,111.98938751220703,148.5210723876953
1713844800,112.42597198486328,149.3740997314453
1713931200,112.4445571899414,150.03453063964844
1714017600,112.70465087890625,151.60302734375
1714104000,109.57422637939453,152.16253662109375
1714363200,111.13478088378906,152.56613159179688
1714449600,109.86217498779297,147.92486572265625
1714536000,107.78141784667969,146.4205780029297
1714622400,107.97650146484375,147.42953491210938
1714708800,107.75354766845703,146.9892578125
1714968000,108.45024108886719,148.86962890625
1715054400,107.9114761352539,149.208984375
1715140800,107.89288330078125,149.08978271484375
1715227200,110.02009582519531,151.7589569091797
1715313600,109.57422637939453,152.0983428955078
1715572800,109.52777862548828,150.9150848388672
1715659200,110.19266510009766,150.0712127685547
1715745600,111.04483795166016,149.55755615234375
1715832000,110.37995147705078,149.25180053710938
1715918400,112.0374755859375,150.7156982421875
1716177600,111.12911224365234,149.2981414794922
1716264000,110.36121368408203,148.21414184570312
1716350400,108.14183044433594,145.99049377441406
1716436800,106.29700469970703,145.40679931640625
1716523200,106.21273803710938,146.1572723388672
1716868800,107.56121826171875,147.3524627685547
1716955200,106.40938568115234,145.36973571777344
1717041600,106.74649810791016,146.62977600097656
1717128000,109.80872344970703,150.37289428710938
1717387200,107.1772689819336,145.88858032226562
1717473600,105.51038360595703,144.65631103515625
1717560000,105.93180084228516,143.5908203125
1717646400,106.727783203125,144.47100830078125
1717732800,105.5853042602539,144.6099853515625
1717992000,105.89431762695312,145.2214813232422
1718078400,105.04214477539062,144.9898681640625
1718164800,103.88094329833984,142.88668823242188
1718251200,103.0475082397461,141.6081085205078
1718337600,102.17658996582031,141.35792541503906
1718596800,101.47425842285156,141.932373046875
1718683200,102.42945098876953,142.0620880126953
1718856000,104.63947296142578,145.12884521484375
1718942400,103.72175598144531,143.86878967285156
1719201600,106.80269622802734,147.6026153564453
1719288000,107.10235595703125,146.8151092529297
1719374400,107.13980865478516,144.48951721191406
1719460800,107.59867095947266,144.83236694335938
1719547200,107.80469512939453,144.9249725341797
1719806400,107.65486145019531,145.0176544189453
1719892800,106.92442321777344,145.23074340820312
1719979200,107.46757507324219,145.19371032714844
1720152000,106.16590881347656,142.97006225585938
1720411200,105.05152130126953,142.98861694335938
1720497600,103.89032745361328,141.73779296875
1720584000,104.80805206298828,143.72979736328125
1720670400,106.05352783203125,143.85025024414062
1720756800,106.07225036621094,144.15599060058594
1721016000,107.88897705078125,146.42596435546875
1721102400,108.66622924804688,146.17581176757812
1721188800,110.16455841064453,149.38150024414062
1721275200,111.2508544921875,150.06715393066406
1721361600,108.69432830810547,147.45437622070312
1721620800,107.9451675415039,145.45310974121094
1721707200,106.203369140625,142.76620483398438
1721793600,107.7016830444336,143.67422485351562
1721880000,109.96791076660156,145.9626922607422
1721966400,109.874267578125,146.24063110351562
1722225600,108.72241973876953,145.09176635742188
1722312000,110.66088104248047,147.84352111816406
1722398400,111.05419158935547,148.67738342285156
1722484800,109.51840209960938,141.4042510986328
1722571200,109.4528579711914,137.63336181640625
1722830400,107.4769287109375,134.0292205810547
1722916800,106.90570068359375,132.70431518554688
1723003200,108.32910919189453,131.94459533691406
1723089600,110.39866638183594,133.87171936035156
1723176000,111.29768371582031,134.3349609375
1723435200,111.43814849853516,134.36279296875
1723521600,110.3705825805664,133.55667114257812
1723608000,111.39131927490234,134.03846740722656
1723694400,112.08043670654297,136.01194763183594
1723780800,111.55179595947266,136.4474334716797
1724040000,111.89163970947266,137.5623016357422
1724126400,108.1628646850586,135.55738830566406
1724212800,107.47373962402344,136.1476287841797
1724299200,108.30445861816406,136.53173828125
1724385600,109.80540466308594,138.3024139404297
1724644800,112.15594482421875,139.1269073486328
1724731200,111.08924102783203,137.6747283935547
1724817600,109.99420166015625,136.78469848632812
1724904000,111.51404571533203,138.1150665283203
1724990400,111.33467864990234,138.61160278320312
1725336000,109.00301361083984,135.52928161621094
1725422400,107.6719741821289,133.10276794433594
1725508800,106.83183288574219,132.03469848632812
1725595200,106.33149719238281,129.81430053710938
1725854400,108.56877136230469,131.4444580078125
1725940800,104.61344909667969,129.505126953125
1726027200,103.57504272460938,129.17724609375
1726113600,105.00048065185547,130.4232940673828
1726200000,104.92495727539062,131.73489379882812
1726459200,106.39759826660156,133.12149047851562
1726545600,107.78526306152344,134.35818481445312
1726632000,108.1628646850586,134.8734588623047
1726718400,109.5033187866211,135.83843994140625
1726804800,108.81421661376953,136.48489379882812
1727064000,110.78716278076172,138.22747802734375
1727150400,110.4945297241211,138.1431884765625
1727236800,108.34222412109375,134.8828125
1727323200,106.4825439453125,133.02780151367188
1727409600,109.33341979980469,136.306884765625
1727668800,110.6550064086914,137.9745330810547
1727755200,113.2132339477539,140.25115966796875
1727841600,114.71417999267578,141.4222412109375
1727928000,115.7148208618164,141.7033233642578
1728014400,117.83880615234375,141.2255096435547
1728273600,118.34854125976562,141.58152770996094
1728360000,115.20504760742188,139.36111450195312
1728446400,115.25225067138672,140.2042999267578
1728532800,116.24345397949219,141.1130828857422
1728619200,116.6871337890625,141.8625946044922
1728878400,117.13080596923828,142.1998748779297
1728964800,113.60970306396484,138.40548706054688
1729051200,113.90234375,139.3423614501953
1729137600,113.60970306396484,141.65647888183594
1729224000,113.28874969482422,141.23487854003906
1729483200,113.35482788085938,141.35667419433594
1729569600,113.94009399414062,141.3941650390625
1729656000,113.53418731689453,140.98191833496094
1729742400,112.89226531982422,140.9538116455078
1729828800,112.79786682128906,141.29110717773438
1730088000,112.24091339111328,141.03811645507812
1730174400,110.7116470336914,139.1456298828125
1730260800,110.1546859741211,138.70529174804688
1730347200,110.23963928222656,139.4267120361328
1730433600,108.51213073730469,143.408447265625
1730696400,111.96714782714844,144.2516632080078
1730782800,112.29754638671875,143.7270050048828
1730869200,114.22330474853516,147.76495361328125
1730955600,114.36489868164062,146.87490844726562
1731042000,114.3271484375,147.02481079101562
1731301200,113.72298431396484,146.62193298339844
1731387600,113.60970306396484,145.48831176757812
1731474000,114.66697692871094,148.7018280029297
1731560400,114.74311065673828,151.58741760253906
1731646800,113.55343627929688,151.23141479492188
1731906000,114.50518035888672,152.14944458007812
1731992400,112.90624237060547,151.0515899658203
1732078800,114.51469421386719,152.6889190673828
1732165200,116.0470199584961,152.9728546142578
1732251600,115.91378021240234,153.6637420654297
1732510800,114.18159484863281,151.7708740234375
1732597200,112.27809143066406,153.82464599609375
1732683600,111.9830551147461,153.42715454101562
1732856400,112.26856231689453,153.2567901611328
1733115600,112.16387939453125,153.52178955078125
1733202000,111.99256134033203,153.24732971191406
1733288400,108.76612091064453,149.8401641845703
1733374800,109.24198913574219,150.79603576660156
1733461200,108.09037780761719,146.9250946044922
1733720400,107.45270538330078,148.66656494140625
1733806800,107.23379516601562,148.59085083007812
1733893200,106.51998138427734,147.84315490722656
1733979600,106.42481231689453,146.42349243164062
1734066000,105.4920883178711,145.6284637451172
1734325200,103.2364501953125,141.3600616455078
1734411600,102.79865264892578,140.177001953125
1734498000,101.28534698486328,136.36285400390625
1734584400,100.41926574707031,133.58978271484375
1734670800,100.76189422607422,135.19874572753906
1734930000,101.171142578125,135.3123016357422
1735016400,101.26631927490234,136.13571166992188
1735189200,101.35197448730469,136.26820373535156
1735275600,101.34246826171875,136.28713989257812
1735534800,100.6572036743164,135.40695190429688
1735621200,102.37986755371094,137.0821533203125
1735794000,102.13240814208984,138.85198974609375
1735880400,102.6558837890625,139.93093872070312
1736139600,102.54166412353516,139.3725128173828
1736226000,103.50293731689453,141.5777130126953
1736312400,101.770751953125,142.24969482421875
1736485200,101.39956665039062,144.93759155273438
1736744400,104.01689147949219,147.0292205810547
1736830800,104.42613220214844,148.49618530273438
1736917200,106.12976837158203,149.849609375
1737003600,105.94893646240234,150.84336853027344
1737090000,106.90069580078125,152.82144165039062
1737435600,106.09170532226562,149.76443481445312
1737522000,104.24530029296875,148.03245544433594
1737608400,104.83538818359375,147.65386962890625
1737694800,103.41728210449219,147.31312561035156
1737954000,104.85442352294922,148.8085174560547
1738040400,102.82720184326172,147.84315490722656
1738126800,103.42679595947266,147.35101318359375
1738213200,104.28337097167969,147.94725036621094
1738299600,101.67558288574219,141.19915771484375
1738558800,101.92301940917969,141.34112548828125
1738645200,104.65455627441406,145.01332092285156
1738731600,104.57842254638672,144.79562377929688
1738818000,103.1983871459961,143.7639923095703
1738904400,103.63618469238281,144.4454345703125
1739163600,105.61582946777344,147.42672729492188
1739250000,106.28205108642578,149.0072784423828
1739336400,103.08436584472656,146.6033172607422
1739422800,103.8333740234375,147.5308380126953
1739509200,103.93901062011719,148.65045166015625
1739854800,105.76351165771484,149.4351348876953
1739941200,105.91716003417969,150.45904541015625
1740027600,107.54960632324219,151.95187377929688
1740114000,106.29166412353516,150.1623992919922
1740373200,106.84860229492188,151.09063720703125
1740459600,105.36980438232422,149.68392944335938
1740546000,105.11052703857422,148.4590606689453
1740632400,105.77310943603516,149.9231719970703
1740718800,106.90621948242188,151.7891845703125
1740978000,103.47808074951172,146.49732971191406
1741064400,103.2668228149414,145.45428466796875
1741150800,101.2502670288086,144.31553649902344
1741237200,103.34364318847656,146.36337280273438
1741323600,104.6880111694336,149.6073760986328
1741579200,107.35755157470703,150.78440856933594
1741665600,104.82244873046875,147.44471740722656
1741752000,104.79364013671875,146.09542846679688
1741838400,104.35192108154297,146.9949493408203
1741924800,107.45358276367188,150.25811767578125
1742184000,109.23966217041016,151.8848876953125
1742270400,109.12442779541016,153.88487243652344
1742356800,110.82410430908203,156.98536682128906
1742443200,111.29462432861328,157.6743621826172
1742529600,110.91053009033203,157.65521240234375
1742788800,111.19860076904297,157.91358947753906
1742875200,111.95720672607422,158.79397583007812
1742961600,113.57044982910156,160.73654174804688
1743048000,113.20555114746094,159.473388671875
1743134400,113.05192565917969,158.93751525878906
1743393600,114.20423126220703,160.08583068847656
1743480000,114.30986022949219,161.25331115722656
1743566400,113.95455932617188,159.3011474609375
1743652800,107.96251678466797,149.3968505859375
1743739200,100.1939697265625,137.1097869873047
1743998400,98.84961700439453,134.1145782470703
1744084800,96.76583099365234,131.0332489013672
1744171200,101.59596252441406,139.74136352539062
1744257600,95.9592056274414,129.16722106933594
1744344000,99.04165649414062,129.7892608642578
1744603200,99.28172302246094,129.4925994873047
1744689600,99.00324249267578,128.7461700439453
1744776000,100.04993438720703,129.53086853027344
1744862400,102.67144775390625,131.9327850341797
1745208000,101.1638412475586,127.97106170654297
1745294400,103.99663543701172,131.3873291015625
1745380800,103.10358428955078,130.79400634765625
1745467200,104.31350708007812,133.0811004638672
1745553600,104.25589752197266,132.75572204589844
1745812800,104.31350708007812,134.06675720214844
1745899200,104.05424499511719,133.30120849609375
1745985600,101.4327163696289,130.20071411132812
1746072000,101.5767593383789,130.39208984375
1746158400,101.98967742919922,132.53564453125
1746417600,99.16648864746094,129.6648406982422
1746504000,100.54927062988281,129.7605438232422
1746590400,100.4532470703125,129.94235229492188
1746676800,101.85523223876953,131.1385040283203
1746763200,103.04595947265625,132.52609252929688
1747022400,104.82244873046875,135.52127075195312
1747108800,105.11052703857422,136.2198486328125
1747195200,104.16947937011719,135.5691375732422
1747281600,105.22579956054688,136.1337127685547
1747368000,104.84785461425781,135.98062133789062
1747627200,103.18098449707031,134.1403045654297
1747713600,101.70793914794922,132.9586181640625
1747800000,100.45779418945312,131.30230712890625
1747886400,99.78911590576172,131.04078674316406
1747972800,99.84724426269531,132.25152587890625
1748318400,100.32210540771484,133.5010223388672
1748404800,98.9556655883789,131.7478790283203
1748491200,99.51776123046875,133.57850646972656
1748577600,99.13980102539062,132.40650939941406
1748836800,99.86663818359375,133.5106964111328
1748923200,100.59346771240234,135.1669921875
1749009600,99.13980102539062,133.0554656982422
1749096000,98.68431854248047,132.6002197265625
1749182400,101.04893493652344,135.80628967285156
1749441600,101.7273178100586,136.3389892578125
1749528000,103.9078140258789,138.84764099121094
1749614400,105.9332504272461,140.23272705078125
1749700800,106.34027862548828,140.41676330566406
1749787200,108.65645599365234,141.32725524902344
1750046400,109.00533294677734,141.44345092773438
1750132800,110.4783706665039,144.17489624023438
1750219200,109.69339752197266,143.53562927246094
1750392000,111.15674591064453,144.85292053222656
1750651200,108.28817749023438,142.24740600585938
1750737600,104.99320983886719,139.04136657714844
1750824000,105.02229309082031,138.73141479492188
1750910400,106.59223937988281,139.90341186523438
1750996800,106.00109100341797,139.27381896972656
1751256000,104.46990203857422,138.6926727294922
1751342400,105.86540222167969,140.99794006347656
1751428800,107.61949920654297,143.33221435546875
1751515200,108.73397064208984,143.70997619628906
1751860800,107.67764282226562,142.7704315185547
1751947200,110.6624984741211,148.42701721191406
1752033600,110.28455352783203,148.2139434814453
1752120000,111.37964630126953,149.32781982421875
1752206400,111.86419677734375,150.43199157714844
1752465600,110.40083312988281,146.88694763183594
1752552000,109.42205047607422,145.95712280273438
1752638400,108.76304626464844,145.2113037109375
1752724800,108.21066284179688,146.6254425048828
1752811200,104.44082641601562,145.32752990722656
1753070400,104.7121810913086,144.97882080078125
1753156800,105.1870346069336,145.32752990722656
1753243200,106.53409576416016,148.31077575683594
1753329600,107.3675308227539,150.93568420410156
1753416000,106.98958587646484,149.9767608642578
1753675200,107.99745178222656,151.3715362548828
1753761600,109.3929672241211,152.0979766845703
1753848000,108.44324493408203,148.73696899414062
1753934400,108.19126892089844,146.8772735595703
1754020800,106.25305938720703,146.64479064941406
1754280000,104.05318450927734,146.29611206054688
1754366400,103.92719268798828,148.23329162597656
1754452800,103.2197494506836,147.98146057128906
1754539200,102.67704772949219,148.34954833984375
1754625600,103.50079345703125,150.14141845703125
1754884800,102.56075286865234,148.6304168701172
1754971200,102.85148620605469,149.58932495117188
1755057600,104.27607727050781,150.97439575195312
1755144000,104.0628662109375,150.28672790527344
1755230400,104.16068267822266,151.63304138183594
1755489600,104.38565063476562,150.44168090820312
1755576000,105.07034301757812,148.86488342285156
1755662400,106.15605926513672,150.0597381591797
1755748800,106.84075164794922,152.3416748046875
1755835200,108.84590911865234,154.91741943359375
1756094400,109.29584503173828,154.93701171875
1756180800,109.05130767822266,154.1143341064453
1756267200,110.28375244140625,155.95558166503906
1756353600,110.8706283569336,156.03392028808594
1756440000,111.79006958007812,157.2875213623047
1756785600,112.18132019042969,158.4921417236328
1756872000,109.4621353149414,154.79989624023438
1756958400,109.94142150878906,154.4375457763672
1757044800,106.84075164794922,150.4906463623047
1757304000,107.44718933105469,150.82363891601562
1757390400,108.22969055175781,151.65611267089844
1757476800,110.03922271728516,154.53546142578125
1757563200,109.68709564208984,154.98597717285156
1757649600,109.7066650390625,153.86949157714844
1757908800,109.89250183105469,154.06536865234375
1757995200,112.17153930664062,156.24935913085938
1758081600,112.76819610595703,156.78802490234375
1758168000,111.43795013427734,155.56381225585938
1758254400,110.35222625732422,152.98806762695312
1758513600,109.56971740722656,152.83135986328125
1758600000,111.4574966430664,154.173095703125
1758686400,112.05416107177734,155.8968048095703
1758772800,113.0616226196289,157.40504455566406
1758859200,114.65599060058594,156.85659790039062
1759118400,111.72160339355469,152.8803253173828
1759204800,110.28375244140625,152.08702087402344
1759291200,109.54036712646484,151.3916778564453
1759377600,108.8556900024414,150.2066192626953
1759464000,110.78260040283203,150.38291931152344
1759723200,111.70203399658203,150.84323120117188
1759809600,111.76072692871094,151.71487426757812
1759896000,111.5259780883789,150.5690155029297
1759982400,110.44026184082031,148.5123291015625
1760068800,108.30793762207031,145.82882690429688
1760328000,109.78490447998047,148.80612182617188
1760414400,109.83381652832031,149.24685668945312
1760500800,109.16868591308594,148.97262573242188
1760587200,108.21990203857422,148.58087158203125
1760673600,109.78490447998047,149.92262268066406
1760932800,110.2348403930664,151.2937469482422
1761019200,110.24462890625,150.6179656982422
1761105600,112.20088195800781,152.36126708984375
1761192000,113.44310760498047,153.33084106445312
1761278400,112.86601257324219,152.35145568847656
1761537600,113.40397644042969,152.07723999023438
1761624000,112.51387786865234,150.9509735107422
1761710400,113.90281677246094,151.9009552001953
1761796800,112.18132019042969,150.35354614257812
1761883200,111.8585433959961,154.4669189453125
1762146000,111.27166748046875,150.86280822753906
1762232400,111.64334869384766,150.22622680664062
1762318800,111.19341278076172,149.5112762451172
1762405200,111.99547576904297,149.78550720214844
1762491600,114.65599060058594,151.82261657714844
1762750800,115.63410949707031,152.43960571289062
1762837200,117.15998077392578,153.01744079589844
1762923600,115.53629302978516,150.1576690673828
1763010000,116.19163513183594,152.3710479736328
1763096400,117.70126342773438,154.3689727783203
1763355600,116.11270141601562,151.62673950195312
1763442000,117.4447250366211,152.1317901611328
1763528400,115.78709411621094,150.2303924560547
1763614800,115.46148681640625,148.85385131835938
1763701200,115.52069091796875,148.5270538330078
1763960400,114.42547607421875,148.29928588867188
1764046800,112.98491668701172,147.09109497070312
1764133200,113.241455078125,148.0615997314453
1764306000,114.37614440917969,149.66592407226562
1764565200,115.0766830444336,151.06224060058594
1764651600,113.84333038330078,148.79443359375
1764738000,116.2311019897461,150.1214599609375
1764824400,115.57989501953125,150.7849578857422
1764910800,114.98788452148438,148.54685974121094
1765170000,114.43534851074219,147.2693634033203
1765256400,116.67510986328125,147.05149841308594
1765342800,117.94792938232422,149.94320678710938
1765429200,117.94792938232422,149.2598876953125
1765515600,117.23751831054688,148.53695678710938
1765774800,116.19164276123047,148.3488006591797
1765861200,113.15265655517578,145.32833862304688
1765947600,115.84630584716797,148.07151794433594
1766034000,114.98788452148438,146.25924682617188
1766120400,115.1358871459961,146.3186492919922
1766379600,116.5764389038086,148.3488006591797
1766466000,117.82952117919922,149.05191040039062
1766552400,117.63219451904297,149.04202270507812
1766725200,117.5236587524414,148.56666564941406
1766984400,118.92474365234375,149.5272674560547
1767070800,119.37861633300781,150.83447265625
1767157200,118.73727416992188,150.9335174560547
1767330000,121.01651000976562,154.3896942138672
1767589200,123.69041442871094,162.2626953125
1767675600,119.43782806396484,155.02349853515625
1767762000,116.91191101074219,153.6964874267578
1767848400,121.2730484008789,157.70724487304688
1767934800,122.95040893554688,160.53955078125
1768194000,122.37812805175781,160.76730346679688
1768280400,124.85469818115234,162.28248596191406
1768366800,128.4659423828125,165.61985778808594
1768453200,127.41021728515625,164.55030822753906
1768539600,128.1600799560547,164.6493377685547
1768885200,128.72250366210938,163.69863891601562
1768971600,131.83055114746094,165.11477661132812
1769058000,131.8601531982422,165.04547119140625
1769144400,133.1724395751953,165.10488891601562
1769403600,133.04415893554688,165.8773193359375
1769490000,135.0076446533203,167.4123077392578
1769576400,135.74766540527344,168.28378295898438
1769662800,138.63864135742188,169.53158569335938
1769749200,139.51678466796875,175.18626403808594
1770008400,136.55673217773438,172.3440704345703
1770094800,141.8157501220703,176.31521606445312
1770181200,145.6243438720703,179.47430419921875
1770267600,144.1344757080078,177.49368286132812
1770354000,147.06491088867188,179.10789489746094
1770613200,149.19613647460938,180.8310546875
1770699600,149.57107543945312,180.4943389892578
1770786000,153.4882049560547,184.0198516845703
1770872400,148.91920471191406,180.6329803466797
1770958800,147.44918823242188,181.9600067138672
1771304400,145.20443725585938,180.5500030517578
1771390800,149.66415405273438,183.8699951171875
1771477200,149.95220947265625,184.77999877929688
1771563600,146.28707885742188,183.92999267578125
1771822800,149.74362182617188,184.91000366210938
1771909200,148.25372314453125,185.33999633789062
1771995600,148.05508422851562,184.22000122070312
1772082000,147.53857421875,184.16000366210938
1772168400,151.47189331054688,186.75999450683594
1772427600,153.1802978515625,189.60000610351562
1772514000,150.80641174316406,188.77000427246094
1772600400,148.80996704101562,186.02999877929688
1772686800,149.74362182617188,189.89999389648438
1772773200,150.1905975341797,189.94000244140625
1773028800,149.42578125,189.44000244140625
1773115200,147.13136291503906,186.2899932861328
1773201600,150.55809020996094,191.7899932861328
1773288000,152.4949493408203,196.97000122070312
1773374400,155.06747436523438,196.82000732421875
1773633600,156.1699981689453,196.83999633789062
1773720000,157.73934936523438,197.97000122070312
1773806400,156.52757263183594,198.61000061035156
1773892800,157.09373474121094,201.44000244140625
1773979200,158.5935516357422,201.72999572753906
1774238400,160.04371643066406,205.2100067138672
1774324800,164.2650604248047,206.7899932861328
1774411200,162.1593475341797,205.14999389648438
1774497600,164.31471252441406,207.7899932861328
1774584000,169.8372344970703,211.14999389648438
1774843200,170.31399536132812,210.7100067138672
1774929600,168.51620483398438,206.89999389648438
1775016000,159.69607543945312,197.41000366210938
1775102400,159.60667419433594,198.97000122070312
1775448000,162.2686004638672,198.86000061035156
1775534400,162.8049774169922,201.5399932861328
1775620800,155.16680908203125,192.88999938964844
1775707200,153.99476623535156,190.36000061035156
1775793600,151.4818115234375,188.5500030517578
1776052800,151.61094665527344,191.77999877929688
1776139200,148.23387145996094,187.02000427246094
1776225600,148.0054168701172,184.91000366210938
1776312000,150.9553985595703,188.14999389648438
1776398400,145.45274353027344,183.99000549316406
1776657600,146.6843719482422,183.25
1776744000,147.35980224609375,185.97999572753906
1776830400,148.4921112060547,186.32000732421875
1776916800,149.51516723632812,187.60000610351562
1777003200,147.90609741210938,185.2100067138672
1777262400,147.19094848632812,184.77999877929688
1777348800,149.5449676513672,188.36000061035156
1777435200,153.62725830078125,192.22000122070312
1777521600,153.28955078125,193.30999755859375
1777608000,151.72019958496094,190.6300048828125
1777867200,152.65386962890625,192.27999877929688
1777953600,153.83584594726562,192.63999938964844
1778040000,147.6875762939453,185.16000366210938
1778126400,145.591796875,182.5
1778212800,143.59535217285156,181.6199951171875
1778472000,148.6708984375,184.74000549316406
1778558400,149.614501953125,185.9499969482422
1778644800,150.5481719970703,186.0
1778731200,151.75,186.63999938964844
1778817600,157.9199981689453,191.10000610351562
