timestamp,PEP,KO
1147752000,33.409183502197266,11.935735702514648
1147838400,33.40359878540039,11.856781959533691
1147924800,32.86599349975586,11.856781959533691
1148011200,32.81559753417969,11.88400936126709
1148270400,33.19081497192383,11.870391845703125
1148356800,33.44839096069336,11.864950180053711
1148443200,33.80120086669922,11.987462997436523
1148529600,33.913177490234375,12.080035209655762
1148616000,33.96918487548828,12.112704277038574
1148961600,33.83479690551758,11.889449119567871
1149048000,33.857181549072266,11.987462997436523
1149134400,34.21559524536133,11.95751667022705
1149220800,33.974796295166016,11.949356079101562
1149480000,33.4596061706543,11.824115753173828
1149566400,33.89080047607422,11.843174934387207
1149652800,33.93581008911133,11.81049919128418
1149739200,33.84013366699219,11.813222885131836
1149825600,33.72758102416992,11.856781959533691
1150084800,33.609405517578125,11.791447639465332
1150171200,33.19857406616211,11.766763687133789
1150257600,33.125396728515625,11.739343643188477
1150344000,33.24922561645508,11.802408218383789
1150430400,33.598148345947266,11.84902572631836
1150689600,33.3786735534668,11.772244453430176
1150776000,33.36741638183594,11.736598014831543
1150862400,33.54750442504883,11.794184684753418
1150948800,33.77824401855469,11.75578784942627
1151035200,33.47996139526367,11.72288990020752
1151294400,33.49120330810547,11.74482536315918
1151380800,33.26609420776367,11.657074928283691
1151467200,33.153541564941406,11.632393836975098
1151553600,33.485595703125,11.807897567749023
1151640000,33.789493560791016,11.79692554473877
1151899200,33.91893768310547,11.892901420593262
1152072000,33.91893768310547,11.79692554473877
1152158400,33.969581604003906,11.88193416595459
1152244800,34.02585983276367,11.840804100036621
1152504000,34.3016242980957,11.964200973510742
1152590400,34.661808013916016,12.01356029510498
1152676800,34.386043548583984,11.947748184204102
1152763200,34.931941986083984,11.818861961364746
1152849600,34.77998352050781,11.695466041564941
1153108800,35.05012512207031,11.709178924560547
1153195200,35.57352066040039,11.9422607421875
1153281600,35.269615173339844,12.016295433044434
1153368000,35.162689208984375,12.021783828735352
1153454400,35.32026290893555,12.038239479064941
1153713600,35.652313232421875,12.06566047668457
1153800000,35.29776382446289,12.134220123291016
1153886400,35.80988693237305,12.189056396484375
1153972800,35.16831588745117,12.15067195892334
1154059200,35.528499603271484,12.208253860473633
1154318400,35.66917419433594,12.202775001525879
1154404800,35.550987243652344,12.15067195892334
1154491200,35.567893981933594,12.15067195892334
1154577600,35.36528396606445,12.071144104003906
1154664000,35.550987243652344,12.024532318115234
1154923200,35.545379638671875,11.958718299865723
1155009600,35.804264068603516,12.01356029510498
1155096000,35.36528396606445,11.99710750579834
1155182400,35.567893981933594,12.038239479064941
1155268800,35.641048431396484,11.999852180480957
1155528000,35.98997497558594,12.062920570373535
1155614400,35.7873649597168,12.153413772583008
1155700800,35.6185417175293,12.156156539916992
1155787200,35.26398468017578,12.115023612976074
1155873600,35.46095657348633,12.15067195892334
1156132800,35.624168395996094,12.11776351928711
1156219200,35.871768951416016,12.178092956542969
1156305600,36.057498931884766,12.153413772583008
1156392000,36.09687423706055,12.205509185791016
1156478400,36.119407653808594,12.208253860473633
1156737600,36.580902099609375,12.260357856750488
1156824000,37.036739349365234,12.378270149230957
1156910400,36.941078186035156,12.3289155960083
1156996800,36.73847198486328,12.287778854370117
1157083200,36.81163024902344,12.359076499938965
1157428800,36.69346618652344,12.334400177001953
1157515200,36.71041488647461,12.257619857788086
1157601600,36.30897521972656,12.200029373168945
1157688000,36.59733200073242,12.230191230773926
1157947200,36.59170150756836,12.216485023498535
1158033600,36.86307144165039,12.27955150604248
1158120000,36.546451568603516,12.318214416503906
1158206400,36.49555969238281,12.30993366241455
1158292800,36.76694869995117,12.315448760986328
1158552000,36.455989837646484,12.271267890930176
1158638400,36.61994934082031,12.254700660705566
1158724800,36.817840576171875,12.274026870727539
1158811200,36.52949523925781,12.204995155334473
1158897600,36.342899322509766,12.147010803222656
1159156800,36.789573669433594,12.260228157043457
1159243200,36.993106842041016,12.326494216918945
1159329600,37.264488220214844,12.345821380615234
1159416000,36.91960144042969,12.41209602355957
1159502400,36.896976470947266,12.337543487548828
1159761600,36.37117385864258,12.28783893585205
1159848000,36.55775451660156,12.30440616607666
1159934400,36.69912338256836,12.370672225952148
1160020800,36.62560272216797,12.3789701461792
1160107200,36.422061920166016,12.35962963104248
1160366400,36.02629852294922,12.265746116638184
1160452800,35.85102462768555,12.166337013244629
1160539200,36.105445861816406,12.182906150817871
1160625600,35.534427642822266,12.163576126098633
1160712000,35.30827331542969,12.155295372009277
1160971200,35.43830871582031,12.218806266784668
1161057600,35.263031005859375,12.091782569885254
1161144000,35.72664260864258,12.138724327087402
1161230400,35.5174560546875,12.401052474975586
1161316800,35.51179885864258,12.909130096435547
1161576000,35.72100067138672,13.055474281311035
1161662400,35.732303619384766,12.986444473266602
1161748800,35.98107147216797,13.03062629699707
1161835200,36.08283615112305,13.016823768615723
1161921600,35.92454147338867,12.942265510559082
1162184400,35.91887664794922,12.911888122558594
1162270800,35.86799240112305,12.900845527648926
1162357200,35.81711196899414,12.87875747680664
1162443600,35.73795700073242,12.898088455200195
1162530000,35.75491714477539,12.840097427368164
1162789200,35.77752685546875,12.925697326660156
1162875600,35.84539031982422,12.956074714660645
1162962000,35.91887664794922,12.945029258728027
1163048400,35.44395065307617,12.88152027130127
1163134800,35.36479568481445,12.831815719604492
1163394000,34.720272064208984,12.815250396728516
1163480400,35.0199089050293,12.853906631469727
1163566800,34.6241569519043,12.88152027130127
1163653200,34.94075012207031,13.016823768615723
1163739600,35.2121467590332,13.049957275390625
1163998800,35.3365364074707,12.989211082458496
1164085200,35.370460510253906,12.975401878356934
1164171600,35.35914611816406,13.005779266357422
1164344400,35.24606704711914,12.956074714660645
1164603600,34.771148681640625,12.853906631469727
1164690000,34.952064514160156,12.889801025390625
1164776400,35.31956481933594,12.964859008789062
1164862800,35.03689193725586,13.017672538757324
1164949200,35.03121566772461,12.945395469665527
1165208400,35.5513801574707,13.017672538757324
1165294800,36.280723571777344,13.342904090881348
1165381200,36.1898307800293,13.448537826538086
1165467600,36.02509307861328,13.543048858642578
1165554000,35.939884185791016,13.595863342285156
1165813200,35.65019607543945,13.568070411682129
1165899600,35.70131301879883,13.593088150024414
1165986000,35.65019607543945,13.576411247253418
1166072400,35.50251770019531,13.62088394165039
1166158800,35.71268844604492,13.601423263549805
1166418000,35.8262939453125,13.593088150024414
1166504400,35.94559097290039,13.556947708129883
1166590800,35.95693588256836,13.551387786865234
1166677200,36.008060455322266,13.526369094848633
1166763600,35.843318939208984,13.448537826538086
1167109200,35.69564437866211,13.495790481567383
1167195600,35.72404479980469,13.53470516204834
1167282000,35.928531646728516,13.493013381958008
1167368400,35.53089904785156,13.412400245666504
1167800400,35.627471923828125,13.504136085510254
1167886800,35.871742248535156,13.509693145751953
1167973200,35.75812911987305,13.415181159973145
1168232400,35.837650299072266,13.50135612487793
1168318800,35.985355377197266,13.512469291687012
1168405200,36.43975830078125,13.531927108764648
1168491600,36.894195556640625,13.548606872558594
1168578000,36.752197265625,13.495790481567383
1168923600,36.83739471435547,13.481893539428711
1169010000,36.92262649536133,13.509693145751953
1169096400,36.87715530395508,13.44019603729248
1169182800,36.820350646972656,13.415181159973145
1169442000,36.81468200683594,13.351243019104004
1169528400,36.83172607421875,13.376260757446289
1169614800,37.03620147705078,13.379043579101562
1169701200,36.593135833740234,13.326229095458984
1169787600,36.61017990112305,13.29565143585205
1170046800,36.695377349853516,13.262293815612793
1170133200,36.97373580932617,13.290090560913086
1170219600,37.058929443359375,13.309555053710938
1170306000,37.138465881347656,13.370698928833008
1170392400,36.94532775878906,13.409619331359863
1170651600,36.8260498046875,13.315110206604004
1170738000,36.576107025146484,13.35680103302002
1170824400,36.638587951660156,13.351243019104004
1170910800,35.96261215209961,13.30398941040039
1170997200,36.303436279296875,13.276193618774414
1171256400,36.19552230834961,13.320670127868652
1171342800,36.246646881103516,13.401278495788574
1171429200,35.985355377197266,13.309555053710938
1171515600,36.40000534057617,13.301214218139648
1171602000,36.70674514770508,13.30677318572998
1171947600,36.70106887817383,13.281754493713379
1172034000,36.933990478515625,13.22337818145752
1172120400,36.72947692871094,13.148324966430664
1172206800,36.68403244018555,13.13719654083252
1172466000,36.632911682128906,13.2650728225708
1172552400,35.65019607543945,12.895363807678223
1172638800,35.871742248535156,12.975976943969727
1172725200,36.030792236328125,12.931501388549805
1172811600,35.74675369262695,12.756378173828125
1173070800,35.655887603759766,12.867562294006348
1173157200,35.93422317504883,13.045472145080566
1173243600,35.81435775756836,12.995430946350098
1173330000,35.98557662963867,13.10662841796875
1173416400,35.88856506347656,13.22337818145752
1173672000,36.054073333740234,13.329005241394043
1173758400,35.47762680053711,13.175025939941406
1173844800,35.78011703491211,13.169428825378418
1173931200,35.95135498046875,13.180625915527344
1174017600,35.71162414550781,13.217024803161621
1174276800,35.8657341003418,13.250617027282715
1174363200,36.18534469604492,13.331809997558594
1174449600,36.630523681640625,13.510985374450684
1174536000,36.590579986572266,13.50818157196045
1174622400,36.579158782958984,13.452189445495605
1174881600,36.46500015258789,13.480188369750977
1174968000,35.92851257324219,13.443798065185547
1175054400,35.89426803588867,13.412999153137207
1175140800,36.29378890991211,13.468989372253418
1175227200,36.27666473388672,13.438190460205078
1175486400,36.17963409423828,13.583768844604492
1175572800,36.18534469604492,13.71535587310791
1175659200,36.37367630004883,13.846936225891113
1175745600,36.34515380859375,13.863737106323242
1176091200,35.95135498046875,13.894526481628418
1176177600,36.19106674194336,14.020516395568848
1176264000,36.07691192626953,13.897332191467285
1176350400,36.619102478027344,13.90572738647461
1176436800,36.756099700927734,13.964526176452637
1176696000,36.84741973876953,14.073702812194824
1176782400,37.555152893066406,14.437660217285156
1176868800,37.62362289428711,14.462852478027344
1176955200,37.686405181884766,14.488049507141113
1177041600,38.04026794433594,14.583237648010254
1177300800,38.006011962890625,14.460061073303223
1177387200,37.903297424316406,14.476851463317871
1177473600,38.228614807128906,14.485251426696777
1177560000,37.903297424316406,14.580439567565918
1177646400,37.83480453491211,14.574841499328613
1177905600,37.72065353393555,14.611238479614258
1177992000,37.8975830078125,14.734420776367188
1178078400,38.25145721435547,14.756818771362305
1178164800,38.416961669921875,14.812807083129883
1178251200,38.47975540161133,14.896801948547363
1178510400,38.514007568359375,15.008782386779785
1178596800,38.32566833496094,14.857603073120117
1178683200,38.337074279785156,14.868792533874512
1178769600,37.869056701660156,14.692425727844238
1178856000,38.12587356567383,14.75120735168457
1179115200,38.120174407958984,14.726019859313965
1179201600,38.49687194824219,14.686829566955566
1179288000,39.17605972290039,14.765213966369629
1179374400,39.090457916259766,14.614032745361328
1179460800,39.65548324584961,14.734420776367188
1179720000,39.398643493652344,14.532848358154297
1179806400,39.19318389892578,14.412467956542969
1179892800,39.204593658447266,14.370465278625488
1179979200,39.06761169433594,14.345271110534668
1180065600,39.278778076171875,14.527250289916992
1180411200,39.08474349975586,14.60843276977539
1180497600,39.136112213134766,14.852006912231445
1180584000,38.9991340637207,14.83520793914795
1180670400,39.21030807495117,14.782013893127441
1180929600,38.987709045410156,14.74561595916748
1181016000,38.59389114379883,14.647629737854004
1181102400,38.487709045410156,14.558036804199219
1181188800,38.08023452758789,14.384466171264648
1181275200,38.229461669921875,14.46565055847168
1181534400,37.902320861816406,14.454455375671387
1181620800,37.89657211303711,14.317276000976562
1181707200,38.10319519042969,14.475101470947266
1181793600,38.3901481628418,14.46101188659668
1181880000,38.26963806152344,14.53710651397705
1182139200,38.21796798706055,14.587841033935547
1182225600,37.764583587646484,14.483561515808105
1182312000,37.60386276245117,14.511743545532227
1182398400,37.81046676635742,14.680842399597168
1182484800,37.225074768066406,14.54837703704834
1182744000,37.104549407958984,14.590653419494629
1182830400,37.110294342041016,14.64138126373291
1182916800,37.40298080444336,14.779487609863281
1183003200,37.44890213012695,14.833036422729492
1183089600,37.219329833984375,14.742842674255371
1183348800,37.47760772705078,14.813302040100098
1183435200,37.644046783447266,14.909131050109863
1183608000,37.827693939208984,14.844305038452148
1183694400,38.005611419677734,14.82458209991455
1183953600,37.908050537109375,14.852761268615723
1184040000,37.80473709106445,14.683658599853516
1184126400,37.942481994628906,14.680842399597168
1184212800,38.4188346862793,14.833036422729492
1184299200,38.36717987060547,14.968308448791504
1184558400,38.447540283203125,15.176862716674805
1184644800,38.10892868041992,14.985227584838867
1184731200,37.95396423339844,15.058509826660156
1184817600,37.575164794921875,15.13459300994873
1184904000,37.116024017333984,14.996502876281738
1185163200,38.21796798706055,15.117691993713379
1185249600,38.02857208251953,14.999313354492188
1185336000,39.210872650146484,15.233244895935059
1185422400,38.3614616394043,14.931684494018555
1185508800,37.684207916259766,14.734395027160645
1185768000,37.82197189331055,14.765398979187012
1185854400,37.66126251220703,14.68647575378418
1185940800,38.126155853271484,15.013410568237305
1186027200,38.34424591064453,15.123323440551758
1186113600,38.14910888671875,15.016230583190918
1186372800,39.31991958618164,15.28396987915039
1186459200,39.69297409057617,15.348798751831055
1186545600,40.14064407348633,15.743370056152344
1186632000,39.31418991088867,15.740541458129883
1186718400,38.99851608276367,15.495349884033203
1186977600,39.073143005371094,15.365705490112305
1187064000,38.54512023925781,15.258607864379883
1187150400,38.64841842651367,15.17123794555664
1187236800,39.23957824707031,15.100781440734863
1187323200,39.81922912597656,15.345976829528809
1187582400,39.37732696533203,15.365705490112305
1187668800,39.28548049926758,15.227605819702148
1187755200,39.48636245727539,15.205057144165039
1187841600,38.97555923461914,15.213513374328613
1187928000,39.153472900390625,15.219151496887207
1188187200,39.084598541259766,15.221968650817871
1188273600,38.74598693847656,15.010592460632324
1188360000,39.13626480102539,15.081048965454102
1188446400,38.946876525878906,15.05005168914795
1188532800,39.044429779052734,15.157146453857422
1188878400,39.37732696533203,15.323429107666016
1188964800,39.207069396972656,15.131787300109863
1189051200,39.56483840942383,15.40516471862793
1189137600,39.23015213012695,15.385430335998535
1189396800,39.50715637207031,15.379796981811523
1189483200,40.320838928222656,15.686995506286621
1189569600,40.15349197387695,15.834449768066406
1189656000,40.32660675048828,15.842958450317383
1189742400,40.14192581176758,15.993252754211426
1190001600,40.280452728271484,15.675651550292969
1190088000,40.90369415283203,15.996085166931152
1190174400,41.036434173583984,16.05563735961914
1190260800,40.99027633666992,15.967729568481445
1190347200,41.226871490478516,16.035785675048828
1190606400,41.11720275878906,16.07832145690918
1190692800,41.09988784790039,16.169069290161133
1190779200,41.682777404785156,16.262645721435547
1190865600,41.90779495239258,16.25697135925293
1190952000,42.277164459228516,16.296672821044922
1191211200,42.70998001098633,16.418609619140625
1191297600,42.565711975097656,16.424272537231445
1191384000,42.398338317871094,16.325027465820312
1191470400,42.62918472290039,16.41009521484375
1191556800,42.554161071777344,16.46681022644043
1191816000,42.65227508544922,16.390241622924805
1191902400,42.2483024597168,16.41292953491211
1191988800,42.473365783691406,16.41009521484375
1192075200,41.41729736328125,16.217266082763672
1192161600,41.42307662963867,16.390241622924805
1192420800,41.174922943115234,16.344873428344727
1192507200,41.475006103515625,16.37890625
1192593600,41.61349868774414,16.756046295166016
1192680000,41.480770111083984,16.832616806030273
1192766400,40.62668991088867,16.662471771240234
1193025600,41.071041107177734,16.801422119140625
1193112000,41.27880096435547,16.943206787109375
1193198400,41.43460464477539,17.065141677856445
1193284800,41.53850555419922,17.382734298706055
1193371200,41.7462272644043,17.45929527282715
1193630400,42.53107452392578,17.535858154296875
1193716800,42.61186981201172,17.504663467407227
1193803200,42.5426139831543,17.513181686401367
1193889600,41.77510070800781,17.269311904907227
1193976000,42.11555862426758,17.158716201782227
1194238800,41.98862838745117,17.110511779785156
1194325200,42.40987777709961,17.300504684448242
1194411600,41.7462272644043,17.00274658203125
1194498000,42.4156608581543,17.430946350097656
1194584400,42.40412139892578,17.24945640563965
1194843600,41.878971099853516,16.97439956665039
1194930000,42.323326110839844,17.309005737304688
1195016400,42.73881530761719,17.399751663208008
1195102800,42.46181869506836,17.567052841186523
1195189200,42.79076385498047,17.757043838500977
1195448400,43.32744598388672,17.666309356689453
1195534800,43.1889533996582,17.805248260498047
1195621200,43.30437088012695,17.652122497558594
1195794000,43.575584411621094,17.666309356689453
1196053200,43.102386474609375,17.504663467407227
1196139600,43.81220245361328,17.8591251373291
1196226000,44.527801513671875,17.958921432495117
1196312400,44.16999435424805,17.90189552307129
1196398800,44.53931427001953,17.705163955688477
1196658000,44.19306564331055,17.733686447143555
1196744400,44.23347854614258,17.890493392944336
1196830800,44.23056411743164,17.976022720336914
1196917200,44.671295166015625,17.981727600097656
1197003600,44.653907775878906,18.004541397094727
1197262800,44.816287994384766,18.038745880126953
1197349200,44.352359771728516,17.953214645385742
1197435600,45.28602600097656,18.181303024291992
1197522000,45.63396453857422,18.272539138793945
1197608400,45.500606536865234,18.192705154418945
1197867600,44.86848831176758,17.81066131591797
1197954000,44.66551208496094,17.73938751220703
1198040400,44.53213119506836,17.919002532958984
1198126800,44.358154296875,17.75649642944336
1198213200,44.85689163208008,17.981727600097656
1198472400,45.06564712524414,18.021636962890625
1198645200,44.816287994384766,17.96462059020996
1198731600,44.47994613647461,17.76219367980957
1198818000,44.671295166015625,17.753644943237305
1199077200,44.01600646972656,17.49704933166504
1199250000,43.66223907470703,17.41720962524414
1199336400,43.94641876220703,17.599681854248047
1199422800,43.81303024291992,17.633892059326172
1199682000,44.83950424194336,18.050148010253906
1199768400,45.19903564453125,18.124284744262695
1199854800,45.6629753112793,18.608957290649414
1199941200,46.14432144165039,18.69164276123047
1200027600,45.10626220703125,18.181303024291992
1200286800,44.60750961303711,18.332406997680664
1200373200,43.39547348022461,18.13568115234375
1200459600,42.647396087646484,17.861974716186523
1200546000,41.81230926513672,17.688058853149414
1200632400,41.441139221191406,17.31742286682129
1200978000,40.26970291137695,16.761470794677734
1201064400,40.88441848754883,16.784273147583008
1201150800,40.43789291381836,17.072235107421875
1201237200,39.96814727783203,16.653121948242188
1201496400,40.751041412353516,16.938234329223633
1201582800,39.799964904785156,16.693035125732422
1201669200,39.080875396728516,16.47065544128418
1201755600,39.4636344909668,16.821340560913086
1201842000,39.91597366333008,16.895465850830078
1202101200,40.14212417602539,16.71584701538086
1202187600,39.40562057495117,16.365169525146484
1202274000,38.69811248779297,16.45354652404785
1202360400,40.83222961425781,16.664531707763672
1202446800,40.48427200317383,16.892620086669922
1202706000,41.15119171142578,16.963891983032227
1202792400,41.731109619140625,17.083637237548828
1202878800,41.539756774902344,16.932531356811523
1202965200,41.50495147705078,16.693035125732422
1203051600,41.59772491455078,16.752912521362305
1203397200,41.25558090209961,16.56474494934082
1203483600,41.243980407714844,16.601804733276367
1203570000,41.220787048339844,16.53337860107422
1203656400,41.394752502441406,16.610361099243164
1203915600,41.51654052734375,16.755760192871094
1204002000,41.36577224731445,16.9696044921875
1204088400,41.290367126464844,17.12070655822754
1204174800,41.20918273925781,16.952478408813477
1204261200,40.33930587768555,16.667377471923828
1204520400,40.69305419921875,16.827043533325195
1204606800,40.617645263671875,16.92681884765625
1204693200,40.976234436035156,17.015214920043945
1204779600,40.882938385009766,16.849843978881836
1204866000,40.57394027709961,16.778573989868164
1205121600,40.241600036621094,16.72440528869629
1205208000,40.7838249206543,16.955345153808594
1205294400,40.556434631347656,16.984033584594727
1205380800,40.36989212036133,16.90943145751953
1205467200,39.90925598144531,16.50771141052246
1205726400,40.31740951538086,16.553619384765625
1205812800,40.82463455200195,17.047161102294922
1205899200,40.917930603027344,17.20497703552246
1205985600,41.50680160522461,17.514869689941406
1206331200,41.658390045166016,17.555051803588867
1206417600,41.71086883544922,17.621047973632812
1206504000,41.48932647705078,17.54644012451172
1206590400,41.50680160522461,17.592348098754883
1206676800,41.72252655029297,17.486181259155273
1206936000,42.09568405151367,17.46609878540039
1207022400,42.05486297607422,17.629653930664062
1207108800,41.64091110229492,17.348451614379883
1207195200,41.62924575805664,17.37714385986328
1207281600,41.70502471923828,17.288192749023438
1207540800,41.8974494934082,17.322629928588867
1207627200,41.55928421020508,17.362794876098633
1207713600,41.37852096557617,17.440265655517578
1207800000,41.80415344238281,17.598085403442383
1207886400,41.62924575805664,17.299665451049805
1208145600,41.36688995361328,17.50339698791504
1208232000,41.5242919921875,17.486181259155273
1208318400,41.46016311645508,17.54644012451172
1208404800,41.26192855834961,17.41158103942871
1208491200,41.16280746459961,17.24802017211914
1208750400,40.75467300415039,17.316883087158203
1208836800,40.288246154785156,17.184894561767578
1208923200,40.340702056884766,17.30828094482422
1209009600,39.646888732910156,17.288192749023438
1209096000,39.42533874511719,17.02420425415039
1209355200,39.74018859863281,16.923778533935547
1209441600,39.763519287109375,16.84917640686035
1209528000,39.955894470214844,16.892210006713867
1209614400,39.93840789794922,16.955337524414062
1209700800,40.288246154785156,16.863515853881836
1209960000,39.97923278808594,16.75161361694336
1210046400,39.97923278808594,16.720041275024414
1210132800,39.65272521972656,16.364242553710938
1210219200,39.378684997558594,16.151901245117188
1210305600,39.361209869384766,16.111736297607422
1210564800,39.267921447753906,16.183469772338867
1210651200,39.20960998535156,16.212160110473633
1210737600,39.12216567993164,16.223642349243164
1210824000,39.68772506713867,16.358505249023438
1210910400,39.57110595703125,16.375717163085938
1211169600,39.66438293457031,16.504837036132812
1211256000,39.332061767578125,16.381460189819336
1211342400,39.22126388549805,16.255205154418945
1211428800,39.86845016479492,16.720041275024414
1211515200,39.79849624633789,16.823347091674805
1211860800,40.23576736450195,16.811870574951172
1211947200,39.60609436035156,16.481891632080078
1212033600,40.130828857421875,16.60527229309082
1212120000,39.82182312011719,16.430238723754883
1212379200,39.384521484375,16.355634689331055
1212465600,39.093021392822266,16.183469772338867
1212552000,39.11941909790039,16.269550323486328
1212638400,39.48319625854492,16.41014862060547
1212724800,38.44462585449219,16.011301040649414
1212984000,38.35662841796875,16.02852439880371
1213070400,39.653358459472656,16.645448684692383
1213156800,39.600555419921875,16.50391387939453
1213243200,39.87046813964844,16.50391387939453
1213329600,39.62989044189453,16.007122039794922
1213588800,38.749752044677734,15.64897632598877
1213675200,38.650001525878906,15.585429191589355
1213761600,38.174713134765625,15.354363441467285
1213848000,38.661746978759766,15.412132263183594
1213934400,38.186458587646484,15.498777389526367
1214193600,37.92241287231445,15.383252143859863
1214280000,37.56448745727539,15.415013313293457
1214366400,38.44462585449219,15.625858306884766
1214452800,38.00455856323242,15.371685981750488
1214539200,37.51169204711914,14.973095893859863
1214798400,37.31218338012695,15.013537406921387
1214884800,37.78746032714844,14.730483055114746
1214971200,38.58546447753906,14.83735179901123
1215057600,39.178096771240234,14.869125366210938
1215403200,39.090087890625,14.814247131347656
1215489600,38.626522064208984,14.86623477935791
1215576000,38.34487533569336,14.698707580566406
1215662400,38.48569869995117,14.45319938659668
1215748800,37.940025329589844,14.51963996887207
1216008000,38.08671188354492,14.718928337097168
1216094400,38.47397232055664,14.958662033081055
1216180800,38.77908706665039,15.117517471313477
1216267200,38.450496673583984,14.5398530960083
1216353600,38.380096435546875,14.45031452178955
1216612800,37.81679153442383,14.326116561889648
1216699200,38.8377685546875,14.831573486328125
1216785600,39.73551559448242,15.163728713989258
1216872000,39.547752380371094,14.97887897491455
1216958400,39.44211959838867,15.036642074584961
1217217600,39.14287185668945,14.773815155029297
1217304000,39.30131530761719,14.89511775970459
1217390400,39.26021957397461,14.820022583007812
1217476800,39.05485534667969,14.874897003173828
1217563200,39.09592819213867,15.348588943481445
1217822400,39.7061767578125,15.568097114562988
1217908800,40.20491027832031,15.859821319580078
1217995200,40.2166633605957,15.98979663848877
1218081600,39.87046813964844,15.599867820739746
1218168000,40.691925048828125,16.00423812866211
1218427200,40.64499282836914,15.986903190612793
1218513600,40.85036087036133,15.825164794921875
1218600000,40.920772552490234,15.94647216796875
1218686400,41.03813934326172,15.89159107208252
1218772800,41.190670013427734,15.903143882751465
1219032000,40.961849212646484,15.692296981811523
1219118400,41.13199996948242,15.692296981811523
1219204800,40.985313415527344,15.698068618774414
1219291200,40.715423583984375,15.455451011657715
1219377600,41.014644622802734,15.703850746154785
1219636800,40.51590347290039,15.472783088684082
1219723200,40.310523986816406,15.458342552185059
1219809600,40.603919982910156,15.53632640838623
1219896000,40.59804153442383,15.342812538146973
1219982400,40.181461334228516,15.039529800415039
1220328000,40.7564697265625,15.007762908935547
1220414400,40.84798049926758,14.92110824584961
1220500800,40.37569046020508,14.935555458068848
1220587200,40.6885986328125,14.999099731445312
1220846400,41.526912689208984,15.417903900146484
1220932800,41.91656494140625,15.562323570251465
1221019200,42.40657424926758,15.542102813720703
1221105600,42.87297058105469,15.75153923034668
1221192000,43.185855865478516,15.85334300994873
1221451200,42.713558197021484,15.926071166992188
1221537600,43.08550262451172,15.955160140991211
1221624000,42.317996978759766,15.31811809539795
1221710400,43.233089447021484,15.53046703338623
1221796800,43.20948028564453,15.335566520690918
1222056000,41.96379089355469,14.945783615112305
1222142400,41.76896286010742,14.742171287536621
1222228800,41.38522720336914,14.599627494812012
1222315200,42.093692779541016,14.969051361083984
1222401600,42.33574295043945,15.265755653381348
1222660800,41.12546920776367,14.843976020812988
1222747200,42.07595443725586,15.382109642028809
1222833600,42.29439926147461,15.754446029663086
1222920000,41.863433837890625,15.591553688049316
1223006400,40.735801696777344,15.291940689086914
1223265600,39.342529296875,14.811975479125977
1223352000,38.44517517089844,14.340734481811523
1223438400,37.553688049316406,13.7909574508667
1223524800,35.139076232910156,12.595417022705078
1223611200,34.123619079589844,12.071818351745605
1223870400,36.46741485595703,13.747332572937012
1223956800,32.11635208129883,12.72049617767334
1224043200,30.256677627563477,12.860122680664062
1224129600,31.337051391601562,13.316819190979004
1224216000,31.809362411499023,12.857211112976074
1224475200,33.50962829589844,13.514617919921875
1224561600,32.4705696105957,13.389540672302246
1224648000,31.66766929626465,13.200461387634277
1224734400,31.573205947875977,12.525601387023926
1224820800,30.55775260925293,12.10382080078125
1225080000,30.398372650146484,11.929289817810059
1225166400,32.96059799194336,13.162643432617188
1225252800,32.4705696105957,12.755400657653809
1225339200,33.69856262207031,12.991022109985352
1225425600,33.65721893310547,12.816492080688477
1225688400,33.92880630493164,13.220823287963867
1225774800,34.44240951538086,13.389540672302246
1225861200,33.65721893310547,13.011384010314941
1225947600,32.38201904296875,12.941569328308105
1226034000,32.68311309814453,13.453532218933105
1226293200,32.24033737182617,13.351720809936523
1226379600,32.51780319213867,12.927026748657227
1226466000,31.34886360168457,12.749585151672363
1226552400,32.81888961791992,13.46225643157959
1226638800,31.596820831298828,13.095745086669922
1226898000,31.27212142944336,12.79030990600586
1226984400,31.372478485107422,12.650687217712402
1227070800,30.758485794067383,12.29580020904541
1227157200,29.689910888671875,11.946738243103027
1227243600,32.228519439697266,12.79903793334961
1227502800,32.860225677490234,13.156826972961426
1227589200,31.880203247070312,13.110281944274902
1227675600,32.42926788330078,13.312701225280762
1227848400,33.474212646484375,13.749812126159668
1228107600,31.66766929626465,13.004680633544922
1228194000,32.145877838134766,12.887333869934082
1228280400,32.17860412597656,13.535653114318848
1228366800,31.137313842773438,13.127887725830078
1228453200,31.756118774414062,13.48872184753418
1228712400,31.89298439025879,13.48872184753418
1228798800,31.101625442504883,13.151354789733887
1228885200,31.541913986206055,13.292169570922852
1228971600,31.36343002319336,12.972405433654785
1229058000,30.958799362182617,13.075080871582031
1229317200,31.19084930419922,13.19243049621582
1229403600,32.255943298339844,13.62952995300293
1229490000,32.32735824584961,13.342042922973633
1229576400,32.5534553527832,13.254033088684082
1229662800,32.184547424316406,13.034014701843262
1229922000,31.982236862182617,13.101482391357422
1230008400,32.23214340209961,12.899063110351562
1230094800,32.452308654785156,12.937203407287598
1230267600,32.464202880859375,13.07801342010498
1230526800,32.17264938354492,13.028149604797363
1230613200,32.65461349487305,13.180697441101074
1230699600,32.58916091918945,13.280433654785156
1230872400,33.30317306518555,13.465249061584473
1231131600,33.08302307128906,13.330309867858887
1231218000,33.142547607421875,13.116156578063965
1231304400,32.0655403137207,13.180697441101074
1231390800,31.68472671508789,13.271635055541992
1231477200,31.280122756958008,13.083885192871094
1231736400,30.57799530029297,12.828657150268555
1231822800,31.077823638916016,12.913736343383789
1231909200,30.40542984008789,12.503029823303223
1231995600,30.0662841796875,12.720118522644043
1232082000,30.56610107421875,12.860932350158691
1232427600,30.00678253173828,12.579301834106445
1232514000,30.012725830078125,12.699580192565918
1232600400,29.959171295166016,12.64970588684082
1232686800,30.119829177856445,12.379817008972168
1232946000,30.595848083496094,12.623310089111328
1233032400,30.72675132751465,12.711318016052246
1233118800,30.96476936340332,12.866801261901855
1233205200,30.75055694580078,12.775851249694824
1233291600,29.887765884399414,12.532364845275879
1233550800,29.828277587890625,12.391551971435547
1233637200,30.655349731445312,12.708380699157715
1233723600,30.637500762939453,12.438490867614746
1233810000,31.149208068847656,12.523560523986816
1233896400,31.851333618164062,12.775851249694824
1234155600,30.6018123626709,12.412090301513672
1234242000,29.471267700195312,11.930976867675781
1234328400,30.113882064819336,12.106986999511719
1234414800,30.940956115722656,13.02227783203125
1234501200,31.280122756958008,12.863859176635742
1234846800,30.8338623046875,12.497159004211426
1234933200,30.661304473876953,12.520628929138184
1235019600,31.059961318969727,12.702518463134766
1235106000,30.613697052001953,12.567570686340332
1235365200,29.846118927001953,12.347546577453613
1235451600,30.75055694580078,12.63210678100586
1235538000,30.17933464050293,12.4296875
1235624400,29.405826568603516,12.048321723937988
1235710800,28.64419174194336,11.983782768249512
1235970000,27.876619338989258,11.643479347229004
1236056400,28.840553283691406,11.391193389892578
1236142800,28.573423385620117,11.655220985412598
1236229200,27.59494972229004,11.103700637817383
1236315600,28.273277282714844,11.4704008102417
1236571200,27.49891471862793,11.36772632598877
1236657600,27.973133087158203,11.488000869750977
1236744000,28.46537208557129,11.731107711791992
1236830400,28.98761558532715,12.107612609863281
1236916800,29.185718536376953,12.220268249511719
1237176000,29.251731872558594,12.235085487365723
1237262400,29.563894271850586,12.288454055786133
1237348800,29.695940017700195,12.347749710083008
1237435200,29.407814025878906,12.50486946105957
1237521600,30.026094436645508,12.641246795654297
1237780800,30.99256706237793,13.085945129394531
1237867200,30.932514190673828,13.050365447998047
1237953600,31.496788024902344,13.266788482666016
1238040000,31.910987854003906,13.296433448791504
1238126400,31.44877052307129,13.370550155639648
1238385600,31.088590621948242,13.020722389221191
1238472000,30.902503967285156,13.02961540222168
1238558400,31.346717834472656,13.299399375915527
1238644800,31.730911254882812,13.441703796386719
1238731200,31.62885284423828,13.332015037536621
1238990400,31.616849899291992,13.33794116973877
1239076800,31.36473846435547,13.228241920471191
1239163200,31.38274383544922,13.33794116973877
1239249600,31.274677276611328,13.33794116973877
1239595200,30.908523559570312,13.260858535766602
1239681600,30.350261688232422,13.106695175170898
1239768000,31.23867416381836,13.349798202514648
1239854400,31.19064712524414,13.370550155639648
1239940800,31.29269027709961,13.346837043762207
1240200000,29.930057525634766,13.142271995544434
1240286400,29.62391471862793,12.774654388427734
1240372800,28.801530838012695,12.727221488952637
1240459200,28.747495651245117,12.724259376525879
1240545600,29.125682830810547,12.685713768005371
1240804800,29.479841232299805,12.522666931152344
1240891200,30.038108825683594,12.534521102905273
1240977600,30.284215927124023,12.662003517150879
1241064000,29.870033264160156,12.762797355651855
1241150400,29.888038635253906,12.590848922729492
1241409600,29.473844528198242,12.798373222351074
1241496000,29.852014541625977,12.789484024047852
1241582400,29.846010208129883,12.730184555053711
1241668800,29.707944869995117,12.68868637084961
1241755200,29.864032745361328,12.724259376525879
1242014400,29.761987686157227,12.673858642578125
1242100800,29.575899124145508,13.163026809692383
1242187200,29.809995651245117,12.9347505569458
1242273600,30.53633689880371,13.311260223388672
1242360000,30.2061824798584,13.329045295715332
1242619200,30.716432571411133,13.658124923706055
1242705600,30.980554580688477,13.827105522155762
1242792000,31.25067138671875,13.933828353881836
1242878400,30.908523559570312,13.838964462280273
1242964800,30.956527709960938,14.0227689743042
1243310400,30.78245735168457,13.996088981628418
1243396800,30.02009391784668,13.824138641357422
1243483200,30.62639045715332,13.904187202453613
1243569600,31.244680404663086,14.574197769165039
1243828800,31.89298439025879,14.532697677612305
1243915200,33.237613677978516,14.722426414489746
1244001600,32.84421920776367,14.55344295501709
1244088000,33.17707443237305,14.752073287963867
1244174400,33.213409423828125,14.657209396362305
1244433600,32.77161407470703,14.639422416687012
1244520000,32.366127014160156,14.55344295501709
1244606400,32.29351043701172,14.351845741271973
1244692800,32.057472229003906,14.52527141571045
1244779200,32.46900177001953,14.617955207824707
1245038400,32.00300216674805,14.384737014770508
1245124800,31.676191329956055,14.301020622253418
1245211200,32.057472229003906,14.330918312072754
1245297600,32.97737121582031,14.815296173095703
1245384000,32.62635803222656,14.59403133392334
1245643200,32.37217330932617,14.348858833312988
1245729600,32.0816764831543,14.292054176330566
1245816000,32.10588073730469,14.20235824584961
1245902400,32.67477035522461,14.307002067565918
1245988800,33.10446548461914,14.390718460083008
1246248000,33.18920135498047,14.438555717468262
1246334400,33.26180648803711,14.348858833312988
1246420800,34.2059326171875,14.704663276672363
1246507200,34.10305404663086,14.61496639251709
1246852800,34.575111389160156,14.650848388671875
1246939200,33.8912239074707,14.543204307556152
1247025600,33.19524383544922,14.504339218139648
1247112000,33.09234619140625,14.56413745880127
1247198400,33.110511779785156,14.444541931152344
1247457600,33.6915168762207,14.665796279907227
1247544000,33.94569396972656,14.737554550170898
1247630400,34.66587829589844,15.108311653137207
1247716800,34.65377426147461,15.186051368713379
1247803200,34.2906608581543,15.04552173614502
1248062400,33.93962478637695,15.25780963897705
1248148800,34.13330841064453,15.054484367370605
1248235200,33.82465362548828,14.689712524414062
1248321600,34.193817138671875,14.704663276672363
1248408000,34.13935852050781,14.758488655090332
1248667200,34.09700393676758,14.806327819824219
1248753600,33.87308120727539,14.76745319366455
1248840000,34.09093475341797,14.734569549560547
1248926400,34.25434875488281,14.85116958618164
1249012800,34.345130920410156,14.902009963989258
1249272000,34.012264251708984,14.830242156982422
1249358400,35.74313735961914,14.800344467163086
1249444800,35.3376579284668,14.701672554016113
1249531200,34.99874496459961,14.76745319366455
1249617600,34.94426727294922,14.752509117126465
1249876800,34.74455261230469,14.782402038574219
1249963200,34.441951751708984,14.662806510925293
1250049600,34.302764892578125,14.489384651184082
1250136000,34.18777847290039,14.387731552124023
1250222400,34.23012924194336,14.492376327514648
1250481600,34.000160217285156,14.561145782470703
1250568000,34.036476135253906,14.5342378616333
1250654400,34.16357421875,14.758488655090332
1250740800,34.39959716796875,14.776423454284668
1250827200,34.792972564697266,14.922931671142578
1251086400,34.768768310546875,14.66878890991211
1251172800,34.67194366455078,14.573114395141602
1251259200,35.02900314331055,14.704663276672363
1251345600,34.95637512207031,14.782402038574219
1251432000,34.35116958618164,14.66878890991211
1251691200,34.296688079833984,14.582076072692871
1251777600,34.04252624511719,14.510318756103516
1251864000,34.37807846069336,14.890047073364258
1251950400,34.55498123168945,14.824265480041504
1252036800,35.104061126708984,14.934895515441895
1252382400,35.55552291870117,15.072430610656738
1252468800,35.409114837646484,15.138208389282227
1252555200,35.299285888671875,15.123257637023926
1252641600,35.878875732421875,15.527189254760742
1252900800,35.8117561340332,15.723128318786621
1252987200,35.561649322509766,15.810539245605469
1253073600,35.59212875366211,15.876863479614258
1253160000,35.872772216796875,16.102937698364258
1253246400,36.51945877075195,16.20543098449707
1253505600,36.006988525390625,15.976343154907227
1253592000,35.738548278808594,15.93111515045166
1253678400,35.67144012451172,15.849736213684082
1253764800,35.71415710449219,15.777393341064453
1253851200,35.799556732177734,15.967293739318848
1254110400,36.013099670410156,16.015527725219727
1254196800,35.69585418701172,16.069787979125977
1254283200,35.78736114501953,16.18734359741211
1254369600,35.665340423583984,16.012510299682617
1254456000,37.1539421081543,16.238582611083984
1254715200,37.12342834472656,16.217487335205078
1254801600,37.13562774658203,16.37424087524414
1254888000,37.318641662597656,16.521944046020508
1254974400,36.842796325683594,16.455629348754883
1255060800,36.96480941772461,16.473718643188477
1255320000,37.166141510009766,16.51592445373535
1255406400,36.97092056274414,16.5189266204834
1255492800,37.59319305419922,16.530990600585938
1255579200,38.23989486694336,16.55510139465332
1255665600,38.00196838378906,16.582233428955078
1255924800,37.85554122924805,16.51592445373535
1256011200,37.568790435791016,16.298887252807617
1256097600,37.7274169921875,16.298887252807617
1256184000,37.51998519897461,16.3229923248291
1256270400,37.233253479003906,16.048681259155273
1256529600,36.891605377197266,16.04566764831543
1256616000,37.21493911743164,16.11499786376953
1256702400,37.20885467529297,16.130075454711914
1256788800,37.4528694152832,16.304906845092773
1256875200,36.94041442871094,16.069787979125977
1257138000,36.97092056274414,16.193374633789062
1257224400,36.64146423339844,16.012510299682617
1257310800,36.836692810058594,16.12404441833496
1257397200,37.35527038574219,16.39835548400879
1257483600,37.67860794067383,16.42548370361328
1257742800,37.995845794677734,16.72390365600586
1257829200,37.87382888793945,16.823383331298828
1257915600,38.19108581542969,16.91983985900879
1258002000,37.37968063354492,16.862571716308594
1258088400,37.78843307495117,17.019317626953125
1258347600,38.087364196777344,17.103723526000977
1258434000,38.19108581542969,17.142913818359375
1258520400,38.008060455322266,17.05548858642578
1258606800,37.751827239990234,17.145923614501953
1258693200,37.87382888793945,17.326791763305664
1258952400,38.12397003173828,17.55588150024414
1259038800,38.13006591796875,17.540803909301758
1259125200,38.55103302001953,17.51669692993164
1259298000,38.008060455322266,17.35883903503418
1259557200,37.95925521850586,17.364904403686523
1259643600,38.965877532958984,17.632062911987305
1259730000,39.10719680786133,17.59562873840332
1259816400,38.560367584228516,17.38614845275879
1259902800,39.230079650878906,17.45294952392578
1260162000,39.46355438232422,17.568302154541016
1260248400,39.00272750854492,17.510622024536133
1260334800,37.97053146362305,17.55615997314453
1260421200,37.99510192871094,17.783851623535156
1260507600,37.644893646240234,17.944747924804688
1260766800,37.46672821044922,17.923494338989258
1260853200,37.47285842895508,17.929569244384766
1260939600,37.28239822387695,17.735275268554688
1261026000,36.889183044433594,17.298114776611328
1261112400,36.54511260986328,17.279903411865234
1261371600,37.15951156616211,17.35883903503418
1261458000,37.25169372558594,17.38614845275879
1261544400,37.28239822387695,17.39222526550293
1261630800,37.45442199707031,17.437761306762695
1261976400,37.57731246948242,17.437761306762695
1262062800,37.54045486450195,17.528837203979492
1262149200,37.66947555541992,17.510622024536133
1262235600,37.35613250732422,17.304189682006836
1262581200,37.626468658447266,17.31633186340332
1262667600,38.08113098144531,17.106861114501953
1262754000,37.7002067565918,17.10079002380371
1262840400,37.4605827331543,17.058292388916016
1262926800,37.337703704833984,16.74256706237793
1263186000,37.2946891784668,17.08257293701172
1263272400,37.81693649291992,17.267757415771484
1263358800,38.12415313720703,17.313289642333984
1263445200,38.58494567871094,17.343660354614258
1263531600,38.27159118652344,17.088645935058594
1263877200,38.296165466308594,17.128108978271484
1263963600,38.062705993652344,16.848817825317383
1264050000,37.442134857177734,16.505767822265625
1264136400,37.104217529296875,16.466299057006836
1264395600,37.00592041015625,16.499696731567383
1264482000,37.0181999206543,16.43593978881836
1264568400,37.04277420043945,16.54827117919922
1264654800,36.704864501953125,16.448091506958008
1264741200,36.63113784790039,16.469343185424805
1265000400,37.2946891784668,16.508804321289062
1265086800,37.5711669921875,16.712209701538086
1265173200,37.657196044921875,16.65755844116211
1265259600,36.64341354370117,16.220401763916016
1265346000,36.56353759765625,16.117177963256836
1265605200,36.22561264038086,15.983604431152344
1265691600,36.89533233642578,16.396474838256836
1265778000,37.09809112548828,16.32969093322754
1265864400,37.595741271972656,16.46023178100586
1265950800,37.42985534667969,16.38737678527832
1266296400,37.66947555541992,16.642379760742188
1266382800,38.16099548339844,16.79720115661621
1266469200,38.4190673828125,16.97328758239746
1266555600,38.49892807006836,16.915597915649414
1266814800,38.345333099365234,16.81238555908203
1266901200,37.958248138427734,16.645418167114258
1266987600,38.1425666809082,16.745601654052734
1267074000,38.277740478515625,16.12628746032715
1267160400,38.38219451904297,16.004854202270508
1267419600,38.972023010253906,16.171833038330078
1267506000,39.19935607910156,16.180932998657227
1267592400,39.58918762207031,16.372190475463867
1267678800,39.669620513916016,16.5361270904541
1267765200,39.830501556396484,16.60594940185547
1268024400,39.69438552856445,16.53308868408203
1268110800,39.82432556152344,16.448091506958008
1268197200,39.86764144897461,16.45415687561035
1268283600,40.20177459716797,16.405187606811523
1268370000,40.28220748901367,16.32866859436035
1268625600,40.93193054199219,16.420495986938477
1268712000,40.882423400878906,16.435792922973633
1268798400,41.19181442260742,16.478641510009766
1268884800,41.16086959838867,16.512311935424805
1268971200,41.18560791015625,16.757165908813477
1269230400,41.03091812133789,16.692893981933594
1269316800,41.371253967285156,16.925504684448242
1269403200,40.99998474121094,16.717376708984375
1269489600,41.17943572998047,16.772462844848633
1269576000,41.20418167114258,16.726560592651367
1269835200,41.17943572998047,16.763286590576172
1269921600,41.31557846069336,16.79388999938965
1270008000,40.938106536865234,16.83368492126465
1270094400,41.25988006591797,16.925504684448242
1270440000,40.826744079589844,16.79083824157715
1270526400,41.08043670654297,16.616378784179688
1270612800,40.83292007446289,16.47252082824707
1270699200,40.820556640625,16.454158782958984
1270785600,41.06186294555664,16.70819664001465
1271044800,41.03712844848633,16.760223388671875
1271131200,41.08043670654297,16.83980369567871
1271217600,41.0185546875,16.818382263183594
1271304000,41.00616455078125,16.607194900512695
1271390400,40.92573165893555,16.824495315551758
1271649600,40.913368225097656,16.93161964416504
1271736000,40.777244567871094,16.671463012695312
1271822400,40.826744079589844,16.585763931274414
1271908800,40.071834564208984,16.62250328063965
1271995200,40.0408935546875,16.490888595581055
1272254400,40.23271942138672,16.44498062133789
1272340800,39.7438850402832,16.1817569732666
1272427200,40.06563949584961,16.33173179626465
1272513600,40.34408950805664,16.448047637939453
1272600000,40.356468200683594,16.359283447265625
1272859200,40.64728927612305,16.454158782958984
1272945600,40.48641586303711,16.276634216308594
1273032000,40.34408950805664,16.423551559448242
1273118400,40.03470993041992,16.007299423217773
1273204800,39.95426940917969,16.120546340942383
1273464000,41.09281921386719,16.539857864379883
1273550400,41.17943572998047,16.40825080871582
1273636800,41.4207649230957,16.533733367919922
1273723200,41.13612747192383,16.371522903442383
1273809600,40.882423400878906,16.325611114501953
1274068800,41.30319595336914,16.347026824951172
1274155200,41.16706085205078,16.25215721130371
1274241600,40.863861083984375,16.25827980041504
1274328000,39.51493835449219,15.774688720703125
1274414400,39.3416748046875,15.789992332458496
1274673600,39.180782318115234,15.750210762023926
1274760000,38.91472244262695,15.493106842041016
1274846400,37.88756561279297,15.327831268310547
1274932800,38.92091369628906,15.679814338684082
1275019200,38.91472244262695,15.731842994689941
1275364800,38.83427047729492,15.698175430297852
1275451200,39.570064544677734,16.040966033935547
1275537600,39.513946533203125,16.145034790039062
1275624000,38.310508728027344,15.692051887512207
1275883200,38.491329193115234,15.548211097717285
1275969600,39.06498336791992,15.780816078186035
1276056000,38.96522521972656,15.716537475585938
1276142400,39.807010650634766,16.05320930480957
1276228800,39.63242721557617,15.942097663879395
1276488000,39.81324768066406,15.898880958557129
1276574400,40.05643081665039,16.105684280395508
1276660800,39.85066604614258,16.173585891723633
1276747200,40.212310791015625,16.161239624023438
1276833600,39.956661224365234,16.145811080932617
1277092800,39.919246673583984,16.19828224182129
1277179200,39.47029495239258,16.192108154296875
1277265600,39.11488342285156,16.124197006225586
1277352000,38.90909957885742,15.98838996887207
1277438400,37.89273452758789,15.51306438446045
1277697600,38.63474655151367,15.76616096496582
1277784000,38.1795654296875,15.53467082977295
1277870400,38.00495910644531,15.469847679138184
1277956800,38.36039352416992,15.442072868347168
1278043200,38.36661911010742,15.448246955871582
1278388800,38.435218811035156,15.565535545349121
1278475200,39.239585876464844,15.886541366577148
1278561600,39.90678024291992,16.179763793945312
1278648000,39.595008850097656,16.173585891723633
1278907200,39.7446403503418,16.18901824951172
1278993600,39.551361083984375,16.272357940673828
1279080000,39.63242721557617,16.303226470947266
1279166400,39.382991790771484,16.312480926513672
1279252800,38.94028091430664,16.164323806762695
1279512000,38.690860748291016,16.133460998535156
1279598400,40.361961364746094,16.432857513427734
1279684800,39.875606536865234,16.6921329498291
1279771200,40.037715911865234,16.74769401550293
1279857600,40.187374114990234,16.8989315032959
1280116800,40.517852783203125,16.957569122314453
1280203200,40.96056365966797,16.991525650024414
1280289600,40.6550178527832,16.939058303833008
1280376000,40.46172332763672,16.97300910949707
1280462400,40.47419738769531,17.01004409790039
1280721600,40.698665618896484,17.411296844482422
1280808000,41.010433197021484,17.40204429626465
1280894400,41.259864807128906,17.454513549804688
1280980800,40.89197540283203,17.398954391479492
1281067200,41.09151077270508,17.516237258911133
1281326400,41.41575622558594,17.627355575561523
1281412800,41.48432922363281,17.58723258972168
1281499200,40.81090545654297,17.29709815979004
1281585600,40.642547607421875,17.18907356262207
1281672000,40.87948989868164,17.201416015625
1281931200,40.79844665527344,17.247716903686523
1282017600,40.87327575683594,17.32179069519043
1282104000,40.85456848144531,17.23535919189453
1282190400,40.31832504272461,17.062519073486328
1282276800,40.40562438964844,17.068695068359375
1282536000,40.41807174682617,17.161291122436523
1282622400,40.39314270019531,17.179811477661133
1282708800,40.2621955871582,17.096466064453125
1282795200,39.98784255981445,17.025484085083008
1282881600,39.981605529785156,17.334135055541992
1283140800,39.65736770629883,17.14586067199707
1283227200,40.019012451171875,17.247716903686523
1283313600,40.7666130065918,17.689096450805664
1283400000,40.81688690185547,17.710702896118164
1283486400,41.19382095336914,17.76624870300293
1283832000,41.13730239868164,17.787858963012695
1283918400,41.105873107910156,17.849590301513672
1284004800,41.52680206298828,17.99156951904297
1284091200,41.721553802490234,18.06256866455078
1284350400,41.62102508544922,18.047019958496094
1284436800,41.451416015625,17.910179138183594
1284523200,41.7780876159668,17.857301712036133
1284609600,41.84722137451172,17.88529396057129
1284696000,41.53935241699219,17.90084457397461
1284955200,42.02310562133789,18.02835464477539
1285041600,41.75296401977539,18.071901321411133
1285128000,41.87860870361328,18.109214782714844
1285214400,41.332035064697266,17.99725341796875
1285300800,41.5456428527832,18.230499267578125
1285560000,41.69640350341797,18.224287033081055
1285646400,41.95399856567383,18.379783630371094
1285732800,41.935150146484375,18.2740421295166
1285819200,41.74040985107422,18.19940185546875
1285905600,42.09220886230469,18.385997772216797
1286164800,42.01053237915039,18.31136131286621
1286251200,42.569671630859375,18.553924560546875
1286337600,42.78955841064453,18.597475051879883
1286424000,41.52680206298828,18.485515594482422
1286510400,41.30691146850586,18.47618865966797
1286769600,41.162418365478516,18.522836685180664
1286856000,41.51424026489258,18.535280227661133
1286942400,41.71525192260742,18.64101219177246
1287028800,41.866058349609375,18.631677627563477
1287115200,41.89118194580078,18.64101219177246
1287374400,41.7780876159668,18.65967559814453
1287460800,41.09331130981445,18.765419006347656
1287547200,40.81688690185547,19.017316818237305
1287633600,40.94880676269531,19.11682891845703
1287720000,40.84202575683594,19.16037368774414
1287979200,40.867130279541016,18.97377586364746
1288065600,40.703792572021484,19.04530906677246
1288152000,40.37710189819336,19.02975845336914
1288238400,40.84202575683594,19.035974502563477
1288324800,41.024208068847656,19.070192337036133
1288584000,41.181270599365234,19.191478729248047
1288670400,41.338321685791016,19.238121032714844
1288756800,40.96136474609375,19.26611328125
1288843200,41.05561447143555,19.421611785888672
1288929600,40.885990142822266,19.4620418548584
1289192400,40.90483093261719,19.424713134765625
1289278800,41.024208068847656,19.48069953918457
1289365200,40.9927864074707,19.45271110534668
1289451600,40.77290725708008,19.53045654296875
1289538000,40.609561920166016,19.56777572631836
1289797200,40.471343994140625,19.58022117614746
1289883600,40.23260498046875,19.306541442871094
1289970000,40.1697883605957,19.443374633789062
1290056400,40.69122314453125,19.853893280029297
1290142800,40.653533935546875,20.003170013427734
1290402000,40.64725112915039,19.987613677978516
1290488400,40.13838195800781,19.785470962524414
1290574800,40.414798736572266,20.09335708618164
1290747600,40.144657135009766,19.937862396240234
1291006800,40.213768005371094,19.85018539428711
1291093200,40.60328674316406,19.781286239624023
1291179600,41.540035247802734,20.26039695739746
1291266000,41.26786422729492,20.32302474975586
1291352400,41.24888229370117,20.197763442993164
1291611600,40.97038269042969,20.038063049316406
1291698000,40.938743591308594,20.08503532409668
1291784400,40.90709686279297,20.16332244873047
1291870800,40.96406936645508,20.30110740661621
1291957200,41.0779914855957,20.244741439819336
1292216400,41.47673797607422,20.307373046875
1292302800,41.51471710205078,20.009883880615234
1292389200,41.29318618774414,20.27292251586914
1292475600,41.61599349975586,20.460803985595703
1292562000,41.75523376464844,20.57353973388672
1292821200,41.97043228149414,20.451417922973633
1292907600,41.39445495605469,20.507780075073242
1292994000,41.571678161621094,20.539094924926758
1293080400,41.5780143737793,20.53596305847168
1293426000,41.407127380371094,20.376256942749023
1293512400,41.318504333496094,20.467069625854492
1293598800,41.35015106201172,20.49525260925293
1293685200,41.21722412109375,20.51091766357422
1293771600,41.35015106201172,20.595457077026367
1294030800,41.61599349975586,20.423236846923828
1294117200,41.40079116821289,20.000497817993164
1294203600,42.14765548706055,19.881500244140625
1294290000,42.305885314941406,19.737449645996094
1294376400,42.02106857299805,19.703001022338867
1294635600,41.805870056152344,19.746841430664062
1294722000,41.983097076416016,19.630985260009766
1294808400,42.236270904541016,19.740583419799805
1294894800,42.35019302368164,19.85331153869629
1294981200,42.267913818359375,19.768760681152344
1295326800,42.135009765625,19.878366470336914
1295413200,41.71092224121094,19.85957145690918
1295499600,41.71092224121094,19.706134796142578
1295586000,41.69194793701172,19.656024932861328
1295845200,41.88814926147461,19.80634880065918
1295931600,41.628639221191406,19.715530395507812
1296018000,41.68561935424805,19.715530395507812
1296104400,41.495723724365234,19.634111404418945
1296190800,40.761512756347656,19.480674743652344
1296450000,40.70454406738281,19.68108367919922
1296536400,41.17292022705078,19.74371337890625
1296622800,40.91975021362305,19.684215545654297
1296709200,40.62226867675781,19.593402862548828
1296795600,40.40707015991211,19.590274810791016
1297054800,40.305789947509766,19.577743530273438
1297141200,40.615936279296875,19.68734359741211
1297227600,40.774166107177734,19.775026321411133
1297314000,40.10325622558594,19.89715003967285
1297400400,40.426055908203125,19.90654754638672
1297659600,40.09058380126953,19.771892547607422
1297746000,40.7298698425293,19.787548065185547
1297832400,40.48301315307617,19.85331153869629
1297918800,40.95139694213867,20.213424682617188
1298005200,40.1348991394043,20.213424682617188
1298350800,39.970333099365234,19.966041564941406
1298437200,39.831092834472656,20.01301383972168
1298523600,39.89439010620117,20.003620147705078
1298610000,40.255165100097656,20.138273239135742
1298869200,40.141239166259766,20.01613998413086
1298955600,40.00831985473633,20.32615852355957
1299042000,40.142250061035156,20.17585563659668
1299128400,40.65885925292969,20.532833099365234
1299214800,40.43563461303711,20.420101165771484
1299474000,40.48028564453125,20.423236846923828
1299560400,40.68437194824219,20.554746627807617
1299646800,41.23286819458008,20.548484802246094
1299733200,41.092559814453125,20.445158004760742
1299819600,41.23286819458008,20.441997528076172
1300075200,40.907596588134766,20.167583465576172
1300161600,40.1869010925293,19.880563735961914
1300248000,39.74045181274414,19.42951774597168
1300334400,40.23153305053711,19.643999099731445
1300420800,40.33359146118164,19.776473999023438
1300680000,40.882083892822266,20.050886154174805
1300766400,40.780025482177734,20.031957626342773
1300852800,40.945865631103516,20.271678924560547
1300939200,40.945865631103516,20.40414810180664
1301025600,40.805538177490234,20.571319580078125
1301284800,41.03514862060547,20.51138687133789
1301371200,40.92034912109375,20.729022979736328
1301457600,41.48796081542969,20.8299617767334
1301544000,41.07979965209961,20.924585342407227
1301630400,41.59640121459961,21.2021427154541
1301889600,41.513492584228516,21.34093475341797
1301976000,41.82600021362305,21.28099822998047
1302062400,41.93442916870117,21.33146858215332
1302148800,42.042850494384766,21.27153778076172
1302235200,41.92165756225586,21.217910766601562
1302494400,42.11939239501953,21.25891876220703
1302580800,42.45741653442383,21.101213455200195
1302667200,42.38086700439453,21.221071243286133
1302753600,42.54033279418945,21.545948028564453
1302840000,42.80182647705078,21.451322555541992
1303099200,42.82733154296875,21.230527877807617
1303185600,42.61048126220703,21.16114044189453
1303272000,42.94214630126953,21.400856018066406
1303358400,42.99315643310547,21.410316467285156
1303704000,42.750797271728516,21.36615753173828
1303790400,43.18448257446289,21.110675811767578
1303876800,43.32480239868164,21.13275146484375
1303963200,44.4664306640625,21.26207733154297
1304049600,43.93707275390625,21.27784538269043
1304308800,44.20494079589844,21.359851837158203
1304395200,44.383522033691406,21.410316467285156
1304481600,44.53657913208008,21.27784538269043
1304568000,43.89882278442383,21.03813362121582
1304654400,44.179439544677734,21.101213455200195
1304913600,44.53022766113281,21.116989135742188
1305000000,44.66415023803711,21.2399959564209
1305086400,44.7725715637207,21.23369026184082
1305172800,45.257293701171875,21.545948028564453
1305259200,45.00215530395508,21.50494384765625
1305518400,45.104225158691406,21.394548416137695
1305604800,45.352962493896484,21.44501495361328
1305691200,45.455013275146484,21.542797088623047
1305777600,45.78026580810547,21.59326171875
1305864000,45.47415542602539,21.542797088623047
1306123200,45.308319091796875,21.287307739257812
1306209600,45.27005386352539,21.28099822998047
1306296000,44.932010650634766,21.1043758392334
1306382400,44.91288757324219,21.03813362121582
1306468800,44.90013885498047,20.97821044921875
1306814400,45.35934829711914,21.072824478149414
1306900800,45.15696716308594,21.057058334350586
1306987200,44.65586853027344,20.8299617767334
1307073600,44.30895233154297,20.669095993041992
1307332800,44.25755310058594,20.634401321411133
1307419200,44.28326416015625,20.565004348754883
1307505600,44.225433349609375,20.628087997436523
1307592000,44.65586853027344,20.78264808654785
1307678400,44.12907028198242,20.62493896484375
1307937600,44.366764068603516,20.68848419189453
1308024000,44.69443130493164,20.844154357910156
1308110400,43.9941520690918,20.640823364257812
1308196800,44.25755310058594,20.806018829345703
1308283200,44.14834213256836,20.847333908081055
1308542400,44.31538391113281,20.914043426513672
1308628800,44.28326416015625,21.050647735595703
1308715200,44.186885833740234,21.095129013061523
1308801600,43.67293930053711,20.64399528503418
1308888000,43.97488784790039,20.62811851501465
1309147200,44.360347747802734,20.717069625854492
1309233600,44.7265510559082,20.977577209472656
1309320000,44.94496154785156,21.193618774414062
1309406400,45.24692153930664,21.377885818481445
1309492800,45.092742919921875,21.632038116455078
1309838400,44.822898864746094,21.698760986328125
1309924800,45.07988739013672,21.77182388305664
1310011200,45.30472946166992,21.84172248840332
1310097600,44.92567825317383,21.81947898864746
1310356800,44.52095031738281,21.635217666625977
1310443200,44.33464813232422,21.55579376220703
1310529600,44.25755310058594,21.62250328063965
1310616000,44.07124328613281,21.49860191345215
1310702400,44.02627182006836,21.45412826538086
1310961600,43.685787200927734,21.323871612548828
1311048000,44.03269958496094,22.022811889648438
1311134400,44.000579833984375,21.879838943481445
1311220800,42.5101203918457,22.029159545898438
1311307200,42.246734619140625,22.15306282043457
1311566400,41.35374069213867,22.003755569458008
1311652800,41.1609992980957,21.981502532958984
1311739200,41.026100158691406,21.82265281677246
1311825600,41.04536437988281,21.86078453063965
1311912000,41.14174270629883,21.60662269592285
1312171200,41.026100158691406,21.517669677734375
1312257600,40.5892448425293,21.30799102783203
1312344000,41.42441177368164,21.730531692504883
1312430400,40.698455810546875,20.910869598388672
1312516800,41.54646682739258,21.212682723999023
1312776000,40.45433044433594,20.68848419189453
1312862400,40.53139877319336,21.184091567993164
1312948800,38.75187301635742,20.319948196411133
1313035200,40.39007568359375,21.117372512817383
1313121600,40.5892448425293,21.330228805541992
1313380800,40.83979034423828,21.66698455810547
1313467200,40.96186065673828,21.6574649810791
1313553600,41.514366149902344,22.01009750366211
1313640000,40.53139877319336,21.527202606201172
1313726400,39.876129150390625,21.317522048950195
1313985600,39.779754638671875,21.37152099609375
1314072000,40.781959533691406,21.94019889831543
1314158400,40.92329025268555,22.137174606323242
1314244800,40.48642349243164,21.593917846679688
1314331200,40.576385498046875,21.762296676635742
1314590400,41.21882629394531,22.15306282043457
1314676800,41.45009994506836,22.194368362426758
1314763200,41.725337982177734,22.38180160522461
1314849600,41.544010162353516,22.38180160522461
1314936000,40.9935417175293,22.15624237060547
1315281600,40.443084716796875,22.057758331298828
1315368000,39.90556335449219,22.493005752563477
1315454400,39.7242431640625,22.610549926757812
1315540800,38.84994888305664,22.038692474365234
1315800000,38.94710922241211,22.0418701171875
1315886400,39.206146240234375,22.10264015197754
1315972800,39.87965774536133,22.316953659057617
1316059200,40.94173049926758,22.71677589416504
1316145600,40.18404769897461,22.783954620361328
1316404800,39.21910095214844,22.547256469726562
1316491200,39.109012603759766,22.598440170288086
1316577600,39.3680419921875,22.16021728515625
1316664000,39.45222854614258,21.69321632385254
1316750400,39.076629638671875,21.565269470214844
1317009600,40.080413818359375,21.9938907623291
1317096000,40.43013000488281,22.252979278564453
1317182400,40.13221740722656,21.769981384277344
1317268800,40.52726745605469,22.08664894104004
1317355200,40.08688735961914,21.610057830810547
1317614400,39.04424285888672,20.925539016723633
1317700800,39.147865295410156,20.86477279663086
1317787200,39.04424285888672,20.960729598999023
1317873600,39.22556686401367,20.91594886779785
1317960000,39.516998291015625,21.07908058166504
1318219200,40.067466735839844,21.39893913269043
1318305600,39.47167205810547,21.366962432861328
1318392000,40.604976654052734,21.58446502685547
1318478400,40.38478088378906,21.558870315551758
1318564800,40.30707550048828,21.702810287475586
1318824000,40.080413818359375,21.430927276611328
1318910400,40.41716384887695,21.347763061523438
1318996800,40.22289276123047,21.44052505493164
1319083200,40.2293586730957,21.46931266784668
1319169600,40.332977294921875,21.811565399169922
1319428800,40.21641159057617,21.70921516418457
1319515200,40.035091400146484,21.414939880371094
1319601600,40.158119201660156,21.581262588500977
1319688000,40.72154235839844,21.933116912841797
1319774400,40.92877960205078,22.048263549804688
1320033600,40.76688003540039,21.8531551361084
1320120000,40.30059814453125,21.4437255859375
1320206400,40.41716384887695,21.67722511291504
1320292800,40.669734954833984,21.95870590209961
1320379200,40.145172119140625,21.680429458618164
1320642000,40.47545623779297,21.81796646118164
1320728400,41.226680755615234,21.95870590209961
1320814800,40.332977294921875,21.44052505493164
1320901200,40.773353576660156,21.555675506591797
1320987600,40.980587005615234,21.789173126220703
1321246800,40.669734954833984,21.68362045288086
1321333200,41.77067184448242,21.750797271728516
1321419600,42.15276336669922,21.434133529663086
1321506000,41.505149841308594,21.309383392333984
1321592400,41.37563705444336,21.555675506591797
1321851600,40.89639663696289,21.09506607055664
1321938000,40.91583251953125,21.10147476196289
1322024400,40.41069412231445,20.749618530273438
1322197200,40.468990325927734,20.708036422729492
1322456400,40.79278564453125,20.8455810546875
1322542800,41.226680755615234,21.325641632080078
1322629200,41.78489303588867,21.66071319580078
1322715600,41.84366989135742,21.531841278076172
1322802000,41.967716217041016,21.386856079101562
1323061200,42.046051025390625,21.364299774169922
1323147600,42.20927810668945,21.483516693115234
1323234000,42.379032135009766,21.51573944091797
1323320400,42.00033950805664,21.499616622924805
1323406800,42.56184387207031,21.7702579498291
1323666000,42.21581268310547,21.551162719726562
1323752400,41.967716217041016,21.41907501220703
1323838800,41.7718391418457,21.348190307617188
1323925200,42.33984375,21.551162719726562
1324011600,42.24844741821289,21.72837257385254
1324270800,42.02646255493164,21.705820083618164
1324357200,42.783817291259766,22.037675857543945
1324443600,43.11679458618164,22.414634704589844
1324530000,43.11679458618164,22.292200088500977
1324616400,43.46282958984375,22.533836364746094
1324962000,43.33877944946289,22.514511108398438
1325048400,43.031917572021484,22.395307540893555
1325134800,43.443241119384766,22.604724884033203
1325221200,43.319175720214844,22.543521881103516
1325566800,43.35184097290039,22.59827995300293
1325653200,43.57380294799805,22.45650863647461
1325739600,43.23431396484375,22.350194931030273
1325826000,42.69240188598633,22.208425521850586
1326085200,42.91438293457031,22.208425521850586
1326171600,42.868675231933594,22.34052848815918
1326258000,42.44431686401367,21.92812156677246
1326344400,42.189697265625,21.7702579498291
1326430800,42.046051025390625,21.583383560180664
1326776400,42.20927810668945,21.699377059936523
1326862800,42.33984375,21.776700973510742
1326949200,43.031917572021484,21.73159408569336
1327035600,43.273475646972656,21.937795639038086
1327294800,43.155967712402344,22.07955551147461
1327381200,43.22124099731445,21.87657928466797
1327467600,43.547698974609375,22.04733657836914
1327554000,43.430171966552734,21.912015914916992
1327640400,42.96662521362305,21.72837257385254
1327899600,42.70547103881836,21.734819412231445
1327986000,42.875221252441406,21.75737190246582
1328072400,43.33877944946289,21.8604679107666
1328158800,43.35184097290039,21.85402488708496
1328245200,43.521583557128906,21.934581756591797
1328504400,43.430171966552734,21.9184627532959
1328590800,43.58686828613281,22.085996627807617
1328677200,43.57380294799805,22.015127182006836
1328763600,41.961177825927734,21.89912986755371
1328850000,41.75226974487305,21.88946533203125
1329109200,41.58251190185547,22.05056381225586
1329195600,41.47151184082031,22.198774337768555
1329282000,41.177703857421875,22.037675857543945
1329368400,40.95573043823242,22.185880661010742
1329454800,40.92308807373047,22.24709129333496
1329800400,41.223419189453125,22.17299461364746
1329886800,41.19728469848633,22.3115291595459
1329973200,41.216888427734375,22.288986206054688
1330059600,41.33439636230469,22.23099136352539
1330318800,41.34092712402344,22.17621421813965
1330405200,41.34092712402344,22.182661056518555
1330491600,41.4297981262207,22.508073806762695
1330578000,41.1730842590332,22.424301147460938
1330664400,41.15333557128906,22.288986206054688
1330923600,41.33106231689453,22.305086135864258
1331010000,40.9953498840332,22.153661727905273
1331096400,41.21916198730469,22.163326263427734
1331182800,41.43637466430664,22.317975997924805
1331269200,41.568023681640625,22.395307540893555
1331524800,42.088035583496094,22.60150909423828
1331611200,42.35133743286133,22.799489974975586
1331697600,42.16702651977539,22.78974151611328
1331784000,42.23942947387695,22.8254451751709
1331870400,42.4369010925293,22.770267486572266
1332129600,42.608062744140625,22.84815788269043
1332216000,42.970096588134766,22.909828186035156
1332302400,43.022743225097656,23.081836700439453
1332388800,43.04248046875,23.179195404052734
1332475200,42.983253479003906,23.2019100189209
1332734400,43.29920959472656,23.33498191833496
1332820800,43.45061492919922,23.325244903564453
1332907200,43.397945404052734,23.58163833618164
1332993600,43.45718765258789,23.954866409301758
1333080000,43.67439270019531,24.019773483276367
1333339200,43.93110656738281,24.061965942382812
1333425600,43.812625885009766,23.938644409179688
1333512000,43.66781234741211,23.841279983520508
1333598400,43.542762756347656,23.84451675415039
1333944000,43.01616287231445,23.64979362487793
1334030400,42.68703079223633,23.373924255371094
1334116800,42.88451385498047,23.40637969970703
1334203200,43.0359001159668,23.438833236694336
1334289600,42.82526397705078,23.34796905517578
1334548800,43.43743133544922,23.510234832763672
1334635200,43.70732498168945,24.00031089782715
1334721600,43.58226013183594,24.071706771850586
1334808000,43.542762756347656,23.958110809326172
1334894400,43.85870361328125,24.058725357055664
1335153600,43.56250762939453,23.91592025756836
1335240000,43.77972412109375,24.055471420288086
1335326400,43.88503646850586,24.318361282348633
1335412800,43.68757247924805,24.571508407592773
1335499200,43.50984573364258,24.87009048461914
1335758400,43.44402313232422,24.76948356628418
1335844800,43.76655578613281,24.96745491027832
1335931200,43.990360260009766,25.0421085357666
1336017600,44.043033599853516,25.132980346679688
1336104000,43.378204345703125,24.99017906188965
1336363200,43.852142333984375,25.0810489654541
1336449600,43.78629684448242,25.03561019897461
1336536000,43.404510498046875,24.918766021728516
1336622400,43.964019775390625,25.12324333190918
1336708800,43.97061538696289,25.14271354675293
1336968000,44.20100402832031,24.947980880737305
1337054400,44.6617546081543,24.850618362426758
1337140800,45.254188537597656,24.772727966308594
1337227200,45.2673454284668,24.38002586364746
1337313600,44.839481353759766,24.032760620117188
1337572800,44.74733352661133,24.182044982910156
1337659200,44.81316375732422,24.07819366455078
1337745600,44.76051330566406,24.19504737854004
1337832000,45.29368209838867,24.522829055786133
1337918400,45.18178176879883,24.415729522705078
1338264000,45.63595962524414,24.490373611450195
1338350400,45.25651168823242,24.360559463500977
1338436800,45.011051177978516,24.25345230102539
1338523200,44.785499572753906,23.72119903564453
1338782400,44.76559829711914,23.899696350097656
1338868800,44.447166442871094,23.76987075805664
1338955200,44.77223205566406,24.214506149291992
1339041600,44.89826965332031,24.107402801513672
1339128000,45.31620407104492,24.418977737426758
1339387200,45.14373016357422,24.230741500854492
1339473600,45.375911712646484,24.40598487854004
1339560000,45.47542953491211,24.405986785888672
1339646400,45.95307159423828,24.749086380004883
1339732800,46.09238815307617,24.863460540771484
1339992000,46.17198944091797,24.8275203704834
1340078400,45.97959518432617,24.749086380004883
1340164800,45.71424865722656,24.690277099609375
1340251200,45.44224548339844,24.399457931518555
1340337600,45.57493209838867,24.48767852783203
1340596800,45.51523208618164,24.432132720947266
1340683200,45.7341423034668,24.533428192138672
1340769600,46.27149963378906,24.945146560668945
1340856000,46.17198944091797,25.02031135559082
1340942400,46.875186920166016,25.54965591430664
1341201600,46.941524505615234,25.788196563720703
1341288000,46.941524505615234,25.866626739501953
1341460800,46.550132751464844,25.634618759155273
1341547200,46.58331298828125,25.536590576171875
1341806400,46.430721282958984,25.481048583984375
1341892800,46.351097106933594,25.481048583984375
1341979200,46.523590087890625,25.311126708984375
1342065600,46.33784103393555,25.043174743652344
1342152000,46.7093505859375,25.252307891845703
1342411200,46.669532775878906,24.99090003967285
1342497600,46.6562614440918,25.386289596557617
1342584000,46.68942642211914,25.304590225219727
1342670400,46.71596908569336,25.340532302856445
1342756800,46.41079330444336,25.170612335205078
1343016000,45.999515533447266,25.121604919433594
1343102400,45.634647369384766,25.049715042114258
1343188800,46.63636016845703,25.167346954345703
1343275200,47.246673583984375,25.765329360961914
1343361600,47.93660354614258,26.144372940063477
1343620800,48.26167678833008,26.507081985473633
1343707200,48.24840545654297,26.402515411376953
1343793600,48.02948760986328,26.471139907836914
1343880000,47.63145065307617,26.059419631958008
1343966400,48.34127426147461,26.412321090698242
1344225600,48.08256530761719,26.350238800048828
1344312000,47.95650863647461,26.065948486328125
1344398400,48.14225769042969,25.99733543395996
1344484800,47.85700607299805,25.89276695251465
1344571200,47.850364685058594,25.7457218170166
1344830400,47.757484436035156,25.683635711669922
1344916800,47.923336029052734,25.735919952392578
1345003200,48.1754150390625,25.716320037841797
1345089600,48.81227111816406,25.847026824951172
1345176000,48.686222076416016,25.833959579467773
1345435200,48.64643859863281,25.794734954833984
1345521600,48.43415069580078,25.657499313354492
1345608000,48.35454177856445,25.337268829345703
1345694400,48.20196533203125,24.90593910217285
1345780800,48.46731185913086,25.141210556030273
1346040000,48.54030227661133,24.945146560668945
1346126400,48.50711441040039,24.834049224853516
1346212800,48.28157424926758,24.48113250732422
1346299200,47.88353729248047,24.27201271057129
1346385600,48.049381256103516,24.441932678222656
1346731200,48.08256530761719,24.363502502441406
1346817600,47.813873291015625,24.51381492614746
1346904000,48.22158432006836,24.93208122253418
1346990400,48.18817138671875,24.768701553344727
1347249600,48.01435852050781,24.611854553222656
1347336000,47.840614318847656,24.683740615844727
1347422400,46.8247184753418,24.706764221191406
1347508800,47.37276840209961,25.233152389526367
1347595200,47.09205627441406,25.081819534301758
1347854400,47.04528045654297,25.233152389526367
1347940800,47.272499084472656,25.41080093383789
1348027200,47.352699279785156,25.345001220703125
1348113600,47.61336135864258,25.423952102661133
1348200000,47.152191162109375,25.022592544555664
1348459200,47.252464294433594,25.081819534301758
1348545600,47.01853561401367,24.79230308532715
1348632000,47.06532287597656,24.844942092895508
1348718400,47.21236038208008,25.206832885742188
1348804800,47.29924392700195,24.956789016723633
1349064000,47.21904373168945,25.252885818481445
1349150400,47.19898986816406,25.226566314697266
1349236800,47.252464294433594,25.1607723236084
1349323200,47.3660774230957,25.219989776611328
1349409600,47.51980209350586,25.384485244750977
1349668800,47.57996368408203,25.384485244750977
1349755200,47.52648162841797,25.371326446533203
1349841600,46.97841262817383,25.06207275390625
1349928000,46.664310455322266,25.075231552124023
1350014400,46.818031311035156,25.154186248779297
1350273600,47.011863708496094,25.08839225769043
1350360000,46.985107421875,24.93706512451172
1350446400,46.8514518737793,24.831783294677734
1350532800,47.292564392089844,24.8975830078125
1350619200,46.704410552978516,24.60807228088379
1350878400,46.51727294921875,24.496212005615234
1350964800,45.79544448852539,24.088279724121094
1351051200,45.715248107910156,24.26593589782715
1351137600,46.04275131225586,24.404104232788086
1351224000,46.102901458740234,24.371204376220703
1351656000,46.276676177978516,24.46332359313965
1351742400,46.410335540771484,24.562007904052734
1351828800,46.1496696472168,24.39752960205078
1352091600,46.11625671386719,24.193559646606445
1352178000,46.35018539428711,24.621238708496094
1352264400,46.10956573486328,24.160663604736328
1352350800,45.97589874267578,23.923784255981445
1352437200,46.01599884033203,23.877731323242188
1352696400,45.855613708496094,23.73955535888672
1352782800,45.835548400878906,23.792186737060547
1352869200,45.561527252197266,23.69348907470703
1352955600,45.57490158081055,23.969837188720703
1353042000,45.65509033203125,24.05537986755371
1353301200,45.96921920776367,24.502796173095703
1353387600,46.05610656738281,24.509384155273438
1353474000,46.32345962524414,24.60149383544922
1353646800,46.91160583496094,24.956789016723633
1353906000,46.78461837768555,24.581754684448242
1353992400,46.858131408691406,24.621238708496094
1354078800,47.01853561401367,24.882911682128906
1354165200,46.99179458618164,25.154542922973633
1354251600,46.92496871948242,25.121408462524414
1354510800,46.69772720336914,24.763673782348633
1354597200,46.691043853759766,24.611305236816406
1354683600,46.951690673828125,24.71729850769043
1354770000,47.160484313964844,24.763673782348633
1354856400,47.3221435546875,24.982284545898438
1355115600,47.28845977783203,24.9359130859375
1355202000,47.429908752441406,25.081661224365234
1355288400,47.308685302734375,24.9359130859375
1355374800,47.28845977783203,24.909412384033203
1355461200,47.25480651855469,24.94915771484375
1355720400,47.396217346191406,24.843164443969727
1355806800,47.50398254394531,24.697416305541992
1355893200,47.066200256347656,24.366172790527344
1355979600,47.22111511230469,24.5450496673584
1356066000,46.897823333740234,24.439050674438477
1356325200,46.76310729980469,24.33306121826172
1356498000,46.36572265625,24.12767791748047
1356584400,46.25122833251953,24.12767791748047
1356670800,45.813438415527344,23.829566955566406
1356930000,46.08957290649414,24.01506233215332
1357102800,46.69574737548828,24.909412384033203
1357189200,46.71596908569336,24.909412384033203
1357275600,46.7833251953125,24.94915771484375
1357534800,46.776580810546875,24.710662841796875
1357621200,46.918025970458984,24.538421630859375
1357707600,47.15376663208008,24.53179359436035
1357794000,47.69259262084961,24.485424041748047
1357880400,47.7397346496582,24.45229721069336
1358139600,48.01588821411133,24.505300521850586
1358226000,48.22465133666992,24.723913192749023
1358312400,48.143856048583984,24.723913192749023
1358398800,48.783695220947266,24.84978485107422
1358485200,48.817386627197266,24.975666046142578
1358830800,48.62877655029297,24.598047256469727
1358917200,48.36610412597656,24.598047256469727
1359003600,48.648990631103516,24.584802627563477
1359090000,48.8241081237793,24.5450496673584
1359349200,48.90494155883789,24.51854705810547
1359435600,49.12720489501953,24.7901668548584
1359522000,49.30906295776367,24.843164443969727
1359608400,49.06657409667969,24.670917510986328
1359694800,48.945343017578125,24.869657516479492
1359954000,48.797176361083984,24.74379539489746
1360040400,49.26865005493164,25.26715087890625
1360126800,49.012691497802734,25.37978172302246
1360213200,49.03964614868164,25.777273178100586
1360299600,48.89818572998047,25.684524536132812
1360558800,48.736549377441406,25.578519821166992
1360645200,48.60858154296875,24.882911682128906
1360731600,48.157310485839844,24.651052474975586
1360818000,48.682682037353516,24.405925750732422
1360904400,49.6255989074707,24.7901668548584
1361250000,50.8514404296875,24.955785751342773
1361336400,50.79754638671875,24.99553680419922
1361422800,50.75714874267578,24.982284545898438
1361509200,50.89858627319336,25.518901824951172
1361768400,50.64262390136719,24.988910675048828
1361854800,50.9322509765625,25.24728012084961
1361941200,51.20155715942383,25.472522735595703
1362027600,51.398258209228516,25.65139389038086
1362114000,51.50680923461914,25.63814353942871
1362373200,51.961299896240234,25.717649459838867
1362459600,52.16481018066406,25.62489128112793
1362546000,52.09697341918945,25.850141525268555
1362632400,52.327632904052734,25.91638946533203
1362718800,52.36830139160156,25.982643127441406
1362974400,52.13088607788086,26.042255401611328
1363060800,52.15803146362305,25.810388565063477
1363147200,52.19873809814453,25.750328063964844
1363233600,52.36153793334961,26.037263870239258
1363320000,52.25979232788086,25.910480499267578
1363579200,52.01557159423828,25.8637752532959
1363665600,52.00877380371094,26.24411964416504
1363752000,51.7713508605957,26.604446411132812
1363838400,51.656063079833984,26.737911224365234
1363924800,53.345130920410156,26.717893600463867
1364184000,52.79567337036133,26.771278381347656
1364270400,53.535072326660156,27.151620864868164
1364356800,53.10771942138672,26.838001251220703
1364443200,53.6639518737793,26.984811782836914
1364788800,53.65718460083008,26.991477966308594
1364875200,54.0913200378418,27.17164421081543
1364961600,53.56219482421875,26.80463981628418
1365048000,53.94886779785156,27.051530838012695
1365134400,53.31122589111328,26.744577407836914
1365393600,53.928504943847656,27.26506233215332
1365480000,53.73180389404297,27.164976119995117
1365566400,54.30837631225586,27.405187606811523
1365652800,54.24054718017578,27.478586196899414
1365739200,54.260902404785156,27.411867141723633
1365998400,53.535072326660156,26.75126075744629
1366084800,54.26768493652344,28.27265739440918
1366171200,53.487606048583984,28.392763137817383
1366257600,55.1156120300293,28.09248924255371
1366344000,56.14669418334961,28.466169357299805
1366603200,56.56050491333008,28.506202697753906
1366689600,57.048892974853516,28.492856979370117
1366776000,55.85501480102539,28.12586212158203
1366862400,56.180625915527344,28.259305953979492
1366948800,55.970340728759766,28.09248924255371
1367208000,56.0653076171875,28.185909271240234
1367294400,55.94319152832031,28.245969772338867
1367380800,55.766845703125,28.165882110595703
1367467200,56.00423812866211,27.999061584472656
1367553600,56.187408447265625,28.185909271240234
1367812800,55.96354293823242,28.07914924621582
1367899200,56.533348083496094,28.492856979370117
1367985600,56.4723014831543,28.33271026611328
1368072000,56.20097732543945,28.105823516845703
1368158400,56.30271911621094,28.12586212158203
1368417600,56.32305908203125,28.152545928955078
1368504000,56.64189529418945,28.372753143310547
1368590400,57.15065383911133,28.63966941833496
1368676800,56.8046760559082,28.75309181213379
1368763200,56.84540557861328,28.673023223876953
1369022400,56.02460861206055,28.279325485229492
1369108800,56.051753997802734,28.25263786315918
1369195200,56.28236389160156,28.192583084106445
1369281600,55.705780029296875,27.979053497314453
1369368000,56.017818450927734,28.185909271240234
1369713600,55.91606903076172,28.392763137817383
1369800000,55.02743148803711,27.625396728515625
1369886400,55.095272064208984,27.204999923706055
1369972800,54.79001235961914,26.684526443481445
1370232000,55.217350006103516,27.2316951751709
1370318400,55.3734130859375,27.638736724853516
1370404800,55.46763610839844,27.124929428100586
1370491200,55.78190612792969,27.218358993530273
1370577600,56.36252212524414,27.63206672668457
1370836800,56.59477996826172,27.478586196899414
1370923200,56.37618637084961,27.218358993530273
1371009600,56.08927536010742,27.137725830078125
1371096000,56.000465393066406,27.15116310119629
1371182400,56.102935791015625,27.10411834716797
1371441600,56.38982391357422,27.33257484436035
1371528000,56.40349578857422,27.500545501708984
1371614400,55.25590133666992,27.15116310119629
1371700800,53.90336990356445,26.2911434173584
1371787200,54.736724853515625,26.71442985534668
1372046400,54.736724853515625,26.559900283813477
1372132800,54.675262451171875,26.687559127807617
1372219200,55.53595733642578,27.09741973876953
1372305600,55.83652877807617,27.050382614135742
1372392000,55.870697021484375,26.94959259033203
1372651200,56.041473388671875,27.184755325317383
1372737600,55.79555130004883,27.124286651611328
1372824000,55.1465950012207,27.204923629760742
1372996800,55.19441604614258,27.225074768066406
1373256000,55.86387252807617,27.238515853881836
1373342400,56.54011917114258,27.43335723876953
1373428800,56.690399169921875,27.33257484436035
1373515200,57.75603103637695,27.567733764648438
1373601600,57.59891891479492,27.567733764648438
1373860800,57.87217330932617,27.554288864135742
1373947200,57.39399719238281,27.03021812438965
1374033600,58.22734832763672,27.440074920654297
1374120000,59.293006896972656,27.419923782348633
1374206400,59.026611328125,27.608049392700195
1374465600,59.019779205322266,27.440074920654297
1374552000,58.8831672668457,27.52070426940918
1374638400,58.500606536865234,27.45351219177246
1374724800,58.43914031982422,27.440074920654297
1374811200,58.27519989013672,27.305702209472656
1375070400,58.23421096801758,27.063819885253906
1375156800,58.138572692871094,27.090688705444336
1375243200,57.06612014770508,26.929433822631836
1375329600,57.516963958740234,27.258663177490234
1375416000,57.578426361083984,27.023500442504883
1375675200,57.70822525024414,27.070537567138672
1375761600,58.09756851196289,27.124286651611328
1375848000,57.89949035644531,26.976482391357422
1375934400,57.84483337402344,27.010068893432617
1376020800,57.61256408691406,26.983190536499023
1376280000,57.250526428222656,26.761472702026367
1376366400,56.96364212036133,26.640522003173828
1376452800,56.52645492553711,26.559900283813477
1376539200,55.269561767578125,26.264263153076172
1376625600,54.77089309692383,26.23738670349121
1376884800,55.24906921386719,26.05598258972168
1376971200,54.84605407714844,25.968637466430664
1377057600,54.019474029541016,25.720029830932617
1377144000,54.13560104370117,25.740192413330078
1377230400,54.54547119140625,25.88128089904785
1377489600,54.436180114746094,25.612533569335938
1377576000,54.00580596923828,25.63268280029297
1377662400,54.217586517333984,25.767074584960938
1377748800,54.190269470214844,25.599092483520508
1377835200,54.4635009765625,25.652847290039062
1378180800,54.78457260131836,25.464712142944336
1378267200,54.71438980102539,25.894731521606445
1378353600,54.39793014526367,25.693157196044922
1378440000,54.52862548828125,25.767074584960938
1378699200,54.61118698120117,25.88128089904785
1378785600,54.64558029174805,25.9551944732666
1378872000,54.93451690673828,26.05598258972168
1378958400,54.94829559326172,26.015357971191406
1379044800,55.257877349853516,26.184574127197266
1379304000,55.73942947387695,26.299623489379883
1379390400,56.179779052734375,26.252241134643555
1379476800,57.019081115722656,26.793668746948242
1379563200,56.28984069824219,26.604167938232422
1379649600,56.234798431396484,26.665084838867188
1379908800,55.73942947387695,26.143962860107422
1379995200,55.40925598144531,26.076282501220703
1380081600,55.18219757080078,25.940921783447266
1380168000,55.40925598144531,26.218408584594727
1380254400,55.175331115722656,25.988296508789062
1380513600,54.6937370300293,25.636377334594727
1380600000,54.91389465332031,25.683748245239258
1380686400,54.73501968383789,25.331825256347656
1380772800,54.652469635009766,25.14910125732422
1380859200,54.776302337646484,25.176170349121094
1381118400,54.391029357910156,25.074657440185547
1381204800,54.301597595214844,25.23031234741211
1381291200,54.6937370300293,25.094951629638672
1381377600,55.51244354248047,25.568693161010742
1381464000,55.60875701904297,25.56192398071289
1381723200,55.78763198852539,25.656675338745117
1381809600,55.45050811767578,25.487489700317383
1381896000,56.59943389892578,25.717592239379883
1381982400,56.81269454956055,26.089818954467773
1382068800,57.10852813720703,26.245481491088867
1382328000,56.66820526123047,26.272550582885742
1382414400,57.404327392578125,26.455270767211914
1382500800,57.328678131103516,26.455270767211914
1382587200,56.78517532348633,26.25901222229004
1382673600,57.342430114746094,26.414670944213867
1382932800,58.209285736083984,26.807201385498047
1383019200,58.814693450927734,26.9357852935791
1383105600,58.284950256347656,26.813976287841797
1383192000,57.851539611816406,26.780134201049805
1383278400,58.17487716674805,26.807201385498047
1383541200,58.044151306152344,26.73952293395996
1383627600,58.216148376464844,26.732759475708008
1383714000,59.63336944580078,27.104982376098633
1383800400,58.683963775634766,26.956098556518555
1383886800,59.06237030029297,27.104982376098633
1384146000,58.78715896606445,26.98316192626953
1384232400,58.91789627075195,26.989931106567383
1384318800,59.13117218017578,27.152359008789062
1384405200,59.43387985229492,27.213266372680664
1384491600,59.18620300292969,27.220035552978516
1384750800,59.06925582885742,27.186201095581055
1384837200,58.677093505859375,27.165889739990234
1384923600,58.567039489746094,27.111757278442383
1385010000,58.90414047241211,27.36216926574707
1385096400,58.986671447753906,27.36216926574707
1385355600,58.732147216796875,27.321557998657227
1385442000,58.05792999267578,27.24034881591797
1385528400,58.078548431396484,27.390268325805664
1385701200,58.106082916259766,27.390268325805664
1385960400,57.58321762084961,27.315305709838867
1386046800,57.65203094482422,27.499319076538086
1386133200,57.2488899230957,27.512941360473633
1386219600,56.72940444946289,27.144933700561523
1386306000,57.5952033996582,27.57428550720215
1386565200,57.276607513427734,27.533405303955078
1386651600,57.07572555541992,27.158557891845703
1386738000,57.262760162353516,27.34937858581543
1386824400,56.29994583129883,26.72239112854004
1386910800,56.05750274658203,26.736021041870117
1387170000,56.105987548828125,26.76327133178711
1387256400,55.731956481933594,26.647430419921875
1387342800,56.39691162109375,27.274410247802734
1387429200,56.563175201416016,27.165367126464844
1387515600,56.667049407958984,27.288049697875977
1387774800,56.7016716003418,27.369831085205078
1387861200,56.82636642456055,27.390268325805664
1388034000,57.110347747802734,27.59473419189453
1388120400,57.290443420410156,27.710590362548828
1388379600,57.428985595703125,28.003637313842773
1388466000,57.449771881103516,28.153575897216797
1388638800,56.86793899536133,27.710590362548828
1388725200,56.96488952636719,27.57428550720215
1388984400,56.992618560791016,27.44478988647461
1389070800,57.82381057739258,27.526575088500977
1389157200,57.657562255859375,27.21989631652832
1389243600,57.38743209838867,27.07677459716797
1389330000,57.8376579284668,27.34937858581543
1389589200,57.05493927001953,26.940479278564453
1389675600,57.05493927001953,27.04951286315918
1389762000,57.41511535644531,27.097225189208984
1389848400,57.39436721801758,27.06315040588379
1389934800,56.937198638916016,26.77008056640625
1390280400,57.43589782714844,27.206268310546875
1390366800,57.38743209838867,27.192630767822266
1390453200,57.09650421142578,26.742834091186523
1390539600,56.40384292602539,26.470216751098633
1390798800,56.8402214050293,26.39525604248047
1390885200,57.02030563354492,26.49066734313965
1390971600,55.565704345703125,25.82958984375
1391058000,56.16141128540039,26.01360511779785
1391144400,55.662681579589844,25.775074005126953
1391403600,54.422821044921875,25.352537155151367
1391490000,54.595985412597656,25.543365478515625
1391576400,55.011573791503906,25.63195037841797
1391662800,54.99078369140625,25.918190002441406
1391749200,55.565704345703125,25.863664627075195
1392008400,55.828922271728516,26.28621482849121
1392094800,56.27915573120117,26.33390998840332
1392181200,56.44540786743164,26.24532127380371
1392267600,55.19859313964844,26.340734481811523
1392354000,54.09031295776367,26.53156852722168
1392699600,54.152671813964844,25.536550521850586
1392786000,53.40458679199219,25.28437614440918
1392872400,54.03492736816406,25.420682907104492
1392958800,54.180381774902344,25.33890724182129
1393218000,54.637535095214844,25.556995391845703
1393304400,54.87997055053711,25.740999221801758
1393390800,54.47822952270508,25.809154510498047
1393477200,54.76915740966797,25.94545555114746
1393563600,55.46181106567383,26.034053802490234
1393822800,55.080841064453125,25.979537963867188
1393909200,56.00209426879883,26.10901641845703
1393995600,56.579689025878906,26.13628387451172
1394082000,56.733158111572266,26.218059539794922
1394168400,56.893577575683594,26.2725830078125
1394424000,57.01215362548828,26.340734481811523
1394510400,57.765541076660156,26.442964553833008
1394596800,57.30513381958008,26.42578887939453
1394683200,57.06098556518555,26.082326889038086
1394769600,56.502933502197266,26.21971893310547
1395028800,57.23540115356445,26.288410186767578
1395115200,57.16562271118164,26.37771224975586
1395201600,56.761043548583984,26.199100494384766
1395288000,57.10284423828125,26.412050247192383
1395374400,57.29816436767578,26.405183792114258
1395633600,57.12378692626953,26.37771224975586
1395720000,57.47954177856445,26.528833389282227
1395806400,57.807376861572266,26.521961212158203
1395892800,57.57718276977539,26.666217803955078
1395979200,57.86320114135742,26.75551414489746
1396238400,58.24686813354492,26.556310653686523
1396324800,57.814369201660156,26.384563446044922
1396411200,57.70973587036133,26.329631805419922
1396497600,57.835304260253906,26.151029586791992
1396584000,57.612091064453125,26.254066467285156
1396843200,58.532875061035156,26.528833389282227
1396929600,58.22594451904297,26.721172332763672
1397016000,58.532875061035156,26.782991409301758
1397102400,58.330570220947266,26.714292526245117
1397188800,58.00270462036133,26.53570556640625
1397448000,58.28172302246094,26.604385375976562
1397534400,58.567752838134766,27.600421905517578
1397620800,59.13276290893555,27.882068634033203
1397707200,59.67687225341797,27.971359252929688
1398052800,59.9279899597168,27.991966247558594
1398139200,59.39088821411133,27.964492797851562
1398225600,59.579227447509766,27.978221893310547
1398312000,59.65593338012695,27.957618713378906
1398398400,59.46760559082031,28.170557022094727
1398657600,60.56277847290039,28.184297561645508
1398744000,59.82339096069336,27.868322372436523
1398830400,59.91404724121094,28.01944923400879
1398916800,59.69084548950195,28.012577056884766
1399003200,59.65593338012695,28.129352569580078
1399262400,59.9279899597168,27.998844146728516
1399348800,59.551334381103516,27.81336784362793
1399435200,60.54883575439453,28.10187530517578
1399521600,60.451194763183594,27.978221893310547
1399608000,60.80694580078125,28.07439613342285
1399867200,60.639522552490234,28.040048599243164
1399953600,60.848793029785156,28.239259719848633
1400040000,60.57674026489258,28.0881290435791
1400126400,59.80939483642578,27.83397102355957
1400212800,60.36747741699219,28.0881290435791
1400472000,60.06053924560547,27.964492797851562
1400558400,59.74666213989258,27.875185012817383
1400644800,60.06053924560547,28.07439613342285
1400731200,59.69782257080078,27.875185012817383
1400817600,59.8721809387207,27.875185012817383
1401163200,60.36049270629883,28.005712509155273
1401249600,60.7371826171875,27.875185012817383
1401336000,61.197593688964844,27.93014907836914
1401422400,61.61612319946289,28.10187530517578
1401681600,61.295230865478516,28.067522048950195
1401768000,61.53937530517578,28.081262588500977
1401854400,61.44450759887695,28.01944923400879
1401940800,61.67641830444336,28.0881290435791
1402027200,61.7818489074707,28.156822204589844
1402286400,61.8450927734375,28.10187530517578
1402372800,62.14025115966797,28.211774826049805
1402459200,61.69049835205078,28.067522048950195
1402545600,61.296905517578125,27.974092483520508
1402632000,61.27581787109375,27.939485549926758
1402891200,61.5288200378418,28.14019203186035
1402977600,61.33906555175781,28.320148468017578
1403064000,62.47759246826172,28.76307487487793
1403150400,63.32094192504883,28.922256469726562
1403236800,62.61815643310547,28.853042602539062
1403496000,62.11918258666992,28.88072395324707
1403582400,61.88022994995117,28.963777542114258
1403668800,62.25270080566406,29.039907455444336
1403755200,62.27378463745117,29.088354110717773
1403841600,62.37920379638672,29.199079513549805
1404100800,62.78681182861328,29.316743850708008
1404187200,62.639259338378906,29.26829719543457
1404273600,63.018741607666016,29.26829719543457
1404360000,63.26470184326172,29.226778030395508
1404705600,63.152252197265625,29.164485931396484
1404792000,63.06089782714844,29.02606773376465
1404878400,63.08903884887695,29.032989501953125
1404964800,63.32094192504883,29.24753189086914
1405051200,63.145233154296875,29.046836853027344
1405310400,64.00967407226562,29.330591201782227
1405396800,63.489601135253906,29.136798858642578
1405483200,63.602046966552734,29.1506290435791
1405569600,63.2436408996582,29.081439971923828
1405656000,63.31389236450195,29.36518669128418
1405915200,63.18742752075195,29.344430923461914
1406001600,62.66734313964844,28.50701141357422
1406088000,63.82695007324219,28.244003295898438
1406174400,64.59296417236328,28.354736328125
1406260800,64.33998107910156,28.375505447387695
1406520000,63.93235778808594,28.154037475585938
1406606400,63.34904479980469,27.92565155029297
1406692800,62.48462677001953,27.42042350769043
1406779200,61.91536331176758,27.19203758239746
1406865600,61.92241287231445,27.19203758239746
1407124800,63.032806396484375,27.268169403076172
1407211200,62.688419342041016,27.11590576171875
1407297600,63.60909652709961,27.62804412841797
1407384000,63.18038558959961,27.233562469482422
1407470400,63.454471588134766,27.302778244018555
1407729600,64.5086441040039,27.385835647583008
1407816000,64.10102081298828,27.461963653564453
1407902400,64.47348022460938,27.641897201538086
1407988800,64.5086441040039,27.807998657226562
1408075200,64.55081176757812,28.292455673217773
1408334400,64.76163482666016,28.617733001708984
1408420800,64.55784606933594,28.555448532104492
1408507200,64.8178939819336,28.548532485961914
1408593600,64.69137573242188,28.659257888793945
1408680000,64.37510681152344,28.458555221557617
1408939200,65.4925537109375,28.659257888793945
1409025600,65.0779037475586,28.790752410888672
1409112000,64.8178939819336,28.790752410888672
1409198400,65.06385040283203,28.811525344848633
1409284800,65.00057220458984,28.87380599975586
1409630400,64.99358367919922,28.818437576293945
1409716800,65.64826202392578,28.91533660888672
1409803200,65.01127624511719,28.977630615234375
1409889600,64.94049072265625,28.956851959228516
1410148800,65.01834106445312,28.91533660888672
1410235200,64.70689392089844,29.02606773376465
1410321600,64.96879577636719,29.18524742126465
1410408000,64.86971282958984,29.244503021240234
1410494400,64.31763458251953,28.90290641784668
1410753600,64.55120086669922,28.9307918548584
1410840000,65.52085876464844,29.02838897705078
1410926400,65.71904754638672,29.007482528686523
1411012800,66.08710479736328,29.132963180541992
1411099200,66.38439178466797,29.314224243164062
1411358400,66.23577117919922,29.432729721069336
1411444800,65.77568817138672,29.202674865722656
1411531200,66.17910766601562,29.46757698059082
1411617600,65.59166717529297,29.125993728637695
1411704000,65.917236328125,29.418777465820312
1411963200,65.93138885498047,29.453645706176758
1412049600,65.8889389038086,29.739465713500977
1412136000,65.57749938964844,29.795244216918945
1412222400,65.52794647216797,29.739465713500977
1412308800,66.17910766601562,29.97648048400879
1412568000,66.08710479736328,30.39475440979004
1412654400,65.89601135253906,30.617828369140625
1412740800,66.49055480957031,31.057035446166992
1412827200,66.2286605834961,30.582996368408203
1412913600,66.99308013916016,31.001266479492188
1413172800,66.49055480957031,30.72242546081543
1413259200,65.83230590820312,30.42264175415039
1413345600,64.95464324951172,30.136831283569336
1413432000,64.26100158691406,29.66974449157715
1413518400,64.77059936523438,29.8928279876709
1413777600,66.21452331542969,30.178651809692383
1413864000,66.34193420410156,28.359148025512695
1413950400,66.85859680175781,28.317319869995117
1414036800,66.3631591796875,28.4846248626709
1414123200,66.95771789550781,28.603139877319336
1414382400,66.97190856933594,28.414928436279297
1414468800,67.42486572265625,28.275497436523438
1414555200,67.02141571044922,28.554344177246094
1414641600,67.70089721679688,28.86109733581543
1414728000,68.06893157958984,29.195701599121094
1414990800,67.82831573486328,29.146900177001953
1415077200,68.46533203125,29.153881072998047
1415163600,68.57856750488281,29.495481491088867
1415250000,68.52193450927734,29.481525421142578
1415336400,68.51487731933594,29.5024356842041
1415595600,68.63520050048828,29.551237106323242
1415682000,68.44410705566406,29.634889602661133
1415768400,68.76968383789062,29.774314880371094
1415854800,69.74644470214844,29.830089569091797
1415941200,69.16602325439453,29.78826141357422
1416200400,69.66151428222656,29.92071533203125
1416286800,69.32177734375,30.345964431762695
1416373200,69.6544189453125,30.826982498168945
1416459600,69.40670013427734,30.84789276123047
1416546000,69.99414825439453,31.022180557250977
1416805200,69.84552764892578,30.86183738708496
1416891600,70.02245330810547,30.973384857177734
1416978000,70.31974792480469,31.089195251464844
1417150800,70.8505859375,31.468257904052734
1417410000,70.5462417602539,31.271709442138672
1417496400,71.05586242675781,31.264678955078125
1417582800,70.0477294921875,30.745241165161133
1417669200,69.64165496826172,30.534669876098633
1417755600,69.64876556396484,30.55572509765625
1418014800,69.66301727294922,30.281963348388672
1418101200,69.19993591308594,29.509824752807617
1418187600,68.52310943603516,29.200960159301758
1418274000,68.60147857666016,29.15183448791504
1418360400,67.49718475341797,28.716632843017578
1418619600,67.06974029541016,28.47796058654785
1418706000,65.96543884277344,28.351606369018555
1418792400,66.77050018310547,29.165868759155273
1418878800,67.93890380859375,29.755496978759766
1418965200,67.99588775634766,29.44664192199707
1419224400,68.83660125732422,29.7274227142334
1419310800,69.36380767822266,30.162630081176758
1419397200,69.17144775390625,30.141563415527344
1419570000,69.1429443359375,30.155614852905273
1419829200,68.91498565673828,30.085411071777344
1419915600,68.36637115478516,30.01521873474121
1420002000,67.36894989013672,29.63616943359375
1420174800,67.2834701538086,29.580015182495117
1420434000,66.77762603759766,29.580015182495117
1420520400,66.27178955078125,29.804641723632812
1420606800,68.20963287353516,30.176671981811523
1420693200,69.44931030273438,30.541683197021484
1420779600,68.97907257080078,30.204742431640625
1421038800,68.69410705566406,29.930988311767578
1421125200,68.64424133300781,29.923967361450195
1421211600,68.87220764160156,29.874828338623047
1421298000,68.87220764160156,29.748485565185547
1421384400,69.31391143798828,29.853775024414062
1421730000,69.4706802368164,30.295997619628906
1421816400,69.39228057861328,30.43638038635254
1421902800,70.46097564697266,30.731212615966797
1421989200,70.1973648071289,30.40129852294922
1422248400,70.31133270263672,30.183691024780273
1422334800,68.9078369140625,29.755496978759766
1422421200,68.19538116455078,29.425580978393555
1422507600,68.41622161865234,29.55192756652832
1422594000,66.813232421875,28.899131774902344
1422853200,67.91754150390625,29.193952560424805
1422939600,68.53736114501953,29.222030639648438
1423026000,68.82232666015625,29.25712776184082
1423112400,68.82947540283203,29.334333419799805
1423198800,68.90071105957031,29.095666885375977
1423458000,68.37349700927734,28.941247940063477
1423544400,69.8126449584961,29.762523651123047
1423630800,71.5296401977539,29.741458892822266
1423717200,71.43701934814453,29.601076126098633
1423803600,70.62482452392578,29.4747257232666
1424149200,70.07624816894531,29.348373413085938
1424235600,70.76732635498047,29.292211532592773
1424322000,70.3327407836914,29.558944702148438
1424408400,70.57495880126953,29.460691452026367
1424667600,70.85281372070312,29.37645149230957
1424754000,70.94544219970703,29.572998046875
1424840400,70.8884506225586,29.516843795776367
1424926800,70.58206939697266,29.804641723632812
1425013200,70.5179672241211,30.39426040649414
1425272400,70.53221130371094,30.32406997680664
1425358800,70.10472869873047,30.148591995239258
1425445200,69.8286361694336,29.832719802856445
1425531600,69.73536682128906,29.762523651123047
1425618000,68.9751205444336,29.144807815551758
1425873600,68.88188171386719,29.053564071655273
1425960000,67.7271499633789,28.56219482421875
1426046400,67.15338897705078,28.148038864135742
1426132800,68.64522552490234,28.714262008666992
1426219200,67.64826965332031,28.24713134765625
1426478400,68.45872497558594,28.516090393066406
1426564800,67.51197814941406,28.671791076660156
1426651200,67.8777847290039,28.735490798950195
1426737600,67.49049377441406,28.32497787475586
1426824000,68.3798599243164,28.770893096923828
1427083200,68.74560546875,28.749649047851562
1427169600,68.75279235839844,28.64348602294922
1427256000,68.32244873046875,28.629323959350586
1427342400,68.58782196044922,28.558551788330078
1427428800,68.81735229492188,28.367448806762695
1427688000,69.22615051269531,28.671791076660156
1427774400,68.58065795898438,28.700111389160156
1427860800,68.20052337646484,28.7921142578125
1427947200,68.63082885742188,28.7921142578125
1428292800,69.19747924804688,29.13892936706543
1428379200,69.0038070678711,29.025676727294922
1428465600,68.87467193603516,28.940744400024414
1428552000,69.1042251586914,29.053991317749023
1428638400,68.99662780761719,28.933673858642578
1428897600,68.51611328125,28.806262969970703
1428984000,69.20462036132812,28.671791076660156
1429070400,69.3050537109375,28.593948364257812
1429156800,69.17594146728516,28.735490798950195
1429243200,68.71690368652344,28.523160934448242
1429502400,69.21182250976562,28.777956008911133
1429588800,69.4126205444336,28.86290168762207
1429675200,69.771240234375,29.238012313842773
1429761600,68.6595458984375,28.983217239379883
1429848000,68.25787353515625,28.940744400024414
1430107200,67.77018737792969,28.898283004760742
1430193600,67.72000122070312,28.855815887451172
1430280000,67.69129180908203,28.65764617919922
1430366400,68.2220687866211,28.707183837890625
1430452800,68.53762817382812,28.95491600036621
1430712000,68.81735229492188,28.990293502807617
1430798400,68.43721771240234,28.841663360595703
1430884800,68.4802474975586,28.777956008911133
1430971200,68.2435531616211,28.806262969970703
1431057600,69.24765014648438,29.004451751708984
1431316800,69.1042251586914,28.976137161254883
1431403200,68.99662780761719,28.799196243286133
1431489600,69.14727783203125,29.053991317749023
1431576000,70.28765869140625,29.37248420715332
1431662400,70.44544219970703,29.386642456054688
1431921600,70.32352447509766,29.245088577270508
1432008000,70.25178527832031,29.238012313842773
1432094400,70.0653076171875,29.266315460205078
1432180800,69.71385955810547,29.181394577026367
1432267200,69.03965759277344,29.167240142822266
1432612800,68.70259857177734,29.01152229309082
1432699200,69.12571716308594,29.103534698486328
1432785600,69.61345672607422,29.117694854736328
1432872000,69.16160583496094,28.990293502807617
1433131200,68.83167266845703,28.976137161254883
1433217600,68.8890609741211,29.01152229309082
1433304000,68.85511016845703,28.926597595214844
1433390400,68.01699829101562,28.72841453552246
1433476800,67.22945404052734,28.381603240966797
1433736000,67.07772827148438,28.424081802368164
1433822400,67.243896484375,28.452390670776367
1433908800,67.69186401367188,28.544404983520508
1433995200,67.98085021972656,28.615747451782227
1434081600,67.72797393798828,28.51585578918457
1434340800,66.93323516845703,28.251808166503906
1434427200,67.5907211303711,28.601484298706055
1434513600,67.95197296142578,28.737062454223633
1434600000,68.80451202392578,29.00825309753418
1434686400,68.5372085571289,28.82984733581543
1434945600,69.07185363769531,28.88694190979004
1435032000,69.07185363769531,28.815563201904297
1435118400,68.84788513183594,28.679981231689453
1435204800,68.51551818847656,28.55866241455078
1435291200,68.57331085205078,28.544401168823242
1435550400,67.69186401367188,28.116230010986328
1435636800,67.43897247314453,27.994915008544922
1435723200,68.29154205322266,28.187593460083008
1435809600,68.3927001953125,28.180458068847656
1436155200,68.20484161376953,28.130502700805664
1436241600,69.64986419677734,28.722801208496094
1436328000,69.07906341552734,28.444488525390625
1436414400,68.34212493896484,28.487302780151367
1436500800,69.03571319580078,28.82269859313965
1436760000,70.24230194091797,29.015377044677734
1436846400,70.17729187011719,29.379323959350586
1436932800,69.61373901367188,29.35078239440918
1437019200,70.0111083984375,29.60053825378418
1437105600,69.92440032958984,29.436418533325195
1437364800,70.30733489990234,29.5291748046875
1437451200,70.03278350830078,29.393598556518555
1437537600,70.20618438720703,29.186641693115234
1437624000,69.98944091796875,29.143827438354492
1437710400,69.49091339111328,28.858381271362305
1437969600,69.11521911621094,28.929744720458984
1438056000,69.44035339355469,28.93688201904297
1438142400,69.74378204345703,28.965425491333008
1438228800,69.81602478027344,28.94401741027832
1438315200,69.61373901367188,29.31510353088379
1438574400,70.40847778320312,29.64335823059082
1438660800,70.6685791015625,29.86457061767578
1438747200,71.6656723022461,30.05724334716797
1438833600,71.63677215576172,29.914522171020508
1438920000,71.60061645507812,29.8074893951416
1439179200,71.59342956542969,29.74326515197754
1439265600,71.25382232666016,29.60053825378418
1439352000,71.08043670654297,29.443546295166016
1439438400,71.37666320800781,29.329362869262695
1439524800,71.69456481933594,29.436418533325195
1439784000,72.14968872070312,29.507761001586914
1439870400,72.08472442626953,29.472095489501953
1439956800,71.5211410522461,29.10102081298828
1440043200,70.79143524169922,28.93688201904297
1440129600,69.54151153564453,28.208999633789062
1440388800,66.34801483154297,27.388347625732422
1440475200,64.76570129394531,27.11004066467285
1440561600,66.82483673095703,27.638107299804688
1440648000,67.6268310546875,28.023456573486328
1440734400,67.57624816894531,28.15191650390625
1440993600,67.14276885986328,28.05913734436035
1441080000,65.98674011230469,27.652381896972656
1441166400,66.72431945800781,27.759428024291992
1441252800,67.08108520507812,27.94495964050293
1441339200,66.2000732421875,27.488248825073242
1441684800,67.25584411621094,27.759428024291992
1441771200,66.13456726074219,27.331260681152344
1441857600,66.30201721191406,27.416889190673828
1441944000,66.70974731445312,27.445680618286133
1442203200,66.40391540527344,27.424083709716797
1442289600,67.03010559082031,27.712005615234375
1442376000,67.76551055908203,28.179868698120117
1442462400,67.98396301269531,28.345426559448242
1442548800,67.7509536743164,28.057506561279297
1442808000,68.23151397705078,28.208667755126953
1442894400,67.25584411621094,27.92074966430664
1442980800,67.27767944335938,27.899150848388672
1443067200,67.32866668701172,28.179868698120117
1443153600,68.0567626953125,28.518171310424805
1443412800,67.32866668701172,28.45339584350586
1443499200,67.74369812011719,28.546964645385742
1443585600,68.6611099243164,28.87807273864746
1443672000,68.33344268798828,28.647737503051758
1443758400,68.55917358398438,29.072420120239258
1444017600,69.76055908203125,29.518672943115234
1444104000,70.67794799804688,29.482694625854492
1444190400,71.73371887207031,29.885787963867188
1444276800,72.06138610839844,30.216886520385742
1444363200,72.42544555664062,30.24567413330078
1444622400,72.18515014648438,30.231281280517578
1444708800,71.2968521118164,29.97935676574707
1444795200,70.98377990722656,30.000951766967773
1444881600,71.5589828491211,30.173688888549805
1444968000,72.59290313720703,30.24567413330078
1445227200,72.94241333007812,30.224082946777344
1445313600,73.00792694091797,30.440017700195312
1445400000,72.99337768554688,30.368032455444336
1445486400,75.05396270751953,31.123825073242188
1445572800,74.58064270019531,30.79991340637207
1445832000,74.66075134277344,30.65596580505371
1445918400,74.9520034790039,30.67035675048828
1446004800,74.80638122558594,30.756725311279297
1446091200,74.85004425048828,30.79991340637207
1446177600,74.40589904785156,30.48320198059082
1446440400,73.83068084716797,30.404027938842773
1446526800,73.4812240600586,30.346454620361328
1446613200,73.26276397705078,30.209686279296875
1446699600,73.2555160522461,30.468807220458984
1446786000,72.60749053955078,30.20248031616211
1447045200,71.995849609375,29.900182723999023
1447131600,71.95945739746094,30.065732955932617
1447218000,72.39630126953125,30.26006317138672
1447304400,71.62451171875,29.92896842956543
1447390800,71.38422393798828,29.785001754760742
1447650000,72.49097442626953,30.20248031616211
1447736400,71.95945739746094,29.993751525878906
1447822800,73.00792694091797,30.432830810546875
1447909200,73.48849487304688,31.030244827270508
1447995600,72.88414764404297,30.54078483581543
1448254800,73.43025207519531,30.92228126525879
1448341200,73.27007293701172,31.21019744873047
1448427600,73.17538452148438,31.21019744873047
1448600400,73.35015106201172,31.29723358154297
1448859600,72.92787170410156,30.912817001342773
1448946000,73.5831298828125,31.10865592956543
1449032400,72.94010162353516,31.0216121673584
1449118800,72.65414428710938,30.796768188476562
1449205200,74.09860229492188,31.398778915405273
1449464400,73.81265258789062,31.333486557006836
1449550800,73.4460220336914,31.195693969726562
1449637200,72.68350219726562,30.941829681396484
1449723600,72.51483917236328,31.01435089111328
1449810000,71.69364929199219,30.65896224975586
1450069200,71.81828308105469,30.789522171020508
1450155600,72.87411499023438,31.23920440673828
1450242000,74.11326599121094,31.797691345214844
1450328400,73.468017578125,31.543840408325195
1450414800,71.78165435791016,30.825788497924805
1450674000,72.30953979492188,31.02887725830078
1450760400,73.17473602294922,31.398778915405273
1450846800,73.79065704345703,31.67439079284668
1450933200,73.71733093261719,31.58010482788086
1451278800,73.8199691772461,31.543840408325195
1451365200,74.3845443725586,31.703401565551758
1451451600,74.16458129882812,31.601871490478516
1451538000,73.2627182006836,31.159433364868164
1451883600,72.41954040527344,30.753253936767578
1451970000,72.91813659667969,30.86205291748047
1452056400,72.94010162353516,30.695232391357422
1452142800,71.5396728515625,30.18749237060547
1452229200,71.2757339477539,30.10771369934082
1452488400,71.44436645507812,30.158496856689453
1452574800,71.57635498046875,30.550161361694336
1452661200,70.75513458251953,30.354326248168945
1452747600,70.24921417236328,30.376083374023438
1452834000,68.87078857421875,30.1004695892334
1453179600,70.21990203857422,30.40511131286621
1453266000,68.75345611572266,30.013423919677734
1453352400,69.2667465209961,30.02068519592285
1453438800,70.27857208251953,30.50664710998535
1453698000,70.34454345703125,30.579174041748047
1453784400,70.6231689453125,30.521146774291992
1453870800,70.34454345703125,30.528406143188477
1453957200,71.45169830322266,30.876558303833008
1454043600,72.80814361572266,31.13040542602539
1454302800,72.61016845703125,31.188430786132812
1454389200,72.00894165039062,30.782262802124023
1454475600,72.38286590576172,30.98535919189453
1454562000,71.40769958496094,30.8475341796875
1454648400,71.35636901855469,30.782262802124023
1454907600,71.5030288696289,30.934574127197266
1454994000,72.06024169921875,31.40603256225586
1455080400,71.57635498046875,30.86205291748047
1455166800,71.0484390258789,30.7605037689209
1455253200,72.21424865722656,31.268220901489258
1455598800,72.29488372802734,31.449562072753906
1455685200,72.99143981933594,31.543840408325195
1455771600,73.04276275634766,31.630882263183594
1455858000,73.01342010498047,31.746929168701172
1456117200,73.22607421875,31.870229721069336
1456203600,72.98411560058594,31.688905715942383
1456290000,73.08673858642578,31.84847640991211
1456376400,73.81265258789062,32.02980041503906
1456462800,72.11891174316406,31.289995193481445
1456722000,71.72297668457031,31.282726287841797
1456808400,72.65414428710938,31.688905715942383
1456894800,72.6120834350586,31.746929168701172
1456981200,73.22500610351562,31.884746551513672
1457067600,73.84528350830078,31.993539810180664
1457326800,73.29144287109375,31.92099380493164
1457413200,73.65330505371094,32.145835876464844
1457499600,73.99297332763672,32.501243591308594
1457586000,74.42125701904297,32.80588150024414
1457672400,74.81266021728516,33.039791107177734
1457928000,74.32528686523438,33.10558319091797
1458014400,74.69451904296875,33.06903076171875
1458100800,74.45819854736328,32.93014144897461
1458187200,75.22621154785156,33.456443786621094
1458273600,74.79788970947266,33.332183837890625
1458532800,74.98249053955078,33.38334655761719
1458619200,74.41387176513672,33.25909423828125
1458705600,74.44343566894531,33.2298469543457
1458792000,74.34742736816406,33.31755447387695
1459137600,74.5689926147461,33.47837448120117
1459224000,74.85696411132812,33.97544479370117
1459310400,75.83172607421875,34.048526763916016
1459396800,75.6766357421875,33.909645080566406
1459483200,76.63662719726562,34.23128128051758
1459742400,76.66616821289062,34.27513122558594
1459828800,76.13450622558594,34.011966705322266
1459915200,76.74002075195312,34.1435546875
1460001600,76.50372314453125,33.8877067565918
1460088000,77.59663391113281,34.26051330566406
1460347200,77.02063751220703,33.946189880371094
1460433600,77.4710922241211,34.099693298339844
1460520000,76.8876953125,33.653812408447266
1460606400,76.17881774902344,33.500308990478516
1460692800,76.62923431396484,33.69766616821289
1460952000,76.59231567382812,33.78538513183594
1461038400,77.03539276123047,34.06315231323242
1461124800,75.6471176147461,32.43309020996094
1461211200,74.57637023925781,31.91409683227539
1461297600,75.30744171142578,32.55735397338867
1461556800,75.91294860839844,32.68162155151367
1461643200,75.76524353027344,32.55004119873047
1461729600,75.78741455078125,32.65968704223633
1461816000,76.03849029541016,32.62314987182617
1461902400,76.03112030029297,32.74740982055664
1462161600,76.37818908691406,32.87897491455078
1462248000,76.47418212890625,32.776641845703125
1462334400,76.8138427734375,32.87897491455078
1462420800,76.95415496826172,32.93745422363281
1462507200,77.50801849365234,33.12750244140625
1462766400,77.74430847167969,33.06903076171875
1462852800,78.69691467285156,33.44183349609375
1462939200,78.06922149658203,33.2298469543457
1463025600,78.34983825683594,33.500308990478516
1463112000,76.93203735351562,33.149444580078125
1463371200,76.89510345458984,33.34680938720703
1463457600,75.59540557861328,32.71086120605469
1463544000,74.51728820800781,32.513492584228516
1463630400,74.82743835449219,32.39653396606445
1463716800,73.91911315917969,32.1260871887207
1463976000,74.15542602539062,32.14070129394531
1464062400,74.65019989013672,32.43309020996094
1464148800,74.65019989013672,32.44039535522461
1464235200,75.24834442138672,32.66699981689453
1464321600,75.29264068603516,32.732791900634766
1464667200,74.70926666259766,32.60121154785156
1464753600,75.56710052490234,32.67430877685547
1464840000,75.88700866699219,32.688934326171875
1464926400,76.28131103515625,32.922847747802734
1465185600,76.40780639648438,33.16404724121094
1465272000,76.2515640258789,33.12750244140625
1465358400,76.76492309570312,33.29564666748047
1465444800,77.12203216552734,33.449134826660156
1465531200,76.86163330078125,33.61724853515625
1465790400,76.67562103271484,33.23423385620117
1465876800,76.8021011352539,33.17531967163086
1465963200,76.52685546875,33.153221130371094
1466049600,77.26338195800781,33.37419891357422
1466136000,76.93602752685547,32.99116134643555
1466395200,76.9062728881836,33.13111114501953
1466481600,77.43450927734375,33.24159622192383
1466568000,77.18156433105469,33.04273223876953
1466654400,77.70234680175781,33.20478057861328
1466740800,75.87213134765625,32.35771560668945
1467000000,75.98372650146484,32.247222900390625
1467086400,75.99115753173828,32.541866302490234
1467172800,76.72027587890625,32.73336410522461
1467259200,78.81831359863281,33.388919830322266
1467345600,78.58768463134766,33.23423385620117
1467691200,79.17542266845703,33.462581634521484
1467777600,78.80345153808594,33.34471893310547
1467864000,79.9715347290039,33.21215057373047
1467950400,80.55181884765625,33.425750732421875
1468209600,81.02799224853516,33.565696716308594
1468296000,80.93870544433594,33.573055267333984
1468382400,81.77195739746094,33.690914154052734
1468468800,81.8091812133789,33.65406799316406
1468555200,81.58599853515625,33.60989761352539
1468814400,81.25119018554688,33.60989761352539
1468900800,81.48927307128906,33.60989761352539
1468987200,81.0354232788086,33.5214958190918
1469073600,80.78247833251953,33.4773063659668
1469160000,81.2363052368164,33.7572135925293
1469419200,81.10983276367188,33.565696716308594
1469505600,80.4997329711914,33.05746078491211
1469592000,79.96408081054688,31.967334747314453
1469678400,80.44766235351562,32.15147399902344
1469764800,81.0354232788086,32.136749267578125
1470024000,81.0428695678711,32.00416564941406
1470110400,80.88663482666016,32.06309127807617
1470196800,80.38072204589844,32.14411544799805
1470283200,80.66343688964844,32.0483512878418
1470369600,80.84200286865234,32.02625274658203
1470628800,80.45511627197266,31.996807098388672
1470715200,80.55929565429688,32.01889419555664
1470801600,80.96102905273438,32.12201690673828
1470888000,80.70807647705078,32.22513961791992
1470974400,80.7899169921875,32.43137741088867
1471233600,80.88663482666016,32.58605194091797
1471320000,80.35096740722656,32.2840576171875
1471406400,80.70063018798828,32.45347595214844
1471492800,80.55929565429688,32.48292541503906
1471579200,80.47743225097656,32.3503532409668
1471838400,80.32119750976562,32.217769622802734
1471924800,80.26167297363281,32.298789978027344
1472011200,80.43280029296875,32.298789978027344
1472097600,80.26167297363281,32.16619873046875
1472184000,79.9417495727539,31.90839958190918
1472443200,80.3435287475586,32.07044982910156
1472529600,79.76321411132812,31.8494873046875
1472616000,79.98273468017578,31.989431381225586
1472702400,80.3873291015625,31.930496215820312
1472788800,80.8218765258789,32.158836364746094
1473134400,80.85934448242188,32.25460433959961
1473220800,80.32738494873047,32.14411544799805
1473307200,80.08013153076172,32.136749267578125
1473393600,77.95974731445312,31.135005950927734
1473652800,79.43574523925781,31.81265640258789
1473739200,78.36432647705078,31.396800994873047
1473825600,78.70899963378906,31.27055549621582
1473912000,79.03117370605469,31.45621109008789
1473998400,78.88134002685547,31.29283332824707
1474257600,79.17353820800781,31.263126373291016
1474344000,79.64556884765625,31.441362380981445
1474430400,80.26744842529297,31.582439422607422
1474516800,80.78443145751953,31.901771545410156
1474603200,80.4247817993164,31.738388061523438
1474862400,80.1925277709961,31.225996017456055
1474948800,80.53718566894531,31.627002716064453
1475035200,80.45475769042969,31.300262451171875
1475121600,80.73947143554688,31.211149215698242
1475208000,81.4962387084961,31.4265079498291
1475467200,81.10660552978516,31.211149215698242
1475553600,80.24496459960938,31.0700626373291
1475640000,79.42831420898438,31.047779083251953
1475726400,79.72049713134766,30.97351837158203
1475812800,79.41329956054688,30.988374710083008
1476072000,79.58562469482422,30.988374710083008
1476158400,79.09862518310547,30.84727668762207
1476244800,79.4807357788086,31.02550506591797
1476331200,79.3608169555664,31.010650634765625
1476417600,80.04265594482422,30.94382095336914
1476676800,80.05765533447266,30.891841888427734
1476763200,80.13258361816406,31.166593551635742
1476849600,79.6156005859375,31.225996017456055
1476936000,79.3233871459961,31.13689613342285
1477022400,79.13607025146484,31.285409927368164
1477281600,80.40231323242188,31.60472297668457
1477368000,80.34237670898438,31.589872360229492
1477454400,80.22250366210938,31.515605926513672
1477540800,79.89281463623047,31.277990341186523
1477627200,80.22250366210938,31.359670639038086
1477886400,80.31990051269531,31.485910415649414
1477972800,79.95277404785156,31.277990341186523
1478059200,79.95277404785156,31.225996017456055
1478145600,79.89281463623047,31.211149215698242
1478232000,79.27843475341797,30.958669662475586
1478494800,80.14005279541016,31.530467987060547
1478581200,81.45877075195312,31.842355728149414
1478667600,80.35735321044922,31.389371871948242
1478754000,77.3603515625,30.401731491088867
1478840400,77.31537628173828,30.46856117248535
1479099600,75.96674346923828,30.572519302368164
1479186000,76.31140899658203,30.773021697998047
1479272400,76.20648956298828,30.63935661315918
1479358800,76.13906860351562,30.53539276123047
1479445200,75.90678405761719,30.379453659057617
1479704400,76.61858367919922,30.713621139526367
1479790800,77.09061431884766,30.72103500366211
1479877200,76.07160949707031,30.53539276123047
1480050000,76.55113220214844,30.839853286743164
1480309200,77.01567077636719,31.00322723388672
1480395600,76.828369140625,30.816009521484375
1480482000,75.55503845214844,30.216903686523438
1480568400,74.74742889404297,30.08211326599121
1480654800,75.93243408203125,30.22439956665039
1480914000,76.01546478271484,30.419109344482422
1481000400,76.64949798583984,30.381650924682617
1481086800,77.60054779052734,30.92084312438965
1481173200,77.10235595703125,30.68869972229004
1481259600,78.17417907714844,31.452550888061523
1481518800,79.04218292236328,31.37765884399414
1481605200,79.72904205322266,31.27281951904297
1481691600,78.8534927368164,30.860939025878906
1481778000,79.47998046875,31.115564346313477
1481864400,79.91019439697266,31.25784683227539
1482123600,79.5630111694336,31.205425262451172
1482210000,79.17806243896484,31.197933197021484
1482296400,79.02708435058594,31.130525588989258
1482382800,79.5177001953125,31.115564346313477
1482469200,79.32146453857422,31.152996063232422
1482814800,79.35166931152344,31.160491943359375
1482901200,78.96671295166016,30.995744705200195
1482987600,79.2459716796875,31.152996063232422
1483074000,78.97425079345703,31.048154830932617
1483419600,78.98934173583984,31.302762985229492
1483506000,79.14031982421875,31.19045066833496
1483592400,79.0346450805664,31.265323638916016
1483678800,78.92143249511719,31.25784683227539
1483938000,78.09113311767578,30.943317413330078
1484024400,76.96647644042969,30.73363494873047
1484110800,76.84574127197266,30.74112319946289
1484197200,76.86837005615234,30.666234970092773
1484283600,76.64949798583984,30.613815307617188
1484629200,77.13256072998047,30.868427276611328
1484715600,77.54769897460938,30.92084312438965
1484802000,77.2608871459961,30.808521270751953
1484888400,77.92510223388672,30.943317413330078
1485147600,78.50629425048828,31.025699615478516
1485234000,79.0346450805664,31.37765884399414
1485320400,78.95915222167969,31.54241180419922
1485406800,78.60438537597656,31.310251235961914
1485493200,78.10626220703125,31.040672302246094
1485752400,78.26476287841797,30.988250732421875
1485838800,78.33267974853516,31.130525588989258
1485925200,77.75148010253906,30.898386001586914
1486011600,78.52137756347656,31.00323486328125
1486098000,79.3365707397461,31.108068466186523
1486357200,78.92897033691406,31.1230525970459
1486443600,79.7139663696289,31.37765884399414
1486530000,79.77433776855469,31.467525482177734
1486616400,79.98566436767578,30.89090347290039
1486702800,80.08379364013672,30.38915252685547
1486962000,80.40082550048828,30.419109344482422
1487048400,80.7027587890625,30.351715087890625
1487134800,80.55933380126953,30.28431510925293
1487221200,81.6084976196289,30.85345458984375
1487307600,81.63114929199219,30.875919342041016
1487653200,82.54444885253906,31.048154830932617
1487739600,82.58219909667969,31.152996063232422
1487826000,82.68031311035156,31.197933197021484
1487912400,82.89918518066406,31.287797927856445
1488171600,82.47650146484375,31.205425262451172
1488258000,83.3143081665039,31.422590255737305
1488344400,83.39262390136719,31.57236671447754
1488430800,83.681396484375,31.80452537536621
1488517200,84.02338409423828,31.812009811401367
1488776400,83.31661987304688,31.587352752685547
1488862800,83.08102416992188,31.44507598876953
1488949200,83.06582641601562,31.44507598876953
1489035600,82.85301971435547,31.475004196166992
1489122000,83.28621673583984,31.66972541809082
1489377600,83.14942932128906,31.752826690673828
1489464000,83.09622192382812,31.70749282836914
1489550400,84.4413833618164,31.820810317993164
1489636800,84.46418762207031,31.91903305053711
1489723200,84.6541748046875,31.752826690673828
1489982400,84.4717788696289,31.866140365600586
1490068800,84.94296264648438,32.10789108276367
1490155200,85.13296508789062,32.01726150512695
1490241600,84.95057678222656,31.858583450317383
1490328000,85.2089614868164,31.820810317993164
1490587200,84.98859405517578,31.971912384033203
1490673600,85.45974731445312,32.05501937866211
1490760000,85.44456481933594,32.047454833984375
1490846400,85.25456237792969,32.18344497680664
1490932800,85.01136016845703,32.062564849853516
1491192000,85.01136016845703,32.03990936279297
1491278400,85.17857360839844,32.243892669677734
1491364800,85.07217407226562,32.16078186035156
1491451200,84.79857635498047,32.236331939697266
1491537600,84.82137298583984,32.191001892089844
1491796800,85.13296508789062,32.25143814086914
1491883200,84.91258239746094,32.228782653808594
1491969600,86.34132385253906,32.440311431884766
1492056000,85.63455200195312,32.326988220214844
1492401600,86.12094116210938,32.53853225708008
1492488000,86.85050964355469,32.848270416259766
1492574400,86.34895324707031,32.65939712524414
1492660800,86.32612609863281,32.553627014160156
1492747200,86.20454406738281,32.53853225708008
1493006400,86.88090515136719,32.69717025756836
1493092800,86.75931549072266,32.56874465942383
1493179200,86.12853240966797,32.66695785522461
1493265600,85.60415649414062,32.49319839477539
1493352000,86.09054565429688,32.59895324707031
1493611200,85.33058166503906,32.65184020996094
1493697600,85.33815002441406,32.78028106689453
1493784000,84.95814514160156,32.727394104003906
1493870400,85.84734344482422,32.98424530029297
1493956800,86.04493713378906,33.00691604614258
1494216000,86.04493713378906,33.15801239013672
1494302400,85.66494750976562,32.87093734741211
1494388800,85.75614929199219,32.916255950927734
1494475200,85.90815734863281,32.99180603027344
1494561600,85.80934143066406,32.931373596191406
1494820800,86.59214782714844,33.037132263183594
1494907200,86.47811889648438,33.127803802490234
1494993600,86.44013214111328,33.188232421875
1495080000,86.6604995727539,33.09001541137695
1495166400,86.40213775634766,33.16556167602539
1495425600,87.16971588134766,33.377105712890625
1495512000,87.43569946289062,33.535743713378906
1495598400,88.20329284667969,34.01926040649414
1495684800,89.32042694091797,34.30634307861328
1495771200,89.6092529296875,34.29122543334961
1496116800,89.68522644042969,34.321449279785156
1496203200,89.42890930175781,34.35167694091797
1496289600,89.70437622070312,34.59342956542969
1496376000,90.04103088378906,34.66898727416992
1496635200,90.20173645019531,34.744529724121094
1496721600,90.06401824951172,34.736961364746094
1496808000,89.566650390625,34.38188934326172
1496894400,88.67901611328125,34.09480285644531
1496980800,88.71729278564453,34.23834991455078
1497240000,88.93917083740234,34.24590301513672
1497326400,89.00804138183594,34.29921340942383
1497412800,89.81150817871094,34.5048942565918
1497499200,89.68907165527344,34.466800689697266
1497585600,89.42125701904297,34.51251220703125
1497844800,89.75027465820312,34.56582260131836
1497931200,90.25533294677734,34.74100875854492
1498017600,89.84976959228516,34.44395065307617
1498104000,88.8779525756836,34.32969284057617
1498190400,89.49778747558594,34.466800689697266
1498449600,89.62020874023438,34.60390090942383
1498536000,88.71729278564453,34.3144645690918
1498622400,89.05397033691406,34.52012252807617
1498708800,88.13573455810547,34.14689254760742
1498795200,88.37290954589844,34.1621208190918
1499054400,88.33465576171875,34.09357452392578
1499227200,88.2275390625,34.1392707824707
1499313600,88.0974349975586,33.819358825683594
1499400000,88.38823699951172,33.81174850463867
1499659200,87.43936157226562,33.80412673950195
1499745600,87.0338363647461,33.76603698730469
1499832000,87.82198333740234,33.90314483642578
1499918400,87.24808502197266,33.84220886230469
1500004800,87.94440460205078,34.03263473510742
1500264000,87.94440460205078,34.07071304321289
1500350400,88.00562286376953,34.0250244140625
1500436800,88.2581558227539,34.14689254760742
1500523200,88.38823699951172,34.1392707824707
1500609600,89.24525451660156,34.29921340942383
1500868800,88.86266326904297,34.15449523925781
1500955200,89.1075210571289,34.45918655395508
1501041600,89.67376708984375,34.84003829956055
1501128000,89.78855895996094,35.129478454589844
1501214400,89.22994995117188,35.04568099975586
1501473600,89.22994995117188,34.91621017456055
1501560000,88.70195770263672,34.809574127197266
1501646400,88.46475982666016,34.725772857666016
1501732800,88.99273681640625,34.78670883178711
1501819200,89.0462875366211,34.657222747802734
1502078400,89.49778747558594,34.76387023925781
1502164800,89.30645751953125,34.73338317871094
1502251200,89.24525451660156,34.725772857666016
1502337600,89.05397033691406,34.84003829956055
1502424000,89.15342712402344,34.725772857666016
1502683200,90.17115783691406,34.885719299316406
1502769600,91.03583526611328,35.18278121948242
1502856000,91.13530731201172,35.190406799316406
1502942400,90.59200286865234,34.931434631347656
1503028800,89.98750305175781,34.78670883178711
1503288000,90.4925537109375,34.79432678222656
1503374400,90.23236846923828,34.73338317871094
1503460800,89.75027465820312,34.68768310546875
1503547200,88.93152618408203,34.58866882324219
1503633600,88.6484146118164,34.710540771484375
1503892800,88.41118621826172,34.596290588378906
1503979200,88.6407470703125,34.619140625
1504065600,88.7293472290039,34.57344436645508
1504152000,89.17628479003906,34.69530487060547
1504238400,89.26103973388672,34.87049102783203
1504584000,89.28416442871094,34.97713088989258
1504670400,89.6540298461914,35.007598876953125
1504756800,90.14716339111328,35.25135803222656
1504843200,88.64459991455078,35.266571044921875
1505102400,89.14547729492188,35.434146881103516
1505188800,88.61377716064453,35.586490631103516
1505275200,88.1899642944336,35.70074462890625
1505361600,87.98965454101562,35.40131759643555
1505448000,88.49820709228516,35.455074310302734
1505707200,88.6060791015625,35.40131759643555
1505793600,88.22079467773438,35.301517486572266
1505880000,87.51957702636719,35.147953033447266
1505966400,86.91857147216797,34.8562126159668
1506052800,86.1865234375,34.925323486328125
1506312000,86.2558822631836,35.07886505126953
1506398400,86.15570831298828,34.98673629760742
1506484800,85.60861206054688,34.27272033691406
1506571200,86.02471160888672,34.48001480102539
1506657600,85.8628921508789,34.556785583496094
1506916800,84.08292388916016,34.39556121826172
1507003200,84.09062957763672,34.69497299194336
1507089600,84.25243377685547,34.932979583740234
1507176000,85.10774993896484,34.94834518432617
1507262400,85.06922149658203,34.925323486328125
1507521600,84.76872253417969,34.8639030456543
1507608000,85.3620376586914,35.217063903808594
1507694400,85.92456817626953,35.393653869628906
1507780800,86.64885711669922,35.40131759643555
1507867200,86.77985382080078,35.455074310302734
1508126400,87.51187896728516,35.79288101196289
1508212800,86.44851684570312,35.71608352661133
1508299200,86.26358795166016,35.62397384643555
1508385600,86.81838989257812,35.76985168457031
1508472000,86.00160217285156,35.60860824584961
1508731200,86.06326293945312,35.56254959106445
1508817600,85.33890533447266,35.455074310302734
1508904000,84.81494140625,35.355262756347656
1508990400,85.3235092163086,35.49345016479492
1509076800,85.22334289550781,35.37060546875
1509336000,84.49130249023438,35.20938491821289
1509422400,84.93824768066406,35.301517486572266
1509508800,84.86117553710938,35.16331100463867
1509595200,84.79954528808594,35.22473907470703
1509681600,84.93053436279297,35.29383850097656
1509944400,84.19078826904297,34.90996170043945
1510030800,85.1231689453125,35.270809173583984
1510117200,86.3021240234375,35.455074310302734
1510203600,85.90143585205078,35.49345016479492
1510290000,86.88003540039062,35.73146057128906
1510549200,87.8740463256836,35.869659423828125
1510635600,89.19938659667969,36.414772033691406
1510722000,88.69083404541016,35.93875503540039
1510808400,88.7909927368164,35.739131927490234
1510894800,88.36720275878906,35.09422302246094
1511154000,88.54443359375,34.90229034423828
1511240400,89.42288208007812,35.147953033447266
1511326800,88.67539978027344,35.19401931762695
1511499600,89.3072738647461,35.22473907470703
1511758800,89.26875305175781,35.24009323120117
1511845200,89.9776611328125,35.18634033203125
1511931600,90.0316162109375,34.932979583740234
1512018000,90.40788269042969,35.428382873535156
1512104400,90.6096420288086,35.58319854736328
1512363600,91.13726043701172,35.78443908691406
1512450000,91.23812866210938,35.80766296386719
1512536400,92.25456237792969,35.954742431640625
1512622800,90.57086181640625,35.43612289428711
1512709200,90.44670867919922,35.07233428955078
1512968400,91.08293914794922,35.08779525756836
1513054800,91.0906982421875,35.05683898925781
1513141200,91.40106964111328,35.529014587402344
1513227600,91.57174682617188,35.629634857177734
1513314000,92.50282287597656,35.75347900390625
1513573200,91.59503936767578,35.55222702026367
1513659600,92.02953338623047,35.7070426940918
1513746000,92.34764862060547,35.66834259033203
1513832400,91.75797271728516,35.296791076660156
1513918800,92.02179718017578,35.28905487060547
1514264400,92.24679565429688,35.459346771240234
1514350800,92.56491088867188,35.55222702026367
1514437200,92.60371398925781,35.389678955078125
1514523600,93.04596710205078,35.51354217529297
1514869200,91.6028060913086,35.25034713745117
1514955600,91.36225891113281,35.172935485839844
1515042000,91.81229400634766,35.66834259033203
1515128400,92.07609558105469,35.66059494018555
1515387600,91.54847717285156,35.60641098022461
1515474000,91.61832427978516,35.78443908691406
1515560400,91.15277862548828,35.66059494018555
1515646800,90.68724060058594,35.637386322021484
1515733200,91.0751724243164,35.722530364990234
1516078800,91.44760131835938,36.016658782958984
1516165200,92.47179412841797,36.24113464355469
1516251600,92.37094116210938,36.28758239746094
1516338000,93.23997497558594,36.50432205200195
1516597200,94.27965545654297,36.67460632324219
1516683600,94.11674499511719,36.72878646850586
1516770000,93.9925537109375,37.0229377746582
1516856400,93.80635070800781,37.030662536621094
1516942800,94.47364044189453,37.56477355957031
1517202000,92.85200500488281,36.922306060791016
1517288400,93.02267456054688,36.69782638549805
1517374800,93.3408432006836,36.837154388427734
1517461200,93.3408432006836,36.72878646850586
1517547600,92.07609558105469,36.171470642089844
1517806800,88.80953979492188,34.74721908569336
1517893200,88.11124420166016,34.576934814453125
1517979600,88.06470489501953,34.49178695678711
1518066000,85.46541595458984,33.361671447753906
1518152400,86.26459503173828,33.38488006591797
1518411600,86.8465347290039,34.035099029541016
1518498000,87.00946044921875,34.20538330078125
1518584400,84.65850067138672,34.135711669921875
1518670800,86.1016616821289,34.66206741333008
1518757200,86.17150115966797,34.81687927246094
1519102800,84.94558715820312,34.05057144165039
1519189200,83.79723358154297,33.54743576049805
1519275600,84.7748794555664,33.686763763427734
1519362000,85.10075378417969,34.08926010131836
1519621200,86.07838439941406,34.08152770996094
1519707600,86.03956604003906,33.7641716003418
1519794000,85.1395492553711,33.454551696777344
1519880400,84.51033782958984,33.61709976196289
1519966800,85.22943115234375,33.84157180786133
1520226000,85.53426361083984,33.97315979003906
1520312400,85.65151977539062,34.00411605834961
1520398800,85.85475158691406,33.918983459472656
1520485200,87.60559844970703,34.40663528442383
1520571600,87.96517181396484,34.693031311035156
1520827200,88.1292953491211,34.46856689453125
1520913600,88.7936782836914,34.49951171875
1521000000,88.0198974609375,34.187171936035156
1521086400,87.5352554321289,34.10127258300781
1521172800,87.26168823242188,33.93728256225586
1521432000,86.26119995117188,33.78110122680664
1521518400,85.90164947509766,33.70301818847656
1521604800,84.99494171142578,33.57807159423828
1521691200,84.36964416503906,33.39065933227539
1521777600,82.97050476074219,33.05488967895508
1522036800,83.48638153076172,33.33600616455078
1522123200,84.13516235351562,33.49217224121094
1522209600,85.33885955810547,33.82795715332031
1522296000,85.31542205810547,33.91386032104492
1522641600,83.67399597167969,33.32038879394531
1522728000,84.5650634765625,33.87482452392578
1522814400,86.12049865722656,34.54637908935547
1522900800,86.42535400390625,34.67131805419922
1522987200,85.43266296386719,34.29648971557617
1523246400,85.49518585205078,34.226219177246094
1523332800,85.51082611083984,34.351158142089844
1523419200,84.94804382324219,34.351158142089844
1523505600,84.65882110595703,34.38239669799805
1523592000,85.40142059326172,34.75720977783203
1523851200,85.91726684570312,34.88996124267578
1523937600,85.0965576171875,35.046138763427734
1524024000,83.61927032470703,34.75720977783203
1524110400,82.51716613769531,34.601043701171875
1524196800,80.10192108154297,34.15593338012695
1524456000,80.18006134033203,34.343345642089844
1524542400,79.2890396118164,33.63274383544922
1524628800,79.06232452392578,33.13296127319336
1524715200,80.71159362792969,33.38286209106445
1524801600,79.50006103515625,33.82014846801758
1525060800,78.8982162475586,33.7420654296875
1525147200,77.48343658447266,33.25791931152344
1525233600,75.99834442138672,32.84403991699219
1525320000,76.28754425048828,32.71128845214844
1525406400,77.37399291992188,33.07830810546875
1525665600,76.77996063232422,32.90652084350586
1525752000,75.65441131591797,32.648826599121094
1525838400,75.16197967529297,32.62538528442383
1525924800,76.02960205078125,32.93775177001953
1526011200,76.15465545654297,32.90652084350586
1526270400,75.9358139038086,32.828426361083984
1526356800,75.66223907470703,32.57854080200195
1526443200,75.96707153320312,32.445796966552734
1526529600,76.53765106201172,33.031455993652344
1526616000,76.21717834472656,32.93775177001953
1526875200,77.78046417236328,33.11734390258789
1526961600,78.10873413085938,32.99241256713867
1527048000,78.51519775390625,33.10954666137695
1527134400,78.30414581298828,33.047080993652344
1527220800,78.40575408935547,33.10954666137695
1527566400,79.02325439453125,33.328189849853516
1527652800,79.59383392333984,33.67959976196289
1527739200,79.07955169677734,33.57807159423828
1527825600,79.07955169677734,33.67177963256836
1528084800,78.97700500488281,33.96070861816406
1528171200,79.04798889160156,33.66398239135742
1528257600,79.53705596923828,33.93728256225586
1528344000,79.79737854003906,33.921661376953125
1528430400,80.84651184082031,34.319923400878906
1528689600,81.41443634033203,34.460472106933594
1528776000,82.41626739501953,34.67912292480469
1528862400,83.0394287109375,34.49951171875
1528948800,82.92900848388672,34.334075927734375
1529035200,84.88526916503906,34.75951385498047
1529294400,83.1261978149414,34.3104362487793
1529380800,83.5837173461914,34.349815368652344
1529467200,83.46538543701172,34.08195495605469
1529553600,84.59342956542969,33.948028564453125
1529640000,85.48478698730469,34.0740852355957
1529899200,85.97386169433594,34.334075927734375
1529985600,85.23236083984375,34.137123107910156
1530072000,85.40589141845703,33.932281494140625
1530158400,85.72931671142578,34.24741744995117
1530244800,85.87920379638672,34.5546760559082
1530504000,86.39979553222656,34.4680061340332
1530590400,85.82398986816406,34.65708923339844
1530763200,86.41558837890625,35.184940338134766
1530849600,86.42349243164062,35.1691780090332
1531108800,85.00360870361328,34.9801025390625
1531195200,89.05026245117188,35.42917251586914
1531281600,88.7741928100586,35.28737258911133
1531368000,87.97746276855469,35.192813873291016
1531454400,88.89249420166016,35.24796676635742
1531713600,89.10547637939453,35.240081787109375
1531800000,90.62000274658203,35.6497688293457
1531886400,90.58058166503906,35.54734420776367
1531972800,91.32205963134766,35.53947067260742
1532059200,91.51139068603516,35.67340850830078
1532318400,90.2334976196289,35.413414001464844
1532404800,90.50959014892578,35.65764617919922
1532491200,90.88034057617188,36.311553955078125
1532577600,90.71470642089844,36.42973709106445
1532664000,90.14673614501953,36.406089782714844
1532923200,90.0678482055664,36.42184829711914
1533009600,90.71470642089844,36.73698425292969
1533096000,89.61822509765625,36.54790496826172
1533182400,90.47016143798828,36.382450103759766
1533268800,91.74014282226562,36.729103088378906
1533528000,92.59209442138672,36.75273895263672
1533614400,90.09940338134766,36.63456726074219
1533700800,89.52354431152344,36.35881805419922
1533787200,89.68923950195312,36.51639175415039
1533873600,89.03451538085938,36.303672790527344
1534132800,89.15283203125,36.10670471191406
1534219200,89.21592712402344,36.15398025512695
1534305600,89.49200439453125,36.303672790527344
1534392000,90.12307739257812,36.41395950317383
1534478400,90.6831283569336,36.713356018066406
1534737600,90.58846282958984,36.815773010253906
1534824000,89.70499420166016,36.41395950317383
1534910400,88.53755187988281,36.18548583984375
1534996800,88.2929916381836,36.004295349121094
1535083200,88.46654510498047,35.949134826660156
1535342400,88.67162322998047,35.99641036987305
1535428800,87.69351196289062,35.74430465698242
1535515200,88.38765716552734,35.71278762817383
1535601600,88.31665802001953,35.413414001464844
1535688000,88.35609436035156,35.11403274536133
1536033600,87.55939483642578,35.263729095458984
1536120000,89.231689453125,35.752193450927734
1536206400,90.27201843261719,36.05944061279297
1536292800,89.66754150390625,36.02004623413086
1536552000,90.32766723632812,36.287925720214844
1536638400,90.1368179321289,36.256404876708984
1536724800,90.55039978027344,36.42973709106445
1536811200,91.45709228515625,36.413848876953125
1536897600,91.123046875,36.54095458984375
1537156800,91.78318786621094,36.803165435791016
1537243200,90.6537857055664,36.493282318115234
1537329600,90.48676300048828,36.51712417602539
1537416000,91.64000701904297,37.05740737915039
1537502400,91.39346313476562,37.009742736816406
1537761600,89.29374694824219,36.60452651977539
1537848000,89.05512237548828,36.294654846191406
1537934400,88.68131256103516,36.42972946166992
1538020800,88.32340240478516,36.55685806274414
1538107200,88.919921875,36.69987487792969
1538366400,88.05298614501953,36.73164749145508
1538452800,86.47025299072266,36.9541130065918
1538539200,85.51583862304688,36.445613861083984
1538625600,84.79209899902344,36.42972946166992
1538712000,84.69660949707031,36.45355987548828
1538971200,86.04872131347656,36.93027114868164
1539057600,85.99304962158203,36.858787536621094
1539144000,85.37266540527344,36.294654846191406
1539230400,83.55928039550781,35.46833038330078
1539316800,83.73426055908203,35.50010681152344
1539576000,84.01261138916016,35.68284606933594
1539662400,85.41243743896484,36.14369583129883
1539748800,86.14413452148438,36.43766784667969
1539835200,85.8419189453125,36.23902893066406
1539921600,87.71894073486328,36.81110763549805
1540180800,87.01109313964844,36.525081634521484
1540267200,87.5916748046875,36.83494186401367
1540353600,89.84252166748047,37.12892150878906
1540440000,89.75503540039062,36.9541130065918
1540526400,87.84619140625,36.48533248901367
1540785600,89.78685760498047,36.91439437866211
1540872000,90.48676300048828,37.84400939941406
1540958400,89.38121795654297,38.04264831542969
1541044800,88.68928527832031,37.93141555786133
1541131200,88.41886138916016,38.13799285888672
1541394000,90.97986602783203,38.68622970581055
1541480400,91.6320571899414,39.019927978515625
1541566800,91.9501953125,39.22651290893555
1541653200,92.30812072753906,39.19474411010742
1541739600,93.43750762939453,39.47282409667969
1541998800,93.03186798095703,39.6237907409668
1542085200,93.16707611083984,39.615840911865234
1542171600,92.77735900878906,39.53638458251953
1542258000,92.89665222167969,39.5204963684082
1542344400,94.12944793701172,39.862144470214844
1542603600,94.65438079833984,40.132293701171875
1542690000,92.26038360595703,39.23445510864258
1542776400,91.6877212524414,38.71800994873047
1542949200,91.79112243652344,38.948421478271484
1543208400,92.1490478515625,38.82924270629883
1543294800,92.61032104492188,39.22651290893555
1543381200,94.2487564086914,39.49665451049805
1543467600,94.06582641601562,39.224369049072266
1543554000,96.98475646972656,40.361549377441406
1543813200,94.63052368164062,39.792964935302734
1543899600,93.69200134277344,39.70487594604492
1544072400,93.6663589477539,39.54470443725586
1544158800,92.84866333007812,39.31246566772461
1544418000,93.1452865600586,39.43259811401367
1544504400,94.02710723876953,39.67284393310547
1544590800,93.79462432861328,39.41657638549805
1544677200,94.87686920166016,39.61677932739258
1544763600,91.34954833984375,39.51268005371094
1545022800,90.48377227783203,38.70384979248047
1545109200,89.65802001953125,38.69583511352539
1545195600,88.21504974365234,38.35948944091797
1545282000,88.35131072998047,38.071189880371094
1545368400,87.71800994873047,38.09520721435547
1545627600,85.0003890991211,36.805877685546875
1545800400,86.84418487548828,37.59069061279297
1545886800,87.71800994873047,38.06318664550781
1545973200,88.4715805053711,37.79890441894531
1546232400,88.56779479980469,37.91902542114258
1546405200,87.60578918457031,37.58269119262695
1546491600,86.78809356689453,37.35044479370117
1546578000,88.56779479980469,38.09520721435547
1546837200,87.80619812011719,37.59870910644531
1546923600,88.64793395996094,38.023136138916016
1547010000,86.17079162597656,37.29439163208008
1547096400,86.69991302490234,37.694801330566406
1547182800,86.70791625976562,37.9110221862793
1547442000,86.03453063964844,37.758872985839844
1547528400,87.37330627441406,38.09520721435547
1547614800,86.85222625732422,37.57468032836914
1547701200,87.55767059326172,37.686798095703125
1547787600,88.23909759521484,38.12725830078125
1548133200,88.1108169555664,38.2153434753418
1548219600,88.7681884765625,38.65578842163086
1548306000,87.78213500976562,38.191307067871094
1548392400,87.66190338134766,37.935054779052734
1548651600,87.23700714111328,37.77488708496094
1548738000,87.38130950927734,37.959083557128906
1548824400,88.84034729003906,38.327457427978516
1548910800,90.32341003417969,38.543670654296875
1548997200,89.93862915039062,39.00014114379883
1549256400,90.6601333618164,39.44060134887695
1549342800,90.50779724121094,39.448604583740234
1549429200,90.62806701660156,39.448604583740234
1549515600,90.6601333618164,39.57674026489258
1549602000,90.60401916503906,39.64080810546875
1549861200,90.56390380859375,39.728904724121094
1549947600,91.2212905883789,39.76893615722656
1550034000,91.4858169555664,39.873050689697266
1550120400,90.25930786132812,36.50958251953125
1550206800,92.92081451416016,36.22929000854492
1550552400,92.93684387207031,35.900962829589844
1550638800,92.85668182373047,36.11717987060547
1550725200,93.07313537597656,36.72580337524414
1550811600,93.60221862792969,36.261329650878906
1551070800,93.04106903076172,35.989044189453125
1551157200,92.96891021728516,35.78883743286133
1551243600,92.48790740966797,35.989044189453125
1551330000,93.4560775756836,36.309383392333984
1551416400,93.89250946044922,36.34141159057617
1551675600,93.88441467285156,36.557640075683594
1551762000,93.7712631225586,36.51759719848633
1551848400,94.28042602539062,36.39746856689453
1551934800,93.82785034179688,36.261329650878906
1552021200,93.12476348876953,35.908966064453125
1552276800,94.22386932373047,36.9820671081543
1552363200,94.20769500732422,36.87796401977539
1552449600,94.21577453613281,37.014102935791016
1552536000,93.34296417236328,36.91716003417969
1552622400,93.47225952148438,36.59402847290039
1552881600,94.77339935302734,36.682899475097656
1552968000,95.43608856201172,36.804073333740234
1553054400,95.62198638916016,36.77983856201172
1553140800,96.52711486816406,36.76367950439453
1553227200,97.56156158447266,37.10294723510742
1553486400,97.66663360595703,37.18374252319336
1553572800,98.61216735839844,37.67649841308594
1553659200,98.50714111328125,37.65229415893555
1553745600,98.46670532226562,37.62804412841797
1553832000,99.04051208496094,37.854225158691406
1554091200,98.59603118896484,37.74113082885742
1554177600,98.33741760253906,37.619964599609375
1554264000,98.24040985107422,37.30491638183594
1554350400,98.16767120361328,37.54724884033203
1554436800,98.28890991210938,37.53917694091797
1554696000,98.59603118896484,37.60380554199219
1554782400,98.7333984375,37.70074462890625
1554868800,98.62834930419922,37.67649841308594
1554955200,98.3293228149414,37.73305130004883
1555041600,98.78189849853516,37.75729751586914
1555300800,99.93756866455078,37.967323303222656
1555387200,98.9273910522461,37.92694091796875
1555473600,102.6449203491211,38.193511962890625
1555560000,102.70955657958984,38.35506820678711
1555905600,102.18426513671875,38.29045104980469
1555992000,102.70955657958984,38.94477462768555
1556078400,102.5721664428711,38.75897216796875
1556164800,101.93373107910156,38.645896911621094
1556251200,102.15194702148438,38.98516082763672
1556510400,102.3863296508789,39.114410400390625
1556596800,103.48542022705078,39.63142013549805
1556683200,102.83079528808594,39.251747131347656
1556769600,102.49945831298828,39.09019088745117
1556856000,103.17829132080078,39.35676956176758
1557115200,102.85502624511719,39.154815673828125
1557201600,101.81250762939453,38.7751350402832
1557288000,101.84483337402344,38.653968811035156
1557374400,101.86909484863281,38.29045104980469
1557460800,103.45307922363281,38.928619384765625
1557720000,102.76615142822266,38.815521240234375
1557806400,102.96820068359375,39.33252716064453
1557892800,104.5360336303711,39.728363037109375
1557979200,105.27954864501953,40.051490783691406
1558065600,105.4734878540039,39.7445182800293
1558324800,105.0532455444336,39.4617805480957
1558411200,104.29357147216797,39.25982666015625
1558497600,105.11791229248047,40.1080436706543
1558584000,105.03709411621094,40.26959228515625
1558670400,104.65724182128906,40.07572555541992
1559016000,103.1459732055664,39.66374206542969
1559102400,103.58238220214844,39.267913818359375
1559188800,103.93798065185547,39.784908294677734
1559275200,103.44499969482422,39.68796920776367
1559534400,104.23700714111328,40.37460708618164
1559620800,104.30975341796875,40.39076614379883
1559707200,106.18467712402344,41.0208740234375
1559793600,107.44243621826172,41.521724700927734
1559880000,108.65541076660156,41.594417572021484
1560139200,108.75310516357422,41.505558013916016
1560225600,108.43563079833984,41.46515655517578
1560312000,108.38678741455078,41.71559143066406
1560398400,108.22393035888672,41.62603759765625
1560484800,108.05298614501953,41.77257537841797
1560744000,107.88204193115234,41.41435623168945
1560830400,107.507568359375,41.227108001708984
1560916800,108.15070343017578,41.61788558959961
1561003200,109.21712493896484,42.057518005371094
1561089600,109.05430603027344,41.96796417236328
1561348800,109.20085906982422,42.2691764831543
1561435200,108.93220520019531,42.1389274597168
1561521600,107.71923828125,41.61788558959961
1561608000,107.20635986328125,41.5853271484375
1561694400,106.7504653930664,41.45507049560547
1561953600,107.35287475585938,42.008670806884766
1562040000,107.80876159667969,42.31804656982422
1562126400,109.07872009277344,42.41573715209961
1562299200,108.28907775878906,42.423866271972656
1562558400,107.91458892822266,42.334327697753906
1562644800,107.24703216552734,42.00053405761719
1562731200,109.42066192626953,42.187782287597656
1562817600,109.37179565429688,42.36688232421875
1562904000,108.500732421875,42.43201446533203
1563163200,109.20897674560547,42.440147399902344
1563249600,108.92407989501953,42.448299407958984
1563336000,108.09370422363281,42.480865478515625
1563422400,108.17512512207031,42.358734130859375
1563508800,105.90383911132812,41.83769607543945
1563768000,106.0584945678711,41.699310302734375
1563854400,106.43299102783203,44.23122787475586
1563940800,105.18743896484375,43.78346633911133
1564027200,105.0083236694336,43.20542526245117
1564113600,106.82374572753906,44.10096740722656
1564372800,107.07609558105469,43.95442581176758
1564459200,106.2213134765625,43.73461151123047
1564545600,104.0477066040039,42.84721755981445
1564632000,103.50228118896484,42.358734130859375
1564718400,104.13725280761719,42.60298156738281
1564977600,101.27169799804688,42.049373626708984
1565064000,102.9405746459961,42.554141998291016
1565150400,104.0232925415039,43.294986724853516
1565236800,105.39909362792969,43.71017837524414
1565323200,104.69084930419922,43.4903678894043
1565582400,104.48731231689453,43.31126022338867
1565668800,105.77356719970703,43.55549621582031
1565755200,105.11415100097656,43.14030075073242
1565841600,106.41668701171875,43.85672378540039
1565928000,107.26334381103516,44.29635238647461
1566187200,107.92273712158203,44.52430725097656
1566273600,107.507568359375,43.864864349365234
1566360000,107.73551177978516,44.043983459472656
1566446400,107.99600982666016,44.361480712890625
1566532800,106.05033874511719,43.75089645385742
1566792000,108.87521362304688,44.40219497680664
1566878400,109.70557403564453,44.54872512817383
1566964800,110.0556411743164,44.86624526977539
1567051200,110.73133850097656,44.817386627197266
1567137600,111.30931091308594,44.80924606323242
1567483200,111.90359497070312,45.02092742919922
1567569600,113.2793960571289,45.403568267822266
1567656000,111.46373748779297,44.8743782043457
1567742400,112.60311126708984,44.963932037353516
1568001600,111.80802154541016,44.385902404785156
1568088000,111.36538696289062,44.28822708129883
1568174400,111.7752456665039,44.58942794799805
1568260800,112.5375747680664,44.86624526977539
1568347200,111.84082794189453,44.4972038269043
1568606400,110.56207275390625,44.251190185546875
1568692800,111.23423767089844,44.48080062866211
1568779200,111.07028198242188,44.47260284423828
1568865600,111.05387878417969,44.7104377746582
1568952000,110.42272186279297,44.21018600463867
1569211200,111.0211181640625,44.39879608154297
1569297600,110.9555435180664,44.53001022338867
1569384000,110.73421478271484,44.423404693603516
1569470400,111.25062561035156,44.60380554199219
1569556800,111.15227508544922,44.538204193115234
1569816000,112.38180541992188,44.64482498168945
1569902400,112.60311126708984,44.817039489746094
1569988800,109.79155731201172,43.52951431274414
1570075200,113.06214904785156,44.15278244018555
1570161600,114.98847961425781,44.7268180847168
1570420800,113.39825439453125,44.1773796081543
1570507200,112.49658203125,43.93955993652344
1570593600,112.99659729003906,44.14457321166992
1570680000,113.02938842773438,44.005157470703125
1570766400,112.82447814941406,43.70994186401367
1571025600,112.668701171875,43.70994186401367
1571112000,111.75064849853516,43.882144927978516
1571198400,111.82441711425781,43.86574935913086
1571284800,112.26708221435547,44.11177444458008
1571371200,111.68504333496094,44.92364501953125
1571630400,111.57849884033203,44.47260284423828
1571716800,112.02116394042969,44.160972595214844
1571803200,112.668701171875,44.80883026123047
1571889600,113.02938842773438,44.78422927856445
1571976000,112.00475311279297,44.0789680480957
1572235200,111.94737243652344,43.93135452270508
1572321600,111.54570770263672,43.800148010253906
1572408000,112.21784973144531,44.234771728515625
1572494400,112.43920135498047,44.63661193847656
1572580800,112.24246215820312,44.20198440551758
1572843600,110.79161834716797,43.57872009277344
1572930000,109.84893798828125,42.9882698059082
1573016400,110.2013931274414,43.299896240234375
1573102800,109.28334045410156,42.88166427612305
1573189200,109.12760925292969,42.8160514831543
1573448400,108.52099609375,42.512630462646484
1573534800,108.18489837646484,42.4060173034668
1573621200,109.25875091552734,42.980072021484375
1573707600,109.29154205322266,43.16048049926758
1573794000,109.68499755859375,43.19328308105469
1574053200,109.889892578125,43.48851776123047
1574139600,110.30797576904297,43.52951431274414
1574226000,109.62761688232422,43.64432907104492
1574312400,109.76695251464844,43.43110656738281
1574398800,109.89811706542969,43.48851776123047
1574658000,109.70136260986328,43.64432907104492
1574744400,111.23423767089844,44.20198440551758
1574830800,111.4063720703125,44.24298095703125
1575003600,111.3407974243164,44.11906051635742
1575262800,111.38178253173828,44.40821838378906
1575349200,111.03750610351562,44.449527740478516
1575435600,112.5457534790039,44.854373931884766
1575522000,112.5416488647461,44.77174758911133
1575608400,113.38358306884766,44.96177291870117
1575867600,113.2184829711914,44.67261505126953
1575954000,112.48384857177734,44.42475128173828
1576040400,113.16896057128906,44.573455810546875
1576126800,113.23500061035156,44.73044204711914
1576213200,113.86235046386719,44.96177291870117
1576472400,113.13595581054688,44.96177291870117
1576558800,112.40129852294922,44.96177291870117
1576645200,112.23622131347656,44.54042434692383
1576731600,112.64895629882812,44.87915802001953
1576818000,113.84583282470703,45.41618347167969
1577077200,113.11943817138672,45.366615295410156
1577163600,112.99563598632812,45.20138168334961
1577336400,112.83055877685547,45.457496643066406
1577422800,113.53215026855469,45.730140686035156
1577682000,112.92959594726562,45.66404724121094
1577768400,112.81401062011719,45.730140686035156
1577941200,112.11239624023438,45.43272399902344
1578027600,111.95557403564453,45.18484878540039
1578286800,112.3847885131836,45.16832733154297
1578373200,110.61834716796875,44.821319580078125
1578459600,111.18790435791016,44.9039421081543
1578546000,111.26217651367188,45.72187805175781
1578632400,111.04756164550781,45.878849029541016
1578891600,112.6984634399414,46.37458038330078
1578978000,112.96259307861328,46.26716232299805
1579064400,114.90243530273438,46.84551239013672
1579150800,115.24085235595703,46.94466018676758
1579237200,116.60283660888672,47.043792724609375
1579582800,117.09811401367188,47.233821868896484
1579669200,118.35279083251953,47.59735107421875
1579755600,118.5756607055664,47.779117584228516
1579842000,117.97307586669922,47.65518569946289
1580101200,117.32923126220703,47.48994827270508
1580187600,117.57687377929688,47.10163497924805
1580274000,116.99081420898438,47.10163497924805
1580360400,118.72422790527344,48.630104064941406
1580446800,117.23017120361328,48.25005340576172
1580706000,117.63465881347656,48.39877700805664
1580792400,118.22071838378906,48.61357879638672
1580878800,119.11217498779297,48.6218376159668
1580965200,119.13697814941406,48.737510681152344
1581051600,119.99543762207031,48.902748107910156
1581310800,120.2348403930664,49.36541748046875
1581397200,120.58151245117188,49.23323440551758
1581483600,120.58151245117188,49.08451461791992
1581570000,120.90338897705078,49.249752044677734
1581656400,121.33268737792969,49.53065490722656
1582002000,120.18529510498047,49.18366241455078
1582088400,120.1274642944336,49.38194274902344
1582174800,119.82209777832031,49.34063720703125
1582261200,120.39164733886719,49.679378509521484
1582520400,117.74198150634766,48.456600189208984
1582606800,116.47077178955078,47.77085876464844
1582693200,117.19713592529297,47.58908462524414
1582779600,112.56640625,45.38313293457031
1582866000,108.98392486572266,44.19340896606445
1583125200,113.56519317626953,46.201072692871094
1583211600,111.91429901123047,46.31673812866211
1583298000,117.53561401367188,48.67966842651367
1583384400,114.76412963867188,46.87855911254883
1583470800,114.06605529785156,45.65577697753906
1583726400,108.16583251953125,42.846702575683594
1583812800,111.47327423095703,44.33386993408203
1583899200,107.82511901855469,43.1358757019043
1583985600,95.85006713867188,38.96357345581055
1584072000,105.91373443603516,40.397098541259766
1584331200,93.98027038574219,37.72173309326172
1584417600,106.13814544677734,39.32194900512695
1584504000,100.48717498779297,37.380027770996094
1584590400,97.51211547851562,34.86301803588867
1584676800,86.36811065673828,31.920961380004883
1584936000,87.40689086914062,31.304208755493164
1585022400,94.6035385131836,32.879417419433594
1585108800,93.4899673461914,34.67966079711914
1585195200,99.93870544433594,36.91328811645508
1585281600,100.10490417480469,35.67979049682617
1585540800,104.27664947509766,37.50503921508789
1585627200,99.8057632446289,36.87995910644531
1585713600,98.16031646728516,35.10471725463867
1585800000,102.9303970336914,36.62992477416992
1585886400,103.53701782226562,36.5299072265625
1586145600,108.99686431884766,38.89689254760742
1586232000,108.43175506591797,38.7635383605957
1586318400,110.20185089111328,39.85535430908203
1586404800,111.0494613647461,40.83881759643555
1586750400,108.77246856689453,39.11358642578125
1586836800,115.0134506225586,40.77214813232422
1586923200,112.21290588378906,39.680335998535156
1587009600,112.71980285644531,39.255271911621094
1587096000,114.30707550048828,40.05537796020508
1587355200,111.81401824951172,38.780208587646484
1587441600,108.81403350830078,37.82175064086914
1587528000,110.21012115478516,38.0717887878418
1587614400,108.2489242553711,37.563385009765625
1587700800,111.65611267089844,37.86341857910156
1587960000,111.73920440673828,38.988563537597656
1588046400,113.284912109375,38.95522689819336
1588132800,110.82508087158203,39.271942138671875
1588219200,109.93590545654297,38.246803283691406
1588305600,108.14920043945312,38.00511169433594
1588564800,108.7973861694336,37.62172317504883
1588651200,109.42068481445312,37.838417053222656
1588737600,108.68104553222656,37.29667663574219
1588824000,109.3209457397461,37.17165756225586
1588910400,111.54810333251953,38.4301643371582
1589169600,111.6727066040039,37.95509719848633
1589256000,110.47604370117188,37.355010986328125
1589342400,110.49270629882812,36.62158203125
1589428800,110.59239959716797,36.42156219482422
1589515200,112.97742462158203,36.054840087890625
1589774400,112.6201171875,37.48004150390625
1589860800,109.47053527832031,37.12165069580078
1589947200,109.07994079589844,38.246803283691406
1590033600,108.20736694335938,37.646724700927734
1590120000,108.43175506591797,37.53004455566406
1590465600,107.82511901855469,38.41349411010742
1590552000,108.70599365234375,38.946895599365234
1590638400,109.93590545654297,39.24693298339844
1590724800,109.3209457397461,38.905235290527344
1590984000,110.51760864257812,39.163597106933594
1591070400,110.21846008300781,39.08858871459961
1591156800,110.37632751464844,39.92204284667969
1591243200,109.3487777709961,39.938697814941406
1591329600,110.91486358642578,40.91382598876953
1591588800,110.72224426269531,41.5472412109375
1591675200,111.35871887207031,40.83881759643555
1591761600,112.33016967773438,40.52211380004883
1591848000,107.06246948242188,37.95509719848633
1591934400,108.03392791748047,38.35037612915039
1592193600,109.27339172363281,38.939083099365234
1592280000,110.27001190185547,39.33437728881836
1592366400,110.34535217285156,39.1745719909668
1592452800,111.19957733154297,39.51939392089844
1592539200,109.94337463378906,38.7036018371582
1592798400,109.75074768066406,38.468116760253906
1592884800,110.01038360595703,38.38402557373047
1592971200,108.50291442871094,37.551422119140625
1593057600,110.05223846435547,37.786895751953125
1593144000,107.9753189086914,36.643104553222656
1593403200,109.77588653564453,37.30752182006836
1593489600,110.76409149169922,37.576637268066406
1593576000,110.84783935546875,37.69437789916992
1593662400,111.25820922851562,37.744842529296875
1594008000,111.63507080078125,38.039207458496094
1594094400,111.86117553710938,38.02238464355469
1594180800,112.40555572509766,37.90464782714844
1594267200,111.14096069335938,36.9290657043457
1594353600,112.60652160644531,37.971923828125
1594612800,112.98340606689453,38.0560188293457
1594699200,113.49427032470703,38.577449798583984
1594785600,111.96167755126953,39.023197174072266
1594872000,112.12080383300781,38.812931060791016
1594958400,112.77406311035156,39.37642288208008
1595217600,111.47593688964844,38.78770446777344
1595304000,112.5813980102539,39.69600296020508
1595390400,113.90461730957031,40.77250289916992
1595476800,114.80070495605469,40.60429763793945
1595563200,113.94647979736328,40.78092575073242
1595822400,115.29483795166016,40.77250289916992
1595908800,115.05198669433594,40.52020263671875
1595995200,115.51255798339844,40.385643005371094
1596081600,115.31158447265625,40.10810470581055
1596168000,115.28645324707031,39.72964096069336
1596427200,114.48247528076172,38.939083099365234
1596513600,115.12732696533203,39.267086029052734
1596600000,114.1055908203125,39.712825775146484
1596686400,113.77897644042969,39.931488037109375
1596772800,114.51597595214844,40.20061492919922
1597032000,113.87947845458984,40.13333511352539
1597118400,113.15926361083984,40.30995559692383
1597204800,115.40369415283203,40.73045349121094
1597291200,115.65492248535156,40.688411712646484
1597377600,115.20272064208984,40.747276306152344
1597636800,115.50418090820312,40.545433044433594
1597723200,115.66328430175781,40.72203826904297
1597809600,114.27310943603516,39.838985443115234
1597896000,114.49920654296875,39.82215881347656
1597982400,114.28148651123047,39.76329040527344
1598241600,115.26968383789062,40.34358596801758
1598328000,114.98497009277344,40.293128967285156
1598414400,115.96479034423828,40.50338363647461
1598500800,115.90618133544922,40.562252044677734
1598587200,117.1958999633789,41.90787887573242
1598846400,117.2963638305664,41.655574798583984
1598932800,116.56776428222656,41.31075668334961
1599019200,120.00141143798828,43.051666259765625
1599105600,117.55780029296875,42.45453643798828
1599192000,117.04329681396484,42.92551040649414
1599537600,114.33566284179688,41.89107131958008
1599624000,115.65149688720703,42.210655212402344
1599710400,113.66929626464844,42.05084991455078
1599796800,114.55498504638672,42.94234085083008
1600056000,115.28034210205078,42.993194580078125
1600142400,114.39472198486328,43.28145217895508
1600228800,113.8548583984375,43.06102752685547
1600315200,112.35344696044922,42.8575439453125
1600401600,110.89420318603516,42.77276611328125
1600660800,110.7001953125,41.619728088378906
1600747200,111.4677734375,42.102989196777344
1600833600,110.49775695800781,40.87363815307617
1600920000,110.98698425292969,41.2890739440918
1601006400,112.648681640625,41.306034088134766
1601265600,116.37689971923828,41.78081512451172
1601352000,115.69369506835938,41.4755859375
1601438400,116.9083251953125,41.857112884521484
1601524800,118.76402282714844,41.69602966308594
1601611200,116.45285034179688,41.848636627197266
1601870400,116.3431625366211,41.86559295654297
1601956800,114.46218872070312,41.49253845214844
1602043200,115.567138671875,42.01820373535156
1602129600,116.27568817138672,42.7812385559082
1602216000,116.77336120605469,43.07798767089844
1602475200,119.88584899902344,43.31536865234375
1602561600,121.07518005371094,42.577762603759766
1602648000,120.21483612060547,42.49297332763672
1602734400,119.29540252685547,42.38276672363281
1602820800,119.54846954345703,42.41667175292969
1603080000,117.81929016113281,42.069061279296875
1603166400,117.84461975097656,42.60319900512695
1603252800,117.75184631347656,42.38276672363281
1603339200,117.7602767944336,42.9677619934082
1603425600,117.71805572509766,42.83211898803711
1603684800,116.45285034179688,42.221683502197266
1603771200,117.34693145751953,42.306461334228516
1603857600,113.1716537475586,40.661678314208984
1603944000,113.01981353759766,40.71255111694336
1604030400,112.42938232421875,40.74646759033203
1604293200,113.99825286865234,41.221248626708984
1604379600,115.59248352050781,41.840152740478516
1604466000,116.28412628173828,41.68754196166992
1604552400,116.44440460205078,41.916465759277344
1604638800,116.72272491455078,41.92494201660156
1604898000,116.78179168701172,44.57015609741211
1604984400,119.54000091552734,45.76558303833008
1605070800,121.37884521484375,45.426456451416016
1605157200,121.32821655273438,44.94319534301758
1605243600,122.06208038330078,45.31624221801758
1605502800,122.94771575927734,45.65537643432617
1605589200,122.50912475585938,45.5112419128418
1605675600,120.940185546875,44.60407638549805
1605762000,120.88960266113281,45.0449333190918
1605848400,120.97394561767578,44.65493392944336
1606107600,120.63655853271484,44.66341781616211
1606194000,121.488525390625,45.121238708496094
1606280400,121.59814453125,44.87537384033203
1606453200,121.96928405761719,44.68037796020508
1606712400,121.6572036743164,44.09078598022461
1606798800,123.2092514038086,44.46675491333008
1606885200,121.98617553710938,44.526573181152344
1606971600,122.71080017089844,45.09906005859375
1607058000,123.90007781982422,46.01335144042969
1607317200,123.4923324584961,45.278507232666016
1607403600,123.61974334716797,45.440860748291016
1607490000,123.76419067382812,45.56902313232422
1607576400,122.89766693115234,45.32977294921875
1607662800,123.15252685546875,45.58610916137695
1607922000,122.52389526367188,45.517757415771484
1608008400,122.98260498046875,46.00481033325195
1608094800,123.08457946777344,45.33831787109375
1608181200,123.78117370605469,45.517757415771484
1608267600,124.81755828857422,45.91935729980469
1608526800,123.51782989501953,45.12469482421875
1608613200,122.34549713134766,45.08198165893555
1608699600,122.67679595947266,45.355403900146484
1608786000,123.22900390625,45.66300964355469
1609131600,124.80060577392578,46.27823257446289
1609218000,125.23381042480469,46.252601623535156
1609304400,125.140380859375,46.51749038696289
1609390800,125.98136138916016,46.859283447265625
1609736400,122.557861328125,45.08198165893555
1609822800,122.92317199707031,44.58638381958008
1609909200,121.4195327758789,43.1679573059082
1609995600,121.02874755859375,42.68944549560547
1610082000,122.48139953613281,43.64646911621094
1610341200,120.70596313476562,42.89453125
1610427600,120.14527893066406,42.81761932373047
1610514000,121.13074493408203,42.86034393310547
1610600400,120.42559814453125,42.06568908691406
1610686800,120.11131286621094,41.612823486328125
1611032400,120.68047332763672,41.450469970703125
1611118800,120.06033325195312,41.595733642578125
1611205200,118.59921264648438,41.82643508911133
1611291600,117.73268127441406,41.43337631225586
1611550800,119.08340454101562,41.681175231933594
1611637200,120.4595947265625,42.11695098876953
1611723600,117.26546478271484,41.467552185058594
1611810000,118.24240112304688,41.99732971191406
1611896400,116.0167236328125,41.142852783203125
1612155600,116.364990234375,41.42483139038086
1612242000,117.55427551269531,41.83498001098633
1612328400,117.24848937988281,41.672630310058594
1612414800,118.65865325927734,41.87771224975586
1612501200,119.74603271484375,42.42457580566406
1612760400,119.2702865600586,42.6552734375
1612846800,118.59073638916016,42.46728515625
1612933200,116.97664642333984,42.381839752197266
1613019600,114.657470703125,42.97996520996094
1613106000,113.7230224609375,43.31321716308594
1613451600,114.15628051757812,42.95433044433594
1613538000,114.22425079345703,42.834712982177734
1613624400,114.99727630615234,43.38157653808594
1613710800,112.56770324707031,42.81761932373047
1613970000,112.1259536743164,43.2619514465332
1614056400,112.79708099365234,43.18503952026367
1614142800,112.21090698242188,43.33030700683594
1614229200,110.43547058105469,42.868892669677734
1614315600,109.74736785888672,41.860618591308594
1614574800,110.9621353149414,42.63819122314453
1614661200,111.34442901611328,42.809078216552734
1614747600,109.70488739013672,42.706539154052734
1614834000,110.31542205810547,42.672359466552734
1614920400,113.91183471679688,43.3986701965332
1615179600,113.14116668701172,44.12495422363281
1615266000,113.2439193725586,43.45848083496094
1615352400,114.38277435302734,43.954071044921875
1615438800,114.07453155517578,43.4755744934082
1615525200,113.92037963867188,43.389408111572266
1615780800,113.91183471679688,43.96666717529297
1615867200,114.75098419189453,44.130367279052734
1615953600,114.41703796386719,44.14760971069336
1616040000,113.48369598388672,43.570335388183594
1616126400,115.17054748535156,43.7771110534668
1616385600,117.99633026123047,43.940826416015625
1616472000,119.41773223876953,44.2768440246582
1616558400,118.86113739013672,44.38884735107422
1616644800,119.5633316040039,44.81963348388672
1616731200,122.19210815429688,45.69845199584961
1616990400,123.99885559082031,46.396339416503906
1617076800,122.05506134033203,45.79322814941406
1617163200,121.12178039550781,45.41413116455078
1617249600,120.9761962890625,45.2418098449707
1617595200,122.58605194091797,45.50028991699219
1617681600,123.022705078125,45.82769775390625
1617768000,122.8000717163086,45.905235290527344
1617854400,122.05506134033203,45.76737976074219
1617940800,122.08080291748047,45.81907653808594
1618200000,122.46611785888672,45.965545654296875
1618286400,122.4918212890625,45.741539001464844
1618372800,121.6869125366211,45.73291015625
1618459200,121.85816955566406,45.94831085205078
1618545600,123.4422836303711,46.24986267089844
1618804800,123.947509765625,46.525577545166016
1618891200,124.7695541381836,46.67204666137695
1618977600,125.85702514648438,47.05113983154297
1619064000,125.07782745361328,46.9046745300293
1619150400,124.87229919433594,46.930519104003906
1619409600,122.75727081298828,46.232635498046875
1619496000,122.35478973388672,46.16371154785156
1619582400,121.44715881347656,46.17232131958008
1619668800,123.2539291381836,46.74959182739258
1619755200,123.4422836303711,46.508331298828125
1620014400,124.83806610107422,46.93914031982422
1620100800,123.27104949951172,46.64619827270508
1620187200,123.21109771728516,46.525577545166016
1620273600,124.64109802246094,46.99082946777344
1620360000,124.64109802246094,46.96498107910156
1620619200,125.6343765258789,47.30961990356445
1620705600,124.71815490722656,46.80128479003906
1620792000,123.50223541259766,46.560035705566406
1620878400,125.33468627929688,46.96498107910156
1620964800,125.52306365966797,47.15452575683594
1621224000,125.16344451904297,47.076995849609375
1621310400,124.59822082519531,46.818519592285156
1621396800,124.5297622680664,46.67204666137695
1621483200,126.07109069824219,47.085609436035156
1621569600,125.95977020263672,47.05976104736328
1621828800,126.60200500488281,47.21484375
1621915200,126.98731994628906,47.20622634887695
1622001600,126.98731994628906,47.41300964355469
1622088000,125.45457458496094,47.80934143066406
1622174400,126.67904663085938,47.63702392578125
1622520000,126.41361999511719,47.6284065246582
1622606400,126.91883087158203,47.817955017089844
1622692800,127.37165832519531,47.938568115234375
1622779200,127.51830291748047,48.455528259277344
1623038400,127.44068145751953,48.2832145690918
1623124800,126.25033569335938,47.94719696044922
1623211200,126.01744842529297,47.80072784423828
1623297600,127.31126403808594,48.17120361328125
1623384000,127.38888549804688,48.386600494384766
1623643200,128.14794921875,48.22166442871094
1623729600,128.15660095214844,48.10013198852539
1623816000,126.87999725341797,47.457759857177734
1623902400,128.1048126220703,47.700828552246094
1623988800,125.4309310913086,46.67647933959961
1624248000,126.41424560546875,47.188655853271484
1624334400,126.60398864746094,47.36227798461914
1624420800,124.93931579589844,46.980323791503906
1624507200,125.64654541015625,47.214698791503906
1624593600,126.28485107421875,47.15393829345703
1624852800,126.8282470703125,47.10184860229492
1624939200,126.74197387695312,46.75461196899414
1625025600,127.80292510986328,46.97163772583008
1625112000,127.82877349853516,46.841426849365234
1625198400,128.44117736816406,47.03239822387695
1625544000,128.6309814453125,46.771976470947266
1625630400,129.20022583007812,47.15393829345703
1625716800,129.26063537597656,46.9890022277832
1625803200,128.93287658691406,47.275455474853516
1626062400,128.958740234375,47.29281997680664
1626148800,131.93453979492188,47.76158905029297
1626235200,133.2973175048828,48.83799362182617
1626321600,133.9097442626953,48.9942512512207
1626408000,134.40138244628906,48.959529876708984
1626667200,134.38412475585938,48.37791442871094
1626753600,134.40138244628906,48.4647331237793
1626840000,133.9010772705078,49.089744567871094
1626926400,133.85797119140625,49.020301818847656
1627012800,135.57443237304688,49.48905563354492
1627272000,135.47955322265625,49.532466888427734
1627358400,136.22998046875,49.706077575683594
1627444800,134.97926330566406,49.25468063354492
1627531200,135.25527954101562,49.523773193359375
1627617600,135.37603759765625,49.50642776489258
1627876800,134.83265686035156,49.376216888427734
1627963200,135.13450622558594,49.410926818847656
1628049600,132.87464904785156,48.6991081237793
1628136000,133.0989532470703,49.04634094238281
1628222400,133.11619567871094,49.16787338256836
1628481600,133.13343811035156,49.17654800415039
1628568000,133.2024383544922,49.306758880615234
1628654400,133.7285919189453,49.246002197265625
1628740800,133.75450134277344,49.34149169921875
1628827200,135.00515747070312,49.68003845214844
1629086400,136.3248748779297,49.89705276489258
1629172800,136.19546508789062,49.72343826293945
1629259200,134.79815673828125,49.04634094238281
1629345600,137.066650390625,49.358848571777344
1629432000,136.58360290527344,49.16787338256836
1629691200,136.15232849121094,48.9942512512207
1629777600,134.4617462158203,48.6209831237793
1629864000,133.86660766601562,48.67306137084961
1629950400,133.37496948242188,48.212989807128906
1630036800,133.64230346679688,48.308475494384766
1630296000,134.556640625,48.7685546875
1630382400,134.89303588867188,48.88141632080078
1630468800,136.20407104492188,49.211273193359375
1630555200,136.30397033691406,49.280723571777344
1630641600,136.425537109375,49.246002197265625
1630987200,134.20233154296875,48.325828552246094
1631073600,136.1042022705078,48.976890563964844
1631160000,135.2444305419922,48.49077224731445
1631246400,135.00999450683594,48.273746490478516
1631505600,135.2705078125,48.67306137084961
1631592000,134.74075317382812,48.70804977416992
1631678400,135.49630737304688,48.874229431152344
1631764800,135.0968017578125,48.410675048828125
1631851200,133.85491943359375,47.61476135253906
1632110400,133.4033203125,47.28240966796875
1632196800,133.342529296875,47.27366256713867
1632283200,133.75071716308594,47.3436279296875
1632369600,133.85491943359375,47.26490783691406
1632456000,133.9156951904297,47.13372039794922
1632715200,132.6304168701172,46.88882064819336
1632801600,131.18008422851562,46.04043197631836
1632888000,132.2656707763672,46.320316314697266
1632974400,130.62428283691406,45.89175033569336
1633060800,131.0932159423828,46.3727912902832
1633320000,130.44189453125,46.3465576171875
1633406400,131.21482849121094,46.425270080566406
1633492800,134.5757293701172,46.976280212402344
1633579200,135.817626953125,47.124969482421875
1633665600,135.50498962402344,47.33488464355469
1633924800,135.68736267089844,47.43109130859375
1634011200,136.2865753173828,47.43109130859375
1634097600,137.20716857910156,47.439842224121094
1634184000,138.31007385253906,47.763450622558594
1634270400,137.91929626464844,47.64974594116211
1634529600,137.29397583007812,47.17744827270508
1634616000,139.0395965576172,47.361122131347656
1634702400,140.09043884277344,47.780948638916016
1634788800,138.24061584472656,47.53604507446289
1634875200,138.92666625976562,47.62351608276367
1635134400,138.2753448486328,47.43109130859375
1635220800,139.96885681152344,47.64099884033203
1635307200,139.48252868652344,48.55936813354492
1635393600,140.35963439941406,49.0141716003418
1635480000,140.34226989746094,49.30279541015625
1635739200,140.0469970703125,49.127864837646484
1635825600,141.3323211669922,49.066650390625
1635912000,142.68711853027344,49.23283004760742
1635998400,142.69578552246094,49.50395584106445
1636084800,144.16346740722656,49.71388244628906
1636347600,141.0631103515625,49.26780700683594
1636434000,142.00100708007812,49.407752990722656
1636520400,142.4613037109375,49.60892105102539
1636606800,141.28887939453125,49.626407623291016
1636693200,141.25416564941406,49.51271057128906
1636952400,142.25286865234375,49.521453857421875
1637038800,141.8273468017578,49.171607971191406
1637125200,141.87945556640625,48.90046691894531
1637211600,141.92286682128906,48.463157653808594
1637298000,142.26158142089844,48.218265533447266
1637557200,142.55685424804688,48.515628814697266
1637643600,143.51214599609375,48.874229431152344
1637730000,142.20079040527344,48.48064422607422
1637902800,139.94281005859375,46.9937744140625
1638162000,142.5481719970703,47.737220764160156
1638248400,138.76168823242188,46.230003356933594
1638334800,139.09170532226562,46.09779739379883
1638421200,140.4337615966797,46.7764778137207
1638507600,144.00979614257812,47.190738677978516
1638766800,145.50485229492188,48.39827346801758
1638853200,145.3387451171875,48.66269302368164
1638939600,145.59228515625,48.47760772705078
1639026000,145.40872192382812,48.35419845581055
1639112400,147.734375,49.60580825805664
1639371600,148.4688262939453,50.910282135009766
1639458000,148.1016082763672,50.94554901123047
1639544400,150.0076446533203,51.174720764160156
1639630800,150.22622680664062,51.69475555419922
1639717200,147.14862060546875,50.883853912353516
1639976400,148.12783813476562,50.716373443603516
1640062800,147.69065856933594,50.91910934448242
1640149200,148.60873413085938,51.280479431152344
1640235600,148.44259643554688,51.31574249267578
1640581200,149.92018127441406,51.69475555419922
1640667600,150.69834899902344,51.897483825683594
1640754000,151.23167419433594,51.959163665771484
1640840400,150.96937561035156,51.80933380126953
1640926800,151.87869262695312,52.1883430480957
1641186000,151.24038696289062,52.26766586303711
1641272400,151.45901489257812,53.140262603759766
1641358800,151.974853515625,53.580963134765625
1641445200,152.00979614257812,53.29891586303711
1641531600,152.20216369628906,53.175514221191406
1641790800,152.2808380126953,53.263668060302734
1641877200,152.21095275878906,53.28129196166992
1641963600,152.0447998046875,53.36061477661133
1642050000,152.2895965576172,53.67792510986328
1642136400,153.56614685058594,54.10980987548828
1642482000,152.0972900390625,53.67792510986328
1642568400,153.19017028808594,53.76606750488281
1642654800,152.07974243164062,53.545711517333984
1642741200,152.32460021972656,53.28129196166992
1643000400,151.5464324951172,52.849403381347656
1643086800,149.80653381347656,52.725990295410156
1643173200,148.22401428222656,52.53208541870117
1643259600,148.08412170410156,52.57616424560547
1643346000,150.96937561035156,53.625038146972656
1643605200,151.71253967285156,53.774879455566406
1643691600,150.68087768554688,53.37824249267578
1643778000,153.41749572753906,53.92471694946289
1643864400,153.330078125,54.30371856689453
1643950800,150.81201171875,53.730812072753906
1644210000,150.21746826171875,54.29490661621094
1644296400,150.40109252929688,54.6474723815918
1644382800,150.33114624023438,53.80132293701172
1644469200,147.2097930908203,54.10100173950195
1644555600,147.39340209960938,53.140262603759766
1644814800,145.7496795654297,53.48401641845703
1644901200,145.10264587402344,53.68673324584961
1644987600,145.3999481201172,53.67792510986328
1645074000,145.79339599609375,54.75323486328125
1645160400,146.6327362060547,55.123435974121094
1645506000,147.1923370361328,54.89427185058594
1645592400,145.7409210205078,54.286094665527344
1645678800,143.2053985595703,53.334171295166016
1645765200,147.2185516357422,55.396671295166016
1646024400,143.16168212890625,54.85901641845703
1646110800,141.8764190673828,54.62103271484375
1646197200,143.84365844726562,55.0264778137207
1646283600,143.68963623046875,55.06173324584961
1646370000,145.87220764160156,55.14988327026367
1646629200,142.9679718017578,53.836578369140625
1646715600,138.93722534179688,51.70356369018555
1646802000,138.52357482910156,51.967979431152344
1646888400,135.98019409179688,51.01606750488281
1646974800,135.29373168945312,51.05131912231445
1647230400,137.1947021484375,51.992767333984375
1647316800,139.93170166015625,52.95198059082031
1647403200,140.54779052734375,52.80986785888672
1647489600,141.63909912109375,53.36940383911133
1647576000,143.2671661376953,53.37828826904297
1647835200,143.06475830078125,53.80460739135742
1647921600,144.63128662109375,54.0
1648008000,143.87445068359375,53.644744873046875
1648094400,144.74574279785156,54.15987014770508
1648180800,145.42335510253906,54.648353576660156
1648440000,145.8546142578125,54.9947395324707
1648526400,148.01959228515625,55.20790100097656
1648612800,147.81719970703125,55.2523078918457
1648699200,147.30673217773438,55.0657844543457
1648785600,149.40130615234375,55.83849334716797
1649044800,149.0141143798828,55.5453987121582
1649131200,149.1724853515625,55.48322296142578
1649217600,151.71588134765625,56.042762756347656
1649304000,151.856689453125,56.34473419189453
1649390400,152.3671875,56.69112777709961
1649649600,151.90074157714844,56.67335510253906
1649736000,152.5167694091797,57.339473724365234
1649822400,152.25274658203125,57.4904670715332
1649908800,151.28465270996094,57.74802017211914
1650254400,149.98214721679688,57.2328987121582
1650340800,152.1647186279297,57.79243469238281
1650427200,154.42652893066406,58.5828971862793
1650513600,153.87208557128906,58.804931640625
1650600000,151.50466918945312,57.95230484008789
1650859200,152.90403747558594,58.56513595581055
1650945600,152.5167694091797,57.77467346191406
1651032000,153.8809051513672,58.227630615234375
1651118400,156.2130889892578,58.78717803955078
1651204800,151.11746215820312,57.38388442993164
1651464000,147.6411590576172,56.34473419189453
1651550400,147.8435821533203,56.02500534057617
1651636800,153.00961303710938,57.75691223144531
1651723200,149.9557647705078,57.29507064819336
1651809600,149.97335815429688,57.49934387207031
1652068800,151.10865783691406,57.38388442993164
1652155200,150.92384338378906,56.85098648071289
1652241600,150.19338989257812,57.117435455322266
1652328000,149.96456909179688,57.29507064819336
1652414400,152.8864288330078,58.36973571777344
1652673600,154.42652893066406,58.5828971862793
1652760000,153.53765869140625,58.42302322387695
1652846400,144.0240478515625,54.35527038574219
1652932800,141.86790466308594,53.28947448730469
1653019200,142.7567596435547,54.15987014770508
1653278400,145.74020385742188,55.82960891723633
1653364800,147.6939697265625,56.85987091064453
1653451200,148.7060546875,56.90428161621094
1653537600,149.7093505859375,57.108551025390625
1653624000,151.1702880859375,57.44606018066406
1653969600,147.63238525390625,56.29145050048828
1654056000,146.52349853515625,56.01612091064453
1654142400,147.71095275878906,56.60231018066406
1654228800,146.08924865722656,55.927310943603516
1654488000,146.70071411132812,55.83849334716797
1654574400,147.60462951660156,56.175987243652344
1654660800,146.8690948486328,55.85624694824219
1654747200,144.2548370361328,54.88815689086914
1654833600,144.0244140625,54.54178237915039
1655092800,141.560791015625,54.4796028137207
1655179200,138.35279846191406,52.98566436767578
1655265600,139.8326873779297,53.379276275634766
1655352000,139.1591796875,52.842529296875
1655438400,139.1857452392578,53.16457748413086
1655784000,142.42039489746094,54.300689697265625
1655870400,143.59017944335938,54.703250885009766
1655956800,145.4246063232422,55.35629653930664
1656043200,147.22357177734375,56.39399719238281
1656302400,147.4185333251953,56.27770233154297
1656388800,145.34486389160156,55.7141227722168
1656475200,147.7552947998047,56.11668395996094
1656561600,147.6932830810547,56.27770233154297
1656648000,150.11257934570312,57.59272766113281
1656993600,149.77581787109375,56.60869216918945
1657080000,151.2734832763672,56.72499084472656
1657166400,150.97215270996094,56.27770233154297
1657252800,152.3192138671875,56.48345184326172
1657512000,151.06967163085938,56.30453872680664
1657598400,150.2100372314453,56.0629997253418
1657684800,150.74176025390625,55.80358123779297
1657771200,151.52162170410156,55.624664306640625
1657857600,151.6457061767578,55.91093063354492
1658116800,149.1111602783203,55.150535583496094
1658203200,150.70631408691406,55.93776321411133
1658289600,149.1111602783203,55.016353607177734
1658376000,149.3326873779297,54.89111328125
1658462400,150.3075408935547,55.096866607666016
1658721600,150.52024841308594,55.633609771728516
1658808000,152.27488708496094,56.54607009887695
1658894400,152.0621795654297,56.36716079711914
1658980800,154.9423370361328,57.30646514892578
1659067200,155.0486602783203,57.404869079589844
1659326400,156.8121795654297,57.717960357666016
1659412800,155.5183563232422,56.93073272705078
1659499200,156.70584106445312,57.18122100830078
1659585600,155.85511779785156,56.957576751708984
1659672000,154.685302734375,56.69815444946289
1659931200,154.0649871826172,56.33137893676758
1660017600,154.64102172851562,56.40294647216797
1660104000,155.91712951660156,56.939701080322266
1660190400,155.1195526123047,56.555015563964844
1660276800,157.14894104003906,56.984413146972656
1660536000,158.8770294189453,57.700077056884766
1660622400,159.79867553710938,58.174198150634766
1660708800,159.71006774902344,58.040016174316406
1660795200,159.8695526123047,58.34416961669922
1660881600,159.66574096679688,58.29943084716797
1661140800,158.14154052734375,57.431697845458984
1661227200,158.070556640625,57.494319915771484
1661313600,158.8592987060547,57.574832916259766
1661400000,158.86817932128906,57.85214614868164
1661486400,155.1195526123047,56.45662307739258
1661745600,154.63217163085938,56.11668395996094
1661832000,153.30287170410156,55.59782409667969
1661918400,152.66481018066406,55.204219818115234
1662004800,154.20822143554688,55.46363830566406
1662091200,152.25440979003906,54.703250885009766
1662436800,151.2284393310547,54.73008346557617
1662523200,154.56507873535156,55.74095916748047
1662609600,154.0476531982422,55.570987701416016
1662696000,154.53831481933594,55.749900817871094
1662955200,155.14495849609375,55.91093063354492
1663041600,149.3549346923828,54.094940185546875
1663128000,150.48793029785156,54.38121032714844
1663214400,147.98995971679688,53.64230728149414
1663300800,148.96238708496094,53.65131378173828
1663560000,150.5325469970703,54.05680847167969
1663646400,150.7020721435547,53.9757194519043
1663732800,150.2738494873047,53.52516174316406
1663819200,150.41661071777344,53.39900588989258
1663905600,150.34521484375,52.80428695678711
1664164800,150.28274536132812,52.146484375
1664251200,148.10589599609375,50.803855895996094
1664337600,150.47901916503906,51.344505310058594
1664424000,148.64117431640625,50.97505569458008
1664510400,145.65249633789062,50.479454040527344
1664769600,147.42787170410156,51.047142028808594
1664856000,149.0872802734375,51.164283752441406
1664942400,148.0970001220703,50.67770004272461
1665028800,145.24212646484375,49.587364196777344
1665115200,144.18043518066406,49.118797302246094
1665374400,144.36781311035156,49.01066589355469
1665460800,145.0547332763672,49.091766357421875
1665547200,151.12136840820312,49.68648910522461
1665633600,155.77841186523438,50.34428787231445
1665720000,151.83509826660156,49.54231643676758
1665979200,154.1011505126953,50.18209457397461
1666065600,156.1798553466797,50.857906341552734
1666152000,154.66322326660156,50.425384521484375
1666238400,152.9681396484375,49.63243103027344
1666324800,154.39556884765625,50.425384521484375
1666584000,158.51727294921875,51.876155853271484
1666670400,159.043701171875,53.119667053222656
1666756800,159.75738525390625,53.51614761352539
1666843200,159.587890625,53.64230728149414
1666929600,162.57656860351562,54.75065231323242
1667188800,161.99671936035156,53.9306526184082
1667275200,161.26513671875,53.741424560546875
1667361600,159.0169219970703,52.99351501464844
1667448000,158.60653686523438,52.96647644042969
1667534400,159.49867248535156,53.39900588989258
1667797200,160.7744598388672,53.606266021728516
1667883600,161.22055053710938,53.705379486083984
1667970000,159.2935028076172,52.95746994018555
1668056400,162.10374450683594,54.85878372192383
1668142800,158.84739685058594,55.25526809692383
1668402000,157.6697540283203,54.72361755371094
1668488400,158.0801544189453,54.633514404296875
1668574800,159.0972137451172,54.53438949584961
1668661200,160.61387634277344,54.705596923828125
1668747600,161.77365112304688,55.09306716918945
1669006800,164.8872833251953,55.94011306762695
1669093200,164.90509033203125,56.18339157104492
1669179600,165.1192169189453,56.435707092285156
1669352400,164.2538299560547,56.48977279663086
1669611600,164.05755615234375,56.498779296875
1669698000,162.89776611328125,56.300540924072266
1669784400,165.50286865234375,57.72529983520508
1669870800,166.8853302001953,57.888641357421875
1669957200,166.69680786132812,58.39683532714844
1670216400,164.3896484375,57.59825134277344
1670302800,163.05210876464844,57.57101821899414
1670389200,163.54583740234375,57.661766052246094
1670475600,164.982177734375,57.90679168701172
1670562000,164.3717498779297,57.29877471923828
1670821200,165.15277099609375,58.051998138427734
1670907600,165.06295776367188,58.07014083862305
1670994000,164.6051483154297,58.07014083862305
1671080400,161.81321716308594,57.27155685424805
1671166800,161.89404296875,56.94485855102539
1671426000,162.791748046875,57.026527404785156
1671512400,162.69297790527344,56.98115539550781
1671598800,163.8330841064453,57.89772415161133
1671685200,162.56735229492188,57.48027420043945
1671771600,163.6176300048828,57.91586685180664
1672117200,164.3448028564453,58.26979064941406
1672203600,163.15982055664062,57.68899917602539
1672290000,163.3662872314453,58.03384017944336
1672376400,162.18128967285156,57.72529983520508
1672722000,161.0591583251953,57.1263542175293
1672808400,160.6641387939453,57.09912872314453
1672894800,158.98545837402344,56.44573211669922
1672981200,162.5762939453125,57.534725189208984
1673240400,160.98733520507812,56.81780242919922
1673326800,159.65870666503906,56.38221740722656
1673413200,159.83824157714844,56.2733154296875
1673499600,157.80043029785156,55.547325134277344
1673586000,157.31568908691406,55.74697494506836
1673931600,158.05181884765625,55.973846435546875
1674018000,154.06593322753906,54.27683639526367
1674104400,152.2794952392578,54.19517517089844
1674190800,152.50392150878906,54.5218620300293
1674450000,151.8216552734375,54.657981872558594
1674536400,153.2310791015625,54.94837951660156
1674622800,154.34425354003906,55.2932243347168
1674709200,152.80914306640625,55.18433380126953
1674795600,152.27052307128906,54.8939323425293
1675054800,152.14483642578125,55.030052185058594
1675141200,153.5272979736328,55.64714431762695
1675227600,154.01205444335938,55.656219482421875
1675314000,152.584716796875,54.70336151123047
1675400400,151.8216552734375,54.29499435424805
1675659600,154.24551391601562,54.60353469848633
1675746000,154.01205444335938,54.512794494628906
1675832400,153.6529998779297,54.19517517089844
1675918800,155.1072998046875,54.10441970825195
1676005200,158.177490234375,54.10441970825195
1676264400,159.58689880371094,54.9937629699707
1676350800,157.79147338867188,54.07719039916992
1676437200,158.00692749023438,54.07719039916992
1676523600,157.55807495117188,53.74142074584961
1676610000,158.2493133544922,54.55815505981445
1676955600,158.1595458984375,54.26776885986328
1677042000,158.1056671142578,54.431114196777344
1677128400,158.27622985839844,54.53093719482422
1677214800,157.96205139160156,54.3040657043457
1677474000,157.91712951660156,54.28590393066406
1677560400,155.7805938720703,54.00459671020508
1677646800,153.8055877685547,53.414730072021484
1677733200,156.64349365234375,54.19517517089844
1677819600,156.48983764648438,53.941070556640625
1678078800,156.80618286132812,54.775962829589844
1678165200,156.02891540527344,54.458335876464844
1678251600,156.45370483398438,54.485565185546875
1678338000,155.26976013183594,53.95921325683594
1678424400,155.47760009765625,53.73234939575195
1678680000,156.9959716796875,54.27683639526367
1678766400,156.83328247070312,54.47648620605469
1678852800,159.63502502441406,54.8394889831543
1678939200,159.52655029296875,55.14125061035156
1679025600,158.27932739257812,54.88520812988281
1679284800,160.50259399414062,55.415592193603516
1679371200,160.88221740722656,55.159542083740234
1679457600,159.52655029296875,54.91263961791992
1679544000,158.7493133544922,54.793758392333984
1679630400,161.85829162597656,55.68992233276367
1679889600,162.21983337402344,56.10142135620117
1679976000,162.1655731201172,56.165435791015625
1680062400,163.2862548828125,56.56779479980469
1680148800,163.430908203125,56.55864715576172
1680235200,164.7594451904297,56.723243713378906
1680494400,164.94021606445312,57.06159973144531
1680580800,164.35275268554688,56.88784408569336
1680667200,165.97052001953125,57.42737579345703
1680753600,166.6212615966797,57.463951110839844
1681099200,165.57284545898438,57.326786041259766
1681185600,165.3197784423828,57.226200103759766
1681272000,164.99444580078125,57.326786041259766
1681358400,166.63934326171875,57.747432708740234
1681444800,165.85302734375,57.65598678588867
1681704000,166.70260620117188,58.03089904785156
1681790400,167.0460205078125,58.122352600097656
1681876800,166.9465789794922,58.23208236694336
1681963200,167.49790954589844,58.48813247680664
1682049600,167.57022094726562,58.5704345703125
1682308800,167.65155029296875,58.47898483276367
1682395200,171.4564666748047,58.387542724609375
1682481600,170.39901733398438,58.11320114135742
1682568000,171.4384002685547,58.23208236694336
1682654400,172.52291870117188,58.66188430786133
1682913600,173.2369384765625,58.79905319213867
1683000000,173.7520751953125,58.53385925292969
1683086400,173.68882751464844,58.20465850830078
1683172800,174.7733612060547,58.268672943115234
1683259200,175.5777130126953,58.542999267578125
1683518400,174.74624633789062,58.4515495300293
1683604800,175.46026611328125,57.96689987182617
1683691200,175.5777130126953,58.06748962402344
1683777600,176.54476928710938,58.396690368652344
1683864000,177.2497100830078,58.625301361083984
1684123200,175.5777130126953,58.469844818115234
1684209600,174.8185577392578,57.81143569946289
1684296000,173.58033752441406,57.747432708740234
1684382400,173.12847900390625,57.42737579345703
1684468800,173.3815460205078,57.45480728149414
1684728000,168.68186950683594,56.24773406982422
1684814400,168.16671752929688,56.14714431762695
1684900800,167.10020446777344,55.671627044677734
1684987200,166.11512756347656,55.2418327331543
1685073600,165.91632080078125,55.104671478271484
1685419200,164.13583374023438,54.66573715209961
1685505600,164.8046417236328,54.556007385253906
1685592000,165.810302734375,54.866912841796875
1685678400,167.5121612548828,55.927677154541016
1685937600,167.63050842285156,55.55274963378906
1686024000,165.2369384765625,55.150394439697266
1686110400,163.91729736328125,55.06809997558594
1686196800,165.72837829589844,55.205265045166016
1686283200,165.9559326171875,55.29671096801758
1686542400,165.5463409423828,55.05895233154297
1686628800,165.21873474121094,55.27842330932617
1686715200,166.7021942138672,55.65333938598633
1686801600,169.01382446289062,56.418113708496094
1686888000,169.31414794921875,56.82353973388672
1687233600,168.6497802734375,56.44575119018555
1687320000,168.75900268554688,56.60239791870117
1687406400,170.50637817382812,56.98939514160156
1687492800,169.34146118164062,56.39047622680664
1687752000,168.2675323486328,56.408897399902344
1687838400,169.47796630859375,56.289119720458984
1687924800,167.1845703125,55.763916015625
1688011200,167.34837341308594,55.3032112121582
1688097600,168.56788635253906,55.487483978271484
1688356800,168.91372680664062,55.8192024230957
1688529600,169.8056182861328,56.23383712768555
1688616000,169.82382202148438,55.80076599121094
1688702400,166.62025451660156,55.06364059448242
1688961600,167.7305908203125,54.649009704589844
1689048000,167.4393768310547,54.842491149902344
1689134400,166.7021942138672,55.137351989746094
1689220800,170.6702117919922,55.607276916503906
1689307200,171.2890625,56.11404800415039
1689566400,168.9410400390625,56.031131744384766
1689652800,167.86712646484375,55.80997848510742
1689739200,169.51438903808594,56.79589080810547
1689825600,172.28106689453125,57.48695755004883
1689912000,173.0637664794922,57.533023834228516
1690171200,173.75543212890625,57.551456451416016
1690257600,174.15585327148438,57.35795211791992
1690344000,174.37428283691406,58.09508514404297
1690430400,171.580322265625,57.533023834228516
1690516800,173.2002716064453,57.56987762451172
1690776000,170.6064910888672,57.063106536865234
1690862400,170.02407836914062,56.91567611694336
1690948800,171.38009643554688,57.09074783325195
1691035200,170.2970428466797,56.79589080810547
1691121600,168.0036163330078,55.93898391723633
1691380800,170.08775329589844,56.381263732910156
1691467200,167.85806274414062,56.132476806640625
1691553600,167.4393768310547,56.261474609375
1691640000,167.2300567626953,56.132476806640625
1691726400,167.49395751953125,56.362831115722656
1691985600,167.1117401123047,56.09561538696289
1692072000,165.0458221435547,55.71784210205078
1692158400,164.91839599609375,55.7270622253418
1692244800,162.40652465820312,55.846839904785156
1692331200,162.16079711914062,56.160125732421875
1692590400,161.13241577148438,55.68098831176758
1692676800,159.90374755859375,55.340065002441406
1692763200,162.10618591308594,55.5335578918457
1692849600,161.25071716308594,55.38613510131836
1692936000,163.28933715820312,55.644134521484375
1693195200,164.04470825195312,55.80076599121094
1693281600,164.66355895996094,55.7454833984375
1693368000,164.80007934570312,55.71784210205078
1693454400,163.0633087158203,55.12813949584961
1693540800,160.68040466308594,54.649009704589844
1693886400,159.61729431152344,54.197513580322266
1693972800,160.1396942138672,54.16065979003906
1694059200,161.6702423095703,53.74602127075195
1694145600,161.55108642578125,53.74602127075195
1694404800,163.9889678955078,54.2527961730957
1694491200,163.38409423828125,53.71837615966797
1694577600,164.6763458251953,53.84737777709961
1694664000,166.096923828125,54.29316329956055
1694750400,164.82298278808594,53.81022644042969
1695009600,164.4014434814453,54.14456558227539
1695096000,163.429931640625,54.03311538696289
1695182400,163.48489379882812,54.27458953857422
1695268800,160.7354278564453,53.43873596191406
1695355200,160.6345977783203,53.49445724487305
1695614400,159.77310180664062,52.93722915649414
1695700800,158.11424255371094,52.5007209777832
1695787200,155.41058349609375,51.962066650390625
1695873600,155.3463897705078,51.83204650878906
1695960000,155.2914276123047,51.989925384521484
1696219200,155.04393005371094,51.525569915771484
1696305600,153.6967315673828,50.96833038330078
1696392000,154.8056640625,51.11692810058594
1696478400,146.73133850097656,48.64653015136719
1696564800,146.90545654296875,49.352352142333984
1696824000,147.8861083984375,49.11088180541992
1696910400,150.6722412109375,50.178916931152344
1696996800,149.0408935546875,49.88172149658203
1697083200,144.88002014160156,49.045875549316406
1697169600,146.6396484375,49.12017059326172
1697428800,147.62948608398438,49.621681213378906
1697515200,146.9788055419922,50.216064453125
1697601600,148.5001678466797,50.19749450683594
1697688000,147.1529083251953,50.476112365722656
1697774400,146.6396484375,50.68042755126953
1698033600,146.7130126953125,50.22535705566406
1698120000,148.64682006835938,51.67416000366211
1698206400,148.79345703125,52.11994934082031
1698292800,147.9319305419922,51.8041877746582
1698379200,146.2913818359375,51.30267333984375
1698638400,148.72930908203125,52.14780807495117
1698724800,149.64576721191406,52.46357727050781
1698811200,151.10302734375,52.41714096069336
1698897600,152.8993682861328,53.02080535888672
1698984000,152.86268615722656,52.695762634277344
1699246800,152.78021240234375,52.909366607666016
1699333200,153.22012329101562,53.104400634765625
1699419600,153.41258239746094,53.02080535888672
1699506000,152.28530883789062,52.6214599609375
1699592400,152.9818572998047,52.677188873291016
1699851600,153.7608642578125,52.872215270996094
1699938000,154.07244873046875,53.03009796142578
1700024400,153.28427124023438,53.132259368896484
1700110800,153.7058868408203,53.0765380859375
1700197200,152.83522033691406,53.17869186401367
1700456400,152.61524963378906,53.308719635009766
1700542800,153.78839111328125,53.8938102722168
1700629200,155.08981323242188,54.256011962890625
1700802000,155.22727966308594,54.39531707763672
1701061200,154.26495361328125,54.29316329956055
1701147600,154.75987243652344,54.40460968017578
1701234000,153.20179748535156,54.07955551147461
1701320400,155.41355895996094,54.706756591796875
1701406800,155.78297424316406,54.89398193359375
1701666000,156.19850158691406,54.82844924926758
1701752400,155.09031677246094,54.91270065307617
1701838800,154.69322204589844,54.85653305053711
1701925200,154.6470489501953,54.98759841918945
1702011600,153.00328063964844,54.86589431762695
1702270800,154.97950744628906,55.268428802490234
1702357200,155.57977294921875,55.624149322509766
1702443600,158.8489227294922,56.101566314697266
1702530000,155.37660217285156,55.268428802490234
1702616400,154.2222442626953,54.85653305053711
1702875600,155.98611450195312,55.24970626831055
1702962000,155.09957885742188,55.07183837890625
1703048400,153.0124969482422,53.92977523803711
1703134800,154.19454956054688,54.28550338745117
1703221200,154.85020446777344,54.59442138671875
1703566800,155.93995666503906,54.819087982177734
1703653200,156.4385986328125,54.95950698852539
1703739600,156.42938232421875,54.99695587158203
1703826000,156.844970703125,55.16545104980469
1704171600,159.68006896972656,55.99860382080078
1704258000,159.7169952392578,56.12965393066406
1704344400,158.35023498535156,55.94243240356445
1704430800,156.01380920410156,55.858177185058594
1704690000,156.1708526611328,56.27006912231445
1704776400,154.37924194335938,56.1671028137207
1704862800,154.14837646484375,56.35432815551758
1704949200,153.41880798339844,55.98923873901367
1705035600,154.47161865234375,56.532188415527344
1705381200,153.4557647705078,56.157737731933594
1705467600,153.70509338378906,56.157737731933594
1705554000,154.37924194335938,56.31687545776367
1705640400,153.09561157226562,56.00796127319336
1705899600,152.47686767578125,55.76456832885742
1705986000,154.81326293945312,56.02668380737305
1706072400,152.9293975830078,55.146728515625
1706158800,153.81593322753906,55.38076400756836
1706245200,155.01641845703125,55.57734298706055
1706504400,155.2842559814453,55.91434097290039
1706590800,156.6417999267578,56.073490142822266
1706677200,155.6352081298828,55.68968200683594
1706763600,158.56260681152344,57.08449172973633
1706850000,157.88848876953125,56.672603607177734
1707109200,157.84234619140625,56.20454406738281
1707195600,158.30406188964844,56.110931396484375
1707282000,158.35023498535156,56.157737731933594
1707368400,160.54815673828125,56.00796127319336
1707454800,154.84100341796875,55.75520706176758
1707714000,157.55604553222656,55.88625717163086
1707800400,155.9584197998047,55.558624267578125
1707886800,154.7024688720703,55.5024528503418
1707973200,155.01641845703125,55.60542678833008
1708059600,153.59429931640625,55.596065521240234
1708405200,155.74600219726562,56.8223876953125
1708491600,155.91224670410156,57.327884674072266
1708578000,155.37660217285156,57.24363708496094
1708664400,156.6233367919922,57.290435791015625
1708923600,155.38584899902344,56.83174133300781
1709010000,155.2935028076172,56.485374450683594
1709096400,154.2499542236328,56.54154968261719
1709182800,153.8544921875,56.185829162597656
1709269200,153.1565704345703,55.72712326049805
1709528400,153.8824005126953,55.98923873901367
1709614800,150.78370666503906,55.71775817871094
1709701200,151.67703247070312,55.745845794677734
1709787600,151.77938842773438,55.64286804199219
1709874000,151.72354125976562,55.71775817871094
1710129600,153.28684997558594,56.39177322387695
1710216000,153.11004638671875,56.63515853881836
1710302400,153.81727600097656,57.215545654296875
1710388800,153.33338928222656,57.08816909790039
1710475200,153.22174072265625,56.50312805175781
1710734400,159.36325073242188,56.73903274536133
1710820800,159.86572265625,56.83339309692383
1710907200,159.92156982421875,57.32406234741211
1710993600,160.47056579589844,57.05985641479492
1711080000,160.07044982910156,57.078731536865234
1711339200,160.61016845703125,56.99380874633789
1711425600,160.73114013671875,57.125911712646484
1711512000,161.5127716064453,57.588279724121094
1711598400,162.8527374267578,57.729820251464844
1711944000,160.9637451171875,57.258018493652344
1712030400,159.5307159423828,56.757904052734375
1712116800,157.89300537109375,56.45595169067383
1712203200,157.8650665283203,55.955841064453125
1712289600,157.39048767089844,56.15399169921875
1712548800,157.79994201660156,55.92753601074219
1712635200,158.75840759277344,56.35215377807617
1712721600,157.21371459960938,55.597267150878906
1712808000,156.66470336914062,55.719932556152344
1712894400,156.4227752685547,54.99335861206055
1713153600,155.35263061523438,54.86125946044922
1713240000,155.86444091796875,54.785762786865234
1713326400,157.70687866210938,55.210384368896484
1713412800,160.3031005859375,55.58783721923828
1713499200,162.0338592529297,56.77677536010742
1713758400,164.20204162597656,57.135345458984375
1713844800,159.3260040283203,57.22026443481445
1713931200,165.08604431152344,58.078948974609375
1714017600,164.40672302246094,58.258235931396484
1714104000,163.38316345214844,58.258235931396484
1714363200,163.90426635742188,58.541324615478516
1714449600,163.69024658203125,58.28654098510742
1714536000,162.98300170898438,58.437522888183594
1714622400,163.26219177246094,58.494140625
1714708800,163.91354370117188,58.66398239135742
1714968000,163.60647583007812,58.833839416503906
1715054400,165.65365600585938,59.08860778808594
1715140800,165.08604431152344,59.30563735961914
1715227200,165.6908721923828,59.33395004272461
1715313600,167.30068969726562,59.6925163269043
1715572800,168.33358764648438,59.99448013305664
1715659200,167.37515258789062,59.54153823852539
1715745600,166.99362182617188,59.569847106933594
1715832000,170.3900604248047,59.7491340637207
1715918400,169.53396606445312,59.47548294067383
1716177600,167.7845916748047,59.04143142700195
1716264000,168.50108337402344,59.36225891113281
1716350400,169.44091796875,59.44717788696289
1716436800,166.81680297851562,58.588497161865234
1716523200,165.62576293945312,58.50357437133789
1716868800,161.33596801757812,58.33372116088867
1716955200,159.26087951660156,58.220497131347656
1717041600,158.63743591308594,58.47527313232422
1717128000,160.88931274414062,59.381126403808594
1717387200,159.33531188964844,59.381126403808594
1717473600,161.810546875,60.334163665771484
1717560000,161.43833923339844,60.315303802490234
1717646400,161.16847229003906,60.53232955932617
1717732800,160.41348266601562,60.30586624145508
1717992000,155.59283447265625,60.003910064697266
1718078400,154.81442260742188,59.96615982055664
1718164800,153.6514434814453,59.33395004272461
1718251200,153.18251037597656,59.43775177001953
1718337600,153.63270568847656,59.480533599853516
1718596800,155.81793212890625,59.54710006713867
1718683200,156.13681030273438,59.55660629272461
1718856000,156.3243408203125,59.128684997558594
1718942400,156.88710021972656,59.689735412597656
1719201600,157.63739013671875,60.83085250854492
1719288000,156.9527587890625,60.70723342895508
1719374400,156.38064575195312,60.906925201416016
1719460800,155.93048095703125,60.773799896240234
1719547200,154.68310546875,60.52655792236328
1719806400,152.76983642578125,60.174705505371094
1719892800,153.41697692871094,60.05109405517578
1719979200,152.4978790283203,60.222259521484375
1720152000,154.17666625976562,60.63116455078125
1720411200,152.0476837158203,59.87041473388672
1720497600,151.84133911132812,59.61366271972656
1720584000,153.42636108398438,59.746795654296875
1720670400,153.7639617919922,60.0035400390625
1720756800,156.04302978515625,60.57410430908203
1721016000,153.67958068847656,60.29833221435547
1721102400,154.52366638183594,61.11613082885742
1721188800,159.33494567871094,62.01000213623047
1721275200,159.7851104736328,61.99098587036133
1721361600,158.83787536621094,62.08608627319336
1721620800,157.24351501464844,61.591590881347656
1721707200,155.94924926757812,61.77226638793945
1721793600,157.72181701660156,62.58055877685547
1721880000,160.3947296142578,62.827796936035156
1721966400,162.0172576904297,63.75971221923828
1722225600,162.4486846923828,63.550498962402344
1722312000,162.42051696777344,64.35880279541016
1722398400,161.94223022460938,63.46491622924805
1722484800,164.08995056152344,64.62504577636719
1722571200,166.9785919189453,65.92781829833984
1722830400,163.22711181640625,64.7581787109375
1722916800,161.77340698242188,64.71063995361328
1723003200,161.11688232421875,65.10051727294922
1723089600,161.6608428955078,65.3572769165039
1723176000,161.6796112060547,65.30972290039062
1723435200,160.7698974609375,64.82473754882812
1723521600,161.6608428955078,65.10051727294922
1723608000,162.9176025390625,65.21463775634766
1723694400,161.80154418945312,65.28119659423828
1723780800,161.89532470703125,65.78519439697266
1724040000,163.0207977294922,65.59500122070312
1724126400,164.92466735839844,65.9753646850586
1724212800,164.32443237304688,66.15605163574219
1724299200,164.8214874267578,65.92781829833984
1724385600,164.94342041015625,66.3652572631836
1724644800,165.03721618652344,67.36372375488281
1724731200,164.40884399414062,67.99134063720703
1724817600,163.11456298828125,68.22907257080078
1724904000,161.39825439453125,68.51435089111328
1724990400,162.13919067382812,68.91374206542969
1725336000,166.5096435546875,69.42724609375
1725422400,167.42877197265625,68.99932098388672
1725508800,168.1603240966797,67.67753601074219
1725595200,167.5885772705078,67.64900207519531
1725854400,168.39183044433594,68.32415771484375
1725940800,168.03273010253906,68.03888702392578
1726027200,166.11434936523438,67.5919418334961
1726113600,167.50352478027344,67.73458862304688
1726200000,167.6074676513672,68.37129211425781
1726459200,167.4657440185547,69.03192901611328
1726545600,167.14442443847656,68.74469757080078
1726632000,165.57571411132812,68.69682312011719
1726718400,165.05596923828125,67.61492156982422
1726804800,161.76727294921875,68.59150695800781
1727064000,162.6461639404297,68.67768096923828
1727150400,160.57656860351562,68.29469299316406
1727236800,160.0851593017578,68.40958404541016
1727323200,160.35922241210938,68.3617172241211
1727409600,160.6521759033203,68.7351303100586
1727668800,160.69944763183594,68.80213165283203
1727755200,161.95631408691406,68.65853118896484
1727841600,160.22694396972656,67.98831176757812
1727928000,159.2630157470703,67.5191650390625
1728014400,158.73379516601562,67.18405151367188
1728273600,158.01560974121094,66.07342529296875
1728360000,161.04908752441406,66.23619842529297
1728446400,163.052490234375,66.60958862304688
1728532800,163.47776794433594,66.30320739746094
1728619200,165.19769287109375,66.60958862304688
1728878400,166.416748046875,67.34680938720703
1728964800,166.22775268554688,67.34680938720703
1729051200,164.88583374023438,67.56703186035156
1729137600,165.06539916992188,66.92555236816406
1729224000,165.43392944335938,67.44257354736328
1729483200,165.38668823242188,66.49469757080078
1729569600,164.7818603515625,66.49469757080078
1729656000,163.4399871826172,65.11597442626953
1729742400,162.69338989257812,64.43619537353516
1729828800,162.34373474121094,64.07235717773438
1730088000,160.50099182128906,63.83298873901367
1730174400,158.2896728515625,62.77021789550781
1730260800,157.0706024169922,63.11490249633789
1730347200,156.94772338867188,62.530860900878906
1730433600,156.48468017578125,62.24363708496094
1730696400,157.1934356689453,62.33937072753906
1730782800,158.6204071044922,62.588321685791016
1730869200,155.653076171875,60.989376068115234
1730955600,154.98211669921875,60.951072692871094
1731042000,156.03106689453125,61.20001220703125
1731301200,155.22779846191406,60.66384506225586
1731387600,155.30340576171875,60.510650634765625
1731474000,155.68142700195312,60.31916046142578
1731560400,156.06886291503906,59.888309478759766
1731646800,149.89793395996094,59.11277770996094
1731906000,149.62388610839844,59.22767639160156
1731992400,148.10243225097656,59.926605224609375
1732078800,150.01133728027344,60.30958938598633
1732165200,151.52334594726562,61.04682540893555
1732251600,153.0920867919922,61.20001220703125
1732510800,154.0843505859375,61.64043045043945
1732597200,153.2432861328125,61.80320739746094
1732683600,153.77249145507812,61.68830871582031
1732856400,154.4623260498047,61.818546295166016
1733115600,154.0843505859375,61.403717041015625
1733202000,152.80857849121094,61.2783088684082
1733288400,151.3721466064453,60.0145378112793
1733374800,151.6651153564453,60.69948196411133
1733461200,150.3832244873047,60.32324981689453
1733720400,151.98439025878906,60.39077377319336
1733806800,152.33700561523438,60.68983459472656
1733893200,149.4111328125,60.42936325073242
1733979600,151.44113159179688,61.58701705932617
1734066000,150.55477905273438,60.89242172241211
1734325200,148.6963348388672,60.34253692626953
1734411600,148.81068420410156,61.16254425048828
1734498000,147.1809539794922,60.63195037841797
1734584400,144.3599090576172,60.24607467651367
1734670800,145.617919921875,60.34253692626953
1734930000,144.1883544921875,60.17853927612305
1735016400,145.6370086669922,60.62230682373047
1735189200,145.2843780517578,60.36183547973633
1735275600,145.7132568359375,60.24607467651367
1735534800,144.59817504882812,59.84088897705078
1735621200,144.9221954345703,60.062767028808594
1735794000,143.15907287597656,59.65760040283203
1735880400,142.62533569335938,59.57077407836914
1736139600,139.4040069580078,58.66394805908203
1736226000,138.57484436035156,58.69288635253906
1736312400,139.6613311767578,59.532188415527344
1736485200,135.94439697265625,58.914772033691406
1736744400,137.7170867919922,59.474300384521484
1736830800,138.14596557617188,59.85054016113281
1736917200,137.9839324951172,59.590065002441406
1737003600,139.6613311767578,60.053131103515625
1737090000,141.29104614257812,60.496891021728516
1737435600,141.5769805908203,60.217124938964844
1737522000,141.13856506347656,59.59971237182617
1737608400,141.64369201660156,59.35853576660156
1737694800,142.12020874023438,59.73477554321289
1737954000,147.35250854492188,61.61595916748047
1738040400,143.19717407226562,60.159244537353516
1738126800,143.31155395507812,60.6126594543457
1738213200,144.7696990966797,61.78960418701172
1738299600,143.6165008544922,61.23971939086914
1738558800,143.2162322998047,61.11430358886719
1738645200,136.75450134277344,60.45830535888672
1738731600,138.82264709472656,60.89242172241211
1738818000,138.5271759033203,61.12395477294922
1738904400,137.7933349609375,61.58701705932617
1739163600,137.57412719726562,62.2719612121582
1739250000,138.80357360839844,65.21432495117188
1739336400,137.23104858398438,66.28514099121094
1739422800,137.7933349609375,67.04727172851562
1739509200,136.65919494628906,66.43949127197266
1739854800,137.33587646484375,66.6131591796875
1739941200,138.96559143066406,67.5971450805664
1740027600,142.10116577148438,67.5682144165039
1740114000,146.29461669921875,68.83197784423828
1740373200,146.62820434570312,68.09879302978516
1740459600,149.07754516601562,68.96703338623047
1740546000,144.3980255126953,68.30139923095703
1740632400,144.8841094970703,68.3689193725586
1740718800,146.2660369873047,68.6969223022461
1740978000,148.66773986816406,69.76775360107422
1741064400,146.95223999023438,67.71292114257812
1741150800,146.65676879882812,67.60680389404297
1741237200,147.35250854492188,67.973388671875
1741323600,148.49188232421875,68.9091567993164
1741579200,150.23216247558594,68.9284439086914
1741665600,146.46311950683594,68.53292083740234
1741752000,142.46336364746094,67.47174072265625
1741838400,142.62680053710938,67.16303253173828
1741924800,142.8671875,67.21162414550781
1742184000,145.5112762451172,68.14457702636719
1742270400,143.2517852783203,67.4254150390625
1742356800,142.40567016601562,67.3282470703125
1742443200,141.48263549804688,67.74613189697266
1742529600,139.84811401367188,66.73543548583984
1742788800,140.80960083007812,67.00753021240234
1742875200,139.9346466064453,66.8714828491211
1742961600,142.91526794433594,68.04739379882812
1743048000,143.90557861328125,68.74710845947266
1743134400,143.52101135253906,68.38753509521484
1743393600,144.1652069091797,69.6023178100586
1743480000,143.90557861328125,69.84529113769531
1743566400,143.3767547607422,69.32048797607422
1743652800,145.54010009765625,71.11837768554688
1743739200,140.9634246826172,67.9599380493164
1743998400,137.67515563964844,66.44387817382812
1744084800,134.89646911621094,66.49246978759766
1744171200,139.98272705078125,67.97936248779297
1744257600,138.58856201171875,68.76654815673828
1744344000,138.8673858642578,69.41766357421875
1744603200,141.09805297851562,70.408935546875
1744689600,137.33863830566406,69.83556365966797
1744776000,134.6945343017578,69.66062927246094
1744862400,137.33863830566406,70.94344329833984
1745208000,136.27137756347656,70.71991729736328
1745294400,137.93475341796875,71.8180923461914
1745380800,136.78099060058594,71.23499298095703
1745467200,130.09864807128906,70.47696685791016
1745553600,128.2429962158203,69.88416290283203
1745812800,128.6083526611328,69.76753234863281
1745899200,129.1371612548828,70.31175994873047
1745985600,130.35824584960938,70.5061264038086
1746072000,128.40643310546875,69.2816162109375
1746158400,128.59872436523438,69.63148498535156
1746417600,126.90652465820312,69.68006896972656
1746504000,125.70466613769531,69.69950866699219
1746590400,126.83921813964844,70.3603515625
1746676800,126.36808013916016,69.16499328613281
1746763200,125.41621398925781,68.5333023071289
1747022400,126.60844421386719,67.57119750976562
1747108800,125.29122161865234,67.01725006103516
1747195200,123.50285339355469,67.21162414550781
1747281600,126.43538665771484,69.59260559082031
1747368000,126.89689636230469,69.97161102294922
1747627200,126.71421813964844,69.90359497070312
1747713600,126.72383880615234,69.67034912109375
1747800000,125.13737487792969,69.82584381103516
1747886400,125.10852813720703,69.13584899902344
1747972800,124.35856628417969,69.74809265136719
1748318400,126.31039428710938,69.7578125
1748404800,125.63734436035156,69.14556121826172
1748491200,126.83921813964844,69.47598266601562
1748577600,126.3873062133789,70.06879425048828
1748836800,125.86812591552734,69.97161102294922
1748923200,126.77190399169922,69.15528106689453
1749009600,126.66615295410156,69.35935974121094
1749096000,126.06041717529297,68.91232299804688
1749182400,126.39381408691406,69.33992767333984
1749441600,126.3257827758789,69.74809265136719
1749528000,128.1434783935547,70.31175994873047
1749614400,126.26744842529297,70.03964233398438
1749700800,128.60032653808594,70.20484924316406
1749787200,127.19090270996094,69.50994873046875
1750046400,127.7352294921875,69.02058410644531
1750132800,125.67449951171875,68.13972473144531
1750219200,125.4606704711914,67.73843383789062
1750392000,125.4606704711914,67.37629699707031
1750651200,125.48009490966797,68.25716400146484
1750737600,127.38529968261719,68.71717071533203
1750824000,124.44003295898438,68.14950561523438
1750910400,124.63442993164062,67.99291229248047
1750996800,127.37555694580078,68.83462524414062
1751256000,128.34759521484375,69.24568939208984
1751342400,131.47755432128906,70.14613342285156
1751428800,132.66343688964844,69.40229797363281
1751515200,131.59420776367188,69.83293151855469
1751860800,130.69021606445312,69.50016784667969
1751947200,131.2637176513672,68.74653625488281
1752033600,130.71937561035156,68.00270080566406
1752120000,132.27464294433594,68.2865219116211
1752206400,131.47755432128906,68.38440704345703
1752465600,131.77890014648438,67.99291229248047
1752552000,130.068115234375,67.88524627685547
1752638400,131.56504821777344,67.79715728759766
1752724800,141.37289428710938,69.0890884399414
1752811200,139.2344207763672,68.36483001708984
1753070400,137.73745727539062,68.58014678955078
1753156800,141.9561004638672,68.17887878417969
1753243200,141.58673095703125,67.68949890136719
1753329600,140.46888732910156,67.63077545166016
1753416000,139.4385223388672,67.69927978515625
1753675200,137.61111450195312,66.64224243164062
1753761600,139.86624145507812,67.90481567382812
1753848000,138.8650360107422,67.28821563720703
1753934400,134.06317138671875,66.44650268554688
1754020800,135.3851318359375,67.39588165283203
1754280000,135.65731811523438,67.49374389648438
1754366400,135.55039978027344,67.58184051513672
1754452800,136.86264038085938,68.03205871582031
1754539200,139.8953857421875,68.9324951171875
1754625600,141.14932250976562,68.84440612792969
1754884800,140.81881713867188,69.24568939208984
1754971200,142.7628936767578,69.20654296875
1755057600,145.17355346679688,68.96186065673828
1755144000,144.4639434814453,68.07120513916016
1755230400,146.19418334960938,68.43333435058594
1755489600,145.3679656982422,67.6601333618164
1755576000,147.90496826171875,68.63887023925781
1755662400,146.51495361328125,69.1967544555664
1755748800,144.8138885498047,69.1576156616211
1755835200,145.45542907714844,68.63887023925781
1756094400,144.0557098388672,67.46438598632812
1756180800,142.88926696777344,67.26864624023438
1756267200,143.51136779785156,67.36651611328125
1756353600,142.8698272705078,66.90650939941406
1756440000,144.49310302734375,67.52310943603516
1756785600,146.07754516601562,67.59162139892578
1756872000,144.48341369628906,67.52310943603516
1756958400,142.78233337402344,66.7988510131836
1757044800,143.6883087158203,66.51500701904297
1757304000,139.0946807861328,65.99628448486328
1757390400,140.45904541015625,66.41714477539062
1757476800,140.0271453857422,66.37799072265625
1757563200,141.5681610107422,66.1822509765625
1757649600,140.88108825683594,65.58522033691406
1757908800,138.04441833496094,65.29920196533203
1757995200,137.4456787109375,65.32878875732422
1758081600,138.62353515625,66.11778259277344
1758168000,138.1327667236328,65.54576110839844
1758254400,139.1437530517578,65.51617431640625
1758513600,138.42723083496094,65.29920196533203
1758600000,139.28115844726562,65.79232025146484
1758686400,139.5461883544922,65.53589630126953
1758772800,137.33770751953125,65.07237243652344
1758859200,137.84811401367188,64.7666244506836
1759118400,137.58309936523438,65.13153839111328
1759204800,137.84811401367188,65.40768432617188
1759291200,140.498291015625,65.86135864257812
1759377600,139.68360900878906,65.19071197509766
1759464000,139.3596954345703,65.73314666748047
1759723200,137.1217803955078,65.19071197509766
1759809600,138.191650390625,65.87122344970703
1759896000,136.27764892578125,65.21044158935547
1759982400,142.03932189941406,65.4570083618164
1760068800,147.31021118164062,66.11778259277344
1760328000,146.1421661376953,65.88108825683594
1760414400,148.74325561523438,66.5813217163086
1760500800,148.37026977539062,66.15723419189453
1760587200,149.8524169921875,66.66021728515625
1760673600,150.8732147216797,67.49852752685547
1760932800,150.80450439453125,67.49852752685547
1761019200,150.35299682617188,70.24028015136719
1761105600,150.2057647705078,69.8359146118164
1761192000,148.71380615234375,68.97789001464844
1761278400,148.75308227539062,68.75105285644531
1761537600,149.8131561279297,69.09623718261719
1761624000,147.34945678710938,69.19486999511719
1761710400,143.46255493164062,67.40975952148438
1761796800,144.826904296875,68.03109741210938
1761883200,143.3938446044922,67.95220184326172
1762146000,140.94979858398438,67.03498840332031
1762232400,140.26271057128906,67.71549987792969
1762318800,140.22344970703125,67.56756591796875
1762405200,138.96707153320312,68.10999298095703
1762491600,140.31179809570312,69.57949829101562
1762750800,139.9878692626953,69.54991149902344
1762837200,142.40249633789062,70.62491607666016
1762923600,141.7252197265625,70.52629852294922
1763010000,142.34359741210938,70.09234619140625
1763096400,143.1582794189453,70.18111419677734
1763355600,145.1017303466797,69.70771026611328
1763442000,146.02438354492188,70.24028015136719
1763528400,144.39501953125,70.13179779052734
1763614800,143.40365600585938,70.23041534423828
1763701200,143.62940979003906,71.94647979736328
1763960400,142.81472778320312,71.5914306640625
1764046800,143.41348266601562,71.61116027832031
1764133200,145.24896240234375,71.87744903564453
1764306000,145.99493408203125,72.11415100097656
1764565200,146.750732421875,71.45864868164062
1764651600,145.86734008789062,70.18739318847656
1764738000,145.32748413085938,70.32643127441406
1764824400,144.19871520996094,69.9688949584961
1764910800,143.73585510253906,69.52196502685547
1765170000,144.3404541015625,69.770263671875
1765256400,143.3592071533203,69.6113510131836
1765342800,148.37440490722656,69.73052978515625
1765429200,147.72024536132812,68.63804626464844
1765515600,149.3159942626953,70.03841400146484
1765774800,149.88095092773438,70.48534393310547
1765861200,149.03846740722656,69.88944244384766
1765947600,148.7510528564453,70.18739318847656
1766034000,148.04733276367188,69.87950897216797
1766120400,146.84805297851562,69.58155822753906
1766379600,145.7478790283203,69.73052978515625
1766466000,142.40771484375,69.39286041259766
1766552400,142.46719360351562,69.63121795654297
1766725200,142.5068359375,69.39286041259766
1766984400,142.9627685546875,69.68087768554688
1767070800,142.8834686279297,69.59149169921875
1767157200,142.24913024902344,69.43258666992188
1767330000,140.97055053710938,68.64797973632812
1767589200,138.68101501464844,67.47603607177734
1767675600,137.72952270507812,67.37671661376953
1767762000,135.79676818847656,67.07876586914062
1767848400,138.13587951660156,68.89627075195312
1767934800,138.6710968017578,70.02848815917969
1768194000,140.10826110839844,70.0185546875
1768280400,142.20948791503906,70.75350189208984
1768366800,144.6278839111328,70.95214080810547
1768453200,145.27212524414062,69.99869537353516
1768539600,145.02435302734375,69.95896911621094
1768885200,146.35247802734375,71.26001739501953
1768971600,145.4406280517578,71.51824188232422
1769058000,143.121337890625,71.37920379638672
1769144400,143.29974365234375,72.3823013305664
1769403600,144.5783233642578,72.06448364257812
1769490000,147.46255493164062,73.0477294921875
1769576400,147.18502807617188,72.56106567382812
1769662800,147.37335205078125,72.92854309082031
1769749200,152.2696075439453,74.29911804199219
1770008400,153.82569885253906,74.8155746459961
1770094800,161.40797424316406,76.36491394042969
1770181200,164.70846557617188,76.82176971435547
1770267600,166.04652404785156,77.9738540649414
1770354000,168.98031616210938,78.49030303955078
1770613200,164.99591064453125,77.43754577636719
1770699600,165.49148559570312,76.28546142578125
1770786000,167.6521759033203,78.06324005126953
1770872400,165.7194366455078,78.46051025390625
1770958800,164.47061157226562,78.14269256591797
1771304400,160.4862060546875,79.01667785644531
1771390800,162.934326171875,78.94715881347656
1771477200,163.13255310058594,78.37112426757812
1771563600,163.47946166992188,79.29476928710938
1771822800,166.82952880859375,80.00984954833984
1771909200,168.03871154785156,80.16876220703125
1771995600,167.6719970703125,79.92047119140625
1772082000,166.09608459472656,79.95026397705078
1772168400,168.23695373535156,81.00302124023438
1772427600,165.79873657226562,79.67218017578125
1772514000,163.44972229003906,78.79817962646484
1772600400,162.46849060058594,77.566650390625
1772686800,159.27700805664062,76.50395965576172
1772773200,159.42999267578125,76.5138931274414
1773028800,161.52999877929688,77.26870727539062
1773115200,160.77999877929688,77.34815216064453
1773201600,160.14999389648438,77.09986114501953
1773288000,158.86000061035156,77.08000183105469
1773374400,159.8800048828125,77.33999633789062
1773633600,157.72000122070312,77.81999969482422
1773720000,156.5,77.58000183105469
1773806400,153.5399932861328,75.97000122070312
1773892800,152.74000549316406,75.55000305175781
1773979200,150.0399932861328,74.75
1774238400,150.8800048828125,75.11000061035156
1774324800,150.58999633789062,74.66999816894531
1774411200,151.72999572753906,75.25
1774497600,150.8300018310547,74.69000244140625
1774584000,153.0399932861328,75.70999908447266
1774843200,156.82000732421875,76.2699966430664
1774929600,155.2899932861328,76.05000305175781
1775016000,154.64999389648438,76.08000183105469
1775102400,157.00999450683594,76.72000122070312
1775448000,156.72999572753906,77.22000122070312
1775534400,153.2100067138672,75.91000366210938
1775620800,154.8000030517578,77.29000091552734
1775707200,157.49000549316406,78.18000030517578
1775793600,157.05999755859375,77.47000122070312
1776052800,155.8800048828125,76.41000366210938
1776139200,155.72000122070312,75.9000015258789
1776225600,154.85000610351562,75.30999755859375
1776312000,158.3800048828125,75.18000030517578
1776398400,157.6699981689453,75.73999786376953
1776657600,156.99000549316406,75.4800033569336
1776744000,154.9199981689453,74.69999694824219
1776830400,153.7899932861328,74.62999725341797
1776916800,155.6999969482422,76.27999877929688
1777003200,155.44000244140625,76.62999725341797
1777262400,154.10000610351562,75.44000244140625
1777348800,156.2899932861328,78.3499984741211
1777435200,155.2899932861328,78.87000274658203
1777521600,158.49000549316406,78.76000213623047
1777608000,157.41000366210938,78.58000183105469
1777867200,154.58999633789062,78.19000244140625
1777953600,155.0399932861328,78.4800033569336
1778040000,155.9600067138672,79.2300033569336
1778126400,156.2899932861328,78.43000030517578
1778212800,154.6199951171875,78.41999816894531
1778472000,149.41000366210938,78.66000366210938
1778558400,151.85000610351562,80.02999877929688
1778644800,149.27000427246094,80.26000213623047
1778731200,148.6699981689453,80.44999694824219
1778817600,149.1199951171875,80.81999969482422
