timestamp,T,VZ
1147752000,4.8065948486328125,10.22382926940918
1147838400,4.68162727355957,9.936790466308594
1147924800,4.614482402801514,9.807781219482422
1148011200,4.715203285217285,9.965822219848633
1148270400,4.707740306854248,9.930339813232422
1148356800,4.709605693817139,9.956140518188477
1148443200,4.748775005340576,9.917441368103027
1148529600,4.793539524078369,10.04644775390625
1148616000,4.892394542694092,10.156102180480957
1148961600,4.8196516036987305,9.969042778015137
1149048000,4.860686779022217,10.065799713134766
1149134400,5.019228935241699,10.307687759399414
1149220800,4.985653400421143,10.301239967346191
1149480000,4.961406707763672,10.175456047058105
1149566400,4.985653400421143,10.22382926940918
1149652800,4.959540843963623,10.268987655639648
1149739200,4.957676410675049,10.210933685302734
1149825600,4.965135097503662,10.15932846069336
1150084800,4.972596645355225,10.104499816894531
1150171200,5.0397443771362305,10.175456047058105
1150257600,5.067722320556641,10.19803524017334
1150344000,5.172173023223877,10.381864547729492
1150430400,5.183363914489746,10.494745254516602
1150689600,5.192689895629883,10.375412940979004
1150776000,5.144195079803467,10.559252738952637
1150862400,5.097565174102783,10.601178169250488
1150948800,5.090104103088379,10.559252738952637
1151035200,5.105024337768555,10.588276863098145
1151294400,5.097565174102783,10.572148323059082
1151380800,5.1012959480285645,10.462495803833008
1151467200,5.112485408782959,10.517321586608887
1151553600,5.166577339172363,10.739861488342285
1151640000,5.202016830444336,10.801139831542969
1151899200,5.209475040435791,10.820491790771484
1152072000,5.203882217407227,10.736637115478516
1152158400,5.241954326629639,10.78071117401123
1152244800,5.257113933563232,10.679500579833984
1152504000,5.1888909339904785,10.76765251159668
1152590400,5.16235876083374,10.672974586486816
1152676800,5.1471943855285645,10.545641899108887
1152763200,5.033487319946289,10.362804412841797
1152849600,5.037277698516846,10.323623657226562
1153108800,5.069496154785156,10.31057071685791
1153195200,5.114978790283203,10.31057071685791
1153281600,5.205944538116455,10.552165985107422
1153368000,5.17372989654541,10.529318809509277
1153454400,5.181309700012207,10.40524673461914
1153713600,5.264693260192871,10.6403226852417
1153800000,5.486424446105957,10.751328468322754
1153886400,5.590659141540527,10.914572715759277
1153972800,5.624769687652588,10.878660202026367
1154059200,5.6967878341674805,11.012521743774414
1154318400,5.683520793914795,11.041906356811523
1154404800,5.639932155609131,10.862337112426758
1154491200,5.795332431793213,10.947221755981445
1154577600,5.855975151062012,10.934164047241211
1154664000,5.869244575500488,11.025580406188965
1154923200,5.835131645202637,10.87213134765625
1155009600,5.819970607757568,10.950488090515137
1155096000,5.730899333953857,11.045169830322266
1155182400,5.727108001708984,11.081088066101074
1155268800,5.727108001708984,11.12353229522705
1155528000,5.683520793914795,11.07455062866211
1155614400,5.753638744354248,11.228002548217773
1155700800,5.732790946960449,11.17577075958252
1155787200,5.77069616317749,11.17577075958252
1155873600,5.782067775726318,11.237801551818848
1156132800,5.791543006896973,11.2704496383667
1156219200,5.789647102355957,11.296563148498535
1156305600,5.776381969451904,11.228002548217773
1156392000,5.774487495422363,11.312891960144043
1156478400,5.804810523986816,11.329216003417969
1156737600,5.869244575500488,11.410836219787598
1156824000,5.926098346710205,11.485934257507324
1156910400,5.910937309265137,11.55449104309082
1156996800,5.899564743041992,11.485934257507324
1157083200,5.990529537200928,11.613261222839355
1157428800,6.009480953216553,11.590409278869629
1157515200,5.981056213378906,11.574087142944336
1157601600,5.927992343902588,11.528372764587402
1157688000,5.941258430480957,11.557761192321777
1157947200,5.988637447357178,11.603466033935547
1158033600,6.045492172241211,11.701409339904785
1158120000,6.037909507751465,11.672037124633789
1158206400,6.111822128295898,11.747122764587402
1158292800,6.037909507751465,11.691615104675293
1158552000,5.9526286125183105,11.675299644470215
1158638400,5.958314895629883,11.753653526306152
1158724800,6.075814723968506,11.972399711608887
1158811200,6.1175079345703125,12.047492027282715
1158897600,6.235008239746094,12.112789154052734
1159156800,6.346817970275879,12.243391990661621
1159243200,6.320285320281982,12.393576622009277
1159329600,6.172467231750488,12.008316040039062
1159416000,6.134565830230713,12.060558319091797
1159502400,6.170571327209473,12.122588157653809
1159761600,6.108031272888184,12.125859260559082
1159848000,6.168674945831299,12.233595848083496
1159934400,6.200890064239502,12.347867012023926
1160020800,6.133828163146973,12.181207656860352
1160107200,6.105011940002441,12.144908905029297
1160366400,6.181854724884033,12.108592987060547
1160452800,6.295193672180176,12.059099197387695
1160539200,6.331692695617676,12.078897476196289
1160625600,6.454641819000244,12.207603454589844
1160712000,6.454641819000244,12.22740650177002
1160971200,6.337454319000244,12.22410774230957
1161057600,6.350905418395996,12.07559585571289
1161144000,6.327850341796875,12.07559585571289
1161230400,6.483455657958984,12.2802152633667
1161316800,6.616003036499023,12.47492790222168
1161576000,6.667875289916992,12.547528266906738
1161662400,6.671716690063477,12.540933609008789
1161748800,6.594873905181885,12.639939308166504
1161835200,6.608320713043213,12.785148620605469
1161921600,6.573744773864746,12.81814956665039
1162184400,6.516111850738525,12.425421714782715
1162270800,6.579501628875732,12.210906982421875
1162357200,6.485375881195068,12.201009750366211
1162443600,6.5353217124938965,12.207603454589844
1162530000,6.477692604064941,12.111897468566895
1162789200,6.589111328125,12.20430850982666
1162875600,6.589111328125,12.168007850646973
1162962000,6.602555751800537,12.164702415466309
1163048400,6.420063018798828,11.917190551757812
1163134800,6.348983287811279,11.745569229125977
1163394000,6.350905418395996,11.86438274383545
1163480400,6.331692695617676,12.009591102600098
1163566800,6.23564338684082,11.910581588745117
1163653200,6.22411584854126,11.861083030700684
1163739600,6.377800941467285,11.894081115722656
1163998800,6.379718780517578,11.877382278442383
1164085200,6.291351318359375,12.034958839416504
1164171600,6.275983810424805,11.904776573181152
1164344400,6.275983810424805,11.904776573181152
1164603600,6.277904987335205,11.730064392089844
1164690000,6.3047990798950195,11.784873008728027
1164776400,6.435426235198975,11.952740669250488
1164862800,6.514193058013916,11.969874382019043
1164949200,6.5314764976501465,11.867094993591309
1165208400,6.577588081359863,11.939043998718262
1165294800,6.662111759185791,11.846541404724121
1165381200,6.681323528289795,11.973297119140625
1165467600,6.652505397796631,11.956170082092285
1165554000,6.717820644378662,12.09662914276123
1165813200,6.758162021636963,12.226804733276367
1165899600,6.846527576446533,12.250787734985352
1165986000,6.829240322113037,12.28847599029541
1166072400,6.850368022918701,12.36384105682373
1166158800,6.850368022918701,12.49744701385498
1166418000,6.81387186050415,12.518006324768066
1166504400,6.7216596603393555,12.559114456176758
1166590800,6.713979244232178,12.48716926574707
1166677200,6.756239414215088,12.56596565246582
1166763600,6.71973991394043,12.521432876586914
1167109200,6.725504398345947,12.58995246887207
1167195600,6.804265022277832,12.72355842590332
1167282000,6.81963586807251,12.785223960876465
1167368400,6.867659091949463,12.757814407348633
1167800400,6.713979244232178,12.956520080566406
1167886800,6.627529621124268,13.02845573425293
1167973200,6.523797988891602,12.805769920349121
1168232400,6.586135387420654,12.748627662658691
1168318800,6.611459732055664,12.800578117370605
1168405200,6.628990650177002,12.727853775024414
1168491600,6.718596935272217,12.852532386779785
1168578000,6.76535177230835,12.928730010986328
1168923600,6.7458696365356445,12.869848251342773
1169010000,6.718596935272217,12.772873878479004
1169096400,6.82184362411499,13.01184368133545
1169182800,6.831577777862549,12.901018142700195
1169442000,6.870541095733643,12.901018142700195
1169528400,6.888073921203613,12.984143257141113
1169614800,7.135468482971191,13.185017585754395
1169701200,7.166633129119873,12.987602233886719
1169787600,7.090663433074951,13.101890563964844
1170046800,7.112096309661865,13.171160697937012
1170133200,7.2250752449035645,13.361644744873047
1170219600,7.330264091491699,13.340861320495605
1170306000,7.353636264801025,13.160771369934082
1170392400,7.425716400146484,13.219648361206055
1170651600,7.361433506011963,13.19194221496582
1170738000,7.306887626647949,13.1884765625
1170824400,7.238709449768066,13.19194221496582
1170910800,7.2815656661987305,13.143452644348145
1170997200,7.188064098358154,13.056875228881836
1171256400,7.199747085571289,13.01184368133545
1171342800,7.24455451965332,13.1746244430542
1171429200,7.24455451965332,13.378957748413086
1171515600,7.252346515655518,13.299302101135254
1171602000,7.3010430335998535,13.333937644958496
1171947600,7.277669906616211,13.250818252563477
1172034000,7.248449802398682,13.26120662689209
1172120400,7.217284202575684,13.313156127929688
1172206800,7.207545280456543,13.30276107788086
1172466000,7.3049421310424805,13.2958402633667
1172552400,7.041965961456299,12.686287879943848
1172638800,7.168581962585449,12.952967643737793
1172725200,7.151047229766846,12.849066734313965
1172811600,7.098453521728516,12.634334564208984
1173070800,6.958202362060547,12.513121604919434
1173157200,7.012744426727295,12.634334564208984
1173243600,6.901708126068115,12.357267379760742
1173330000,7.112096309661865,12.634334564208984
1173416400,7.119882583618164,12.623944282531738
1173672000,7.219231128692627,12.668973922729492
1173758400,7.258190631866455,12.513121604919434
1173844800,7.248449802398682,12.565071105957031
1173931200,7.195855617523193,12.592775344848633
1174017600,7.203649520874023,12.578922271728516
1174276800,7.32052755355835,12.727853775024414
1174363200,7.384810447692871,12.80750846862793
1174449600,7.5698676109313965,13.04994010925293
1174536000,7.618565082550049,13.164224624633789
1174622400,7.573763847351074,13.202327728271484
1174881600,7.657528877258301,13.04647445678711
1174968000,7.682851791381836,13.053406715393066
1175054400,7.587399005889893,12.894095420837402
1175140800,7.630252361297607,13.01184368133545
1175227200,7.680906295776367,13.133065223693848
1175486400,7.686749458312988,13.101890563964844
1175572800,7.7412919998168945,13.202327728271484
1175659200,7.641939640045166,13.167692184448242
1175745600,7.74249792098999,13.302473068237305
1176091200,7.75432825088501,13.302473068237305
1176177600,7.777990341186523,13.23245620727539
1176264000,7.677435398101807,13.08542537689209
1176350400,7.62222957611084,13.081930160522461
1176436800,7.657718658447266,13.088932037353516
1176696000,7.7405266761779785,13.256962776184082
1176782400,7.726725101470947,13.113434791564941
1176868800,7.683350086212158,13.099431991577148
1176955200,7.750385761260986,13.130942344665527
1177041600,7.86079740524292,13.270968437194824
1177300800,7.8410797119140625,13.144943237304688
1177387200,7.708979606628418,13.162446022033691
1177473600,7.716867446899414,13.179949760437012
1177560000,7.681379795074463,13.291962623596191
1177646400,7.618286609649658,13.263969421386719
1177905600,7.634060859680176,13.365486145019531
1177992000,7.657718658447266,13.481002807617188
1178078400,7.626172065734863,13.86257266998291
1178164800,7.669550895690918,14.377167701721191
1178251200,7.783903121948242,14.233648300170898
1178510400,7.807561874389648,14.293158531188965
1178596800,7.74249792098999,14.21964168548584
1178683200,7.781930923461914,14.408679008483887
1178769600,7.6715216636657715,14.275655746459961
1178856000,7.805589199066162,14.47519302368164
1179115200,7.892341613769531,14.562699317932129
1179201600,7.963319778442383,14.891768455505371
1179288000,8.111189842224121,14.961776733398438
1179374400,8.134845733642578,14.751738548278809
1179460800,8.10330581665039,14.90926742553711
1179720000,7.994863510131836,14.891768455505371
1179806400,7.973175048828125,14.916271209716797
1179892800,7.967263221740723,14.937274932861328
1179979200,7.969232082366943,14.891768455505371
1180065600,8.036270141601562,14.877762794494629
1180411200,7.983035087585449,15.122804641723633
1180497600,8.079644203186035,15.339851379394531
1180584000,8.150622367858887,15.238330841064453
1180670400,7.990921497344971,15.056293487548828
1180929600,8.063870429992676,15.035299301147461
1181016000,7.983035087585449,14.96878433227539
1181102400,7.961347579956055,15.024791717529297
1181188800,7.791789531707764,14.90926742553711
1181275200,7.937686443328857,15.077299118041992
1181534400,7.910085201263428,15.231328964233398
1181620800,7.7050371170043945,15.080804824829102
1181707200,7.88248872756958,15.017788887023926
1181793600,7.996833324432373,15.129800796508789
1181880000,7.941630840301514,15.04928970336914
1182139200,7.888396739959717,14.89526653289795
1182225600,7.933742523193359,15.077299118041992
1182312000,7.793761253356934,14.891768455505371
1182398400,7.805589199066162,14.856764793395996
1182484800,7.65969181060791,14.573205947875977
1182744000,7.7050371170043945,14.527705192565918
1182830400,7.746440410614014,14.377167701721191
1182916800,7.88248872756958,14.324662208557129
1183003200,8.032320022583008,14.377167701721191
1183089600,8.182168960571289,14.412181854248047
1183348800,8.251174926757812,14.555707931518555
1183435200,8.182168960571289,14.744741439819336
1183608000,8.075702667236328,14.695731163024902
1183694400,8.109613418579102,14.686894416809082
1183953600,8.075703620910645,14.853018760681152
1184040000,7.878252029418945,14.322813034057617
1184126400,7.9400811195373535,14.421782493591309
1184212800,8.073711395263672,14.644481658935547
1184299200,8.05775260925293,14.761119842529297
1184558400,8.019859313964844,15.114603042602539
1184644800,7.946063041687012,14.937857627868652
1184731200,7.904179573059082,14.83535099029541
1184817600,7.908167839050293,14.937857627868652
1184904000,7.790491580963135,14.944925308227539
1185163200,7.983959197998047,15.125203132629395
1185249600,7.914153575897217,15.238317489624023
1185336000,8.077696800231934,15.277185440063477
1185422400,7.971989631652832,14.987342834472656
1185508800,7.826391696929932,14.845961570739746
1185768000,7.932103157043457,14.672759056091309
1185854400,7.810432434082031,15.065112113952637
1185940800,8.023845672607422,15.284268379211426
1186027200,8.097643852233887,15.245376586914062
1186113600,7.868279457092285,15.111058235168457
1186372800,8.029830932617188,15.347894668579102
1186459200,8.069723129272461,15.238317489624023
1186545600,8.04778003692627,15.266594886779785
1186632000,7.828387260437012,14.817681312561035
1186718400,7.752597332000732,14.609131813049316
1186977600,7.794480323791504,14.722234725952148
1187064000,7.63093376159668,14.478343963623047
1187150400,7.577081203460693,14.315742492675781
1187236800,7.563118934631348,14.220305442810059
1187323200,7.788494110107422,14.421782493591309
1187582400,7.708718299865723,14.531363487243652
1187668800,7.728662490844727,14.743453025817871
1187755200,7.934094429016113,14.782327651977539
1187841600,7.997917175292969,14.898979187011719
1187928000,8.049775123596191,15.07217788696289
1188187200,7.997917175292969,15.054505348205566
1188273600,7.736640453338623,14.676290512084961
1188360000,8.017864227294922,14.927257537841797
1188446400,7.9301042556762695,14.821212768554688
1188532800,7.952045917510986,14.803540229797363
1188878400,8.033818244934082,15.082784652709961
1188964800,7.924124240875244,14.828280448913574
1189051200,7.926117420196533,14.937857627868652
1189137600,7.724672794342041,14.61266040802002
1189396800,7.734645843505859,14.580850601196289
1189483200,7.9400811195373535,14.80001163482666
1189569600,7.950047016143799,14.80001163482666
1189656000,8.131549835205078,15.061575889587402
1189742400,8.065730094909668,15.02976131439209
1190001600,7.977973461151123,15.054505348205566
1190088000,8.143516540527344,15.309012413024902
1190174400,8.293103218078613,15.475142478942871
1190260800,8.382856369018555,15.482211112976074
1190347200,8.482582092285156,15.68722915649414
1190606400,8.4307279586792,15.59532642364502
1190692800,8.490560531616211,15.577646255493164
1190779200,8.542415618896484,15.722579956054688
1190865600,8.542415618896484,15.793275833129883
1190952000,8.438703536987305,15.65187931060791
1191211200,8.422743797302246,16.04776954650879
1191297600,8.458648681640625,16.02656364440918
1191384000,8.360918998718262,15.991212844848633
1191470400,8.3748779296875,16.054841995239258
1191556800,8.499937057495117,16.136920928955078
1191816000,8.457582473754883,16.04414176940918
1191902400,8.467667579650879,16.279653549194336
1191988800,8.42127799987793,16.28322410583496
1192075200,8.393037796020508,16.301069259643555
1192161600,8.530196189880371,16.247543334960938
1192420800,8.510026931762695,15.92637825012207
1192507200,8.435393333435059,16.033437728881836
1192593600,8.457582473754883,16.151185989379883
1192680000,8.433379173278809,16.047710418701172
1192766400,8.344624519348145,15.797907829284668
1193025600,8.304283142089844,15.819318771362305
1193112000,8.475735664367676,15.990606307983398
1193198400,8.380934715270996,15.851434707641602
1193284800,8.269991874694824,16.026294708251953
1193371200,8.362781524658203,16.27252769470215
1193630400,8.419255256652832,16.41169548034668
1193716800,8.352696418762207,16.186878204345703
1193803200,8.429341316223145,16.440242767333984
1193889600,8.161072731018066,15.965630531311035
1193976000,8.153007507324219,15.837159156799316
1194238800,8.0763578414917,15.637321472167969
1194325200,8.0763578414917,15.608771324157715
1194411600,7.798000335693359,15.380391120910645
1194498000,7.935157775878906,15.248350143432617
1194584400,7.906918525695801,15.262625694274902
1194843600,7.795984745025635,15.273337364196777
1194930000,8.038032531738281,15.551680564880371
1195016400,7.935157775878906,15.53027057647705
1195102800,7.94120979309082,15.358973503112793
1195189200,7.977519512176514,15.590929985046387
1195448400,7.61444616317749,15.36254596710205
1195534800,7.670921802520752,15.40179443359375
1195621200,7.553933143615723,14.97000789642334
1195794000,7.5902419090271,15.216238975524902
1196053200,7.33205509185791,14.713072776794434
1196139600,7.408706188201904,14.79515266418457
1196226000,7.564020156860352,15.134159088134766
1196312400,7.670921802520752,15.159135818481445
1196398800,7.707231521606445,15.41964054107666
1196658000,7.721352577209473,15.376825332641602
1196744400,7.636636257171631,15.630186080932617
1196830800,7.749591827392578,15.887125015258789
1196917200,7.830273628234863,15.851434707641602
1197003600,7.759675979614258,16.165464401245117
1197262800,7.644700527191162,16.18330955505371
1197349200,7.959367275238037,15.869279861450195
1197435600,8.413204193115234,16.03700065612793
1197522000,8.431361198425293,16.0655460357666
1197608400,8.298234939575195,15.833592414855957
1197867600,8.169143676757812,15.380391120910645
1197954000,8.189311981201172,15.633755683898926
1198040400,8.05618667602539,15.57666015625
1198126800,8.120731353759766,15.637321472167969
1198213200,8.366815567016602,15.815747261047363
1198472400,8.370849609375,15.983471870422363
1198645200,8.532214164733887,16.094093322753906
1198731600,8.475735664367676,15.837159156799316
1198818000,8.560453414916992,15.92280387878418
1199077200,8.382946968078613,15.590929985046387
1199250000,8.269991874694824,15.41964054107666
1199336400,8.348660469055176,15.49101448059082
1199422800,8.247809410095215,15.201967239379883
1199682000,8.35672664642334,15.469594955444336
1199768400,8.00113296508789,15.134397506713867
1199854800,7.968437671661377,15.307408332824707
1199941200,8.050169944763184,15.660633087158203
1200027600,7.804986476898193,15.318220138549805
1200286800,7.868325233459473,15.494832038879395
1200373200,7.688525199890137,15.1992769241333
1200459600,7.737560272216797,15.253342628479004
1200546000,7.621100902557373,14.745148658752441
1200632400,7.377960205078125,14.089157104492188
1200978000,7.347312927246094,13.63502311706543
1201064400,7.496464729309082,13.721525192260742
1201150800,7.304403305053711,13.779184341430664
1201237200,7.204288959503174,13.609790802001953
1201496400,7.437212944030762,13.735941886901855
1201582800,7.741645812988281,13.952197074890137
1201669200,7.631317138671875,13.782794952392578
1201755600,7.864237308502197,13.995452880859375
1201842000,7.821333408355713,13.966615676879883
1202101200,7.796813488006592,13.91616153717041
1202187600,7.504638671875,13.274589538574219
1202274000,7.437212944030762,13.227734565734863
1202360400,7.559804439544678,13.31784439086914
1202446800,7.431082725524902,13.12681770324707
1202706000,7.533241271972656,13.260172843933105
1202792400,7.664003849029541,13.537707328796387
1202878800,7.901015281677246,13.934173583984375
1202965200,7.731435775756836,13.703498840332031
1203051600,7.739603042602539,13.63502311706543
1203397200,7.333010673522949,12.737555503845215
1203483600,7.0204010009765625,12.701510429382324
1203570000,7.042874336242676,12.74476146697998
1203656400,7.147077560424805,13.047525405883789
1203915600,7.253324031829834,13.162859916687012
1204002000,7.2676262855529785,13.267379760742188
1204088400,7.192026138305664,13.116000175476074
1204174800,7.347312927246094,13.400740623474121
1204261200,7.116430282592773,13.090770721435547
1204520400,7.163426399230957,13.079960823059082
1204606800,7.124605178833008,12.863701820373535
1204693200,7.243110179901123,12.957414627075195
1204779600,7.155253887176514,12.715927124023438
1204866000,7.153209209442139,12.643836975097656
1205121600,7.079654693603516,12.387933731079102
1205208000,7.373870372772217,12.690693855285645
1205294400,7.216548919677734,12.463627815246582
1205380800,7.253324031829834,12.49606704711914
1205467200,7.157299518585205,12.189701080322266
1205726400,7.312574863433838,12.474438667297363
1205812800,7.574105739593506,12.719532012939453
1205899200,7.365700721740723,12.661857604980469
1205985600,7.529153823852539,13.018685340881348
1206331200,7.77025032043457,13.325052261352539
1206417600,7.7641215324401855,13.299820899963379
1206504000,7.715082168579102,13.025893211364746
1206590400,7.694650650024414,12.961014747619629
1206676800,7.694650650024414,12.921368598937988
1206936000,7.82542085647583,13.137628555297852
1207022400,8.06651782989502,13.6839599609375
1207108800,7.911231517791748,13.745515823364258
1207195200,7.970484733581543,13.785348892211914
1207281600,7.8622002601623535,13.521013259887695
1207540800,7.970484733581543,13.542736053466797
1207627200,8.036683082580566,13.46214771270752
1207713600,7.910330772399902,13.19473648071289
1207800000,7.912405967712402,13.125143051147461
1207886400,7.7259840965271,13.03722858428955
1208145600,7.7052741050720215,12.945637702941895
1208232000,7.7322001457214355,12.8613862991333
1208318400,7.790196418762207,13.132466316223145
1208404800,7.781911849975586,13.132466316223145
1208491200,7.769482135772705,13.198397636413574
1208750400,7.7860565185546875,13.172760963439941
1208836800,7.831623077392578,13.08850383758545
1208923200,7.9807562828063965,13.308293342590332
1209009600,8.005615234375,13.319286346435547
1209096000,7.991117477416992,13.568382263183594
1209355200,7.93311882019043,13.901723861694336
1209441600,7.9931840896606445,13.996970176696777
1209528000,8.01804256439209,14.095878601074219
1209614400,8.272812843322754,14.403586387634277
1209700800,8.312169075012207,14.502492904663086
1209960000,8.254170417785645,14.249732971191406
1210046400,8.19410514831543,14.246063232421875
1210132800,8.040827751159668,14.022610664367676
1210219200,8.049107551574707,14.011624336242676
1210305600,7.9931840896606445,13.887073516845703
1210564800,8.1008939743042,13.942023277282715
1210651200,8.131962776184082,13.960341453552246
1210737600,8.204459190368652,14.268046379089355
1210824000,8.256243705749512,14.249732971191406
1210910400,8.299742698669434,14.202112197875977
1211169600,8.390873908996582,14.322990417480469
1211256000,8.154746055603027,13.857770919799805
1211342400,8.055326461791992,13.634323120117188
1211428800,8.115394592285156,13.7258939743042
1211515200,7.9807562828063965,13.583037376403809
1211860800,8.04289722442627,13.692930221557617
1211947200,8.183747291564941,13.835793495178223
1212033600,8.326664924621582,14.05557918548584
1212120000,8.2645263671875,14.0922212600708
1212379200,8.150605201721191,13.868756294250488
1212465600,8.032538414001465,13.685604095458984
1212552000,7.974545478820801,13.546401977539062
1212638400,8.173393249511719,14.271710395812988
1212724800,7.914477348327637,14.004301071166992
1212984000,7.779842853546143,13.898067474365234
1213070400,7.709418296813965,13.74421215057373
1213156800,7.485712051391602,13.432846069335938
1213243200,7.5374979972839355,13.418196678161621
1213329600,7.597564697265625,13.674609184265137
1213588800,7.491926670074463,13.275323867797852
1213675200,7.392504692077637,13.147115707397461
1213761600,7.301368713378906,13.180083274841309
1213848000,7.280653476715088,13.37056827545166
1213934400,7.131521701812744,12.960294723510742
1214193600,7.1211676597595215,13.154436111450195
1214280000,7.098379135131836,12.971283912658691
1214366400,7.139804840087891,13.03722858428955
1214452800,6.932673931121826,12.568333625793457
1214539200,6.785612106323242,12.557343482971191
1214798400,6.978243827819824,12.967620849609375
1214884800,6.897462844848633,13.01524543762207
1214971200,6.812539577484131,13.05187702178955
1215057600,6.748328685760498,13.095833778381348
1215403200,6.769041061401367,12.978612899780273
1215489600,6.9394965171813965,13.112098693847656
1215576000,6.762644290924072,12.852532386779785
1215662400,6.899491310119629,12.94152545928955
1215748800,6.859493732452393,12.948943138122559
1216008000,6.815277576446533,12.934109687805176
1216094400,6.726850986480713,12.99344253540039
1216180800,6.720531463623047,13.119521141052246
1216267200,6.6847381591796875,13.138063430786133
1216353600,6.762644290924072,13.14548110961914
1216612800,6.701585292816162,13.034233093261719
1216699200,6.699477195739746,12.859946250915527
1216785600,6.96055269241333,13.2900972366333
1216872000,6.6742143630981445,13.011982917785645
1216958400,6.611046314239502,12.774656295776367
1217217600,6.448933124542236,12.459461212158203
1217304000,6.463669776916504,12.655998229980469
1217390400,6.507883071899414,12.733872413635254
1217476800,6.48682975769043,12.622626304626465
1217563200,6.408929347991943,12.607796669006348
1217822400,6.352083206176758,12.54475212097168
1217908800,6.537360668182373,12.811742782592773
1217995200,6.4994635581970215,12.696789741516113
1218081600,6.381559371948242,12.496549606323242
1218168000,6.520517826080322,12.82657527923584
1218427200,6.703685283660889,13.08985424041748
1218513600,6.663689136505127,12.911863327026367
1218600000,6.589993476867676,12.737577438354492
1218686400,6.552098751068115,12.86366081237793
1218772800,6.665791034698486,12.963777542114258
1219032000,6.611046314239502,12.88219928741455
1219118400,6.484724044799805,12.681958198547363
1219204800,6.461564540863037,12.774656295776367
1219291200,6.476301193237305,12.819162368774414
1219377600,6.562626838684082,13.086148262023926
1219636800,6.425771236419678,12.778369903564453
1219723200,6.446827411651611,12.696789741516113
1219809600,6.568941593170166,12.871075630187988
1219896000,6.785797595977783,13.152894973754883
1219982400,6.735271453857422,13.023107528686523
1220328000,6.790011882781982,13.286396026611328
1220414400,6.825803756713867,13.238181114196777
1220500800,6.6489481925964355,12.685660362243652
1220587200,6.632103443145752,12.637456893920898
1220846400,6.853174686431885,13.023107528686523
1220932800,6.853174686431885,13.063896179199219
1221019200,6.6426286697387695,12.874784469604492
1221105600,6.644735336303711,12.878482818603516
1221192000,6.640525817871094,12.789493560791016
1221451200,6.30786657333374,12.325972557067871
1221537600,6.291029453277588,12.177644729614258
1221624000,6.063636779785156,11.591753005981445
1221710400,6.122589111328125,12.084939002990723
1221796800,6.406824588775635,12.348222732543945
1222056000,6.149960041046143,11.877284049987793
1222142400,6.053110122680664,11.513884544372559
1222228800,6.101535320281982,11.599167823791504
1222315200,6.331024646759033,11.884698867797852
1222401600,6.316290378570557,11.932903289794922
1222660800,5.84256649017334,11.354430198669434
1222747200,5.878360271453857,11.899531364440918
1222833600,5.914151191711426,11.647377014160156
1222920000,5.888887882232666,11.595465660095215
1223006400,5.920469284057617,11.584335327148438
1223265600,5.6551833152771,11.109692573547363
1223352000,5.419374942779541,10.71291732788086
1223438400,5.316107749938965,10.449145317077637
1223524800,4.944215297698975,9.77087688446045
1223611200,4.8195343017578125,10.087398529052734
1223870400,5.604160785675049,10.901320457458496
1223956800,5.735289096832275,10.908864974975586
1224043200,5.292459964752197,10.038411140441895
1224129600,5.473029613494873,10.328561782836914
1224216000,5.436488628387451,10.2456636428833
1224475200,5.801928997039795,10.923932075500488
1224561600,5.531069278717041,10.55465316772461
1224648000,5.111889362335205,9.703046798706055
1224734400,5.430037975311279,9.887686729431152
1224820800,5.305359363555908,9.45057487487793
1225080000,5.243018627166748,10.403925895690918
1225166400,5.935210704803467,11.926267623901367
1225252800,5.782585620880127,11.492929458618164
1225339200,5.825575351715088,11.492929458618164
1225425600,5.754637718200684,11.180169105529785
1225688400,5.9781999588012695,11.587125778198242
1225774800,6.2942023277282715,12.288009643554688
1225861200,5.836323261260986,11.62104606628418
1225947600,5.586963653564453,11.021904945373535
1226034000,5.804080486297607,11.323359489440918
1226293200,5.90511417388916,11.489161491394043
1226379600,5.875017166137695,11.199014663696289
1226466000,5.6278076171875,10.912630081176758
1226552400,6.163073539733887,11.734092712402344
1226638800,5.943809509277344,11.304520606994629
1226898000,5.754637718200684,11.01813793182373
1226984400,5.711645126342773,10.739293098449707
1227070800,5.423591136932373,10.15145492553711
1227157200,5.268813133239746,9.985657691955566
1227243600,5.414989948272705,10.727989196777344
1227502800,5.7911810874938965,11.202775955200195
1227589200,5.866418361663818,11.523077964782715
1227675600,6.102880477905273,12.261631965637207
1227848400,6.1394267082214355,12.303086280822754
1228107600,5.795483112335205,11.556986808776855
1228194000,6.027641296386719,12.107138633728027
1228280400,6.251206398010254,12.506566047668457
1228366800,6.05558967590332,12.114678382873535
1228453200,6.051291465759277,12.506566047668457
1228712400,6.444676876068115,12.898451805114746
1228798800,6.268406867980957,12.566854476928711
1228885200,6.0362420082092285,12.336997985839844
1228971600,6.006148815155029,12.235257148742676
1229058000,6.057738780975342,12.35960865020752
1229317200,5.8320231437683105,12.171201705932617
1229403600,6.068487644195557,12.623380661010742
1229490000,6.044841289520264,12.830626487731934
1229576400,5.9588541984558105,12.548018455505371
1229662800,6.044841289520264,12.506566047668457
1229922000,6.046991348266602,12.593234062194824
1230008400,5.9588541984558105,12.35583782196045
1230094800,5.982499122619629,12.378450393676758
1230267600,6.006148815155029,12.506566047668457
1230526800,5.988949775695801,12.487724304199219
1230613200,6.068487644195557,12.521642684936523
1230699600,6.126531600952148,12.774109840393066
1230872400,6.324295520782471,13.052950859069824
1231131600,6.111478805541992,12.239023208618164
1231218000,6.0835371017456055,12.043076515197754
1231304400,5.963613510131836,12.196005821228027
1231390800,5.957038402557373,12.383346557617188
1231477200,5.847452640533447,12.29541015625
1231736400,5.685268402099609,12.153952598571777
1231822800,5.69622802734375,12.043083190917969
1231909200,5.569107532501221,11.683699607849121
1231995600,5.505550384521484,11.431366920471191
1232082000,5.529658317565918,11.454309463500977
1232427600,5.4836320877075195,11.41989803314209
1232514000,5.652393341064453,11.813693046569824
1232600400,5.591026782989502,11.530771255493164
1232686800,5.7247209548950195,11.637819290161133
1232946000,5.8803324699401855,11.848100662231445
1233032400,5.683077335357666,11.454309463500977
1233118800,5.678694248199463,11.821335792541504
1233205200,5.41569185256958,11.557534217834473
1233291600,5.395961284637451,11.41989803314209
1233550800,5.514315128326416,11.695176124572754
1233637200,5.560342311859131,12.066020965576172
1233723600,5.404730319976807,11.702813148498535
1233810000,5.512124538421631,11.924564361572266
1233896400,5.715953350067139,12.127191543579102
1234155600,5.674310684204102,12.001025199890137
1234242000,5.382812976837158,11.469600677490234
1234328400,5.356513500213623,11.461954116821289
1234414800,5.323637962341309,11.41607666015625
1234501200,5.301722049713135,11.301380157470703
1234846800,5.08912467956543,10.804359436035156
1234933200,5.0321431159973145,10.731720924377441
1235019600,5.082550525665283,10.701140403747559
1235106000,5.168025016784668,11.014641761779785
1235365200,4.970773696899414,10.64760971069336
1235451600,5.095700263977051,10.922882080078125
1235538000,5.196518898010254,10.915236473083496
1235624400,5.279804229736328,10.888477325439453
1235710800,5.209670543670654,10.907586097717285
1235970000,5.049676418304443,10.521449089050293
1236056400,4.9685821533203125,10.44115924835205
1236142800,5.040909290313721,10.76230525970459
1236229200,4.944473743438721,10.670551300048828
1236315600,4.948856353759766,10.42969036102295
1236571200,4.760371685028076,10.009139060974121
1236657600,5.045291423797607,10.555854797363281
1236744000,5.117618560791016,10.490861892700195
1236830400,5.336787223815918,10.758484840393066
1236916800,5.319253921508789,10.857890129089355
1237176000,5.338980197906494,10.915236473083496
1237262400,5.560342311859131,11.404606819152832
1237348800,5.632668495178223,11.763988494873047
1237435200,5.610748767852783,11.565184593200684
1237521600,5.551575183868408,11.320494651794434
1237780800,5.900054454803467,11.878680229187012
1237867200,5.770745754241943,11.664584159851074
1237953600,5.7378692626953125,11.526946067810059
1238040000,5.775128364562988,11.676051139831543
1238126400,5.698417663574219,11.70664119720459
1238385600,5.514315128326416,11.55371379852295
1238472000,5.523083686828613,11.546066284179688
1238558400,5.680885314941406,11.936030387878418
1238644800,5.816768169403076,12.410106658935547
1238731200,5.8803324699401855,12.536273002624512
1238990400,5.827727317810059,12.628028869628906
1239076800,5.712019920349121,12.298469543457031
1239163200,5.680697441101074,12.282958984375
1239249600,5.83955192565918,12.445802688598633
1239595200,5.821653366088867,12.306220054626465
1239681600,5.6560893058776855,12.135625839233398
1239768000,5.694122791290283,12.28683090209961
1239854400,5.814942359924316,12.302347183227539
1239940800,5.8059916496276855,12.321732521057129
1240200000,5.658324718475342,11.992169380187988
1240286400,5.6560893058776855,12.034819602966309
1240372800,5.759005069732666,11.984415054321289
1240459200,5.7053093910217285,12.019309043884277
1240545600,5.629237174987793,12.019309043884277
1240804800,5.66279935836792,11.840958595275879
1240891200,5.7388691902160645,12.003803253173828
1240977600,5.709784030914307,11.790558815002441
1241064000,5.732157230377197,11.763419151306152
1241150400,5.8194146156311035,11.844833374023438
1241409600,5.971555709838867,12.034819602966309
1241496000,5.929045677185059,11.87585735321045
1241582400,5.971555709838867,11.926257133483887
1241668800,5.694122791290283,11.577316284179688
1241755200,5.649374485015869,11.573431015014648
1242014400,5.673985004425049,11.561800003051758
1242100800,5.756766319274902,11.786677360534668
1242187200,5.647136688232422,11.534662246704102
1242273600,5.588962554931641,11.623835563659668
1242360000,5.566590785980225,11.480382919311523
1242619200,5.501707553863525,11.515270233154297
1242705600,5.519606590270996,11.495884895324707
1242792000,5.3987860679626465,11.56567668914795
1242878400,5.295868873596191,11.305907249450684
1242964800,5.298106670379639,11.170208930969238
1243310400,5.483809947967529,11.488134384155273
1243396800,5.385365962982178,11.224486351013184
1243483200,5.510655403137207,11.348553657531738
1243569600,5.546454906463623,11.34467601776123
1243828800,5.5128912925720215,11.340799331665039
1243915200,5.557642459869385,11.464869499206543
1244001600,5.472620487213135,11.472624778747559
1244088000,5.450247764587402,11.464869499206543
1244174400,5.494995594024658,11.340799331665039
1244433600,5.459197044372559,11.352437973022461
1244520000,5.416685581207275,11.40671443939209
1244606400,5.4323506355285645,11.449362754821777
1244692800,5.546454906463623,11.534662246704102
1244779200,5.595678806304932,11.600574493408203
1245038400,5.510655403137207,11.526905059814453
1245124800,5.418923854827881,11.453238487243652
1245211200,5.401025295257568,11.546294212341309
1245297600,5.3987860679626465,11.666483879089355
1245384000,5.378652095794678,11.49976634979248
1245643200,5.403263092041016,11.6393461227417
1245729600,5.517368793487549,11.833209037780762
1245816000,5.515132904052734,11.941767692565918
1245902400,5.559881210327148,12.054206848144531
1245988800,5.553167819976807,12.015434265136719
1246248000,5.642662525177002,12.158889770507812
1246334400,5.557642459869385,11.914628028869629
1246420800,5.60910177230835,11.949522018432617
1246507200,5.501707553863525,11.701380729675293
1246852800,5.5486931800842285,11.77116584777832
1246939200,5.443535804748535,11.492008209228516
1247025600,5.386975288391113,11.283282279968262
1247112000,5.350359916687012,11.279342651367188
1247198400,5.364089488983154,11.271464347839355
1247457600,5.439608573913574,11.440813064575195
1247544000,5.366375923156738,11.4014310836792
1247630400,5.485376834869385,11.555023193359375
1247716800,5.425876140594482,11.6180419921875
1247803200,5.48766565322876,11.653481483459473
1248062400,5.588356971740723,11.724374771118164
1248148800,5.622684001922607,11.940982818603516
1248235200,5.684471607208252,11.86614990234375
1248321600,5.830931663513184,12.315116882324219
1248408000,5.824066638946533,12.4056978225708
1248667200,5.888142108917236,12.208785057067871
1248753600,5.840083599090576,12.36631965637207
1248840000,5.938487529754639,12.59473991394043
1248926400,6.027735710144043,12.724703788757324
1249012800,6.002565383911133,12.630181312561035
1249272000,6.002565383911133,12.614434242248535
1249358400,6.011717319488525,12.547481536865234
1249444800,5.888142108917236,12.315116882324219
1249531200,5.846951007843018,12.193031311035156
1249617600,5.862968921661377,12.24029541015625
1249876800,5.853812217712402,12.177281379699707
1249963200,5.803469657897949,12.051247596740723
1250049600,5.8698344230651855,12.291491508483887
1250136000,5.830931663513184,12.224538803100586
1250222400,5.824066638946533,12.24029541015625
1250481600,5.725662708282471,11.901596069335938
1250568000,5.743969917297363,11.925224304199219
1250654400,5.808044910430908,11.984301567077637
1250740800,5.844660758972168,12.09457778930664
1250827200,5.949927806854248,12.354503631591797
1251086400,5.981964588165283,12.370258331298828
1251172800,6.018582820892334,12.330872535705566
1251259200,6.066639423370361,12.39782428741455
1251345600,6.046042442321777,12.228475570678711
1251432000,5.997986793518066,12.216666221618652
1251691200,5.961371898651123,12.224538803100586
1251777600,5.803469657897949,11.960671424865723
1251864000,5.805757522583008,11.870092391967773
1251950400,5.75541353225708,11.909473419189453
1252036800,5.837798118591309,12.051247596740723
1252382400,5.892716407775879,12.189088821411133
1252468800,5.936198711395264,12.165465354919434
1252555200,6.078079700469971,12.346631050109863
1252641600,6.10096549987793,12.311182022094727
1252900800,6.071215629577637,12.236355781555176
1252987200,6.110121726989746,12.208785057067871
1253073600,6.0735039710998535,11.97642707824707
1253160000,6.034600257873535,11.621979713439941
1253246400,6.190215110778809,11.653481483459473
1253505600,6.149023056030273,11.614099502563477
1253592000,6.064350605010986,11.621979713439941
1253678400,6.208521366119385,11.767694473266602
1253764800,6.18563985824585,11.874029159545898
1253851200,6.169620513916016,11.7913236618042
1254110400,6.277176380157471,11.952792167663574
1254196800,6.224539756774902,11.877960205078125
1254283200,6.181061744689941,11.92129135131836
1254369600,6.089524745941162,11.818893432617188
1254456000,6.068926811218262,11.77163028717041
1254715200,6.123850345611572,11.799198150634766
1254801600,6.213099956512451,11.881902694702148
1254888000,6.113350868225098,11.755866050720215
1254974400,6.057309150695801,11.667837142944336
1255060800,5.991925239562988,11.667837142944336
1255320000,5.977912902832031,11.603811264038086
1255406400,6.047969818115234,11.611814498901367
1255492800,6.0316243171691895,11.579805374145508
1255579200,6.050304889678955,11.647831916809082
1255665600,6.001267910003662,11.563800811767578
1255924800,6.07131814956665,11.587803840637207
1256011200,6.068986415863037,11.523786544799805
1256097600,6.057309150695801,11.61581802368164
1256184000,6.094671249389648,11.611814498901367
1256270400,6.008272647857666,11.543793678283691
1256529600,5.9101972579956055,11.459769248962402
1256616000,5.977912902832031,11.683838844299316
1256702400,6.090001583099365,11.983939170837402
1256788800,6.125030040740967,12.019950866699219
1256875200,5.994259834289551,11.83989143371582
1257138000,5.9755778312683105,11.767867088317871
1257224400,5.921872138977051,11.631823539733887
1257310800,5.961569309234619,11.643824577331543
1257397200,6.057309150695801,11.727849960327148
1257483600,6.054973125457764,11.827886581420898
1257742800,6.1507134437561035,12.071964263916016
1257829200,6.155385494232178,12.12799072265625
1257915600,6.174067974090576,12.147988319396973
1258002000,6.139037609100342,12.067959785461426
1258088400,6.129698276519775,12.055959701538086
1258347600,6.139037609100342,12.135988235473633
1258434000,6.136702537536621,12.264031410217285
1258520400,6.143712520599365,12.268033027648926
1258606800,6.0970072746276855,12.212016105651855
1258693200,6.075991153717041,12.176004409790039
1258952400,6.253459453582764,12.53611946105957
1259038800,6.328185081481934,12.752190589904785
1259125200,6.323512077331543,12.816213607788086
1259298000,6.302495956420898,12.656160354614258
1259557200,6.290821552276611,12.588134765625
1259643600,6.346866130828857,12.9402494430542
1259730000,6.386559963226318,13.064291000366211
1259816400,6.426259517669678,13.080294609069824
1259902800,6.4449381828308105,13.084303855895996
1260162000,6.531339168548584,13.304374694824219
1260248400,6.447274684906006,13.360390663146973
1260334800,6.435598373413086,13.324380874633789
1260421200,6.482299327850342,13.468426704406738
1260507600,6.54067850112915,13.496442794799805
1260766800,6.550023555755615,13.424406051635742
1260853200,6.4449381828308105,13.208342552185059
1260939600,6.426259517669678,13.088302612304688
1261026000,6.356205463409424,13.128311157226562
1261112400,6.3795576095581055,13.124312400817871
1261371600,6.43092679977417,13.2123441696167
1261458000,6.514993667602539,13.284367561340332
1261544400,6.547682285308838,13.296371459960938
1261630800,6.5616960525512695,13.348388671875
1261976400,6.615401744842529,13.40040397644043
1262062800,6.61774206161499,13.376397132873535
1262149200,6.613070964813232,13.372390747070312
1262235600,6.545350551605225,13.256356239318848
1262581200,6.6737823486328125,13.316377639770508
1262667600,6.6410908699035645,13.340383529663086
1262754000,6.575850963592529,12.956796646118164
1262840400,6.50201940536499,12.879668235778809
1262926800,6.454385280609131,12.887786865234375
1263186000,6.4234209060668945,12.94055461883545
1263272400,6.421042442321777,12.952735900878906
1263358800,6.344827175140381,12.936500549316406
1263445200,6.237649917602539,12.672651290893555
1263531600,6.14238166809082,12.412869453430176
1263877200,6.240034580230713,12.676713943481445
1263963600,6.151909351348877,12.465638160705566
1264050000,6.113802909851074,12.433162689208984
1264136400,6.047115802764893,12.315448760986328
1264395600,6.092365264892578,12.453455924987793
1264482000,6.032824516296387,12.246438026428223
1264568400,6.101892471313477,12.124666213989258
1264654800,6.08283805847168,11.905474662780762
1264741200,6.039970397949219,11.942008972167969
1265000400,6.044732093811035,12.01913070678711
1265086800,6.118566036224365,12.067839622497559
1265173200,6.092365264892578,11.848645210266113
1265259600,5.9613752365112305,11.62133502960205
1265346000,6.011388778686523,11.665985107421875
1265605200,5.949466705322266,11.51579475402832
1265691600,6.016152381896973,11.67004680633545
1265778000,5.982810974121094,11.718754768371582
1265864400,5.999480724334717,11.787757873535156
1265950800,5.970900535583496,11.74311351776123
1266296400,6.030442714691162,11.844587326049805
1266382800,6.049496173858643,11.828351020812988
1266469200,6.011388778686523,11.832408905029297
1266555600,5.97804594039917,11.779643058776855
1266814800,5.958990573883057,11.771524429321289
1266901200,5.913740158081055,11.665985107421875
1266987600,5.932796001434326,11.755289077758789
1267074000,5.89945125579834,11.722817420959473
1267160400,5.908977508544922,11.74311351776123
1267419600,5.954229831695557,11.767462730407715
1267506000,5.925650596618652,11.877065658569336
1267592400,5.9280314445495605,11.824295997619629
1267678800,5.944701194763184,11.88111686706543
1267765200,5.951846122741699,11.864886283874512
1268024400,6.020918846130371,12.027251243591309
1268110800,6.087601184844971,12.140912055969238
1268197200,6.07807731628418,12.075960159301758
1268283600,6.097127437591553,12.112491607666016
1268370000,6.101892471313477,12.067839622497559
1268625600,6.1399993896484375,12.120612144470215
1268712000,6.156673431396484,12.14902400970459
1268798400,6.168581485748291,12.238324165344238
1268884800,6.206690311431885,12.299211502075195
1268971200,6.249558448791504,12.343862533569336
1269230400,6.2876691818237305,12.441280364990234
1269316800,6.323390483856201,12.575233459472656
1269403200,6.2543230056762695,12.364161491394043
1269489600,6.228126525878906,12.303274154663086
1269576000,6.249558448791504,12.327622413635254
1269835200,6.313864707946777,12.360101699829102
1269921600,6.180490970611572,12.676713943481445
1270008000,6.154292583465576,12.591469764709473
1270094400,6.218599319458008,12.697009086608887
1270440000,6.266232967376709,12.770072937011719
1270526400,6.266232967376709,12.66453742980957
1270612800,6.2409467697143555,12.46462631225586
1270699200,6.330970764160156,12.431647300720215
1270785600,6.433164596557617,12.398674011230469
1271044800,6.418565273284912,12.34096622467041
1271131200,6.374769687652588,12.394552230834961
1271217600,6.3844990730285645,12.30387020111084
1271304000,6.3844990730285645,12.176091194152832
1271390400,6.309072017669678,12.192578315734863
1271649600,6.418565273284912,12.25440502166748
1271736000,6.486689567565918,12.26677131652832
1271822400,6.408831596374512,12.184335708618164
1271908800,6.391799449920654,12.068917274475098
1271995200,6.386933326721191,11.974115371704102
1272254400,6.391799449920654,11.928773880004883
1272340800,6.313940525054932,11.85046100616455
1272427200,6.304207801818848,12.002971649169922
1272513600,6.360167026519775,12.044189453125
1272600000,6.340705394744873,11.912287712097168
1272859200,6.394233226776123,12.073042869567871
1272945600,6.301774024963379,11.85046100616455
1273032000,6.270142555236816,11.82160758972168
1273118400,6.116858959197998,11.545442581176758
1273204800,6.107124328613281,11.619632720947266
1273464000,6.24581241607666,11.792753219604492
1273550400,6.238512992858887,11.706192970275879
1273636800,6.282309532165527,11.829852104187012
1273723200,6.262845039367676,11.825727462768555
1273809600,6.180117130279541,11.751537322998047
1274068800,6.270142555236816,11.813364028930664
1274155200,6.226346015930176,11.714432716369629
1274241600,6.221477508544922,11.751537322998047
1274328000,6.073059558868408,11.442390441894531
1274414400,6.046297073364258,11.524829864501953
1274673600,5.944106101989746,11.331106185913086
1274760000,5.917342185974121,11.294004440307617
1274846400,5.8711113929748535,11.100275039672852
1274932800,5.992764949798584,11.368202209472656
1275019200,5.912474632263184,11.343469619750977
1275364800,5.919774055480957,11.215692520141602
1275451200,6.029265403747559,11.37231731414795
1275537600,6.0341315269470215,11.392926216125488
1275624000,5.880845069885254,11.215692520141602
1275883200,5.917342185974121,11.162100791931152
1275969600,6.075494289398193,11.409420013427734
1276056000,6.058460235595703,11.450636863708496
1276142400,6.189851760864258,11.6814603805542
1276228800,6.153354167938232,11.77214527130127
1276488000,6.1241559982299805,11.80099868774414
1276574400,6.214179039001465,11.998847961425781
1276660800,6.209315299987793,12.027700424194336
1276747200,6.221477508544922,11.990602493286133
1276833600,6.187418460845947,12.007094383239746
1277092800,6.189851760864258,11.97823715209961
1277179200,6.170385837554932,11.97823715209961
1277265600,6.189851760864258,12.089530944824219
1277352000,6.094959735870361,11.93702220916748
1277438400,6.031697750091553,11.768023490905762
1277697600,6.070627212524414,11.833971977233887
1277784000,5.951404094696045,11.796873092651367
1277870400,5.885713577270508,11.549560546875
1277956800,5.922206401824951,11.594902038574219
1278043200,5.910041332244873,11.782642364501953
1278388800,5.939238548278809,11.694744110107422
1278475200,6.057775020599365,11.867026329040527
1278561600,6.117532730102539,11.983366966247559
1278648000,6.1822662353515625,11.92519474029541
1278907200,6.184758186340332,11.853606224060059
1278993600,6.212144374847412,12.03258991241455
1279080000,6.214633941650391,12.010218620300293
1279166400,6.224595069885254,11.992319107055664
1279252800,6.147408485412598,11.943096160888672
1279512000,6.194718360900879,11.956521987915039
1279598400,6.17230749130249,11.934147834777832
1279684800,6.204677104949951,11.867026329040527
1279771200,6.351578235626221,12.081809997558594
1279857600,6.359044075012207,12.538237571716309
1280116800,6.463619232177734,12.654580116271973
1280203200,6.510928630828857,12.79329776763916
1280289600,6.523377895355225,12.936487197875977
1280376000,6.478557586669922,12.923059463500977
1280462400,6.45864200592041,13.003609657287598
1280721600,6.620480060577393,13.227348327636719
1280808000,6.6453776359558105,13.218400955200195
1280894400,6.632928371429443,13.155749320983887
1280980800,6.657824993133545,13.22287654876709
1281067200,6.608028411865234,13.22287654876709
1281326400,6.687704563140869,13.361589431762695
1281412800,6.725053310394287,13.433183670043945
1281499200,6.610518932342529,13.227348327636719
1281585600,6.637906074523926,13.567426681518555
1281672000,6.652849197387695,13.43765926361084
1281931200,6.635417938232422,13.406336784362793
1282017600,6.715091228485107,13.500307083129883
1282104000,6.7922797203063965,13.491360664367676
1282190400,6.715091228485107,13.25419807434082
1282276800,6.5856218338012695,13.14232349395752
1282536000,6.595579624176025,13.160231590270996
1282622400,6.652849197387695,13.187073707580566
1282708800,6.695173263549805,13.272090911865234
1282795200,6.647866725921631,13.2004976272583
1282881600,6.707622528076172,13.352636337280273
1283140800,6.630438804626465,13.173650741577148
1283227200,6.730032444000244,13.213926315307617
1283313600,6.80970573425293,13.540576934814453
1283400000,6.8221564292907715,13.47346305847168
1283486400,6.832115650177002,13.513731002807617
1283832000,6.789788722991943,13.522679328918457
1283918400,6.819666385650635,13.630072593688965
1284004800,6.924239158630371,13.800114631652832
1284091200,6.9292144775390625,13.791167259216309
1284350400,6.954117298126221,13.8269624710083
1284436800,6.954117298126221,13.831432342529297
1284523200,6.974037170410156,13.956730842590332
1284609600,6.998934745788574,14.059650421142578
1284696000,7.013873100280762,14.175990104675293
1284955200,7.10599946975708,14.359457015991211
1285041600,7.1234259605407715,14.462374687194824
1285128000,7.118446350097656,14.49370002746582
1285214400,7.098527431488037,14.395255088806152
1285300800,7.1159586906433105,14.605575561523438
1285560000,7.188161849975586,14.70401382446289
1285646400,7.200610637664795,14.641365051269531
1285732800,7.148324966430664,14.614516258239746
1285819200,7.120937824249268,14.583192825317383
1285905600,7.173224925994873,14.717437744140625
1286164800,7.185673713684082,14.780084609985352
1286251200,7.310162544250488,15.021723747253418
1286337600,7.263486385345459,15.147951126098633
1286424000,7.169585704803467,14.952703475952148
1286510400,7.161971092224121,14.907296180725098
1286769600,7.187347888946533,14.99810791015625
1286856000,7.20511531829834,14.775611877441406
1286942400,7.225419521331787,14.625767707824707
1287028800,7.233030319213867,14.73020076751709
1287115200,7.189887523651123,14.725656509399414
1287374400,7.263486385345459,14.798309326171875
1287460800,7.159433841705322,14.603058815002441
1287547200,7.260950088500977,14.821020126342773
1287633600,7.19242525100708,14.766532897949219
1287720000,7.179737567901611,14.571282386779785
1287979200,7.197499752044678,14.689336776733398
1288065600,7.184811592102051,14.7574462890625
1288152000,7.194965839385986,14.76198959350586
1288238400,7.233030319213867,14.716581344604492
1288324800,7.238105773925781,14.748368263244629
1288584000,7.28886604309082,14.712042808532715
1288670400,7.344701766967773,14.893667221069336
1288756800,7.375155925750732,14.97994327545166
1288843200,7.47159481048584,15.220603942871094
1288929600,7.428452014923096,15.179737091064453
1289192400,7.405608654022217,15.061677932739258
1289278800,7.405608654022217,14.989022254943848
1289365200,7.372617244720459,14.916372299194336
1289451600,7.316783905029297,14.816479682922363
1289538000,7.222880840301514,14.784696578979492
1289797200,7.266025066375732,14.880048751831055
1289883600,7.167049407958984,14.616683959960938
1289970000,7.095985412597656,14.684791564941406
1290056400,7.217804908752441,14.82555866241455
1290142800,7.187347888946533,14.798309326171875
1290402000,7.179737567901611,14.7574462890625
1290488400,7.1137518882751465,14.707499504089355
1290574800,7.141668319702148,14.689336776733398
1290747600,7.088369846343994,14.625767707824707
1291006800,7.029998779296875,14.485008239746094
1291093200,7.0528411865234375,14.534954071044922
1291179600,7.177199363708496,14.689336776733398
1291266000,7.245720386505127,14.866432189941406
1291352400,7.230495452880859,14.939083099365234
1291611600,7.1822733879089355,14.934536933898926
1291698000,7.2431817054748535,14.961786270141602
1291784400,7.266025066375732,14.975406646728516
1291870800,7.314243793487549,15.238768577575684
1291957200,7.332014560699463,15.456718444824219
1292216400,7.3040947914123535,15.488510131835938
1292302800,7.44621467590332,15.742793083190918
1292389200,7.392917633056641,15.724627494812012
1292475600,7.418297290802002,15.783659934997559
1292562000,7.413222789764404,15.729168891906738
1292821200,7.392917633056641,15.774577140808105
1292907600,7.377690315246582,15.865389823913574
1292994000,7.392917633056641,15.974366188049316
1293080400,7.4106855392456055,16.092430114746094
1293426000,7.423375129699707,16.11967658996582
1293512400,7.418297290802002,16.174161911010742
1293598800,7.438604354858398,16.156003952026367
1293685200,7.443678379058838,16.146923065185547
1293771600,7.456368446350098,16.24681282043457
1294030800,7.529968738555908,16.541959762573242
1294117200,7.583263874053955,16.87343978881836
1294203600,7.608642578125,17.105022430419922
1294290000,7.541205883026123,16.667057037353516
1294376400,7.463589668273926,16.529048919677734
1294635600,7.331653594970703,16.52445411682129
1294722000,7.220410346984863,16.266836166381836
1294808400,7.254044055938721,16.31743812561035
1294894800,7.2643914222717285,16.46924591064453
1294981200,7.354935169219971,16.312843322753906
1295326800,7.32906436920166,15.806794166564941
1295413200,7.32906436920166,15.91720199584961
1295499600,7.303194999694824,15.921809196472168
1295586000,7.32906436920166,16.078218460083008
1295845200,7.36787223815918,16.21162986755371
1295931600,7.440308094024658,16.46465301513672
1296018000,7.432548522949219,16.745275497436523
1296104400,7.277325630187988,16.786672592163086
1296190800,7.111755847930908,16.391054153442383
1296450000,7.119515419006348,16.38644027709961
1296536400,7.210062026977539,16.685466766357422
1296622800,7.158321380615234,16.634855270385742
1296709200,7.2411065101623535,16.736068725585938
1296795600,7.235935211181641,16.7038631439209
1297054800,7.233345985412598,16.57045555114746
1297141200,7.220410346984863,16.717662811279297
1297227600,7.235935211181641,16.874080657958984
1297314000,7.305785655975342,16.75446319580078
1297400400,7.365285396575928,16.740671157836914
1297659600,7.362698078155518,16.515256881713867
1297746000,7.305785655975342,16.772876739501953
1297832400,7.321306228637695,16.639453887939453
1297918800,7.373044967651367,16.731470108032227
1298005200,7.391155242919922,16.846477508544922
1298350800,7.295433521270752,16.561256408691406
1298437200,7.251455783843994,16.473846435546875
1298523600,7.22299861907959,16.368045806884766
1298610000,7.277325630187988,16.547452926635742
1298869200,7.341999530792236,16.984487533569336
1298955600,7.2643914222717285,16.57045555114746
1299042000,7.287674427032471,16.717662811279297
1299128400,7.277325630187988,16.726869583129883
1299214800,7.22299861907959,16.598068237304688
1299474000,7.217825412750244,16.56584930419922
1299560400,7.360107421875,16.782072067260742
1299646800,7.448068141937256,16.860279083251953
1299733200,7.401504993438721,16.745275497436523
1299819600,7.362698078155518,16.49224853515625
1300075200,7.292850494384766,16.18402671813965
1300161600,7.194540977478027,16.04141616821289
1300248000,7.070363521575928,15.779195785522461
1300334400,7.176432132720947,16.253034591674805
1300420800,7.228167533874512,16.487646102905273
1300680000,7.310957431793213,16.772876739501953
1300766400,7.269563674926758,16.998287200927734
1300852800,7.27991247177124,17.01209259033203
1300939200,7.38339376449585,17.104093551635742
1301025600,7.463589668273926,17.154701232910156
1301284800,7.5955305099487305,17.36632537841797
1301371200,7.774033069610596,17.614730834960938
1301457600,7.944781303405762,17.69294548034668
1301544000,7.918910980224609,17.729747772216797
1301630400,7.921497344970703,17.697540283203125
1301889600,7.960300445556641,17.761953353881836
1301976000,7.942190647125244,17.656139373779297
1302062400,8.031635284423828,17.63656997680664
1302148800,8.050089836120605,17.594635009765625
1302235200,8.094898223876953,17.57599449157715
1302494400,8.081716537475586,17.63656997680664
1302580800,8.031635284423828,17.53872299194336
1302667200,7.955193042755127,17.5620174407959
1302753600,7.984189987182617,17.57133674621582
1302840000,8.079080581665039,17.63656997680664
1303099200,7.989460468292236,17.38495445251465
1303185600,7.989460468292236,17.352336883544922
1303272000,7.942014694213867,17.608612060546875
1303358400,8.086990356445312,17.198572158813477
1303704000,8.052721977233887,17.235843658447266
1303790400,8.155523300170898,17.5340518951416
1303876800,8.282045364379883,17.822954177856445
1303963200,8.268868446350098,17.832279205322266
1304049600,8.202969551086426,17.60395050048828
1304308800,8.226693153381348,17.50144386291504
1304395200,8.398030281066895,17.6132755279541
1304481600,8.379576683044434,17.55269432067871
1304568000,8.229327201843262,17.296415328979492
1304654400,8.239874839782715,17.370973587036133
1304913600,8.263595581054688,17.352336883544922
1305000000,8.353219032287598,17.506107330322266
1305086400,8.271506309509277,17.361644744873047
1305172800,8.340033531188965,17.440872192382812
1305259200,8.27940845489502,17.361644744873047
1305518400,8.187155723571777,17.226526260375977
1305604800,8.202969551086426,17.29176139831543
1305691200,8.2240571975708,17.282451629638672
1305777600,8.276777267456055,17.38961410522461
1305864000,8.255683898925781,17.310401916503906
1306123200,8.192422866821289,17.17060661315918
1306209600,8.213512420654297,17.19391441345215
1306296000,8.171337127685547,16.960926055908203
1306382400,8.200334548950195,17.05878448486328
1306468800,8.247780799865723,17.08673667907715
1306814400,8.318948745727539,17.2078857421875
1306900800,8.216150283813477,16.900348663330078
1306987200,8.16342830657959,16.853748321533203
1307073600,8.079080581665039,16.602142333984375
1307332800,8.002641677856445,16.40644645690918
1307419200,7.989460468292236,16.485654830932617
1307505600,7.997366905212402,16.727951049804688
1307592000,7.99473237991333,16.62078094482422
1307678400,7.997366905212402,16.397113800048828
1307937600,8.052721977233887,16.602142333984375
1308024000,8.115985870361328,16.578842163085938
1308110400,8.000001907348633,16.364501953125
1308196800,8.021092414855957,16.42041778564453
1308283200,8.110713005065918,16.546220779418945
1308542400,8.160795211791992,16.611461639404297
1308628800,8.200334548950195,16.769886016845703
1308715200,8.139707565307617,16.7465877532959
1308801600,8.097530364990234,16.797842025756836
1308888000,8.023725509643555,16.77454376220703
1309147200,8.108075141906738,16.960926055908203
1309233600,8.17660903930664,17.040143966674805
1309320000,8.239874839782715,17.110031127929688
1309406400,8.27940845489502,17.347675323486328
1309492800,8.350578308105469,17.6132755279541
1309838400,8.33739948272705,17.622594833374023
1309924800,8.382847785949707,17.720781326293945
1310011200,8.382847785949707,17.664125442504883
1310097600,8.35869312286377,17.692461013793945
1310356800,8.267427444458008,17.522512435913086
1310443200,8.25937557220459,17.508365631103516
1310529600,8.272798538208008,17.437541961669922
1310616000,8.208373069763184,17.409223556518555
1310702400,8.135903358459473,17.380905151367188
1310961600,8.084900856018066,17.328975677490234
1311048000,8.14126968383789,17.451705932617188
1311134400,8.114426612854004,17.621644973754883
1311220800,8.127845764160156,17.734943389892578
1311307200,8.138587951660156,17.3431339263916
1311566400,8.028531074523926,17.097667694091797
1311652800,8.03658676147461,17.12598419189453
1311739200,8.041953086853027,17.092945098876953
1311825600,7.854056358337402,16.83332633972168
1311912000,7.854056358337402,16.658666610717773
1312171200,7.923846244812012,16.932451248168945
1312257600,7.832584857940674,16.75307273864746
1312344000,7.9184794425964355,16.979658126831055
1312430400,7.725214958190918,16.484004974365234
1312516800,7.765475749969482,16.545368194580078
1312776000,7.435316562652588,15.63431453704834
1312862400,7.744002819061279,16.186614990234375
1312948800,7.4836320877075195,15.88922119140625
1313035200,7.633951187133789,16.342388153076172
1313121600,7.5748982429504395,16.191333770751953
1313380800,7.7332682609558105,16.545368194580078
1313467200,7.727896213531494,16.46512794494629
1313553600,7.829896926879883,16.809717178344727
1313640000,7.639317989349365,16.5548152923584
1313726400,7.513160705566406,16.384868621826172
1313985600,7.636631965637207,16.436798095703125
1314072000,7.778899192810059,16.974937438964844
1314158400,7.899691581726074,17.215681076049805
1314244800,7.8003740310668945,16.885251998901367
1314331200,7.79500675201416,16.880523681640625
1314590400,7.854056358337402,17.059906005859375
1314676800,7.950690269470215,17.140155792236328
1314763200,7.644686222076416,17.07406234741211
1314849600,7.588319778442383,16.93717384338379
1314936000,7.529266834259033,16.78612518310547
1315281600,7.470212459564209,16.625625610351562
1315368000,7.55073881149292,16.814435958862305
1315454400,7.5051069259643555,16.70115089416504
1315540800,7.392369270324707,16.63506317138672
1315800000,7.4836320877075195,16.63978385925293
1315886400,7.5480546951293945,16.757795333862305
1315972800,7.585637092590332,16.805004119873047
1316059200,7.660791873931885,17.08350944519043
1316145600,7.768160820007324,17.33369255065918
1316404800,7.671528339385986,17.12598419189453
1316491200,7.744002819061279,17.187362670898438
1316577600,7.596370697021484,16.918292999267578
1316664000,7.448738098144531,16.800275802612305
1316750400,7.47558069229126,16.93717384338379
1317009600,7.607109069824219,17.163755416870117
1317096000,7.695687770843506,17.4139461517334
1317182400,7.663478374481201,17.39034080505371
1317268800,7.741319179534912,17.53667640686035
1317355200,7.655421733856201,17.37145233154297
1317614400,7.558792591094971,17.154315948486328
1317700800,7.599053859710693,17.182641983032227
1317787200,7.755009174346924,17.120420455932617
1317873600,7.782403469085693,17.18742561340332
1317960000,7.790621757507324,17.30707550048828
1318219200,7.9905900955200195,17.66126823425293
1318305600,7.881018161773682,17.46980857849121
1318392000,7.941283226013184,17.551176071166992
1318478400,7.971417427062988,17.718698501586914
1318564800,7.9905900955200195,17.867076873779297
1318824000,7.949501037597656,17.680408477783203
1318910400,8.001548767089844,17.82399559020996
1318996800,7.968676567077637,17.73305892944336
1319083200,7.941283226013184,17.756988525390625
1319169600,7.97963285446167,17.910140991210938
1319428800,7.91115140914917,17.675621032714844
1319515200,7.782403469085693,17.321434020996094
1319601600,7.875539302825928,17.61818504333496
1319688000,8.072771072387695,18.025020599365234
1319774400,8.146733283996582,18.010656356811523
1320033600,8.028945922851562,17.699554443359375
1320120000,7.86184549331665,17.455453872680664
1320206400,7.965939044952393,17.61339569091797
1320292800,8.064550399780273,17.924510955810547
1320379200,7.987851619720459,17.790489196777344
1320642000,8.064550399780273,17.871862411499023
1320728400,8.07003402709961,17.958009719848633
1320814800,7.919366836547852,17.656475067138672
1320901200,7.987851619720459,17.867076873779297
1320987600,8.059074401855469,17.958009719848633
1321246800,7.996070384979248,17.709121704101562
1321333200,8.012508392333984,17.82399559020996
1321419600,7.883758544921875,17.541614532470703
1321506000,7.837188243865967,17.565540313720703
1321592400,7.845404148101807,17.450674057006836
1321851600,7.768706798553467,17.264007568359375
1321938000,7.692007064819336,17.321434020996094
1322024400,7.546822547912598,16.919397354125977
1322197200,7.5084710121154785,16.919397354125977
1322456400,7.656394958496094,17.350160598754883
1322542800,7.68652868270874,17.532039642333984
1322629200,7.938546657562256,18.05852508544922
1322715600,7.900193214416504,18.077667236328125
1322802000,7.93306303024292,18.11595916748047
1323061200,7.985114097595215,18.21167755126953
1323147600,7.9905900955200195,18.340911865234375
1323234000,8.053596496582031,18.336122512817383
1323320400,7.905673027038574,18.09680938720703
1323406800,7.952239513397217,18.393558502197266
1323666000,7.946762561798096,18.355268478393555
1323752400,7.954983711242676,18.312192916870117
1323838800,7.891977310180664,18.312192916870117
1323925200,7.886496543884277,18.388778686523438
1324011600,7.9029316902160645,18.561079025268555
1324270800,7.872799873352051,18.48928451538086
1324357200,7.976894378662109,18.766881942749023
1324443600,8.026201248168945,18.77646255493164
1324530000,8.124815940856934,18.805179595947266
1324616400,8.182345390319824,19.13543128967285
1324962000,8.22890853881836,19.140213012695312
1325048400,8.204259872436523,19.030128479003906
1325134800,8.264524459838867,19.168930053710938
1325221200,8.283699035644531,19.202436447143555
1325566800,8.322052001953125,19.01576805114746
1325653200,8.335746765136719,18.766881942749023
1325739600,8.327530860900879,18.63765525817871
1325826000,8.289141654968262,18.584320068359375
1326085200,8.283556938171387,18.603717803955078
1326171600,8.311481475830078,18.70068359375
1326258000,8.375720977783203,18.860692977905273
1326344400,8.412026405334473,18.870389938354492
1326430800,8.39806079864502,18.870389938354492
1326776400,8.448333740234375,18.918867111206055
1326862800,8.470675468444824,18.914024353027344
1326949200,8.495817184448242,18.909177780151367
1327035600,8.520947456359863,18.89463233947754
1327294800,8.490226745605469,18.618268966674805
1327381200,8.403651237487793,18.322505950927734
1327467600,8.437165260314941,18.274017333984375
1327554000,8.224906921386719,18.104324340820312
1327640400,8.143914222717285,18.041290283203125
1327899600,8.194182395935059,18.235233306884766
1327986000,8.213732719421387,18.25947380065918
1328072400,8.266801834106445,18.32735824584961
1328158800,8.319863319396973,18.210996627807617
1328245200,8.36454963684082,18.346752166748047
1328504400,8.370132446289062,18.492202758789062
1328590800,8.389683723449707,18.38553237915039
1328677200,8.384102821350098,18.38553237915039
1328763600,8.375720977783203,18.38553237915039
1328850000,8.333828926086426,18.274017333984375
1329109200,8.389683723449707,18.487356185913086
1329195600,8.39806079864502,18.44371795654297
1329282000,8.342208862304688,18.34189796447754
1329368400,8.384102821350098,18.448564529418945
1329454800,8.381307601928711,18.647363662719727
1329800400,8.473467826843262,18.66189956665039
1329886800,8.456711769104004,18.526145935058594
1329973200,8.50698471069336,18.487356185913086
1330059600,8.473467826843262,18.492202758789062
1330318800,8.479059219360352,18.487356185913086
1330405200,8.526535987854004,18.49705696105957
1330491600,8.543292999267578,18.477659225463867
1330578000,8.554463386535645,18.632802963256836
1330664400,8.621491432189941,18.74918556213379
1330923600,8.65500545501709,18.909177780151367
1331010000,8.582387924194336,18.758872985839844
1331096400,8.62428092956543,18.84614372253418
1331182800,8.657793998718262,19.015846252441406
1331269200,8.708070755004883,18.95766258239746
1331524800,8.780682563781738,19.064327239990234
1331611200,8.833744049072266,19.14190673828125
1331697600,8.78347396850586,19.13706398010254
1331784000,8.836538314819336,19.170989990234375
1331870400,8.8225736618042,19.18553924560547
1332129600,8.839332580566406,19.224328994750977
1332216000,8.878432273864746,19.214628219604492
1332302400,8.892391204833984,19.287363052368164
1332388800,8.856085777282715,19.22917938232422
1332475200,8.803025245666504,19.11281394958496
1332734400,8.878432273864746,19.069181442260742
1332820800,8.836538314819336,18.74432373046875
1332907200,8.758337020874023,18.550382614135742
1332993600,8.716445922851562,18.458267211914062
1333080000,8.722033500671387,18.535837173461914
1333339200,8.78347396850586,18.67644691467285
1333425600,8.777889251708984,18.647363662719727
1333512000,8.816988945007324,18.613412857055664
1333598400,8.803491592407227,18.50042724609375
1333944000,8.718132019042969,18.402185440063477
1334030400,8.57302188873291,18.077953338623047
1334116800,8.664068222045898,18.362876892089844
1334203200,8.77503490447998,18.446392059326172
1334289600,8.689681053161621,18.30392837524414
1334548800,8.70959186553955,18.3874454498291
1334635200,8.789263725280762,18.539724349975586
1334721600,8.749428749084473,18.50042724609375
1334808000,8.746583938598633,18.74114227294922
1334894400,8.780729293823242,19.02606964111328
1335153600,8.70959186553955,18.947460174560547
1335240000,9.025429725646973,19.404329299926758
1335326400,9.03111743927002,19.394502639770508
1335412800,9.230292320251465,19.718717575073242
1335499200,9.295734405517578,19.7629337310791
1335758400,9.364023208618164,19.836626052856445
1335844800,9.40670394897461,19.925046920776367
1335931200,9.401010513305664,19.944700241088867
1336017600,9.420928955078125,19.96434783935547
1336104000,9.349797248840332,19.777673721313477
1336363200,9.389633178710938,19.910314559936523
1336449600,9.401010513305664,19.920135498046875
1336536000,9.335569381713867,19.772768020629883
1336622400,9.42662525177002,19.920135498046875
1336708800,9.55750560760498,20.219797134399414
1336968000,9.540433883666992,20.087160110473633
1337054400,9.489217758178711,20.165761947631836
1337140800,9.44369125366211,20.082252502441406
1337227200,9.472147941589355,20.322959899902344
1337313600,9.577422142028809,20.401567459106445
1337572800,9.568885803222656,20.308229446411133
1337659200,9.543280601501465,20.332786560058594
1337745600,9.492064476013184,20.27875328063965
1337832000,9.571735382080078,20.332786560058594
1337918400,9.58596134185791,20.362258911132812
1338264000,9.657094955444336,20.509639739990234
1338350400,9.62863826751709,20.3475284576416
1338436800,9.722538948059082,20.455595016479492
1338523200,9.645713806152344,20.15593147277832
1338782400,9.716843605041504,20.308229446411133
1338868800,9.69123649597168,20.239452362060547
1338955200,9.833504676818848,20.51946258544922
1339041600,9.71969223022461,20.455595016479492
1339128000,9.830657958984375,20.848596572875977
1339387200,9.842041015625,20.907548904418945
1339473600,9.953008651733398,21.094221115112305
1339560000,9.953008651733398,21.1187801361084
1339646400,10.155028343200684,21.492136001586914
1339732800,10.16071891784668,21.393884658813477
1339992000,10.137959480285645,21.526517868041992
1340078400,10.09243106842041,21.48231315612793
1340164800,10.075357437133789,21.27107810974121
1340251200,9.967235565185547,21.285804748535156
1340337600,10.007070541381836,21.59038734436035
1340596800,9.944473266601562,21.443010330200195
1340683200,9.953008651733398,21.536348342895508
1340769600,10.012761116027832,21.506866455078125
1340856000,10.06966781616211,21.60020637512207
1340942400,10.146493911743164,21.831096649169922
1341201600,10.300139427185059,22.071805953979492
1341288000,10.243234634399414,22.081632614135742
1341460800,10.1777925491333,22.052152633666992
1341547200,10.25084114074707,22.067054748535156
1341806400,10.279768943786621,22.226028442382812
1341892800,10.25084114074707,22.206159591674805
1341979200,10.19877815246582,22.305519104003906
1342065600,10.085972785949707,22.191259384155273
1342152000,10.224810600280762,22.45952033996582
1342411200,10.245061874389648,22.48932647705078
1342497600,10.360756874084473,22.683069229125977
1342584000,10.467777252197266,22.797330856323242
1342670400,10.26241397857666,22.126678466796875
1342756800,10.207459449768066,22.101837158203125
1343016000,10.23348617553711,22.032283782958984
1343102400,10.01655387878418,21.74414825439453
1343188800,10.219022750854492,21.719308853149414
1343275200,10.499589920043945,22.086942672729492
1343361600,10.742558479309082,22.305519104003906
1343620800,10.82643985748291,22.330354690551758
1343707200,10.968169212341309,22.424741744995117
1343793600,10.887179374694824,22.45952033996582
1343880000,10.858253479003906,22.166414260864258
1343966400,10.869829177856445,22.086942672729492
1344225600,10.878508567810059,22.201189041137695
1344312000,10.82933235168457,22.091896057128906
1344398400,10.82643985748291,21.947832107543945
1344484800,10.76858901977539,22.02731704711914
1344571200,10.843794822692871,22.15648078918457
1344830400,10.814872741699219,21.9925479888916
1344916800,10.774375915527344,22.02234649658203
1345003200,10.730990409851074,21.952800750732422
1345089600,10.771483421325684,21.91802978515625
1345176000,10.751239776611328,21.88821792602539
1345435200,10.670248031616211,21.709383010864258
1345521600,10.583473205566406,21.306987762451172
1345608000,10.574793815612793,21.172855377197266
1345694400,10.574793815612793,20.989046096801758
1345780800,10.687599182128906,21.446081161499023
1346040000,10.664462089538574,21.242399215698242
1346126400,10.597932815551758,21.19769287109375
1346212800,10.650001525878906,21.40634536743164
1346299200,10.612398147583008,21.24736213684082
1346385600,10.597932815551758,21.33182144165039
1346731200,10.64710807800293,21.709383010864258
1346817600,10.681818008422852,21.759057998657227
1346904000,10.82933235168457,21.93292808532715
1346990400,10.788840293884277,21.719308853149414
1347249600,10.823548316955566,21.88821792602539
1347336000,10.88139533996582,21.977642059326172
1347422400,10.910321235656738,22.300540924072266
1347508800,11.034696578979492,22.643329620361328
1347595200,10.77726936340332,22.121713638305664
1347854400,10.875612258911133,22.14653968811035
1347940800,10.892967224121094,22.310487747192383
1348027200,10.921886444091797,22.48932647705078
1348113600,10.973956108093262,22.598621368408203
1348200000,11.01445198059082,22.673131942749023
1348459200,11.06362247467041,22.693004608154297
1348545600,11.008665084838867,22.66319465637207
1348632000,11.01445198059082,22.648300170898438
1348718400,10.98841667175293,22.732751846313477
1348804800,10.904535293579102,22.638364791870117
1349064000,10.918997764587402,22.75758934020996
1349150400,10.936355590820312,22.782432556152344
1349236800,11.040481567382812,22.99107551574707
1349323200,11.089653015136719,23.477916717529297
1349409600,11.119780540466309,23.631107330322266
1349668800,11.06103229522705,23.390024185180664
1349755200,10.908308982849121,23.15898895263672
1349841600,10.8436918258667,22.99324607849121
1349928000,10.649843215942383,22.701932907104492
1350014400,10.46480941772461,22.410633087158203
1350273600,10.341451644897461,22.350364685058594
1350360000,10.397257804870605,22.1394100189209
1350446400,10.491238594055176,22.46085548400879
1350532800,10.579355239868164,22.99324607849121
1350619200,10.373754501342773,22.681838989257812
1350878400,10.356135368347168,22.485963821411133
1350964800,10.279772758483887,22.134382247924805
1351051200,10.194596290588379,22.214752197265625
1351137600,10.132920265197754,22.22480010986328
1351224000,10.171099662780762,22.46587371826172
1351656000,10.159351348876953,22.42067527770996
1351742400,10.30620288848877,22.671804428100586
1351828800,10.259214401245117,22.36039924621582
1352091600,10.229840278625488,22.19968032836914
1352178000,10.221033096313477,22.249906539916992
1352264400,9.880329132080078,21.692407608032227
1352350800,9.751099586486816,21.401090621948242
1352437200,9.850958824157715,21.416160583496094
1352696400,9.947883605957031,21.37598419189453
1352782800,9.971376419067383,21.365934371948242
1352869200,9.921449661254883,21.21526527404785
1352955600,9.815713882446289,20.94404411315918
1353042000,9.73347282409668,20.79336929321289
1353301200,9.933197975158691,21.501544952392578
1353387600,9.892075538635254,21.506572723388672
1353474000,9.942009925842285,21.677339553833008
1353646800,10.091797828674316,21.97869300842285
1353906000,9.977251052856445,21.747657775878906
1353992400,9.8744535446167,21.586923599243164
1354078800,9.8744535446167,21.878246307373047
1354165200,9.965503692626953,22.1042537689209
1354251600,10.024246215820312,22.159502029418945
1354510800,10.027180671691895,22.14945411682129
1354597200,9.962565422058105,21.933486938476562
1354683600,9.959628105163574,22.14945411682129
1354770000,9.88326358795166,22.325237274169922
1354856400,9.909700393676758,22.305156707763672
1355115600,9.906764030456543,22.11429786682129
1355202000,10.030122756958008,22.320226669311523
1355288400,10.12998104095459,22.496017456054688
1355374800,10.08005142211914,22.36039924621582
1355461200,9.989001274108887,22.204708099365234
1355720400,10.053618431091309,22.159502029418945
1355806800,10.085921287536621,22.033937454223633
1355893200,9.959628105163574,21.787839889526367
1355979600,10.03599739074707,22.003799438476562
1356066000,9.889141082763672,21.88326644897461
1356325200,9.909700393676758,21.868194580078125
1356498000,9.921449661254883,21.822988510131836
1356584400,9.88620662689209,21.83806037902832
1356670800,9.786343574523926,21.5467529296875
1356930000,9.900891304016113,21.732582092285156
1357102800,10.279772758483887,22.234838485717773
1357189200,10.285648345947266,22.129364013671875
1357275600,10.347322463989258,22.249906539916992
1357534800,10.394315719604492,22.44577980041504
1357621200,10.26162052154541,21.899564743041992
1357707600,10.228760719299316,21.8487548828125
1357794000,10.267593383789062,22.148544311523438
1357880400,10.23771858215332,22.00119400024414
1358139600,10.163034439086914,21.64043426513672
1358226000,10.085365295410156,21.325403213500977
1358312400,9.935995101928711,21.0916690826416
1358398800,9.918071746826172,21.406702041625977
1358485200,9.989768981933594,21.61502456665039
1358830800,10.040556907653809,21.81826400756836
1358917200,10.091339111328125,21.742063522338867
1359003600,10.082381248474121,21.64043426513672
1359090000,10.163034439086914,21.68107795715332
1359349200,10.195897102355957,21.731887817382812
1359435600,10.360200881958008,22.102800369262695
1359522000,10.300456047058105,22.158702850341797
1359608400,10.39306640625,22.158702850341797
1359694800,10.608149528503418,22.641416549682617
1359954000,10.524508476257324,22.621078491210938
1360040400,10.560356140136719,22.641416549682617
1360126800,10.58425235748291,22.737945556640625
1360213200,10.536458969116211,22.590606689453125
1360299600,10.536458969116211,22.534700393676758
1360558800,10.524508476257324,22.51946449279785
1360645200,10.635039329528809,22.58043670654297
1360731600,10.581268310546875,22.621078491210938
1360818000,10.542431831359863,22.52454376220703
1360904400,10.563339233398438,22.560115814208984
1361250000,10.655952453613281,22.610929489135742
1361336400,10.596205711364746,22.82433319091797
1361422800,10.58425235748291,22.92595100402832
1361509200,10.658942222595215,23.068225860595703
1361768400,10.512557029724121,23.230819702148438
1361854800,10.602178573608398,23.434059143066406
1361941200,10.709722518920898,23.550926208496094
1362027600,10.72765064239502,23.64238739013672
1362114000,10.757523536682129,23.738929748535156
1362373200,10.823246002197266,23.93709373474121
1362459600,10.933778762817383,24.231796264648438
1362546000,10.841171264648438,24.02347183227539
1362632400,10.871039390563965,24.12508773803711
1362718800,10.957674026489258,24.368986129760742
1362974400,10.933778762817383,24.292770385742188
1363060800,10.969627380371094,24.572240829467773
1363147200,10.933778762817383,24.35881805419922
1363233600,11.011448860168457,24.63321304321289
1363320000,10.882989883422852,24.399477005004883
1363579200,10.799347877502441,24.77039337158203
1363665600,10.796357154846191,24.872018814086914
1363752000,10.811295509338379,24.694175720214844
1363838400,10.799347877502441,24.795804977416992
1363924800,10.882989883422852,24.90758514404297
1364184000,10.871039390563965,24.978713989257812
1364270400,10.975601196289062,25.141311645507812
1364356800,10.939750671386719,24.866939544677734
1364443200,10.960665702819824,24.973634719848633
1364788800,11.127959251403809,25.009212493896484
1364875200,11.223551750183105,25.151479721069336
1364961600,11.136918067932129,24.892333984375
1365048000,11.325121879577637,25.04985809326172
1365134400,11.35798168182373,25.18195343017578
1365393600,11.417407989501953,25.379642486572266
1365480000,11.4598970413208,25.34370231628418
1365566400,11.587367057800293,25.600425720214844
1365652800,11.696619987487793,25.93416404724121
1365739200,11.711795806884766,26.113874435424805
1365998400,11.517560005187988,26.00090980529785
1366084800,11.51452350616455,25.90848731994629
1366171200,11.465967178344727,25.436119079589844
1366257600,11.453827857971191,26.13953971862793
1366344000,11.617713928222656,26.827560424804688
1366603200,11.754284858703613,26.796756744384766
1366689600,11.836226463317871,26.863506317138672
1366776000,11.241381645202637,26.59650230407715
1366862400,11.314220428466797,27.32560920715332
1366948800,11.241381645202637,27.536113739013672
1367208000,11.320289611816406,27.44883155822754
1367294400,11.368849754333496,27.679887771606445
1367380800,11.399195671081543,26.904577255249023
1367467200,11.399195671081543,26.971324920654297
1367553600,11.332430839538574,27.048337936401367
1367812800,11.256559371948242,26.72486686706543
1367899200,11.387060165405273,27.17156219482422
1367985600,11.481142044067383,27.26911735534668
1368072000,11.329392433166504,27.06374740600586
1368158400,11.338504791259766,27.156171798706055
1368417600,11.229241371154785,26.98159408569336
1368504000,11.299044609069824,27.29993438720703
1368590400,11.390093803405762,27.520706176757812
1368676800,11.344571113586426,27.315343856811523
1368763200,11.362780570983887,27.392345428466797
1369022400,11.296011924743652,27.079151153564453
1369108800,11.211031913757324,26.735132217407227
1369195200,11.113913536071777,26.427072525024414
1369281600,11.150335311889648,26.642711639404297
1369368000,11.15337085723877,26.385997772216797
1369713600,10.98038101196289,26.09333038330078
1369800000,10.898436546325684,25.45153045654297
1369886400,10.774002075195312,25.199941635131836
1369972800,10.619220733642578,24.891874313354492
1370232000,10.643503189086914,24.984291076660156
1370318400,10.825596809387207,25.07670783996582
1370404800,10.701168060302734,24.799448013305664
1370491200,10.868086814880371,25.656896591186523
1370577600,10.758828163146973,25.795541763305664
1370836800,10.922714233398438,25.944435119628906
1370923200,10.852909088134766,25.764719009399414
1371009600,10.810418128967285,25.620956420898438
1371096000,11.016796112060547,26.00090980529785
1371182400,10.898436546325684,26.221689224243164
1371441600,10.852909088134766,26.036849975585938
1371528000,10.977341651916504,26.46814727783203
1371614400,10.698127746582031,25.69797134399414
1371700800,10.424986839294434,25.13831901550293
1371787200,10.46140193939209,25.425846099853516
1372046400,10.458368301391602,25.22047233581543
1372132800,10.631362915039062,25.898216247558594
1372219200,10.722405433654785,26.011184692382812
1372305600,10.813456535339355,26.185754776000977
1372392000,10.74365520477295,25.84687614440918
1372651200,10.713299751281738,25.857145309448242
1372737600,10.783108711242676,25.995769500732422
1372824000,10.810418128967285,26.190881729125977
1372996800,10.874155044555664,26.33978843688965
1373256000,10.980878829956055,26.539457321166992
1373342400,10.987051963806152,26.430553436279297
1373428800,10.92223834991455,26.21271514892578
1373515200,11.070379257202148,26.56020164489746
1373601600,11.051860809326172,26.14529037475586
1373860800,10.971617698669434,25.91190528869629
1373947200,11.073466300964355,26.077865600585938
1374033600,11.09815502166748,26.316450119018555
1374120000,11.030257225036621,25.917083740234375
1374206400,11.051860809326172,25.906719207763672
1374465600,10.980878829956055,26.07267189025879
1374552000,11.051860809326172,26.119352340698242
1374638400,10.925326347351074,26.129728317260742
1374724800,10.943842887878418,26.30087661743164
1374811200,10.987051963806152,26.461673736572266
1375070400,11.073466300964355,26.705448150634766
1375156800,10.931499481201172,26.150484085083008
1375243200,10.885207176208496,25.662940979003906
1375329600,11.024081230163574,25.937824249267578
1375416000,11.039517402648926,26.062301635742188
1375675200,11.008658409118652,26.04155921936035
1375761600,10.950016021728516,25.979318618774414
1375848000,10.983963012695312,25.896343231201172
1375934400,10.891374588012695,25.735557556152344
1376020800,10.740150451660156,25.57996368408203
1376280000,10.777186393737793,25.751108169555664
1376366400,10.715461730957031,25.491779327392578
1376452800,10.730891227722168,25.3569393157959
1376539200,10.601266860961914,25.175403594970703
1376625600,10.548799514770508,24.74492645263672
1376884800,10.428441047668457,24.636005401611328
1376971200,10.45312786102295,24.848649978637695
1377057600,10.332763671875,24.5167236328125
1377144000,10.437701225280762,24.38705825805664
1377230400,10.582751274108887,24.69306182861328
1377489600,10.437701225280762,24.345565795898438
1377576000,10.397578239440918,24.350744247436523
1377662400,10.363630294799805,24.14847755432129
1377748800,10.385232925415039,24.80198097229004
1377835200,10.440784454345703,24.573774337768555
1378180800,10.2833833694458,23.863208770751953
1378267200,10.413007736206055,24.262577056884766
1378353600,10.289558410644531,24.18996810913086
1378440000,10.311162948608398,24.034379959106445
1378699200,10.379058837890625,23.81135368347168
1378785600,10.483991622924805,24.101795196533203
1378872000,10.483991622924805,24.127731323242188
1378958400,10.610525131225586,24.558212280273438
1379044800,10.592011451721191,24.770856857299805
1379304000,10.669166564941406,25.05093765258789
1379390400,10.724720001220703,25.19096565246582
1379476800,10.786444664001465,25.26877212524414
1379563200,10.743239402770996,25.159854888916016
1379649600,10.588926315307617,24.781232833862305
1379908800,10.561148643493652,24.884963989257812
1379995200,10.521027565002441,24.5167236328125
1380081600,10.508679389953613,24.350744247436523
1380168000,10.564233779907227,24.72417449951172
1380254400,10.487079620361328,24.37668800354004
1380513600,10.437701225280762,24.205514907836914
1380600000,10.511767387390137,24.371496200561523
1380686400,10.47473430633545,24.26776885986328
1380772800,10.382144927978516,24.381860733032227
1380859200,10.416095733642578,24.428550720214844
1381118400,10.493247985839844,24.5270938873291
1381204800,10.400834083557129,24.154672622680664
1381291200,10.601875305175781,24.233360290527344
1381377600,10.727530479431152,24.579545974731445
1381464000,10.743236541748047,24.70018768310547
1381723200,10.65527629852295,24.553321838378906
1381809600,10.589311599731445,24.296302795410156
1381896000,10.743236541748047,24.784116744995117
1381982400,10.818623542785645,25.64958953857422
1382068800,10.872026443481445,26.23181915283203
1382328000,11.06364631652832,26.530803680419922
1382414400,11.066786766052246,26.824535369873047
1382500800,11.082493782043457,26.65669822692871
1382587200,10.87830924987793,26.44688606262207
1382673600,11.05422306060791,26.598987579345703
1382932800,11.173592567443848,26.52555274963379
1383019200,11.39348316192627,26.79831314086914
1383105600,11.390341758728027,26.50458335876465
1383192000,11.371491432189941,26.49407958984375
1383278400,11.384057998657227,26.48360252380371
1383541200,11.45002555847168,26.793073654174805
1383627600,11.161029815673828,26.27902603149414
1383714000,11.25212287902832,26.54654884338379
1383800400,11.029092788696289,26.31574058532715
1383886800,11.047940254211426,26.331485748291016
1384146000,11.003960609436035,26.20560646057129
1384232400,11.047940254211426,26.310501098632812
1384318800,11.016528129577637,26.22132110595703
1384405200,11.044798851013184,26.368196487426758
1384491600,11.129613876342773,26.389179229736328
1384750800,11.183015823364258,26.62521743774414
1384837200,11.220708847045898,26.635711669921875
1384923600,11.120193481445312,26.436391830444336
1385010000,11.088772773742676,26.425891876220703
1385096400,11.126473426818848,26.341968536376953
1385355600,11.110767364501953,26.23181915283203
1385442000,11.082493782043457,26.252803802490234
1385528400,11.123331069946289,26.18986701965332
1385701200,11.060505867004395,26.027252197265625
1385960400,10.931716918945312,25.838420867919922
1386046800,10.912864685058594,26.016761779785156
1386133200,10.868886947631836,25.8961238861084
1386219600,10.758942604064941,25.65482521057129
1386306000,10.84689712524414,25.95381736755371
1386565200,10.897157669067383,26.001022338867188
1386651600,10.806062698364258,25.728281021118164
1386738000,10.664704322814941,25.43453598022461
1386824400,10.645855903625488,25.24570083618164
1386910800,10.633288383483887,25.09358024597168
1387170000,10.727530479431152,25.313888549804688
1387256400,10.633288383483887,24.946727752685547
1387342800,10.79977798461914,25.424041748046875
1387429200,10.821765899658203,25.403060913085938
1387515600,10.774646759033203,25.219480514526367
1387774800,10.897157669067383,25.481735229492188
1387861200,10.97883129119873,25.691556930541992
1388034000,11.044798851013184,25.796463012695312
1388120400,11.051081657409668,25.791217803955078
1388379600,11.057367324829102,25.780717849731445
1388466000,11.044798851013184,25.775470733642578
1388638800,10.97883129119873,25.70203971862793
1388725200,10.931716918945312,25.397815704345703
1388984400,10.981971740722656,25.539440155029297
1389070800,10.97883129119873,25.859411239624023
1389157200,10.946556091308594,25.71624755859375
1389243600,10.722764015197754,25.186002731323242
1389330000,10.748340606689453,25.318561553955078
1389589200,10.646036148071289,24.936803817749023
1389675600,10.703584671020508,24.96331787109375
1389762000,10.80268669128418,25.594284057617188
1389848400,10.857039451599121,25.73215103149414
1389934800,10.773914337158203,25.63671875
1390280400,10.732353210449219,25.292057037353516
1390366800,10.658828735351562,25.095863342285156
1390453200,10.805885314941406,25.37689208984375
1390539600,10.684401512145996,25.254945755004883
1390798800,10.713173866271973,25.286745071411133
1390885200,10.773914337158203,25.11178207397461
1390971600,10.649232864379883,25.286745071411133
1391058000,10.662017822265625,25.254945755004883
1391144400,10.652427673339844,25.461734771728516
1391403600,10.214445114135742,24.608060836791992
1391490000,10.374290466308594,24.825448989868164
1391576400,10.256000518798828,24.75652313232422
1391662800,10.230425834655762,24.751218795776367
1391749200,10.326336860656738,24.820152282714844
1392008400,10.371094703674316,24.87317657470703
1392094800,10.534137725830078,25.03223991394043
1392181200,10.530943870544434,25.11707878112793
1392267600,10.70677661895752,25.08527374267578
1392354000,10.598074913024902,24.661081314086914
1392699600,10.492581367492676,24.380064010620117
1392786000,10.502169609069824,24.671676635742188
1392872400,10.607672691345215,25.514751434326172
1392958800,10.486184120178223,25.064064025878906
1393218000,10.380683898925781,24.512605667114258
1393304400,10.284774780273438,24.544431686401367
1393390800,10.230425834655762,24.57623863220215
1393477200,10.303956031799316,25.186002731323242
1393563600,10.208047866821289,25.228435516357422
1393822800,10.185667991638184,25.08527374267578
1393909200,10.2783784866333,25.398103713989258
1393995600,10.27198600769043,25.12238311767578
1394082000,10.339120864868164,25.164796829223633
1394168400,10.40306568145752,25.00043487548828
1394424000,10.393475532531738,24.936803817749023
1394510400,10.303956031799316,24.761829376220703
1394596800,10.351911544799805,24.5815486907959
1394683200,10.34232234954834,24.40656852722168
1394769600,10.387079238891602,24.43308448791504
1395028800,10.514961242675781,24.55503273010254
1395115200,10.543734550476074,24.761829376220703
1395201600,10.537339210510254,24.5815486907959
1395288000,10.898601531982422,25.03223991394043
1395374400,10.965738296508789,24.87317657470703
1395633600,11.016889572143555,24.92618751525879
1395720000,11.100010871887207,25.03754234313965
1395806400,11.064845085144043,24.92618751525879
1395892800,11.176738739013672,25.286745071411133
1395979200,11.211905479431152,25.143596649169922
1396238400,11.211905479431152,25.223127365112305
1396324800,11.218300819396973,25.318561553955078
1396411200,11.307817459106445,25.355688095092773
1396497600,11.390936851501465,25.514751434326172
1396584000,11.365361213684082,25.472332000732422
1396843200,11.34618091583252,25.514751434326172
1396929600,11.472726821899414,25.8471622467041
1397016000,11.358880043029785,25.72384262084961
1397102400,11.423935890197754,25.45041847229004
1397188800,11.449959754943848,25.2359619140625
1397448000,11.50200366973877,25.34319305419922
1397534400,11.606097221374512,25.155532836914062
1397620800,11.742715835571289,25.252044677734375
1397707200,11.723197937011719,25.520112991333008
1398052800,11.729700088500977,25.72384262084961
1398139200,11.80451774597168,25.691679000854492
1398225600,11.358880043029785,25.42897605895996
1398312000,11.222260475158691,24.812414169311523
1398398400,11.21900749206543,24.63011932373047
1398657600,11.410926818847656,24.983983993530273
1398744000,11.521522521972656,25.075122833251953
1398830400,11.612598419189453,25.053674697875977
1398916800,11.573564529418945,25.316387176513672
1399003200,11.589827537536621,25.262767791748047
1399262400,11.632116317749023,25.407520294189453
1399348800,11.544291496276855,25.45041847229004
1399435200,11.632116317749023,25.78818130493164
1399521600,11.84029769897461,25.997291564941406
1399608000,11.853309631347656,25.991920471191406
1399867200,11.895600318908691,25.820343017578125
1399953600,11.77524185180664,25.654142379760742
1400040000,11.837048530578613,25.73992919921875
1400126400,11.879332542419434,25.713117599487305
1400212800,11.950897216796875,26.308237075805664
1400472000,11.833789825439453,26.35112762451172
1400558400,11.547545433044434,26.08306121826172
1400644800,11.472726821899414,26.361845016479492
1400731200,11.50850772857666,26.511966705322266
1400817600,11.488996505737305,26.667448043823242
1401163200,11.453208923339844,26.603105545043945
1401249600,11.495500564575195,26.667448043823242
1401336000,11.511762619018555,26.6567325592041
1401422400,11.537784576416016,26.785404205322266
1401681600,11.528024673461914,26.83364486694336
1401768000,11.449959754943848,26.42618179321289
1401854400,11.401164054870605,26.35112762451172
1401940800,11.417428016662598,26.42082977294922
1402027200,11.391408920288086,26.49588394165039
1402286400,11.38815689086914,26.576305389404297
1402372800,11.365387916564941,26.549501419067383
1402459200,11.323099136352539,26.469074249267578
1402545600,11.32960319519043,26.29214859008789
1402632000,11.39466381072998,26.36720848083496
1402891200,11.378397941589355,26.436912536621094
1402977600,11.391408920288086,26.383296966552734
1403064000,11.449959754943848,26.49588394165039
1403150400,11.50200366973877,26.522695541381836
1403236800,11.511762619018555,26.47979164123535
1403496000,11.511762619018555,26.66208267211914
1403582400,11.47923469543457,26.42082977294922
1403668800,11.469477653503418,26.490524291992188
1403755200,11.469477653503418,26.383296966552734
1403841600,11.518269538879395,26.442270278930664
1404100800,11.50200366973877,26.233186721801758
1404187200,11.541038513183594,26.469074249267578
1404273600,11.6028413772583,26.62455177307129
1404360000,11.658137321472168,26.6513671875
1404705600,11.71668815612793,26.672807693481445
1404792000,11.76600170135498,26.423534393310547
1404878400,11.795787811279297,26.49939727783203
1404964800,11.812325477600098,26.900405883789062
1405051200,11.832179069519043,27.26890754699707
1405310400,11.86526870727539,27.382701873779297
1405396800,11.99100399017334,27.480257034301758
1405483200,12.06048583984375,27.615732192993164
1405569600,11.921517372131348,27.26890754699707
1405656000,11.967838287353516,27.501934051513672
1405915200,11.898355484008789,27.474834442138672
1406001600,11.891742706298828,27.626567840576172
1406088000,11.871888160705566,27.588634490966797
1406174400,11.746156692504883,27.66451072692871
1406260800,11.759387016296387,27.78913688659668
1406520000,11.795787811279297,27.95172691345215
1406606400,12.10680866241455,28.163057327270508
1406692800,12.030707359313965,28.049257278442383
1406779200,11.77592945098877,27.323091506958008
1406865600,11.689901351928711,27.00337791442871
1407124800,11.732913970947266,27.209291458129883
1407211200,11.61711311340332,26.91124725341797
1407297600,11.454977989196777,26.62403678894043
1407384000,11.319318771362305,26.363914489746094
1407470400,11.40534782409668,26.391014099121094
1407729600,11.40534782409668,26.374757766723633
1407816000,11.461601257324219,26.46687889099121
1407902400,11.478142738342285,26.510231018066406
1407988800,11.550932884216309,26.553590774536133
1408075200,11.4946870803833,26.445205688476562
1408334400,11.46490478515625,26.434368133544922
1408420800,11.408659934997559,26.391014099121094
1408507200,11.42520523071289,26.456045150756836
1408593600,11.461601257324219,26.483137130737305
1408680000,11.415274620056152,26.358503341674805
1408939200,11.418584823608398,26.634868621826172
1409025600,11.415274620056152,26.689067840576172
1409112000,11.497995376586914,26.78661346435547
1409198400,11.4946870803833,26.775768280029297
1409284800,11.56747817993164,26.997961044311523
1409630400,11.527776718139648,26.970867156982422
1409716800,11.57079029083252,27.030460357666016
1409803200,11.56086254119873,26.94376564025879
1409889600,11.630342483520508,27.0629825592041
1410148800,11.584025382995605,26.840808868408203
1410235200,11.468214988708496,26.49939727783203
1410321600,11.481452941894531,26.41810417175293
1410408000,11.531084060668945,26.559001922607422
1410494400,11.415274620056152,26.228445053100586
1410753600,11.478142738342285,26.315149307250977
1410840000,11.564168930053711,26.531911849975586
1410926400,11.587329864501953,26.667390823364258
1411012800,11.633654594421387,26.92750358581543
1411099200,11.736224174499512,27.285160064697266
1411358400,11.746156692504883,27.193037033081055
1411444800,11.66674518585205,27.046720504760742
1411531200,11.713062286376953,27.133434295654297
1411617600,11.607185363769531,26.884153366088867
1411704000,11.673357963562012,26.970867156982422
1411963200,11.656815528869629,26.960023880004883
1412049600,11.660125732421875,27.090087890625
1412136000,11.56747817993164,26.78661346435547
1412222400,11.57079029083252,26.710744857788086
1412308800,11.699830055236816,26.9383487701416
1412568000,11.742846488952637,27.138839721679688
1412654400,11.689901351928711,26.922086715698242
1412740800,11.834351539611816,27.32758903503418
1412827200,11.669382095336914,26.81248664855957
1412913600,11.531344413757324,26.817964553833008
1413172800,11.386567115783691,26.505624771118164
1413259200,11.39329719543457,26.423429489135742
1413345600,11.403398513793945,26.259033203125
1413432000,11.325963020324707,26.122034072875977
1413518400,11.474103927612305,26.34123420715332
1413777600,11.541440963745117,26.56589698791504
1413864000,11.655911445617676,26.680978775024414
1413950400,11.615511894226074,26.472742080688477
1414036800,11.332695960998535,26.423429489135742
1414123200,11.403398513793945,26.724821090698242
1414382400,11.484206199645996,27.080995559692383
1414468800,11.558274269104004,27.37691307067871
1414555200,11.581839561462402,27.3056640625
1414641600,11.618875503540039,27.344036102294922
1414728000,11.729985237121582,27.53582000732422
1414990800,11.729985237121582,27.61253547668457
1415077200,11.71314811706543,27.57965850830078
1415163600,11.756918907165527,27.585140228271484
1415250000,11.689582824707031,27.552265167236328
1415336400,11.753549575805664,27.870084762573242
1415595600,11.824252128601074,27.793359756469727
1415682000,11.817516326904297,27.73309898376465
1415768400,11.918522834777832,27.848167419433594
1415854800,11.989228248596191,28.056396484375
1415941200,12.086862564086914,28.220792770385742
1416200400,12.070030212402344,28.166000366210938
1416286800,12.026260375976562,28.067358016967773
1416373200,11.908424377441406,27.66733741760254
1416459600,11.878120422363281,27.502944946289062
1416546000,11.878120422363281,27.5139102935791
1416805200,11.682848930358887,27.12483787536621
1416891600,11.723247528076172,27.037166595458984
1416978000,11.827617645263672,27.420738220214844
1417150800,11.911788940429688,27.722129821777344
1417410000,11.804055213928223,27.415271759033203
1417496400,11.544808387756348,26.911128997802734
1417582800,11.447168350219727,26.735774993896484
1417669200,11.416866302490234,26.730295181274414
1417755600,11.426965713500977,26.637134552001953
1418014800,11.406769752502441,26.796056747436523
1418101200,11.073454856872559,25.7110595703125
1418187600,10.938783645629883,25.305561065673828
1418274000,11.012850761413574,25.404190063476562
1418360400,10.827675819396973,24.976776123046875
1418619600,10.857975006103516,24.88909149169922
1418706000,10.820940017700195,24.949373245239258
1418792400,10.999383926391602,25.44801902770996
1418878800,11.282196044921875,25.782297134399414
1418965200,11.292296409606934,25.765853881835938
1419224400,11.396671295166016,26.03436279296875
1419310800,11.457268714904785,26.122034072875977
1419397200,11.433703422546387,26.122034072875977
1419570000,11.504406929016113,26.226160049438477
1419829200,11.484206199645996,26.056289672851562
1419915600,11.474103927612305,25.935731887817383
1420002000,11.30912971496582,25.634336471557617
1420174800,11.403398513793945,25.73297882080078
1420434000,11.295665740966797,25.51926612854004
1420520400,11.312499046325684,25.77681541442871
1420606800,11.378456115722656,25.610471725463867
1420693200,11.491659164428711,26.159393310546875
1420779600,11.457353591918945,25.926513671875
1421038800,11.488229751586914,26.103946685791016
1421125200,11.488229751586914,26.159393310546875
1421211600,11.433340072631836,26.042966842651367
1421298000,11.409330368041992,26.11503028869629
1421384400,11.594571113586426,26.608510971069336
1421730000,11.646020889282227,26.713842391967773
1421816400,11.663174629211426,26.752670288085938
1421902800,11.591135025024414,26.503154754638672
1421989200,11.447061538696289,26.14276123046875
1422248400,11.381887435913086,26.037416458129883
1422334800,11.254964828491211,25.699188232421875
1422421200,11.210363388061523,25.532846450805664
1422507600,11.306419372558594,25.566123962402344
1422594000,11.29269790649414,25.344341278076172
1422853200,11.512240409851074,26.04849624633789
1422939600,11.779805183410645,26.519794464111328
1423026000,11.80381965637207,26.503154754638672
1423112400,11.848413467407227,26.536428451538086
1423198800,11.961613655090332,27.351476669311523
1423458000,11.882718086242676,27.218416213989258
1423544400,11.954754829406738,27.451282501220703
1423630800,11.796957015991211,27.61762809753418
1423717200,11.87242603302002,27.45682716369629
1423803600,11.88957691192627,27.34038734436035
1424149200,11.906730651855469,27.268310546875
1424235600,11.831260681152344,27.135234832763672
1424322000,11.694050788879395,27.11859893798828
1424408400,11.690616607666016,27.15188217163086
1424667600,11.61171817779541,27.040985107421875
1424754000,11.680328369140625,27.290491104125977
1424840400,11.735213279724121,27.279401779174805
1424926800,11.83469295501709,27.3736629486084
1425013200,11.855276107788086,27.41802406311035
1425272400,11.882718086242676,27.429105758666992
1425358800,11.80381965637207,27.47345733642578
1425445200,11.663174629211426,27.207326889038086
1425531600,11.663174629211426,27.1241512298584
1425618000,11.484794616699219,26.77483558654785
1425873600,11.44019889831543,26.741573333740234
1425960000,11.244675636291504,26.342365264892578
1426046400,11.189787864685059,26.43662452697754
1426132800,11.364734649658203,27.018802642822266
1426219200,11.237809181213379,27.07979965209961
1426478400,11.340721130371094,27.318208694458008
1426564800,11.285836219787598,27.140785217285156
1426651200,11.522527694702148,27.46791648864746
1426737600,11.388749122619629,27.334848403930664
1426824000,11.399039268493652,27.4790096282959
1427083200,11.416191101074219,27.523359298706055
1427169600,11.344151496887207,27.395835876464844
1427256000,11.189787864685059,27.018802642822266
1427342400,11.25839614868164,26.846920013427734
1427428800,11.234383583068848,26.92455291748047
1427688000,11.309849739074707,27.235042572021484
1427774400,11.200078964233398,26.96335792541504
1427860800,11.282405853271484,27.1241512298584
1427947200,11.364734649658203,27.429105758666992
1428292800,11.433340072631836,27.517822265625
1428379200,11.375027656555176,27.318208694458008
1428465600,11.414276123046875,27.548107147216797
1428552000,11.42825984954834,27.48082160949707
1428638400,11.456228256225586,27.59857177734375
1428897600,11.4946870803833,27.49764060974121
1428984000,11.42825984954834,27.576143264770508
1429070400,11.498181343078613,27.693893432617188
1429156800,11.449238777160645,27.626602172851562
1429243200,11.365339279174805,27.41914939880371
1429502400,11.477203369140625,27.68828582763672
1429588800,11.417777061462402,27.570537567138672
1429675200,11.487690925598145,27.794818878173828
1429761600,11.966638565063477,28.063976287841797
1429848000,11.889726638793945,28.05276107788086
1430107200,11.917696952819824,28.080791473388672
1430193600,12.18688678741455,28.344316482543945
1430280000,12.151925086975098,28.29947280883789
1430366400,12.109972953796387,28.282657623291016
1430452800,12.033061981201172,28.265832901000977
1430712000,12.071514129638672,28.32750701904297
1430798400,11.788345336914062,28.086402893066406
1430884800,11.66948127746582,27.83407211303711
1430971200,11.665990829467773,27.884538650512695
1431057600,11.777853012084961,28.114425659179688
1431316800,11.707938194274902,27.923782348632812
1431403200,11.767369270324707,27.822860717773438
1431489600,11.851269721984863,27.884538650512695
1431576000,11.931678771972656,28.019119262695312
1431662400,12.001594543457031,27.91817855834961
1431921600,12.190376281738281,27.8116455078125
1432008000,12.015582084655762,27.783605575561523
1432094400,12.102980613708496,27.86212158203125
1432180800,12.260295867919922,27.979869842529297
1432267200,12.134446144104004,27.817243576049805
1432612800,12.120460510253906,27.710710525512695
1432699200,12.218352317810059,27.794818878173828
1432785600,12.165909767150879,27.777999877929688
1432872000,12.075010299682617,27.721927642822266
1433131200,12.00859260559082,27.59857177734375
1433217600,12.012084007263184,27.553712844848633
1433304000,12.24631404876709,27.52007293701172
1433390400,12.330217361450195,26.970563888549805
1433476800,12.085500717163086,26.48274040222168
1433736000,12.09249210357666,26.600494384765625
1433822400,12.064525604248047,26.54442024230957
1433908800,12.137941360473633,26.6173095703125
1433995200,12.193878173828125,26.779922485351562
1434081600,12.113468170166016,26.493953704833984
1434340800,12.029569625854492,26.353769302368164
1434427200,12.120460510253906,26.589275360107422
1434513600,12.165909767150879,26.505170822143555
1434600000,12.242819786071777,26.78553581237793
1434686400,12.232329368591309,26.61170768737793
1434945600,12.249810218811035,26.650959014892578
1435032000,12.55395793914795,26.78553581237793
1435118400,12.50851058959961,26.516389846801758
1435204800,12.64835262298584,26.600494384765625
1435291200,12.62736988067627,26.7014217376709
1435550400,12.50501537322998,26.22481346130371
1435636800,12.417610168457031,26.13509750366211
1435723200,12.43509292602539,26.353769302368164
1435809600,12.491032600402832,26.465925216674805
1436155200,12.449079513549805,26.376205444335938
1436241600,12.50501537322998,26.493953704833984
1436328000,12.377741813659668,26.425884246826172
1436414400,12.235429763793945,26.24432945251465
1436500800,12.327930450439453,26.664152145385742
1436760000,12.409764289855957,26.777624130249023
1436846400,12.495152473449707,26.896751403808594
1436932800,12.356393814086914,26.85137367248535
1437019200,12.509383201599121,27.135038375854492
1437105600,12.456018447875977,26.99888038635254
1437364800,12.41688346862793,27.288204193115234
1437451200,12.29947280883789,26.647136688232422
1437537600,12.19273567199707,26.352128982543945
1437624000,12.07176685333252,26.295391082763672
1437710400,12.199851989746094,26.11951446533203
1437969600,12.210527420043945,26.000385284423828
1438056000,12.214083671569824,26.034423828125
1438142400,12.342166900634766,26.41452980041504
1438228800,12.381299018859863,26.476926803588867
1438315200,12.35995101928711,26.545011520385742
1438574400,12.331490516662598,26.647136688232422
1438660800,12.303030014038086,26.476926803588867
1438747200,12.29947280883789,26.459915161132812
1438833600,12.182061195373535,26.454240798950195
1438920000,12.171388626098633,26.30106544494629
1439179200,12.374187469482422,26.794633865356445
1439265600,12.327930450439453,27.004549026489258
1439352000,12.103791236877441,27.14637565612793
1439438400,12.029074668884277,27.038589477539062
1439524800,12.114460945129395,26.942140579223633
1439784000,12.178500175476074,26.959152221679688
1439870400,12.221199989318848,26.925111770629883
1439956800,12.224754333496094,26.913772583007812
1440043200,12.078886985778809,26.596071243286133
1440129600,11.876087188720703,26.153560638427734
1440388800,11.516745567321777,25.38200569152832
1440475200,11.313948631286621,24.678525924682617
1440561600,11.630593299865723,25.620283126831055
1440648000,11.89743423461914,26.204631805419922
1440734400,11.844066619873047,26.13654327392578
1440993600,11.812045097351074,26.10250473022461
1441080000,11.498954772949219,25.472776412963867
1441166400,11.676848411560059,25.728069305419922
1441252800,11.755121231079102,25.937978744506836
1441339200,11.584346771240234,25.42738914489746
1441684800,11.790693283081055,26.028751373291016
1441771200,11.662618637084961,25.750762939453125
1441857600,11.651945114135742,25.79047393798828
1441944000,11.641268730163574,25.943653106689453
1442203200,11.58078384399414,25.898269653320312
1442289600,11.691079139709473,26.306734085083008
1442376000,11.719542503356934,26.204631805419922
1442462400,11.662618637084961,25.659988403320312
1442548800,11.58078384399414,25.285554885864258
1442808000,11.584346771240234,25.416040420532227
1442894400,11.481164932250977,25.206140518188477
1442980800,11.456262588500977,24.950838088989258
1443067200,11.424239158630371,25.01325225830078
1443153600,11.502511978149414,25.086990356445312
1443412800,11.349526405334473,24.814682006835938
1443499200,11.410011291503906,24.695541381835938
1443585600,11.591456413269043,24.684192657470703
1443672000,11.573671340942383,24.372173309326172
1443758400,11.612807273864746,24.304094314575195
1444017600,11.893874168395996,24.962181091308594
1444104000,11.85118293762207,24.996219635009766
1444190400,12.007906913757324,25.20024299621582
1444276800,12.10942554473877,25.41861915588379
1444363200,12.015157699584961,25.378395080566406
1444622400,12.073168754577637,25.45885467529297
1444708800,12.04416275024414,25.49333381652832
1444795200,12.06229019165039,25.280696868896484
1444881600,12.142054557800293,25.671489715576172
1444968000,12.2653226852417,25.688730239868164
1445227200,12.192813873291016,25.688730239868164
1445313600,12.236320495605469,25.999074935913086
1445400000,12.181934356689453,25.780677795410156
1445486400,12.312455177307129,26.37261199951172
1445572800,12.232690811157227,26.52777862548828
1445832000,12.203686714172363,26.642717361450195
1445918400,12.04053783416748,26.533527374267578
1446004800,12.116677284240723,26.711673736572266
1446091200,12.16380786895752,26.66570281982422
1446177600,12.149307250976562,26.941553115844727
1446440400,12.185559272766113,26.88408660888672
1446526800,12.192813873291016,26.694442749023438
1446613200,12.138426780700684,26.516277313232422
1446699600,12.08767032623291,26.550769805908203
1446786000,12.022411346435547,26.309391021728516
1447045200,11.906393051147461,26.033544540405273
1447131600,11.888267517089844,25.918598175048828
1447218000,11.935397148132324,26.045040130615234
1447304400,11.852010726928711,25.76343536376953
1447390800,11.714234352111816,25.41861915588379
1447650000,11.978902816772461,25.88412094116211
1447736400,12.05866813659668,25.907114028930664
1447822800,12.160181045532227,26.079524993896484
1447909200,12.189187049865723,26.29789924621582
1447995600,12.203686714172363,26.08526611328125
1448254800,12.131181716918945,25.855388641357422
1448341200,12.105796813964844,25.97032356262207
1448427600,12.127552032470703,25.81516456604004
1448600400,12.171060562133789,25.993310928344727
1448859600,12.207311630249023,26.119739532470703
1448946000,12.243569374084473,26.1944522857666
1449032400,12.167428970336914,25.81516456604004
1449118800,12.000656127929688,25.6082706451416
1449205200,12.366839408874512,26.269176483154297
1449464400,12.424846649169922,26.470314025878906
1449550800,12.272577285766602,26.263425827026367
1449637200,12.171060562133789,26.068023681640625
1449723600,12.207311630249023,26.045040130615234
1449810000,12.026034355163574,25.7576904296875
1450069200,12.181934356689453,26.119739532470703
1450155600,12.258072853088379,26.17721939086914
1450242000,12.471982955932617,26.728918075561523
1450328400,12.337837219238281,26.493295669555664
1450414800,12.181934356689453,26.182958602905273
1450674000,12.359586715698242,26.378355026245117
1450760400,12.475608825683594,26.631221771240234
1450846800,12.609753608703613,26.98178482055664
1450933200,12.56624698638916,26.843860626220703
1451278800,12.602502822875977,26.866849899291992
1451365200,12.664139747619629,27.13119888305664
1451451600,12.595251083374023,26.878345489501953
1451538000,12.475608825683594,26.562257766723633
1451883600,12.453851699829102,26.361116409301758
1451970000,12.540867805480957,26.723173141479492
1452056400,12.579843521118164,26.481740951538086
1452142800,12.376703262329102,26.336299896240234
1452229200,12.387781143188477,26.080324172973633
1452488400,12.539212226867676,26.231586456298828
1452574800,12.520746231079102,26.138507843017578
1452661200,12.461648941040039,25.684734344482422
1452747600,12.668481826782227,26.10359001159668
1452834000,12.553984642028809,25.847627639770508
1453179600,12.746047019958496,26.10359001159668
1453266000,12.520746231079102,25.841806411743164
1453352400,12.757126808166504,26.68535804748535
1453438800,12.97873306274414,27.36602210998535
1453698000,12.927023887634277,27.360198974609375
1453784400,13.07475757598877,28.0699462890625
1453870800,13.1043119430542,28.523727416992188
1453957200,13.122775077819824,28.5120849609375
1454043600,13.318528175354004,29.070581436157227
1454302800,13.362853050231934,29.530174255371094
1454389200,13.318528175354004,29.035673141479492
1454475600,13.562294006347656,29.4487247467041
1454562000,13.492117881774902,29.33820152282715
1454648400,13.621389389038086,29.652332305908203
1454907600,13.706341743469238,29.518537521362305
1454994000,13.536443710327148,29.175289154052734
1455080400,13.455185890197754,29.07639503479004
1455166800,13.373932838439941,28.733156204223633
1455253200,13.469956398010254,29.15203094482422
1455598800,13.536443710327148,29.227663040161133
1455685200,13.532747268676758,29.27419090270996
1455771600,13.662019729614258,29.63487434387207
1455858000,13.506890296936035,29.588346481323242
1456117200,13.614001274108887,29.71052360534668
1456203600,13.569684028625488,29.45453453063965
1456290000,13.702648162841797,29.56507110595703
1456376400,13.8023681640625,29.733789443969727
1456462800,13.713729858398438,29.68143081665039
1456722000,13.647242546081543,29.512712478637695
1456808400,13.809754371643066,29.937393188476562
1456894800,13.920560836791992,30.321367263793945
1456981200,14.031359672546387,30.187549591064453
1457067600,14.009195327758789,30.14101219177246
1457326800,14.08306884765625,30.373722076416016
1457413200,14.068297386169434,30.519149780273438
1457499600,14.027665138244629,30.44936180114746
1457586000,14.149551391601562,30.437715530395508
1457672400,14.168013572692871,30.559879302978516
1457928000,14.153240203857422,30.565706253051758
1458014400,14.227118492126465,30.641328811645508
1458100800,14.319451332092285,30.955480575561523
1458187200,14.448714256286621,31.199825286865234
1458273600,14.241889953613281,30.972938537597656
1458532800,14.37485122680664,31.089282989501953
1458619200,14.267742156982422,30.955480575561523
1458705600,14.234502792358398,30.780956268310547
1458792000,14.360078811645508,31.15909767150879
1459137600,14.430251121520996,31.066022872924805
1459224000,14.570602416992188,31.444154739379883
1459310400,14.541057586669922,31.43834114074707
1459396800,14.46718692779541,31.461620330810547
1459483200,14.422860145568848,31.42088508605957
1459742400,14.537361145019531,31.659406661987305
1459828800,14.474569320678711,31.46742820739746
1459915200,14.506678581237793,31.464487075805664
1460001600,14.487911224365234,30.570886611938477
1460088000,14.454120635986328,30.676700592041016
1460347200,14.412821769714355,30.34160041809082
1460433600,14.517943382263184,30.54148292541504
1460520000,14.360260963439941,30.153472900390625
1460606400,14.424089431762695,30.19462013244629
1460692800,14.446611404418945,30.18873405456543
1460952000,14.510432243347168,30.412145614624023
1461038400,14.61180305480957,30.61791229248047
1461124800,14.536720275878906,30.42390251159668
1461211200,14.213844299316406,29.412717819213867
1461297600,14.292683601379395,29.718416213989258
1461556800,14.345243453979492,29.841888427734375
1461643200,14.300191879272461,29.653759002685547
1461729600,14.536720275878906,30.38863754272461
1461816000,14.506678581237793,29.994747161865234
1461902400,14.574258804321289,29.947702407836914
1462161600,14.679380416870117,30.171100616455078
1462248000,14.608049392700195,29.79486083984375
1462334400,14.596789360046387,29.888919830322266
1462420800,14.544221878051758,29.888919830322266
1462507200,14.638083457946777,30.05352210998535
1462766400,14.589278221130371,30.030017852783203
1462852800,14.758218765258789,30.30044937133789
1462939200,14.709413528442383,30.071163177490234
1463025600,14.8483247756958,30.259292602539062
1463112000,14.698153495788574,29.947702407836914
1463371200,14.746955871582031,30.118192672729492
1463457600,14.68312931060791,29.9241943359375
1463544000,14.435346603393555,29.624359130859375
1463630400,14.431594848632812,29.177560806274414
1463716800,14.435346603393555,29.19519805908203
1463976000,14.386543273925781,28.88947868347168
1464062400,14.454120635986328,29.148162841796875
1464148800,14.49917221069336,29.306896209716797
1464235200,14.581766128540039,29.489139556884766
1464321600,14.638083457946777,29.759572982788086
1464667200,14.698153495788574,29.9241943359375
1464753600,14.54046630859375,29.64787483215332
1464840000,14.581766128540039,29.84775733947754
1464926400,14.720672607421875,29.93594741821289
1465185600,14.769482612609863,29.8124942779541
1465272000,14.93842601776123,30.42390251159668
1465358400,14.964709281921387,30.288684844970703
1465444800,15.051056861877441,30.54148292541504
1465531200,15.141164779663086,30.96476936340332
1465790400,15.088603973388672,30.90598487854004
1465876800,15.159932136535645,31.15291404724121
1465963200,15.126140594482422,31.06471824645996
1466049600,15.201229095458984,31.429214477539062
1466136000,15.291333198547363,31.617347717285156
1466395200,15.31010627746582,31.605588912963867
1466481600,15.418981552124023,31.80547332763672
1466568000,15.505330085754395,31.764314651489258
1466654400,15.723081588745117,32.14056396484375
1466740800,15.58792495727539,31.999483108520508
1467000000,15.779389381408691,32.18173599243164
1467086400,15.775644302368164,32.22876739501953
1467172800,15.970861434936523,32.36985397338867
1467259200,16.22240447998047,32.82841873168945
1467345600,16.32001304626465,33.057708740234375
1467691200,16.274961471557617,33.23406982421875
1467777600,16.421855926513672,33.40925216674805
1467864000,16.117040634155273,32.886688232421875
1467950400,16.235158920288086,33.19547653198242
1468209600,16.197057723999023,33.213294982910156
1468296000,16.15894889831543,32.940128326416016
1468382400,16.227540969848633,33.254859924316406
1468468800,16.29611587524414,33.15983581542969
1468555200,16.341838836669922,33.15983581542969
1468814400,16.32659912109375,33.213294982910156
1468900800,16.29611587524414,33.07670974731445
1468987200,16.273258209228516,33.02920913696289
1469073600,16.20086097717285,32.88074493408203
1469160000,16.4256649017334,33.314247131347656
1469419200,16.360891342163086,33.17765808105469
1469505600,16.147520065307617,32.548194885253906
1469592000,16.292306900024414,32.85103988647461
1469678400,16.22372817993164,32.577884674072266
1469764800,16.49424934387207,32.904502868652344
1470024000,16.452333450317383,32.364105224609375
1470110400,16.444711685180664,32.06718063354492
1470196800,16.437089920043945,32.00780487060547
1470283200,16.41423797607422,32.02561569213867
1470369600,16.444711685180664,31.85340690612793
1470628800,16.35708236694336,31.823711395263672
1470715200,16.41423797607422,31.865285873413086
1470801600,16.45995330810547,31.95435905456543
1470888000,16.532346725463867,31.984050750732422
1470974400,16.490440368652344,31.859333038330078
1471233600,16.391372680664062,31.835586547851562
1471320000,15.987494468688965,31.330825805664062
1471406400,15.94939136505127,31.574295043945312
1471492800,15.774123191833496,31.396150588989258
1471579200,15.625524520874023,31.146730422973633
1471838400,15.587423324584961,31.206130981445312
1471924800,15.564563751220703,31.253639221191406
1472011200,15.572184562683105,31.194236755371094
1472097600,15.648388862609863,31.32488250732422
1472184000,15.499792098999023,30.92108154296875
1472443200,15.621719360351562,31.176429748535156
1472529600,15.57980728149414,31.039852142333984
1472616000,15.57599925994873,31.075477600097656
1472702400,15.606473922729492,31.212055206298828
1472788800,15.60266399383545,31.402090072631836
1473134400,15.70935344696045,31.776216506958008
1473220800,15.724591255187988,31.894981384277344
1473307200,15.694112777709961,31.82965660095215
1473393600,15.130208015441895,30.772613525390625
1473652800,15.511225700378418,31.21799659729004
1473739200,15.229269981384277,30.552900314331055
1473825600,15.198787689208984,30.57665252685547
1473912000,15.41215991973877,30.867630004882812
1473998400,15.316903114318848,30.80825424194336
1474257600,15.26356029510498,30.404443740844727
1474344000,15.225459098815918,30.446012496948242
1474430400,15.457880973815918,30.802309036254883
1474516800,15.663625717163086,31.087360382080078
1474603200,15.728404998779297,31.212055206298828
1474862400,15.675061225891113,30.96859359741211
1474948800,15.796985626220703,31.170482635498047
1475035200,15.564563751220703,30.915145874023438
1475121600,15.518842697143555,30.950777053833008
1475208000,15.473119735717773,30.867630004882812
1475467200,15.53408432006836,30.80825424194336
1475553600,15.202595710754395,30.440067291259766
1475640000,15.162142753601074,30.192623138427734
1475726400,15.142781257629395,30.186616897583008
1475812800,15.049861907958984,29.982412338256836
1476072000,15.104065895080566,30.144575119018555
1476158400,15.138914108276367,29.97041130065918
1476244800,15.227965354919434,30.210641860961914
1476331200,15.243450164794922,30.20462989807129
1476417600,15.18537425994873,30.19863510131836
1476676800,15.204736709594727,30.288715362548828
1476763200,15.239583015441895,30.192623138427734
1476849600,15.247326850891113,30.25868797302246
1476936000,14.96468448638916,29.513927459716797
1477022400,14.515546798706055,28.949359893798828
1477281600,14.271620750427246,28.955368041992188
1477368000,14.209670066833496,28.733139038085938
1477454400,14.105130195617676,28.607017517089844
1477540800,14.139981269836426,29.153564453125
1477627200,14.136102676391602,28.955368041992188
1477886400,14.24451732635498,28.889301300048828
1477972800,14.155462265014648,28.625030517578125
1478059200,14.08189868927002,28.192590713500977
1478145600,14.182568550109863,28.150556564331055
1478232000,14.132229804992676,28.27667808532715
1478494800,14.252263069152832,28.50490379333496
1478581200,14.321953773498535,28.619020462036133
1478667600,14.49618911743164,28.745149612426758
1478754000,14.159337997436523,28.042442321777344
1478840400,14.136102676391602,28.042442321777344
1479099600,13.988973617553711,27.736125946044922
1479186000,14.236773490905762,28.450855255126953
1479272400,14.383905410766602,28.787195205688477
1479358800,14.484570503234863,28.733139038085938
1479445200,14.542651176452637,28.871280670166016
1479704400,14.612343788146973,29.01542854309082
1479790800,14.925963401794434,29.72414779663086
1479877200,14.995651245117188,30.168609619140625
1480050000,15.181503295898438,30.432859420776367
1480309200,15.309271812438965,30.7031307220459
1480395600,15.286043167114258,30.607040405273438
1480482000,14.956939697265625,29.97041130065918
1480568400,15.053731918334961,29.952373504638672
1480654800,14.949195861816406,29.916351318359375
1480914000,14.956939697265625,29.880300521850586
1481000400,15.235709190368652,30.24667739868164
1481086800,15.661614418029785,30.85930061340332
1481173200,15.64612865447998,30.709152221679688
1481259600,15.634512901306152,30.925371170043945
1481518800,15.921024322509766,31.0875244140625
1481605200,16.013954162597656,31.447895050048828
1481691600,15.913278579711914,31.00946044921875
1481778000,16.068159103393555,31.11756706237793
1481864400,16.13397789001465,31.39383888244629
1482123600,16.308212280273438,31.77823257446289
1482210000,16.443723678588867,31.90435791015625
1482296400,16.40113639831543,31.814260482788086
1482382800,16.540517807006836,32.222679138183594
1482469200,16.544391632080078,32.24070358276367
1482814800,16.51342010498047,32.2166748046875
1482901200,16.463085174560547,32.096553802490234
1482987600,16.517292022705078,32.2767219543457
1483074000,16.466951370239258,32.06051254272461
1483419600,16.656679153442383,32.78124237060547
1483506000,16.559885025024414,32.74521255493164
1483592400,16.51342010498047,32.81727981567383
1483678800,16.245580673217773,32.3304443359375
1483938000,16.041135787963867,31.978364944458008
1484024400,16.045066833496094,32.02692794799805
1484110800,15.966432571411133,31.844825744628906
1484197200,16.123701095581055,31.978364944458008
1484283600,16.104040145874023,31.899459838867188
1484629200,16.163015365600586,32.014793395996094
1484715600,16.041135787963867,31.717342376708984
1484802000,16.119766235351562,31.784120559692383
1484888400,16.296688079833984,32.002655029296875
1485147600,16.5129337310791,31.814462661743164
1485234000,16.26130485534668,30.424365997314453
1485320400,16.27309799194336,30.21190071105957
1485406800,16.422502517700195,29.817333221435547
1485493200,16.51685905456543,30.108713150024414
1485752400,16.44216537475586,29.969093322753906
1485838800,16.575836181640625,29.750566482543945
1485925200,16.53652000427246,29.374216079711914
1486011600,16.190536499023438,29.307424545288086
1486098000,16.21805763244629,29.489538192749023
1486357200,16.143356323242188,29.15566635131836
1486443600,16.16694450378418,29.1617488861084
1486530000,16.202333450317383,29.3620548248291
1486616400,16.241647720336914,29.629165649414062
1486702800,16.269168853759766,29.732357025146484
1486962000,15.982157707214355,29.471330642700195
1487048400,16.021474838256836,29.301368713378906
1487134800,16.16694450378418,29.186031341552734
1487221200,16.21805763244629,29.41669464111328
1487307600,16.308486938476562,29.859827041625977
1487653200,16.406780242919922,30.005516052246094
1487739600,16.351730346679688,30.15120506286621
1487826000,16.493270874023438,30.539703369140625
1487912400,16.65447235107422,30.71573829650879
1488171600,16.44216537475586,30.315095901489258
1488258000,16.430368423461914,30.126922607421875
1488344400,16.52865982055664,30.236196517944336
1488430800,16.540449142456055,30.339387893676758
1488517200,16.51685905456543,30.406164169311523
1488776400,16.497203826904297,30.369731903076172
1488862800,16.46575355529785,30.011581420898438
1488949200,16.422502517700195,29.841617584228516
1489035600,16.48933982849121,29.914453506469727
1489122000,16.65053939819336,29.956958770751953
1489377600,16.658403396606445,30.029808044433594
1489464000,16.54831886291504,29.963024139404297
1489550400,16.744905471801758,30.436508178710938
1489636800,16.685928344726562,30.375804901123047
1489723200,16.752761840820312,30.58826446533203
1489982400,16.67806053161621,30.497215270996094
1490068800,16.544384002685547,30.44865608215332
1490155200,16.375320434570312,30.17548179626465
1490241600,16.375320434570312,30.13298797607422
1490328000,16.38711929321289,30.15727424621582
1490587200,16.31241226196289,29.829471588134766
1490673600,16.339937210083008,29.92659568786621
1490760000,16.296688079833984,29.823410034179688
1490846400,16.41857147216797,29.780914306640625
1490932800,16.33600425720215,29.592727661132812
1491192000,16.3438720703125,29.853759765625
1491278400,16.39105224609375,29.932674407958984
1491364800,16.32027816772461,29.756628036499023
1491451200,16.215938568115234,29.74925994873047
1491537600,16.211946487426758,29.890544891357422
1491796800,16.128068923950195,29.81683349609375
1491883200,16.10010528564453,29.91512107849121
1491969600,16.19996452331543,30.05025291442871
1492056000,16.0881290435791,29.865966796875
1492401600,16.096115112304688,29.982688903808594
1492488000,16.07614517211914,30.234560012817383
1492574400,16.07614517211914,30.062543869018555
1492660800,16.120079040527344,29.736974716186523
1492747200,15.948333740234375,29.02442169189453
1493006400,15.984286308288574,28.901567459106445
1493092800,15.952329635620117,28.686573028564453
1493179200,16.15203285217285,29.091989517211914
1493265600,15.940348625183105,28.66814613342285
1493352000,15.828512191772461,28.201284408569336
1493611200,15.616825103759766,28.1828670501709
1493697600,15.556918144226074,28.201284408569336
1493784000,15.337241172790527,28.34871482849121
1493870400,15.181477546691895,28.1828670501709
1493956800,15.401147842407227,28.680421829223633
1494216000,15.405141830444336,28.643569946289062
1494302400,15.265351295471191,28.514572143554688
1494388800,15.357215881347656,28.490005493164062
1494475200,15.353219985961914,28.268863677978516
1494561600,15.373191833496094,28.158292770385742
1494820800,15.413131713867188,27.875728607177734
1494907200,15.253369331359863,27.83272933959961
1494993600,14.961798667907715,27.322885513305664
1495080000,15.157509803771973,27.6668758392334
1495166400,15.273337364196777,27.900293350219727
1495425600,15.277332305908203,27.93714714050293
1495512000,15.30129623413086,27.93714714050293
1495598400,15.237395286560059,27.6668758392334
1495684800,15.269343376159668,27.83272933959961
1495771200,15.225409507751465,27.838871002197266
1496116800,15.39715576171875,28.379440307617188
1496203200,15.389159202575684,28.649723052978516
1496289600,15.52496337890625,28.569854736328125
1496376000,15.52496337890625,28.526865005493164
1496635200,15.501001358032227,28.483858108520508
1496721600,15.469050407409668,28.526865005493164
1496808000,15.481032371520996,28.56370735168457
1496894400,15.377181053161621,28.373294830322266
1496980800,15.493012428283691,28.6988525390625
1497240000,15.604846000671387,28.987565994262695
1497326400,15.449075698852539,28.539146423339844
1497412800,15.465049743652344,28.680421829223633
1497499200,15.512982368469238,28.649723052978516
1497585600,15.56091022491455,28.643569946289062
1497844800,15.540940284729004,28.60671615600586
1497931200,15.441093444824219,28.21971893310547
1498017600,15.237395286560059,27.8941593170166
1498104000,15.217422485351562,27.900293350219727
1498190400,15.157509803771973,27.881872177124023
1498449600,15.237395286560059,28.10301399230957
1498536000,15.057658195495605,27.54401969909668
1498622400,15.153517723083496,27.54401969909668
1498708800,15.025704383850098,27.27988624572754
1498795200,15.0696439743042,27.43345832824707
1499054400,15.221410751342773,27.642309188842773
1499227200,15.225409507751465,27.427310943603516
1499313600,15.107074737548828,27.083784103393555
1499400000,15.02580451965332,27.05888557434082
1499659200,14.964856147766113,26.88463592529297
1499745600,14.871403694152832,26.69171142578125
1499832000,14.964856147766113,26.8970890045166
1499918400,14.712934494018555,27.06512451171875
1500004800,14.749505996704102,27.108680725097656
1500264000,14.786077499389648,27.17090606689453
1500350400,14.623546600341797,26.984209060668945
1500436800,14.68043327331543,27.040210723876953
1500523200,14.838896751403809,27.519420623779297
1500609600,14.834833145141602,27.525638580322266
1500868800,14.721061706542969,27.2020263671875
1500955200,14.717000007629395,27.37004852294922
1501041600,15.45244312286377,27.63142204284668
1501128000,16.013174057006836,29.75357437133789
1501214400,15.84658432006836,29.8344783782959
1501473600,15.84658432006836,30.120759963989258
1501560000,15.797818183898926,30.425695419311523
1501646400,15.549960136413574,30.00250816345215
1501732800,15.554024696350098,30.251441955566406
1501819200,15.614978790283203,30.43813133239746
1502078400,15.651543617248535,30.407028198242188
1502164800,15.586533546447754,30.24521255493164
1502251200,15.586533546447754,30.008729934692383
1502337600,15.517457008361816,29.884273529052734
1502424000,15.480889320373535,29.90915870666504
1502683200,15.643418312072754,30.35722541809082
1502769600,15.505267143249512,30.1705322265625
1502856000,15.533707618713379,30.126970291137695
1502942400,15.277727127075195,29.803354263305664
1503028800,15.184270858764648,29.67889976501465
1503288000,15.269598960876465,29.958946228027344
1503374400,15.432132720947266,30.089637756347656
1503460800,15.40774917602539,30.04607582092285
1503547200,15.310233116149902,30.06474494934082
1503633600,15.436195373535156,30.295001983642578
1503892800,15.41588020324707,30.251441955566406
1503979200,15.379304885864258,30.189220428466797
1504065600,15.306172370910645,29.946502685546875
1504152000,15.220844268798828,29.853151321411133
1504238400,15.22896671295166,29.822032928466797
1504584000,15.07050609588623,29.473535537719727
1504670400,14.859209060668945,29.193479537963867
1504756800,14.46508502960205,28.751628875732422
1504843200,14.461013793945312,28.695619583129883
1505102400,14.521966934204102,28.81385612487793
1505188800,14.733254432678223,29.118806838989258
1505275200,14.85108757019043,29.405075073242188
1505361600,14.757635116577148,29.36150360107422
1505448000,15.074569702148438,29.784692764282227
1505707200,15.20458984375,29.927837371826172
1505793600,15.525586128234863,30.705745697021484
1505880000,15.614978790283203,30.79286766052246
1505966400,15.529648780822754,30.45680809020996
1506052800,15.679988861083984,31.054250717163086
1506312000,15.895340919494629,31.054250717163086
1506398400,15.732806205749512,30.8115291595459
1506484800,15.75312614440918,30.8115291595459
1506571200,15.862834930419922,30.749311447143555
1506657600,15.915650367736816,30.79909324645996
1506916800,15.891270637512207,30.71818733215332
1507003200,16.041616439819336,31.023134231567383
1507089600,16.049741744995117,31.054250717163086
1507176000,16.053802490234375,30.973342895507812
1507262400,15.94174861907959,30.740327835083008
1507521600,15.82194709777832,30.89146614074707
1507608000,15.904574394226074,30.948152542114258
1507694400,15.776511192321777,30.771812438964844
1507780800,14.813972473144531,30.450618743896484
1507867200,14.747878074645996,30.14201545715332
1508126400,14.942035675048828,30.286867141723633
1508212800,14.966822624206543,30.482107162475586
1508299200,14.752007484436035,30.639554977416992
1508385600,14.74374008178711,30.992237091064453
1508472000,14.681777954101562,31.193775177001953
1508731200,14.561975479125977,30.853683471679688
1508817600,14.40086841583252,30.822187423706055
1508904000,13.83491325378418,30.63324546813965
1508990400,13.913402557373047,30.790706634521484
1509076800,14.033202171325684,30.778106689453125
1509336000,13.855566024780273,30.123123168945312
1509422400,13.901007652282715,30.1483097076416
1509508800,13.859697341918945,30.123123168945312
1509595200,13.702720642089844,29.890092849731445
1509681600,13.756420135498047,29.864904403686523
1509944400,13.574652671813965,28.674591064453125
1510030800,13.661408424377441,28.69977569580078
1510117200,13.814255714416504,28.630510330200195
1510203600,14.0455961227417,28.38489532470703
1510290000,14.136479377746582,28.265226364135742
1510549200,14.115825653076172,28.183351516723633
1510635600,13.929925918579102,27.849559783935547
1510722000,13.967107772827148,27.780277252197266
1510808400,14.26041030883789,28.195941925048828
1510894800,14.256282806396484,28.605314254760742
1511154000,14.309981346130371,29.096561431884766
1511240400,14.181921005249023,29.083951950073242
1511326800,14.405001640319824,29.663366317749023
1511499600,14.380213737487793,29.606687545776367
1511758800,14.326507568359375,30.016054153442383
1511845200,14.632205963134766,30.746612548828125
1511931600,15.070097923278809,31.426801681518555
1512018000,15.028786659240723,32.05028533935547
1512104400,15.078360557556152,32.27703094482422
1512363600,15.396455764770508,32.57301712036133
1512450000,15.099015235900879,32.06919479370117
1512536400,14.91724681854248,31.918033599853516
1512622800,14.942035675048828,31.754281997680664
1512709200,15.173375129699707,32.1762580871582
1512968400,15.243605613708496,32.64860916137695
1513054800,15.739335060119629,33.49882507324219
1513141200,15.714543342590332,33.30988693237305
1513227600,15.59061336517334,32.963497161865234
1513314000,15.797168731689453,33.171321868896484
1513573200,15.888049125671387,33.53661346435547
1513659600,15.718674659729004,33.27210235595703
1513746000,15.925225257873535,33.234310150146484
1513832400,16.06155014038086,33.38545608520508
1513918800,16.086345672607422,33.49882507324219
1514264400,16.135913848876953,33.51771926879883
1514350800,16.065683364868164,33.555503845214844
1514437200,16.185482025146484,33.64997863769531
1514523600,16.06155014038086,33.33507537841797
1514869200,15.921093940734863,33.712955474853516
1514955600,15.55343246459961,33.02017593383789
1515042000,15.698019981384277,33.12724685668945
1515128400,15.755858421325684,33.05167007446289
1515387600,15.80129623413086,32.994991302490234
1515474000,15.760100364685059,32.87396240234375
1515560400,15.394369125366211,32.92491149902344
1515646800,15.335511207580566,33.19245147705078
1515733200,15.512075424194336,33.03319549560547
1516078800,15.436406135559082,32.90581130981445
1516165200,15.49105453491211,32.94403076171875
1516251600,15.617171287536621,32.83574295043945
1516338000,15.642394065856934,33.06505584716797
1516597200,15.919837951660156,34.0523567199707
1516683600,15.63398265838623,33.90585708618164
1516770000,15.562519073486328,34.53645324707031
1516856400,15.743284225463867,34.58103942871094
1516942800,15.898820877075195,34.85494613647461
1517202000,15.663411140441895,34.479122161865234
1517288400,15.739083290100098,34.33262634277344
1517374800,15.743284225463867,34.44090270996094
1517461200,16.46213722229004,34.587406158447266
1517547600,16.003915786743164,33.74660873413086
1517806800,15.398566246032715,32.16692352294922
1517893200,15.482644081115723,32.377132415771484
1517979600,15.52468490600586,32.49177169799805
1518066000,14.952967643737793,31.236955642700195
1518152400,15.15474796295166,31.77201271057129
1518411600,15.289271354675293,31.91851806640625
1518498000,15.385957717895508,31.89940643310547
1518584400,15.306086540222168,31.53632164001465
1518670800,15.554113388061523,31.682838439941406
1518757200,15.612969398498535,31.944000244140625
1519102800,15.45742416381836,31.160507202148438
1519189200,15.26404857635498,30.54903221130371
1519275600,15.331307411193848,30.49169921875
1519362000,15.436406135559082,30.759227752685547
1519621200,15.74748706817627,31.268800735473633
1519707600,15.499467849731445,30.59998893737793
1519794000,15.259842872619629,30.40889549255371
1519880400,15.133728981018066,30.54903221130371
1519966800,15.280868530273438,30.740121841430664
1520226000,15.427996635437012,31.026758193969727
1520312400,15.499467849731445,31.141408920288086
1520398800,15.516277313232422,31.109548568725586
1520485200,15.600351333618164,31.217845916748047
1520571600,15.5751314163208,31.217845916748047
1520827200,15.705450057983398,31.084083557128906
1520913600,15.71805477142334,30.988536834716797
1521000000,15.566720962524414,30.86113929748535
1521086400,15.570924758911133,30.759227752685547
1521172800,15.554113388061523,30.93120574951172
1521432000,15.37755298614502,30.7719669342041
1521518400,15.27665901184082,30.377044677734375
1521604800,15.133728981018066,30.115882873535156
1521691200,14.86889362335205,29.86109733581543
1521777600,14.587234497070312,29.48529052734375
1522036800,14.583030700683594,29.982128143310547
1522123200,14.671310424804688,30.135007858276367
1522209600,14.94876480102539,30.574501037597656
1522296000,14.986598014831543,30.45984649658203
1522641600,14.755387306213379,30.039457321166992
1522728000,14.86889362335205,30.256017684936523
1522814400,15.083284378051758,30.529916763305664
1522900800,15.192582130432129,30.727378845214844
1522987200,14.978188514709473,30.243270874023438
1523246400,15.064712524414062,30.262636184692383
1523332800,15.338851928710938,31.133358001708984
1523419200,15.098977088928223,30.688318252563477
1523505600,15.06042766571045,30.79151725769043
1523592000,15.051858901977539,30.73992156982422
1523851200,15.266031265258789,31.21075439453125
1523937600,15.146097183227539,31.507448196411133
1524024000,15.081843376159668,31.359106063842773
1524110400,14.91479206085205,31.236553192138672
1524196800,14.85054874420166,30.894716262817383
1524456000,14.94477653503418,31.38490104675293
1524542400,14.991897583007812,32.03633117675781
1524628800,15.077563285827637,32.31367874145508
1524715200,14.178049087524414,32.09437942504883
1524801600,14.152349472045898,33.261802673339844
1525060800,14.00671672821045,31.829936981201172
1525147200,13.938179016113281,31.488107681274414
1525233600,13.732577323913574,30.79796600341797
1525320000,13.681178092956543,30.856016159057617
1525406400,13.76684284210205,31.08176040649414
1525665600,13.724006652832031,30.78506088256836
1525752000,13.578371047973633,30.32712173461914
1525838400,13.449872016906738,29.914335250854492
1525924800,13.655474662780762,30.443220138549805
1526011200,13.831093788146973,31.359106063842773
1526270400,13.788263320922852,31.27525520324707
1526356800,13.745421409606934,30.823766708374023
1526443200,13.835379600524902,30.868915557861328
1526529600,13.67689323425293,30.862459182739258
1526616000,13.728293418884277,30.79151725769043
1526875200,13.959595680236816,31.236553192138672
1526961600,13.891061782836914,31.481647491455078
1527048000,13.84822940826416,31.33975601196289
1527134400,14.040979385375977,31.371990203857422
1527220800,13.92533016204834,31.294597625732422
1527566400,13.84822940826416,31.088199615478516
1527652800,13.951026916503906,31.3461971282959
1527739200,13.843944549560547,30.746366500854492
1527825600,13.908196449279785,30.836671829223633
1528084800,13.882495880126953,30.843107223510742
1528171200,13.998146057128906,30.939870834350586
1528257600,14.29798412322998,31.22365379333496
1528344000,14.482175827026367,31.610645294189453
1528430400,14.490740776062012,31.720300674438477
1528689600,14.640660285949707,31.797685623168945
1528776000,14.71347427368164,31.481647491455078
1528862400,13.801106452941895,30.572227478027344
1528948800,13.929612159729004,30.843107223510742
1529035200,14.19946575164795,30.997913360595703
1529294400,13.788263320922852,30.61092185974121
1529380800,13.87392807006836,31.281705856323242
1529467200,13.706879615783691,31.017263412475586
1529553600,13.535543441772461,31.365554809570312
1529640000,13.574089050292969,32.09437942504883
1529899200,13.582658767700195,31.991186141967773
1529985600,13.544108390808105,31.797685623168945
1530072000,13.556954383850098,31.80413818359375
1530158400,13.788263320922852,32.80386734008789
1530244800,13.75399112701416,32.449119567871094
1530504000,13.796829223632812,32.52006912231445
1530590400,14.011001586914062,32.70067596435547
1530763200,13.963879585266113,33.07475662231445
1530849600,13.998146057128906,33.203758239746094
1531108800,14.055858612060547,33.10588836669922
1531195200,14.208873748779297,33.49736785888672
1531281600,13.933446884155273,33.49736785888672
1531368000,14.090835571289062,33.4321174621582
1531454400,13.846002578735352,33.54303741455078
1531713600,13.94655990600586,33.660491943359375
1531800000,13.885350227355957,33.55607986450195
1531886400,13.863492012023926,33.36686706542969
1531972800,13.671124458312988,33.11240768432617
1532059200,13.5968017578125,33.027591705322266
1532318400,13.553081512451172,33.11240768432617
1532404800,13.850375175476074,33.608280181884766
1532491200,13.22518253326416,33.21680450439453
1532577600,13.268902778625488,33.39297103881836
1532664000,13.588058471679688,33.934505462646484
1532923200,13.990281105041504,34.24769973754883
1533009600,13.97716236114502,33.6931037902832
1533096000,13.94655990600586,33.751827239990234
1533182400,13.924698829650879,33.91494369506836
1533268800,14.108325004577637,34.104156494140625
1533528000,14.03836727142334,34.24116897583008
1533614400,14.165155410766602,34.22813034057617
1533700800,14.14766788482666,34.38472366333008
1533787200,14.204505920410156,34.586971282958984
1533873600,14.103947639465332,34.23464584350586
1534132800,14.082091331481934,34.0715217590332
1534219200,14.095205307006836,34.495628356933594
1534305600,14.195760726928711,34.73704147338867
1534392000,14.466825485229492,35.40907287597656
1534478400,14.440591812133789,35.748355865478516
1534737600,14.475565910339355,35.65700912475586
1534824000,14.602351188659668,35.82665252685547
1534910400,14.287569999694824,35.32425308227539
1534996800,14.204505920410156,35.41560363769531
1535083200,14.2700834274292,35.7418327331543
1535342400,14.353153228759766,35.787506103515625
1535428800,14.28320026397705,35.65700912475586
1535515200,14.090835571289062,35.604820251464844
1535601600,13.97279167175293,35.72226333618164
1535688000,13.964048385620117,35.474327087402344
1536033600,13.929070472717285,34.70442199707031
1536120000,13.999022483825684,35.11545944213867
1536206400,14.068973541259766,35.422119140625
1536292800,14.042742729187012,35.23291778564453
1536552000,14.160783767700195,35.31121063232422
1536638400,14.28320026397705,35.70269012451172
1536724800,14.61109447479248,35.86579513549805
1536811200,14.724771499633789,35.84621810913086
1536897600,14.689793586730957,35.591773986816406
1537156800,14.69853687286377,35.68963623046875
1537243200,14.742255210876465,35.48737716674805
1537329600,14.5892333984375,34.90668487548828
1537416000,14.619840621948242,35.20029067993164
1537502400,14.7684907913208,35.506954193115234
1537761600,14.825325012207031,34.932777404785156
1537848000,14.759746551513672,34.61308288574219
1537934400,14.58049201965332,34.67179489135742
1538020800,14.61109447479248,34.96540832519531
1538107200,14.681048393249512,34.83491134643555
1538366400,14.64169979095459,35.128517150878906
1538452800,14.829692840576172,35.506954193115234
1538539200,14.829692840576172,35.422119140625
1538625600,14.917137145996094,35.89842224121094
1538712000,14.86030101776123,35.84621810913086
1538971200,14.912761688232422,35.89842224121094
1539057600,14.935945510864258,36.276432037353516
1539144000,14.646142959594727,35.841026306152344
1539230400,14.155712127685547,35.18132781982422
1539316800,14.37863540649414,35.44520950317383
1539576000,14.427678108215332,35.359458923339844
1539662400,14.441049575805664,35.4254150390625
1539748800,14.521306991577148,35.59694290161133
1539835200,14.490096092224121,36.05213165283203
1539921600,14.655057907104492,36.217044830322266
1540180800,14.565890312194824,36.26982879638672
1540267200,14.721940040588379,37.740943908691406
1540353600,13.535977363586426,37.87946319580078
1540440000,13.366557121276855,37.226383209228516
1540526400,12.969748497009277,36.61947250366211
1540785600,13.214970588684082,37.259361267089844
1540872000,13.585023880004883,38.38084411621094
1540958400,13.678650856018066,37.661781311035156
1541044800,13.593938827514648,36.97570037841797
1541131200,13.607316017150879,37.358314514160156
1541394000,13.656355857849121,37.740943908691406
1541480400,13.803488731384277,37.740943908691406
1541566800,13.8659086227417,38.03120422363281
1541653200,13.839153289794922,38.440216064453125
1541739600,13.683106422424316,38.565547943115234
1541998800,13.723237991333008,38.73707580566406
1542085200,13.522603034973145,38.69749069213867
1542171600,13.60285472869873,38.882205963134766
1542258000,13.428976058959961,38.97455596923828
1542344400,13.50477123260498,39.72001266479492
1542603600,13.53152084350586,39.990474700927734
1542690000,13.1168794631958,39.225242614746094
1542776400,13.272926330566406,39.027339935302734
1542949200,13.090134620666504,38.684303283691406
1543208400,13.353181838989258,39.033939361572266
1543294800,13.57164478302002,40.01028060913086
1543381200,13.705405235290527,39.621063232421875
1543467600,13.629610061645508,39.218650817871094
1543554000,13.928326606750488,39.77938461303711
1543813200,14.137880325317383,38.367645263671875
1543899600,13.700942993164062,38.321468353271484
1544072400,13.611775398254395,38.31487274169922
1544158800,13.437891960144043,38.05099868774414
1544418000,13.335349082946777,38.440216064453125
1544504400,13.241715431213379,38.82283401489258
1544590800,13.446805953979492,37.7673225402832
1544677200,13.335349082946777,37.661781311035156
1544763600,13.473560333251953,37.65517807006836
1545022800,13.313053131103516,36.909732818603516
1545109200,13.264010429382324,36.71182632446289
1545195600,13.295222282409668,36.85036849975586
1545282000,12.773577690124512,36.32919692993164
1545368400,12.621988296508789,36.230247497558594
1545627600,12.198430061340332,34.99663162231445
1545800400,12.519444465637207,35.91358947753906
1545886800,12.55065631866455,36.38197708129883
1545973200,12.688863754272461,36.46114730834961
1546232400,12.724536895751953,37.08784866333008
1546405200,13.170384407043457,36.95590591430664
1546491600,13.188216209411621,37.08784866333008
1546578000,13.527063369750977,37.180213928222656
1546837200,13.772284507751465,37.417694091796875
1546923600,13.946159362792969,38.51277542114258
1547010000,13.71614933013916,38.02817153930664
1547096400,13.852856636047363,38.39479064941406
1547182800,14.067025184631348,38.67476272583008
1547442000,13.953106880187988,38.681434631347656
1547528400,13.943991661071777,38.72808837890625
1547614800,13.925766944885254,38.048179626464844
1547701200,13.962220191955566,37.88153076171875
1547787600,14.108040809631348,38.054847717285156
1548133200,13.934881210327148,37.988182067871094
1548219600,14.076140403747559,38.50143814086914
1548306000,13.943991661071777,38.04151153564453
1548392400,13.971328735351562,37.59489822387695
1548651600,13.975889205932617,36.708351135253906
1548738000,13.989559173583984,35.51518630981445
1548824400,13.38349723815918,35.99512481689453
1548910800,13.697918891906738,36.70168685913086
1548997200,13.67057991027832,36.36174392700195
1549256400,13.492863655090332,36.021785736083984
1549342800,13.501975059509277,36.08843994140625
1549429200,13.470078468322754,35.85513687133789
1549515600,13.419952392578125,35.70848846435547
1549602000,13.465518951416016,35.961795806884766
1549861200,13.538431167602539,36.028446197509766
1549947600,13.584003448486328,36.275081634521484
1550034000,13.597668647766113,36.3150749206543
1550120400,13.5748872756958,36.01511764526367
1550206800,13.884753227233887,36.768341064453125
1550552400,13.957657814025879,36.954986572265625
1550638800,14.05791187286377,37.16828536987305
1550725200,14.048794746398926,37.428260803222656
1550811600,14.194618225097656,37.941524505615234
1551070800,14.185506820678711,37.84819793701172
1551157200,14.226516723632812,37.7548828125
1551243600,14.153606414794922,37.80820846557617
1551330000,14.180949211120605,37.941524505615234
1551416400,14.044240951538086,37.96818923950195
1551675600,13.661465644836426,37.48825454711914
1551762000,13.647796630859375,37.381591796875
1551848400,13.584003448486328,37.11496353149414
1551934800,13.63412857055664,37.528236389160156
1552021200,13.652350425720215,37.68155288696289
1552276800,13.770831108093262,38.3814582824707
1552363200,13.957657814025879,38.28147888183594
1552449600,13.79817008972168,38.43479537963867
1552536000,13.79817008972168,38.62809753417969
1552622400,13.975889205932617,38.921382904052734
1552881600,14.035131454467773,38.70808410644531
1552968000,13.980449676513672,38.32814407348633
1553054400,13.902979850769043,38.44145202636719
1553140800,14.153606414794922,38.854732513427734
1553227200,14.158164024353027,39.834598541259766
1553486400,14.021455764770508,40.04791259765625
1553572800,14.303987503051758,40.414512634277344
1553659200,14.308540344238281,40.58116149902344
1553745600,14.130824089050293,39.38132095336914
1553832000,14.290312767028809,39.41465377807617
1554091200,14.55916976928711,39.38798522949219
1554177600,14.413347244262695,39.014713287353516
1554264000,14.522716522216797,39.2413444519043
1554350400,14.572839736938477,39.32133865356445
1554436800,14.741443634033203,39.38798522949219
1554696000,14.759668350219727,39.41465377807617
1554782400,14.776074409484863,39.32912826538086
1554868800,14.836572647094727,39.47054672241211
1554955200,14.985492706298828,39.43688201904297
1555041600,14.985492706298828,39.55810546875
1555300800,14.90172290802002,39.53789138793945
1555387200,15.008766174316406,39.59177017211914
1555473600,14.869148254394531,38.91159439086914
1555560000,14.906377792358398,39.0866813659668
1555905600,14.929645538330078,39.308929443359375
1555992000,14.938959121704102,38.487327575683594
1556078400,14.32929801940918,38.440185546875
1556164800,14.119872093200684,37.611839294433594
1556251200,14.278108596801758,38.103458404541016
1556510400,14.371185302734375,38.2785530090332
1556596800,14.40841293334961,38.514259338378906
1556683200,14.32929801940918,38.06305694580078
1556769600,14.250182151794434,38.37957000732422
1556856000,14.287413597106934,38.547935485839844
1557115200,14.23621654510498,38.3256950378418
1557201600,14.208296775817871,38.13713073730469
1557288000,14.101258277893066,37.96877670288086
1557374400,14.138490676879883,38.036109924316406
1557460800,14.250182151794434,38.3256950378418
1557720000,14.180375099182129,38.21794509887695
1557806400,14.468916893005371,38.083255767822266
1557892800,14.543377876281738,38.25835037231445
1557979200,14.715570449829102,38.6422119140625
1558065600,14.799339294433594,39.1203727722168
1558324800,14.980842590332031,39.73992919921875
1558411200,15.083227157592773,40.06991958618164
1558497600,15.022727012634277,39.90155029296875
1558584000,14.95757007598877,39.64564895629883
1558670400,15.01807689666748,39.948692321777344
1559016000,14.859844207763672,39.551368713378906
1559102400,14.850528717041016,39.18097686767578
1559188800,14.827263832092285,38.271820068359375
1559275200,14.23157024383545,36.6016845703125
1559534400,14.468916893005371,37.96877670288086
1559620800,14.650416374206543,37.86102294921875
1559707200,14.743492126464844,38.40650177001953
1559793600,14.938959121704102,38.74997329711914
1559880000,15.120457649230957,38.547935485839844
1560139200,14.859844207763672,37.81389236450195
1560225600,14.943608283996582,38.271820068359375
1560312000,14.976189613342285,38.62875747680664
1560398400,15.027385711669922,38.803836822509766
1560484800,15.055305480957031,39.248321533203125
1560744000,15.032035827636719,38.81058120727539
1560830400,15.09719181060791,38.608551025390625
1560916800,15.083227157592773,38.81058120727539
1561003200,15.143726348876953,38.61527633666992
1561089600,15.101841926574707,38.90485382080078
1561348800,15.162337303161621,39.24159240722656
1561435200,15.148377418518066,39.05975341796875
1561521600,15.139071464538574,38.37957000732422
1561608000,15.348501205444336,38.554664611816406
1561694400,15.595152854919434,38.47385025024414
1561953600,15.557923316955566,38.15733337402344
1562040000,15.748729705810547,39.147300720214844
1562126400,15.813882827758789,39.147300720214844
1562299200,15.962812423706055,39.26850891113281
1562558400,15.939538955688477,38.98566818237305
1562644800,15.923039436340332,38.38884735107422
1562731200,16.027481079101562,38.79035568237305
1562817600,15.885058403015137,38.73591613769531
1562904000,15.975255966186523,38.9196662902832
1563163200,16.00374412536621,39.18506622314453
1563249600,15.942025184631348,39.06938171386719
1563336000,15.79011058807373,38.94007873535156
1563422400,15.709403038024902,38.93327331542969
1563508800,15.566975593566895,38.51134490966797
1563768000,15.253643035888672,37.769554138183594
1563854400,15.234652519226074,37.75595474243164
1563940800,15.780611038208008,38.08940887451172
1564027200,16.051219940185547,38.35481643676758
1564113600,16.212631225585938,38.84480285644531
1564372800,16.30283546447754,39.04214859008789
1564459200,16.226877212524414,38.5385627746582
1564545600,16.165159225463867,37.613037109375
1564632000,16.198389053344727,37.60623550415039
1564718400,16.222129821777344,37.830814361572266
1564977600,15.89930248260498,37.57901382446289
1565064000,16.1224308013916,37.463321685791016
1565150400,16.16990852355957,37.49053955078125
1565236800,16.39777946472168,37.98733139038086
1565323200,16.39777946472168,37.960105895996094
1565582400,16.36930274963379,37.898860931396484
1565668800,16.549701690673828,38.36162185668945
1565755200,16.18414878845215,37.919288635253906
1565841600,16.30283546447754,38.31398010253906
1565928000,16.601926803588867,38.55217361450195
1566187200,16.796571731567383,38.79035568237305
1566273600,16.60667610168457,38.293575286865234
1566360000,16.69213104248047,38.51134490966797
1566446400,16.80132293701172,38.64064407348633
1566532800,16.53071403503418,38.055381774902344
1566792000,16.58293914794922,38.5930061340332
1566878400,16.483240127563477,38.91286087036133
1566964800,16.59718132019043,39.43687057495117
1567051200,16.687381744384766,39.4300537109375
1567137600,16.739606857299805,39.57977294921875
1567483200,16.796571731567383,39.49811553955078
1567569600,16.957984924316406,39.5933952331543
1567656000,17.0386962890625,39.872413635253906
1567742400,17.20960235595703,40.1922492980957
1568001600,17.465967178344727,39.9200439453125
1568088000,17.841018676757812,40.63460159301758
1568174400,18.3917236328125,40.9204216003418
1568260800,18.2208194732666,41.12459182739258
1568347200,17.997684478759766,40.80473709106445
1568606400,17.71283531188965,40.49168395996094
1568692800,17.64162254333496,40.743492126464844
1568779200,17.451730728149414,40.78430938720703
1568865600,17.636878967285156,40.81834030151367
1568952000,17.997684478759766,41.02931213378906
1569211200,17.85051727294922,40.9748649597168
1569297600,17.74607276916504,41.17903137207031
1569384000,17.74607276916504,41.01570510864258
1569470400,17.74607276916504,41.13138198852539
1569556800,17.769807815551758,41.03611373901367
1569816000,17.964454650878906,41.07694625854492
1569902400,17.760316848754883,40.72987365722656
1569988800,17.60364532470703,40.090179443359375
1570075200,17.65587043762207,40.15822982788086
1570161600,17.80778694152832,40.7639045715332
1570420800,17.878999710083008,41.00209426879883
1570507200,17.793546676635742,40.64140319824219
1570593600,17.912105560302734,40.72048568725586
1570680000,18.09099006652832,41.139930725097656
1570766400,18.168338775634766,41.20868682861328
1571025600,18.11515998840332,40.98176574707031
1571112000,18.323047637939453,41.635013580322266
1571198400,18.269868850708008,41.45622634887695
1571284800,18.2795352935791,41.53874206542969
1571371200,18.598615646362305,41.978824615478516
1571630400,18.48259162902832,41.77254104614258
1571716800,18.453577041625977,41.786293029785156
1571803200,18.245695114135742,41.861915588378906
1571889600,17.80091094970703,41.6556396484375
1571976000,17.844425201416016,41.511234283447266
1572235200,18.60828971862793,41.38058853149414
1572321600,18.40039825439453,41.38745880126953
1572408000,18.46808433532715,41.82066345214844
1572494400,18.60828971862793,41.58000183105469
1572580800,18.830678939819336,41.511234283447266
1572843600,18.801668167114258,41.16743469238281
1572930000,18.937034606933594,40.91301345825195
1573016400,18.975717544555664,41.34621047973633
1573102800,19.057903289794922,41.62125778198242
1573189200,19.038562774658203,40.809871673583984
1573448400,19.033729553222656,40.98865509033203
1573534800,18.937034606933594,40.78923416137695
1573621200,18.932201385498047,40.85112762451172
1573707600,18.830678939819336,40.80299377441406
1573794000,19.09657859802246,40.91989517211914
1574053200,19.159427642822266,40.871761322021484
1574139600,18.37139129638672,40.91301345825195
1574226000,17.97495460510254,40.899269104003906
1574312400,18.178009033203125,40.98865509033203
1574398800,18.250524520874023,41.084922790527344
1574658000,18.01363182067871,40.83050537109375
1574744400,18.081315994262695,41.181190490722656
1574830800,18.207015991210938,41.32558059692383
1575003600,18.07164764404297,41.42185592651367
1575262800,18.04263687133789,41.229312896728516
1575349200,18.15383529663086,41.353084564208984
1575435600,18.419742584228516,41.62125778198242
1575522000,18.46324348449707,41.82066345214844
1575608400,18.46808433532715,42.07508087158203
1575867600,18.390729904174805,41.95131301879883
1575954000,18.40039825439453,42.102577209472656
1576040400,18.453577041625977,41.999454498291016
1576126800,18.540597915649414,42.06133270263672
1576213200,18.49709701538086,41.81380081176758
1576472400,18.656635284423828,42.102577209472656
1576558800,18.613117218017578,42.281368255615234
1576645200,18.729150772094727,41.848175048828125
1576731600,18.82101058959961,41.806915283203125
1576818000,18.927366256713867,42.68019104003906
1577077200,18.888689041137695,42.219486236572266
1577163600,18.835508346557617,42.136966705322266
1577336400,18.932201385498047,42.14384841918945
1577422800,18.97087860107422,42.30887222290039
1577682000,18.874187469482422,42.088836669921875
1577768400,18.893526077270508,42.219486236572266
1577941200,18.787166595458984,41.978824615478516
1578027600,18.883853912353516,41.53187561035156
1578286800,18.903194427490234,41.442481994628906
1578373200,18.975717544555664,40.98176574707031
1578459600,19.033729553222656,41.05741500854492
1578546000,19.09202766418457,40.88718795776367
1578632400,18.978857040405273,40.984458923339844
1578891600,18.74758529663086,41.09563064575195
1578978000,18.742666244506836,41.01921463012695
1579064400,18.6344051361084,41.06088638305664
1579150800,18.713138580322266,41.456905364990234
1579237200,18.885360717773438,41.7765007019043
1579582800,18.954252243041992,41.908512115478516
1579669200,19.21011734008789,42.01966857910156
1579755600,19.008380889892578,42.04051208496094
1579842000,18.94440460205078,41.88071060180664
1580101200,18.82139778137207,41.6236457824707
1580187600,18.983776092529297,42.17252731323242
1580274000,18.23091697692871,41.35963821411133
1580360400,18.417903900146484,41.24153137207031
1580446800,18.511396408081055,41.29711151123047
1580706000,18.186630249023438,40.331382751464844
1580792400,18.516313552856445,40.49812698364258
1580878800,18.604887008666992,41.08173370361328
1580965200,18.914886474609375,41.29711151123047
1581051600,18.919803619384766,41.64449691772461
1581310800,18.86568260192871,41.85293197631836
1581397200,18.782032012939453,40.77603530883789
1581483600,18.718061447143555,40.45643997192383
1581570000,18.850915908813477,40.74824905395508
1581656400,18.82139778137207,40.650978088378906
1582002000,18.826316833496094,40.23411178588867
1582088400,18.914886474609375,40.44949722290039
1582174800,18.998533248901367,40.35916519165039
1582261200,18.96901512145996,40.43559646606445
1582520400,18.72298240661621,40.28968811035156
1582606800,18.378538131713867,39.68524169921875
1582693200,18.255523681640625,39.699134826660156
1582779600,17.581396102905273,38.25402069091797
1582866000,17.33045196533203,37.62872314453125
1583125200,18.294885635375977,39.824195861816406
1583211600,17.86187171936035,38.69866943359375
1583298000,18.78694725036621,40.3800048828125
1583384400,18.294885635375977,39.71303939819336
1583470800,18.2210750579834,39.51154708862305
1583726400,17.069650650024414,38.78899002075195
1583812800,17.64044952392578,39.26838302612305
1583899200,16.985998153686523,38.0942268371582
1583985600,15.416318893432617,35.57221221923828
1584072000,16.961393356323242,37.63566970825195
1584331200,15.652507781982422,35.426307678222656
1584417600,16.602191925048828,37.732948303222656
1584504000,16.16425323486328,37.739891052246094
1584590400,15.327753067016602,37.2535514831543
1584676800,13.999178886413574,35.989078521728516
1584936000,13.172515869140625,34.95386505126953
1585022400,13.822035789489746,34.73154830932617
1585108800,13.974578857421875,34.696800231933594
1585195200,15.057116508483887,37.19797134399414
1585281600,14.683146476745605,36.663002014160156
1585540800,14.875053405761719,38.05253601074219
1585627200,14.343623161315918,37.329978942871094
1585713600,13.802350997924805,36.76721954345703
1585800000,14.151719093322754,38.386024475097656
1585886400,13.512042045593262,38.003902435302734
1586145600,14.486319541931152,39.39344024658203
1586232000,14.801239013671875,39.587974548339844
1586318400,15.05226993560791,40.157691955566406
1586404800,15.475287437438965,40.336753845214844
1586750400,15.203347206115723,39.79602813720703
1586836800,15.676721572875977,40.828330993652344
1586923200,15.152987480163574,39.97861862182617
1587009600,15.188239097595215,40.49125671386719
1587096000,15.727075576782227,41.05305480957031
1587355200,15.601181983947754,40.821311950683594
1587441600,15.042195320129395,39.90137481689453
1587528000,14.840764999389648,40.722991943359375
1587614400,14.85587215423584,40.44209671020508
1587700800,14.96162223815918,40.68086624145508
1587960000,15.37960433959961,40.596595764160156
1588046400,15.434998512268066,40.61063766479492
1588132800,15.82779598236084,40.81428909301758
1588219200,15.344354629516602,40.343780517578125
1588305600,15.057307243347168,39.90839385986328
1588564800,14.906232833862305,39.494075775146484
1588651200,14.976734161376953,39.68367385864258
1588737600,14.498322486877441,39.072723388671875
1588824000,14.548683166503906,39.03059387207031
1588910400,15.00191593170166,40.02777862548828
1589169600,14.795440673828125,39.60642623901367
1589256000,14.548683166503906,38.94632339477539
1589342400,14.145807266235352,38.51795196533203
1589428800,14.392571449279785,38.560096740722656
1589515200,14.256600379943848,38.41963195800781
1589774400,14.830695152282715,39.128902435302734
1589860800,14.583931922912598,38.187904357910156
1589947200,14.901193618774414,38.103641510009766
1590033600,14.991838455200195,37.89998245239258
1590120000,15.047234535217285,37.99126052856445
1590465600,15.520613670349121,38.13172149658203
1590552000,16.039306640625,38.72159957885742
1590638400,15.64146900177002,39.128902435302734
1590724800,15.540750503540039,40.29462432861328
1590984000,15.57599925994873,39.1710319519043
1591070400,15.606219291687012,39.60642623901367
1591156800,15.868083000183105,39.90839385986328
1591243200,16.01412582397461,40.18226623535156
1591329600,16.502609252929688,40.547428131103516
1591588800,16.734256744384766,40.793216705322266
1591675200,16.42706871032715,40.63170623779297
1591761600,16.185344696044922,40.76512908935547
1591848000,15.19327449798584,39.64154052734375
1591934400,15.359460830688477,39.697715759277344
1592193600,15.359460830688477,39.43087387084961
1592280000,15.500463485717773,39.971588134765625
1592366400,15.23859977722168,39.781986236572266
1592452800,15.28392219543457,39.950531005859375
1592539200,15.263776779174805,39.43789291381836
1592798400,15.163064002990723,39.0867805480957
1592884800,15.233563423156738,38.581153869628906
1592971200,14.81558609008789,37.871891021728516
1593057600,14.96666145324707,38.117671966552734
1593144000,14.644360542297363,37.3311653137207
1593403200,15.062341690063477,38.40559768676758
1593489600,15.223492622375488,38.7145881652832
1593576000,15.057307243347168,38.39155197143555
1593662400,15.147951126098633,38.475826263427734
1594008000,15.354427337646484,38.79182434082031
1594094400,15.268813133239746,38.65138626098633
1594180800,15.339319229125977,38.8901481628418
1594267200,15.2200288772583,38.30428695678711
1594353600,15.524023056030273,38.69485855102539
1594612800,15.333378791809082,38.66645812988281
1594699200,15.43642807006836,39.369476318359375
1594785600,15.462186813354492,39.09963607788086
1594872000,15.657976150512695,39.61091613769531
1594958400,15.585845947265625,39.98019027709961
1595217600,15.379749298095703,39.674835205078125
1595304000,15.585845947265625,39.653533935546875
1595390400,15.539472579956055,39.58961868286133
1595476800,15.40551471710205,39.66063690185547
1595563200,15.23548412322998,40.37076187133789
1595822400,15.091221809387207,40.38496017456055
1595908800,15.297311782836914,40.81813430786133
1595995200,15.23033332824707,40.79684066772461
1596081600,15.23548412322998,40.69032669067383
1596168000,15.240641593933105,40.81813430786133
1596427200,15.261246681213379,40.6477165222168
1596513600,15.462186813354492,41.12350082397461
1596600000,15.379749298095703,40.86075973510742
1596686400,15.37459659576416,41.06668472290039
1596772800,15.467338562011719,41.563777923583984
1597032000,15.560081481933594,41.89043045043945
1597118400,15.560081481933594,41.5495719909668
1597204800,15.54977798461914,41.61347579956055
1597291200,15.410662651062012,41.556671142578125
1597377600,15.462186813354492,41.7484130859375
1597636800,15.379749298095703,41.741302490234375
1597723200,15.34883975982666,42.02534866333008
1597809600,15.31792163848877,41.93303680419922
1597896000,15.287009239196777,41.86913299560547
1597982400,15.297311782836914,41.89043045043945
1598241600,15.472495079040527,42.302310943603516
1598328000,15.40551471710205,42.1957893371582
1598414400,15.451887130737305,42.22419738769531
1598500800,15.40551471710205,42.2028923034668
1598587200,15.47764778137207,42.082176208496094
1598846400,15.359148025512695,42.089271545410156
1598932800,15.18396282196045,42.01116180419922
1599019200,15.302468299865723,42.98403549194336
1599105600,15.245790481567383,43.04084014892578
1599192000,15.158203125,42.948524475097656
1599537600,15.204575538635254,42.57926559448242
1599624000,15.132441520690918,42.63606262207031
1599710400,14.895434379577637,42.27390670776367
1599796800,14.941802978515625,42.45854187011719
1600056000,15.013935089111328,42.83489990234375
1600142400,15.00362777709961,43.03373336791992
1600228800,15.065463066101074,42.87040328979492
1600315200,14.977871894836426,43.02664566040039
1600401600,14.905734062194824,42.85620880126953
1600660800,14.751168251037598,42.33070755004883
1600747200,14.689336776733398,42.47984313964844
1600833600,14.359587669372559,41.8336296081543
1600920000,14.447175979614258,42.03245544433594
1601006400,14.447175979614258,42.17448806762695
1601265600,14.622357368469238,42.15317916870117
1601352000,14.58114242553711,42.06796646118164
1601438400,14.689336776733398,42.24550247192383
1601524800,14.679033279418945,42.21709060668945
1601611200,14.776924133300781,42.06796646118164
1601870400,14.77177619934082,42.3662223815918
1601956800,14.79238510131836,42.22419738769531
1602043200,14.838754653930664,42.33070755004883
1602129600,15.101879119873047,42.47998809814453
1602216000,14.94880199432373,42.58047866821289
1602475200,14.848509788513184,42.73835754394531
1602561600,14.647927284240723,42.60200119018555
1602648000,14.510685920715332,41.93454360961914
1602734400,14.489571571350098,41.740779876708984
1602820800,14.426229476928711,41.66182327270508
1603080000,14.18869400024414,41.123565673828125
1603166400,14.125350952148438,41.087677001953125
1603252800,14.104235649108887,40.72882843017578
1603339200,14.927689552307129,41.14509582519531
1603425600,14.684876441955566,41.59722900390625
1603684800,14.452624320983887,41.48958206176758
1603771200,14.209807395935059,41.180973052978516
1603857600,13.988112449645996,40.413055419921875
1603944000,14.125350952148438,40.73600387573242
1604030400,14.262596130371094,40.90107727050781
1604293200,14.431504249572754,41.41062927246094
1604379600,14.494848251342773,41.4465217590332
1604466000,14.273151397705078,41.066139221191406
1604552400,14.521242141723633,41.733604431152344
1604638800,14.484293937683105,42.00632095336914
1604898000,14.93824577331543,42.94649124145508
1604984400,15.22856616973877,43.85078048706055
1605070800,15.165223121643066,43.77900695800781
1605157200,15.012144088745117,43.62830352783203
1605243600,15.260233879089355,43.82207107543945
1605502800,15.291908264160156,43.70005798339844
1605589200,15.323578834533691,43.59959030151367
1605675600,15.107157707214355,43.29097366333008
1605762000,14.927689552307129,43.21202850341797
1605848400,14.94880199432373,43.09002685546875
1606107600,15.107157707214355,43.22639083862305
1606194000,15.429145812988281,43.52063751220703
1606280400,15.302468299865723,43.35557556152344
1606453200,15.323578834533691,43.47758102416992
1606712400,15.175782203674316,43.35557556152344
1606798800,15.239120483398438,43.47758102416992
1606885200,15.355249404907227,44.037376403808594
1606971600,15.429145812988281,44.310096740722656
1607058000,15.592784881591797,44.17374038696289
1607317200,15.645567893981934,44.030208587646484
1607403600,16.263160705566406,44.10197448730469
1607490000,16.606264114379883,44.10914611816406
1607576400,16.199810028076172,43.427337646484375
1607662800,16.368728637695312,43.3125114440918
1607922000,16.12591552734375,43.04697036743164
1608008400,16.141752243041992,43.4560546875
1608094800,15.98867416381836,42.99672317504883
1608181200,15.635013580322266,43.06848907470703
1608267600,15.518880844116211,43.39146041870117
1608526800,15.313021659851074,42.6953010559082
1608613200,14.991031646728516,42.33645248413086
1608699600,15.175782203674316,42.31492233276367
1608786000,15.144109725952148,42.22880554199219
1609131600,15.070211410522461,42.32927322387695
1609218000,15.064931869506836,42.20726776123047
1609304400,15.038535118103027,41.726417541503906
1609390800,15.181056022644043,42.16421127319336
1609736400,15.539998054504395,42.23597717285156
1609822800,15.444982528686523,42.04220199584961
1609909200,15.745861053466797,42.5517578125
1609995600,15.78808879852295,42.45600891113281
1610082000,15.67921257019043,41.926483154296875
1610341200,15.598167419433594,41.67985916137695
1610427600,15.53333568572998,41.53479766845703
1610514000,15.457691192626953,41.389713287353516
1610600400,15.825089454650879,41.37520980834961
1610686800,15.760252952575684,41.62183380126953
1611032400,15.64138412475586,41.38246154785156
1611118800,15.646795272827148,41.53479766845703
1611205200,15.576554298400879,41.54204177856445
1611291600,15.630582809448242,41.68711471557617
1611550800,15.727836608886719,42.376216888427734
1611637200,16.073623657226562,41.034278869628906
1611723600,15.744044303894043,39.98974609375
1611810000,15.560344696044922,40.16383361816406
1611896400,15.468493461608887,39.714107513427734
1612155600,15.479307174682617,39.373172760009766
1612242000,15.419876098632812,39.53276443481445
1612328400,15.403660774230957,39.743125915527344
1612414800,15.608973503112793,39.997005462646484
1612501200,15.630582809448242,40.12757110595703
1612760400,15.544135093688965,39.93171310424805
1612846800,15.463092803955078,39.89544677734375
1612933200,15.425272941589355,39.86643600463867
1613019600,15.5009126663208,39.60530090332031
1613106000,15.560344696044922,39.315155029296875
1613451600,15.652195930480957,39.27888870239258
1613538000,15.97636890411377,41.33893585205078
1613624400,15.792670249938965,41.33168411254883
1613710800,15.668404579162598,40.947235107421875
1613970000,15.841300010681152,40.947235107421875
1614056400,15.765653610229492,41.36795425415039
1614142800,15.873716354370117,41.4332389831543
1614229200,15.468493461608887,40.98350524902344
1614315600,15.068680763244629,40.113059997558594
1614574800,15.176736831665039,40.156578063964844
1614661200,15.24697494506836,39.880943298339844
1614747600,15.517121315002441,40.171085357666016
1614834000,15.625185012817383,39.7503662109375
1614920400,16.00338363647461,40.62082290649414
1615179600,16.203290939331055,41.1938591003418
1615266000,16.014188766479492,40.765892028808594
1615352400,16.203290939331055,41.40422439575195
1615438800,15.960162162780762,40.265384674072266
1615525200,16.10603904724121,40.35243225097656
1615780800,16.170873641967773,40.35968780517578
1615867200,16.203290939331055,40.35968780517578
1615953600,16.289735794067383,40.43947982788086
1616040000,16.214094161987305,40.8456916809082
1616126400,16.079021453857422,40.794918060302734
1616385600,16.203290939331055,41.04878616333008
1616472000,16.208694458007812,41.280906677246094
1616558400,16.203290939331055,41.35344696044922
1616644800,16.251914978027344,41.62183380126953
1616731200,16.37618637084961,42.20212936401367
1616990400,16.511255264282227,42.67362976074219
1617076800,16.603107452392578,42.499542236328125
1617163200,16.354572296142578,42.18037414550781
1617249600,16.462629318237305,42.28917694091797
1617595200,16.592296600341797,42.702640533447266
1617681600,16.738178253173828,42.87672805786133
1617768000,16.711164474487305,42.79694366455078
1617854400,16.577701568603516,42.23092269897461
1617940800,16.599807739257812,42.15028762817383
1618200000,16.55559730529785,42.186927795410156
1618286400,16.373247146606445,42.24559020996094
1618372800,16.428504943847656,42.30424880981445
1618459200,16.43955421447754,42.30424880981445
1618545600,16.55006980895996,42.7294807434082
1618804800,16.572175979614258,42.81013107299805
1618891200,16.516918182373047,42.81013107299805
1618977600,16.63848876953125,42.62683868408203
1619064000,17.329225540161133,41.99630355834961
1619150400,17.3513240814209,42.0109748840332
1619409600,17.08055877685547,41.74703598022461
1619496000,17.00319480895996,41.29245376586914
1619582400,17.108190536499023,41.37310791015625
1619668800,17.31816864013672,42.025630950927734
1619755200,17.356855392456055,42.3702278137207
1620014400,17.406587600708008,42.46554183959961
1620100800,17.69393539428711,42.96410369873047
1620187200,17.6994571685791,43.030094146728516
1620273600,17.90944480895996,43.469993591308594
1620360000,17.77130126953125,43.052085876464844
1620619200,18.031015396118164,43.63861846923828
1620705600,17.826553344726562,42.920108795166016
1620792000,17.666303634643555,42.824798583984375
1620878400,17.798921585083008,43.11806869506836
1620964800,17.815505981445312,43.030094146728516
1621224000,17.334753036499023,42.480201721191406
1621310400,16.329038619995117,41.92298889160156
1621396800,16.003009796142578,41.732357025146484
1621483200,16.378768920898438,41.63705062866211
1621569600,16.583223342895508,41.72502899169922
1621828800,16.43955421447754,41.7763557434082
1621915200,16.312458038330078,41.409767150878906
1622001600,16.329038619995117,41.3217887878418
1622088000,16.417451858520508,41.27046585083008
1622174400,16.262725830078125,41.41709518432617
1622520000,16.20194435119629,41.33644485473633
1622606400,16.36219596862793,41.53440475463867
1622692800,16.15220832824707,41.7763557434082
1622779200,16.17430877685547,42.0109748840332
1623038400,16.069318771362305,41.93765640258789
1623124800,16.014062881469727,41.901004791259766
1623211200,16.0306339263916,41.82767868041992
1623297600,16.124574661254883,42.0402946472168
1623384000,16.20194435119629,42.0329704284668
1623643200,16.074844360351562,41.92298889160156
1623729600,16.17983627319336,42.003639221191406
1623816000,16.058269500732422,41.52707290649414
1623902400,15.881440162658691,41.44643020629883
1623988800,15.831709861755371,40.92587661743164
1624248000,15.986429214477539,41.34378433227539
1624334400,15.903544425964355,41.32911682128906
1624420800,15.831709861755371,41.109169006347656
1624507200,15.90906810760498,41.32911682128906
1624593600,15.96432876586914,41.33644485473633
1624852800,15.903544425964355,41.189815521240234
1624939200,15.837233543395996,40.940528869628906
1625025600,15.903544425964355,41.079837799072266
1625112000,16.08589744567871,41.27046585083008
1625198400,16.15220832824707,41.38043975830078
1625544000,16.03616714477539,41.35844421386719
1625630400,15.986429214477539,41.44643020629883
1625716800,15.951607704162598,41.28183364868164
1625803200,16.104440689086914,41.570987701416016
1626062400,16.121421813964844,41.63029861450195
1626148800,16.002552032470703,41.5858154296875
1626235200,15.996891021728516,41.7563362121582
1626321600,16.093122482299805,41.92686080932617
1626408000,16.042173385620117,41.860137939453125
1626667200,15.730838775634766,41.400455474853516
1626753600,15.7987699508667,41.20769500732422
1626840000,15.793110847473145,41.48200988769531
1626926400,15.855377197265625,41.48200988769531
1627012800,15.9346284866333,41.43011474609375
1627272000,15.951607704162598,41.35597610473633
1627358400,15.962928771972656,41.6673698425293
1627444800,15.855377197265625,41.311492919921875
1627531200,16.013872146606445,41.50425720214844
1627617600,15.878019332885742,41.35597610473633
1627876800,15.911981582641602,41.341148376464844
1627963200,15.957265853881836,41.31890106201172
1628049600,15.76480484008789,41.05199432373047
1628136000,15.815749168395996,41.00009536743164
1628222400,15.827075958251953,40.940792083740234
1628481600,15.76480484008789,40.866641998291016
1628568000,15.90065860748291,41.1335563659668
1628654400,15.940284729003906,41.200279235839844
1628740800,15.861034393310547,41.252174377441406
1628827200,15.957265853881836,41.422698974609375
1629086400,15.962928771972656,41.50425720214844
1629172800,15.957265853881836,41.65253448486328
1629259200,15.753483772277832,41.126136779785156
1629345600,15.583663940429688,41.05199432373047
1629432000,15.606308937072754,41.1632080078125
1629691200,15.5780029296875,41.08906555175781
1629777600,15.538379669189453,40.78508758544922
1629864000,15.527059555053711,40.72578430175781
1629950400,15.294973373413086,40.48111343383789
1630036800,15.3572416305542,40.607147216796875
1630296000,15.413848876953125,40.607147216796875
1630382400,15.521400451660156,40.77766799926758
1630468800,15.391204833984375,40.733192443847656
1630555200,15.645931243896484,40.9926872253418
1630641600,15.600643157958984,41.09648132324219
1630987200,15.521400451660156,40.64421463012695
1631073600,15.623287200927734,40.710941314697266
1631160000,15.521400451660156,40.36248016357422
1631246400,15.38554573059082,40.206783294677734
1631505600,15.5780029296875,40.49592971801758
1631592000,15.470453262329102,40.340240478515625
1631678400,15.606308937072754,40.4588737487793
1631764800,15.623287200927734,40.355064392089844
1631851200,15.583663940429688,40.24384689331055
1632110400,15.402525901794434,40.22903060913086
1632196800,15.261011123657227,40.058502197265625
1632283200,15.28931713104248,40.080745697021484
1632369600,15.391204833984375,40.34764862060547
1632456000,15.3572416305542,40.310577392578125
1632715200,15.510078430175781,40.384727478027344
1632801600,15.419508934020996,40.15489196777344
1632888000,15.510078430175781,40.3180046081543
1632974400,15.28931713104248,40.043678283691406
1633060800,15.374222755432129,40.25868225097656
1633320000,15.425167083740234,40.40696716308594
1633406400,15.48177433013916,40.41437530517578
1633492800,15.45913314819336,40.4292106628418
1633579200,15.731178283691406,40.436710357666016
1633665600,15.545351028442383,39.94157409667969
1633924800,15.115632057189941,39.146339416503906
1634011200,14.767213821411133,38.508644104003906
1634097600,14.691727638244629,38.523658752441406
1634184000,14.877549171447754,38.95127487182617
1634270400,14.924006462097168,39.2138557434082
1634529600,14.709146499633789,38.94377517700195
1634616000,14.860128402709961,39.27387237548828
1634702400,15.045951843261719,40.21915054321289
1634788800,14.95884895324707,40.05410385131836
1634875200,14.802056312561035,39.709007263183594
1635134400,14.88916301727295,39.4464225769043
1635220800,14.732373237609863,39.821533203125
1635307200,14.552353858947754,39.48393630981445
1635393600,14.836897850036621,39.611473083496094
1635480000,14.668499946594238,39.7540168762207
1635739200,14.732373237609863,39.7239990234375
1635825600,14.65107250213623,39.43892288208008
1635912000,14.622041702270508,39.71649932861328
1635998400,14.401376724243164,38.89876937866211
1636084800,14.575582504272461,39.19134521484375
1636347600,14.447832107543945,39.25886917114258
1636434000,14.34911060333252,39.19134521484375
1636520400,14.48847770690918,39.461429595947266
1636606800,14.47105884552002,39.348899841308594
1636693200,14.482674598693848,39.26636505126953
1636952400,14.401376724243164,39.31138229370117
1637038800,14.320076942443848,39.056312561035156
1637125200,14.320076942443848,38.80873489379883
1637211600,14.163286209106445,38.44113540649414
1637298000,14.01230239868164,38.15605163574219
1637557200,14.343305587768555,38.666194915771484
1637643600,14.378148078918457,38.82373809814453
1637730000,14.209741592407227,38.75623321533203
1637902800,14.064567565917969,38.86125564575195
1638162000,13.87293529510498,38.75623321533203
1638248400,13.257393836975098,37.71342468261719
1638334800,12.908973693847656,37.33831787109375
1638421200,13.385147094726562,38.05852127075195
1638507600,13.623235702514648,38.576171875
1638766800,13.518710136413574,38.313602447509766
1638853200,13.402570724487305,38.10353469848633
1638939600,13.454833984375,37.878475189208984
1639026000,13.321272850036621,37.63088607788086
1639112400,13.263199806213379,37.653411865234375
1639371600,13.030922889709473,37.720924377441406
1639458000,12.943817138671875,37.99850845336914
1639544400,12.874131202697754,37.923484802246094
1639630800,13.768409729003906,39.57395935058594
1639717200,13.809060096740723,39.88904571533203
1639976400,14.04714584350586,39.829036712646484
1640062800,14.209741592407227,39.59646224975586
1640149200,14.389759063720703,39.58897018432617
1640235600,14.442024230957031,39.52144241333008
1640581200,14.389759063720703,39.52144241333008
1640667600,14.41298770904541,39.551456451416016
1640754000,14.308460235595703,39.281375885009766
1640840400,14.389759063720703,39.198856353759766
1640926800,14.285233497619629,38.981285095214844
1641186000,14.767213821411133,39.341400146484375
1641272400,14.88916301727295,40.11412048339844
1641358800,15.220162391662598,40.5267333984375
1641445200,15.162091255187988,40.3316764831543
1641531600,15.680076599121094,41.18204879760742
1641790800,15.781472206115723,40.901119232177734
1641877200,15.709897994995117,40.688533782958984
1641963600,15.775501251220703,40.58222961425781
1642050000,15.984254837036133,40.63538360595703
1642136400,16.21089744567871,40.453163146972656
1642482000,16.288433074951172,40.56705093383789
1642568400,16.270544052124023,40.62019729614258
1642654800,16.11546516418457,40.54427719116211
1642741200,15.87093448638916,40.36204528808594
1643000400,15.709897994995117,40.21019744873047
1643086800,15.793396949768066,40.164649963378906
1643173200,14.463366508483887,38.73724365234375
1643259600,14.385831832885742,38.8663215637207
1643346000,15.035935401916504,40.164649963378906
1643605200,15.208902359008789,40.41519546508789
1643691600,14.564757347106934,40.392417907714844
1643778000,14.636333465576172,40.84797286987305
1643864400,14.648260116577148,40.84038162231445
1643950800,14.361971855163574,40.47593688964844
1644210000,14.272509574890137,40.240570068359375
1644296400,14.278471946716309,40.103904724121094
1644382800,14.612475395202637,40.62019729614258
1644469200,14.463366508483887,40.27094268798828
1644555600,14.391791343688965,40.4835319519043
1644814800,14.344079971313477,40.4455680847168
1644901200,14.517044067382812,40.51390075683594
1644987600,14.278471946716309,40.54427719116211
1645074000,14.171113967895508,40.68095016479492
1645160400,14.236724853515625,40.87075424194336
1645506000,14.165153503417969,40.92390060424805
1645592400,14.022007942199707,40.55186462402344
1645678800,13.855010986328125,39.92927932739258
1645765200,14.260579109191895,41.090938568115234
1646024400,14.129368782043457,40.749271392822266
1646110800,14.033936500549316,40.70371627807617
1646197200,14.206901550292969,41.10611343383789
1646283600,14.260579109191895,41.50093078613281
1646370000,14.236724853515625,41.84259796142578
1646629200,14.057794570922852,41.5161247253418
1646715600,13.7178316116333,40.43038558959961
1646802000,13.872902870178223,40.30131149291992
1646888400,13.831155776977539,40.41519546508789
1646974800,13.831155776977539,40.27094268798828
1647230400,13.65222454071045,39.8609504699707
1647316800,13.77150821685791,40.058349609375
1647403200,13.831155776977539,39.853355407714844
1647489600,13.831155776977539,39.7546501159668
1647576000,13.849044799804688,38.57019805908203
1647835200,13.813258171081543,38.79798889160156
1647921600,13.843082427978516,38.72205352783203
1648008000,13.843082427978516,38.699275970458984
1648094400,13.914652824401855,38.72205352783203
1648180800,14.218829154968262,38.93465805053711
1648440000,14.236724853515625,38.85112762451172
1648526400,14.308293342590332,38.91187286376953
1648612800,14.397758483886719,39.185203552246094
1648699200,14.093579292297363,38.67649841308594
1648785600,14.30233097076416,39.572425842285156
1649044800,14.421615600585938,39.830570220947266
1649131200,14.248650550842285,40.07352828979492
1649217600,14.33215045928955,40.392417907714844
1649304000,14.153225898742676,40.476951599121094
1649390400,14.397758483886719,41.13787078857422
1649649600,15.501221656799316,41.42221450805664
1649736000,15.445942878723145,41.245460510253906
1649822400,15.556493759155273,41.60664749145508
1649908800,15.65261459350586,41.36842346191406
1650254400,15.588529586791992,41.030269622802734
1650340800,15.612564086914062,41.30693054199219
1650427200,15.564499855041504,41.81414794921875
1650513600,16.189321517944336,42.27524948120117
1650600000,15.6365966796875,39.89289474487305
1650859200,15.628588676452637,38.64024353027344
1650945600,15.460362434387207,37.97164535522461
1651032000,15.276117324829102,37.24156951904297
1651118400,15.556493759155273,37.19546127319336
1651204800,15.107897758483887,35.58160400390625
1651464000,15.316173553466797,35.52780532836914
1651550400,15.484396934509277,36.25019836425781
1651636800,15.981049537658691,37.172401428222656
1651723200,15.981049537658691,36.76510238647461
1651809600,16.045133590698242,37.095550537109375
1652068800,15.660626411437988,37.36452865600586
1652155200,15.50842571258545,36.98796081542969
1652241600,15.564499855041504,36.795841217041016
1652328000,15.796805381774902,36.93416976928711
1652414400,15.89293098449707,37.02638626098633
1652673600,16.245393753051758,37.687294006347656
1652760000,16.47770118713379,37.61043930053711
1652846400,16.20534324645996,37.572021484375
1652932800,16.189321517944336,37.73340606689453
1653019200,16.341524124145508,38.06385803222656
1653278400,16.61387825012207,38.171451568603516
1653364800,16.9503231048584,38.94763946533203
1653451200,17.062471389770508,39.37800598144531
1653537600,17.078495025634766,39.185874938964844
1653624000,17.054460525512695,39.50096130371094
1653969600,17.054460525512695,39.41642761230469
1654056000,16.998390197753906,39.50096130371094
1654142400,16.97435760498047,39.41642761230469
1654228800,16.742046356201172,39.047550201416016
1654488000,16.77409553527832,39.37800598144531
1654574400,16.934303283691406,39.693092346191406
1654660800,16.86220932006836,39.616233825683594
1654747200,16.72602653503418,39.14744567871094
1654833600,16.57382583618164,39.05522537231445
1655092800,15.82884693145752,38.1099739074707
1655179200,15.580525398254395,37.77951431274414
1655265600,15.572510719299316,37.7718391418457
1655352000,15.188003540039062,37.533599853515625
1655438400,15.524446487426758,37.67961120605469
1655784000,15.989058494567871,38.924591064453125
1655870400,16.277441024780273,39.03217315673828
1655956800,16.509742736816406,40.03123092651367
1656043200,16.81414222717285,39.162818908691406
1656302400,16.645925521850586,39.162818908691406
1656388800,16.509742736816406,38.77857208251953
1656475200,16.7821044921875,39.14744567871094
1656561600,16.790111541748047,39.001434326171875
1656648000,17.070480346679688,39.685401916503906
1656993600,16.958332061767578,39.51632308959961
1657080000,16.894248962402344,39.58549118041992
1657166400,16.942312240600586,39.46098327636719
1657252800,16.88387107849121,39.28978729248047
1657512000,16.770231246948242,39.29757308959961
1657598400,16.721521377563477,39.51545333862305
1657684800,16.599767684936523,39.30535125732422
1657771200,16.502355575561523,39.28978729248047
1657857600,16.697174072265625,39.70222091674805
1658116800,16.664709091186523,39.126380920410156
1658203200,16.88387107849121,39.2586669921875
1658289600,16.624116897583008,38.184791564941406
1658376000,15.357827186584473,37.08757019042969
1658462400,14.935729026794434,34.58964538574219
1658721600,15.041257858276367,34.83087158203125
1658808000,14.854559898376465,34.955387115478516
1658894400,14.927617073059082,34.947601318359375
1658980800,15.081843376159668,35.44563293457031
1659067200,15.244185447692871,35.94365692138672
1659326400,15.20359992980957,35.99812698364258
1659412800,14.9032621383667,35.2822151184082
1659499200,14.911378860473633,35.274436950683594
1659585600,14.830204010009766,34.5740852355957
1659672000,14.89514446258545,34.978729248046875
1659931200,14.611040115356445,34.6596794128418
1660017600,14.69221305847168,34.76862716674805
1660104000,14.619159698486328,34.893123626708984
1660190400,14.643508911132812,34.846439361572266
1660276800,14.830204010009766,35.13436508178711
1660536000,14.927617073059082,35.45341873168945
1660622400,15.073722839355469,35.64017868041992
1660708800,14.9519681930542,35.2822151184082
1660795200,14.9600830078125,34.38732147216797
1660881600,14.9600830078125,34.5662956237793
1661140800,14.716565132141113,34.371761322021484
1661227200,14.659746170043945,33.8270378112793
1661313600,14.619159698486328,33.8892936706543
1661400000,14.684098243713379,34.037147521972656
1661486400,14.521751403808594,33.65584182739258
1661745600,14.432462692260742,33.71809768676758
1661832000,14.464932441711426,33.095558166503906
1661918400,14.237648963928223,32.535274505615234
1662004800,14.205178260803223,32.535274505615234
1662091200,13.953543663024902,32.13840866088867
1662436800,13.628856658935547,31.982778549194336
1662523200,13.693791389465332,31.967208862304688
1662609600,13.612622261047363,32.15397644042969
1662696000,13.82366943359375,32.86989212036133
1662955200,14.107769012451172,33.274532318115234
1663041600,13.661323547363281,32.48858642578125
1663128000,13.612622261047363,32.12284851074219
1663214400,13.604503631591797,31.928302764892578
1663300800,13.588268280029297,32.099510192871094
1663560000,13.604503631591797,32.09172821044922
1663646400,13.442156791687012,31.585906982421875
1663732800,13.190522193908691,30.722143173217773
1663819200,13.182405471801758,31.072322845458984
1663905600,12.995709419250488,30.753267288208008
1664164800,12.71972370147705,30.294143676757812
1664251200,12.768424034118652,30.26302146911621
1664337600,12.84959888458252,30.652101516723633
1664424000,12.60608196258545,30.068477630615234
1664510400,12.451854705810547,29.547101974487305
1664769600,12.906421661376953,30.473129272460938
1664856000,13.060648918151855,30.97893714904785
1664942400,12.93077278137207,30.659889221191406
1665028800,12.656492233276367,29.94218635559082
1665115200,12.342558860778809,29.15882110595703
1665374400,12.309514999389648,28.97681999206543
1665460800,12.235159873962402,28.438749313354492
1665547200,12.086455345153809,28.23301887512207
1665633600,12.491263389587402,28.802743911743164
1665720000,12.383866310119629,28.786922454833984
1665979200,12.648229598999023,29.41994857788086
1666065600,12.887812614440918,29.332902908325195
1666152000,12.838245391845703,28.937265396118164
1666238400,13.829612731933594,29.277515411376953
1666324800,14.127023696899414,27.971893310546875
1666584000,14.465742111206055,28.462493896484375
1666670400,14.614447593688965,28.826480865478516
1666756800,14.986212730407715,28.826480865478516
1666843200,14.895337104797363,28.628662109375
1666929600,15.267098426818848,29.807674407958984
1667188800,15.060564041137695,29.570289611816406
1667275200,15.159701347351074,29.570289611816406
1667361600,15.225791931152344,29.839323043823242
1667448000,15.010995864868164,29.39620590209961
1667534400,15.134920120239258,29.467422485351562
1667797200,15.167963027954102,29.4278564453125
1667883600,15.341453552246094,29.965930938720703
1667970000,15.18448543548584,29.768110275268555
1668056400,15.564512252807617,30.480268478393555
1668142800,15.738003730773926,30.306184768676758
1668402000,15.746262550354004,30.314096450805664
1668488400,15.713215827941895,29.831417083740234
1668574800,15.638864517211914,29.973846435546875
1668661200,15.65538501739502,30.195402145385742
1668747600,15.671911239624023,30.503997802734375
1669006800,15.564512252807617,30.55939483642578
1669093200,15.696691513061523,31.018339157104492
1669179600,15.771049499511719,30.796783447265625
1669352400,15.795832633972168,30.87590789794922
1669611600,15.547988891601562,30.258705139160156
1669698000,15.704957008361816,30.337833404541016
1669784400,15.928013801574707,30.844255447387695
1669870800,15.85366153717041,30.32992172241211
1669957200,15.713215827941895,30.21122932434082
1670216400,15.490158081054688,29.332902908325195
1670302800,15.837138175964355,29.190475463867188
1670389200,15.944537162780762,29.412036895751953
1670475600,15.795832633972168,29.356643676757812
1670562000,15.771049499511719,29.594030380249023
1670821200,15.944537162780762,30.029232025146484
1670907600,15.795832633972168,29.95802116394043
1670994000,15.614079475402832,29.633596420288086
1671080400,15.258837699890137,29.886804580688477
1671166800,15.275362968444824,29.37247085571289
1671426000,14.754892349243164,29.301252365112305
1671512400,14.928382873535156,29.269603729248047
1671598800,14.99446964263916,29.894712448120117
1671685200,15.093609809875488,30.314096450805664
1671771600,15.126657485961914,30.393230438232422
1672117200,15.250577926635742,31.057899475097656
1672203600,15.052302360534668,30.709741592407227
1672290000,15.242314338684082,31.06581687927246
1672376400,15.209271430969238,31.176593780517578
1672722000,15.48189640045166,31.746326446533203
1672808400,15.81235122680664,32.54551315307617
1672894800,15.870182991027832,32.99654769897461
1672981200,16.134550094604492,33.384281158447266
1673240400,15.956873893737793,33.250057220458984
1673326800,16.31724739074707,33.716217041015625
1673413200,16.2669620513916,33.097347259521484
1673499600,16.2669620513916,33.60370635986328
1673586000,16.384294509887695,33.643882751464844
1673931600,16.199920654296875,32.832122802734375
1674018000,15.940118789672852,32.12484359741211
1674104400,15.873069763183594,32.197181701660156
1674190800,16.116111755371094,32.148956298828125
1674450000,16.007164001464844,31.85157585144043
1674536400,16.05744743347168,32.48652267456055
1674622800,17.11341667175293,32.4141845703125
1674709200,16.76142692565918,32.365962982177734
1674795600,16.719520568847656,32.66333770751953
1675054800,16.895519256591797,32.992862701416016
1675141200,17.071514129638672,33.41080093383789
1675227600,16.91227912902832,33.50724792480469
1675314000,16.99608612060547,33.619773864746094
1675400400,16.618953704833984,33.36257553100586
1675659600,16.409439086914062,33.1777229309082
1675746000,16.132871627807617,32.59100341796875
1675832400,16.05744743347168,32.566890716552734
1675918800,15.898210525512695,31.996248245239258
1676005200,15.982019424438477,32.15700149536133
1676264400,16.14125633239746,32.40614700317383
1676350800,16.049062728881836,32.4141845703125
1676437200,16.132871627807617,32.454368591308594
1676523600,16.14125633239746,32.020362854003906
1676610000,16.2921085357666,32.32577896118164
1676955600,16.099349975585938,31.5059814453125
1677042000,16.2418212890625,31.570274353027344
1677128400,16.21668243408203,30.967477798461914
1677214800,16.124494552612305,31.136268615722656
1677474000,15.94849967956543,31.24878692626953
1677560400,15.847931861877441,31.19252586364746
1677646800,15.638411521911621,30.782623291015625
1677733200,15.638411521911621,30.871036529541016
1677819600,15.764121055603027,30.750473022460938
1678078800,15.730598449707031,30.662071228027344
1678165200,15.680315017700195,30.46916961669922
1678251600,15.59650707244873,30.163759231567383
1678338000,15.353469848632812,29.3761043548584
1678424400,15.445656776428223,29.480588912963867
1678680000,15.33670425415039,29.368070602416992
1678766400,15.4540376663208,29.641338348388672
1678852800,15.345086097717285,29.786006927490234
1678939200,15.412134170532227,29.40022087097168
1679025600,15.194233894348145,29.56899642944336
1679284800,15.495941162109375,30.08338737487793
1679371200,15.53784465789795,30.332538604736328
1679457600,15.412134170532227,29.986936569213867
1679544000,15.470794677734375,30.035165786743164
1679630400,15.59650707244873,30.268245697021484
1679889600,15.814408302307129,30.58169174194336
1679976000,15.688691139221191,30.5415096282959
1680062400,15.923354148864746,30.92729377746582
1680148800,15.990399360656738,31.071964263916016
1680235200,16.132871627807617,31.256818771362305
1680494400,16.250198364257812,31.522052764892578
1680580800,16.459718704223633,31.867650985717773
1680667200,16.660860061645508,32.23736572265625
1680753600,16.701658248901367,32.25616455078125
1681099200,16.63365936279297,32.149940490722656
1681185600,16.73565673828125,32.23164367675781
1681272000,16.803653717041016,32.02738952636719
1681358400,16.96514320373535,32.12543487548828
1681444800,16.93964385986328,32.04372787475586
1681704000,16.820648193359375,32.23981857299805
1681790400,16.84615135192871,31.81496238708496
1681876800,16.744155883789062,31.537174224853516
1681963200,15.001740455627441,30.38516616821289
1682049600,15.486215591430664,30.491378784179688
1682308800,14.899747848510742,30.3116397857666
1682395200,14.8827486038208,30.47504234313965
1682481600,14.619261741638184,30.164569854736328
1682568000,14.967743873596191,31.692405700683594
1682654400,15.0187406539917,31.72509002685547
1682913600,14.874249458312988,31.627046585083008
1683000000,14.50876522064209,30.777339935302734
1683086400,14.525768280029297,31.030614852905273
1683172800,14.372772216796875,30.515893936157227
1683259200,14.559764862060547,30.908071517944336
1683518400,14.551264762878418,30.908071517944336
1683604800,14.466269493103027,30.695642471313477
1683691200,14.483269691467285,30.744659423828125
1683777600,14.415271759033203,30.720142364501953
1683864000,14.474771499633789,30.711977005004883
1684123200,14.406771659851074,30.042020797729492
1684209600,14.049790382385254,29.453760147094727
1684296000,14.160284042358398,29.55997657775879
1684382400,14.066789627075195,29.519121170043945
1684468800,13.862797737121582,29.453760147094727
1684728000,13.922294616699219,29.38022804260254
1684814400,13.684307098388672,29.608997344970703
1684900800,13.556816101074219,29.306692123413086
1684987200,12.876848220825195,28.44881820678711
1685073600,13.174332618713379,28.595888137817383
1685419200,13.293327331542969,28.51418113708496
1685505600,13.369824409484863,29.110607147216797
1685592000,13.437822341918945,29.184141159057617
1685678400,12.927848815917969,28.25273895263672
1685937600,13.080839157104492,28.154691696166992
1686024000,13.318827629089355,28.35077667236328
1686110400,13.684307098388672,28.80830955505371
1686196800,13.65881061553955,28.947206497192383
1686283200,13.556816101074219,28.979883193969727
1686542400,13.539816856384277,29.094268798828125
1686628800,13.446321487426758,28.988052368164062
1686715200,13.463319778442383,29.192310333251953
1686801600,13.624810218811035,29.77239990234375
1686888000,13.650310516357422,29.788738250732422
1687233600,13.41231918334961,29.257673263549805
1687320000,13.267828941345215,29.274017333984375
1687406400,13.242331504821777,29.29035758972168
1687492800,13.131837844848633,29.01256561279297
1687752000,13.284830093383789,29.50278663635254
1687838400,13.463319778442383,29.862272262573242
1687924800,13.41231918334961,30.082870483398438
1688011200,13.582313537597656,30.22176170349121
1688097600,13.556816101074219,30.38516616821289
1688356800,13.701308250427246,30.458696365356445
1688529600,13.65881061553955,30.622108459472656
1688616000,13.48881721496582,30.336145401000977
1688702400,13.504389762878418,29.85628890991211
1688961600,13.210253715515137,29.224224090576172
1689048000,13.175647735595703,29.0994815826416
1689134400,13.080485343933105,28.991365432739258
1689220800,13.080485343933105,28.808401107788086
1689307200,12.54411792755127,28.284460067749023
1689566400,11.704957008361816,26.163753509521484
1689652800,11.635748863220215,26.83738899230957
1689739200,12.621975898742676,28.251195907592773
1689825600,12.682534217834473,27.97675132751465
1689912000,12.769047737121582,28.176345825195312
1690171200,12.933416366577148,28.259511947631836
1690257600,12.803650856018066,28.475744247436523
1690344000,12.881510734558105,28.55890655517578
1690430400,12.552766799926758,27.90190315246582
1690516800,12.500861167907715,28.30109214782715
1690776000,12.561417579650879,28.34267807006836
1690862400,12.371094703674316,27.802106857299805
1690948800,12.414350509643555,27.710620880126953
1691035200,12.189420700073242,27.494394302368164
1691121600,12.111562728881836,27.12846565246582
1691380800,12.120213508605957,27.05361557006836
1691467200,12.267280578613281,27.086883544921875
1691553600,12.345141410827637,27.203317642211914
1691640000,12.258628845214844,27.461130142211914
1691726400,12.431652069091797,27.74388885498047
1691985600,12.3364896774292,27.91022491455078
1692072000,12.232677459716797,27.660722732543945
1692158400,12.19807243347168,27.669036865234375
1692244800,12.120213508605957,27.494394302368164
1692331200,12.154815673828125,27.594192504882812
1692590400,12.19807243347168,27.444494247436523
1692676800,12.3364896774292,27.610828399658203
1692763200,12.249979019165039,27.602506637573242
1692849600,12.241327285766602,27.760522842407227
1692936000,12.206722259521484,27.735570907592773
1693195200,12.293232917785645,27.90190315246582
1693281600,12.77769660949707,28.84998321533203
1693368000,12.74309253692627,28.808401107788086
1693454400,12.794999122619629,29.09116554260254
1693540800,12.673882484436035,28.991365432739258
1693886400,12.526814460754395,28.525638580322266
1693972800,12.639277458190918,28.42584228515625
1694059200,12.639277458190918,28.118133544921875
1694145600,12.45760440826416,27.81873893737793
1694404800,12.561417579650879,28.226247787475586
1694491200,12.509511947631836,28.30941390991211
1694577600,12.647931098937988,28.159713745117188
1694664000,13.028579711914062,28.30941390991211
1694750400,13.175647735595703,28.10150146484375
1695009600,13.054533004760742,27.885269165039062
1695096000,13.158348083496094,27.777156829833984
1695182400,13.452484130859375,27.9434871673584
1695268800,13.244855880737305,27.685672760009766
1695355200,13.080485343933105,27.677356719970703
1695614400,13.028579711914062,27.577556610107422
1695700800,12.993974685668945,27.43617820739746
1695787200,12.864209175109863,26.945507049560547
1695873600,12.985323905944824,27.070247650146484
1695960000,12.993974685668945,26.953821182250977
1696219200,12.691184997558594,26.41324806213379
1696305600,12.786347389221191,26.596210479736328
1696392000,12.673882484436035,26.230287551879883
1696478400,12.829605102539062,26.463146209716797
1696564800,12.739675521850586,26.20408058166504
1696824000,12.986534118652344,26.713722229003906
1696910400,13.189311981201172,26.977035522460938
1696996800,13.021801948547363,26.722213745117188
1697083200,12.739675521850586,26.255041122436523
1697169600,12.66032886505127,26.051185607910156
1697428800,12.7044095993042,26.54383659362793
1697515200,12.854288101196289,26.76468849182129
1697601600,12.625062942504883,26.373958587646484
1697688000,13.453802108764648,26.824142456054688
1697774400,13.559600830078125,26.815645217895508
1698033600,13.180496215820312,26.662755966186523
1698120000,13.691845893859863,29.134519577026367
1698206400,13.39208698272705,28.616378784179688
1698292800,13.33037281036377,29.278919219970703
1698379200,13.065881729125977,28.40403175354004
1698638400,13.453802108764648,29.406326293945312
1698724800,13.577232360839844,29.839523315429688
1698811200,13.735926628112793,30.068864822387695
1698897600,13.868172645568848,30.493562698364258
1698984000,14.000418663024902,30.595495223999023
1699246800,13.8858060836792,30.272720336914062
1699333200,13.965154647827148,30.527536392211914
1699419600,13.79764175415039,30.383140563964844
1699506000,13.780010223388672,30.2557315826416
1699592400,13.788825988769531,30.33218002319336
1699851600,13.735926628112793,30.42561149597168
1699938000,13.780010223388672,30.47657585144043
1700024400,13.894621849060059,30.578500747680664
1700110800,14.000418663024902,30.731399536132812
1700197200,14.018051147460938,30.77385902404785
1700456400,14.194378852844238,31.198564529418945
1700542800,14.273728370666504,31.6402587890625
1700629200,14.256094932556152,31.72519874572754
1700802000,14.29135799407959,31.776161193847656
1701061200,14.29135799407959,31.72519874572754
1701147600,14.264911651611328,31.827129364013672
1701234000,14.370706558227539,32.073448181152344
1701320400,14.608749389648438,32.557613372802734
1701406800,14.776260375976562,32.76996612548828
1701666000,14.688097953796387,32.31128692626953
1701752400,15.181815147399902,32.63405227661133
1701838800,14.934955596923828,32.70201110839844
1701925200,15.067200660705566,32.82941818237305
1702011600,14.917323112487793,32.48965835571289
1702270800,14.652833938598633,31.997007369995117
1702357200,14.467687606811523,31.68272590637207
1702443600,14.50295352935791,31.419416427612305
1702530000,14.679279327392578,32.16688537597656
1702616400,14.564667701721191,31.7421817779541
1702875600,14.511767387390137,31.997007369995117
1702962000,14.64401626586914,31.912067413330078
1703048400,14.458870887756348,31.68272590637207
1703134800,14.538217544555664,31.793148040771484
1703221200,14.591117858886719,31.844114303588867
1703566800,14.608749389648438,31.835615158081055
1703653200,14.617565155029297,31.69122314453125
1703739600,14.758627891540527,31.844114303588867
1703826000,14.79389476776123,32.022491455078125
1704171600,15.208264350891113,33.02478790283203
1704258000,15.190630912780762,33.26261901855469
1704344400,15.120100021362305,33.44099044799805
1704430800,15.402223587036133,34.14599609375
1704690000,15.269978523254395,34.061058044433594
1704776400,15.187545776367188,33.71988296508789
1704862800,15.115866661071777,33.754432678222656
1704949200,14.542410850524902,32.735233306884766
1705035600,14.766414642333984,33.3052978515625
1705381200,14.730575561523438,33.935813903808594
1705467600,14.703693389892578,33.57305145263672
1705554000,14.694733619689941,33.63351058959961
1705640400,14.936657905578613,33.97037124633789
1705899600,15.053140640258789,34.18629837036133
1705986000,15.40259075164795,36.47516632080078
1706072400,14.9456205368042,35.654632568359375
1706158800,15.393631935119629,36.527000427246094
1706245200,15.492192268371582,36.622005462646484
1706504400,15.456352233886719,36.319698333740234
1706590800,15.707237243652344,36.68246841430664
1706677200,15.850600242614746,36.578819274902344
1706763600,16.164209365844727,36.69974899291992
1706850000,15.976041793823242,36.388797760009766
1707109200,15.886444091796875,35.74100112915039
1707195600,15.77891731262207,35.49916458129883
1707282000,15.528035163879395,34.91183090209961
1707368400,15.071063041687012,34.4713249206543
1707454800,15.088983535766602,34.30721664428711
1707714000,15.250266075134277,34.63542938232422
1707800400,15.142743110656738,34.66134262084961
1707886800,15.151704788208008,34.678619384765625
1707973200,15.312986373901367,35.05866241455078
1708059600,15.205466270446777,34.972286224365234
1708405200,15.151704788208008,34.980918884277344
1708491600,15.232343673706055,35.49916458129883
1708578000,14.864975929260254,35.17958068847656
1708664400,15.053140640258789,35.119117736816406
1708923600,14.873937606811523,34.281307220458984
1709010000,15.080021858215332,34.48860168457031
1709096400,15.196503639221191,34.63542938232422
1709182800,15.169625282287598,34.56632995605469
1709269200,15.214425086975098,34.72180938720703
1709528400,15.053140640258789,34.81682205200195
1709614800,15.384671211242676,34.85136795043945
1709701200,15.393631935119629,34.48860168457031
1709787600,15.277146339416504,34.14310836791992
1709874000,15.411551475524902,34.12583923339844
1710129600,15.528035163879395,34.66134262084961
1710216000,15.411551475524902,34.66134262084961
1710302400,15.40259075164795,34.77363204956055
1710388800,15.241308212280273,34.35040283203125
1710475200,15.277146339416504,34.10856246948242
1710734400,15.501152038574219,34.48860168457031
1710820800,15.384671211242676,34.52315139770508
1710907200,15.420510292053223,34.6527099609375
1710993600,15.375706672668457,35.01547622680664
1711080000,15.214425086975098,34.8686408996582
1711339200,15.339868545532227,35.30050277709961
1711425600,15.393631935119629,35.283226013183594
1711512000,15.725153923034668,35.87920379638672
1711598400,15.769959449768066,36.24196243286133
1711944000,15.6803560256958,36.51835632324219
1712030400,15.69827651977539,36.742923736572266
1712116800,15.77891731262207,37.002044677734375
1712203200,15.743075370788574,36.665191650390625
1712289600,15.608673095703125,36.38016128540039
1712548800,15.456352233886719,36.043312072753906
1712635200,15.39078140258789,35.845821380615234
1712721600,15.2359619140625,35.56495666503906
1712808000,14.953646659851074,35.24897003173828
1712894400,14.853469848632812,34.86278533935547
1713153600,14.789719581604004,35.20509338378906
1713240000,14.653116226196289,34.90666961669922
1713326400,14.680439949035645,34.915443420410156
1713412800,14.871684074401855,35.2226448059082
1713499200,15.035609245300293,35.53862380981445
1713758400,14.853469848632812,33.87974166870117
1713844800,15.026503562927246,34.84523010253906
1713931200,15.308816909790039,34.66090774536133
1714017600,15.099358558654785,34.42393112182617
1714104000,15.25417709350586,34.827674865722656
1714363200,15.5000638961792,35.18753433227539
1714449600,15.381671905517578,34.66090774536133
1714536000,15.408995628356934,34.406368255615234
1714622400,15.317925453186035,34.16938781738281
1714708800,15.345246315002441,34.134281158447266
1714968000,15.472744941711426,34.52048110961914
1715054400,15.554706573486328,34.50292205810547
1715140800,15.582030296325684,34.65213394165039
1715227200,15.645773887634277,34.924224853515625
1715313600,15.636669158935547,35.459632873535156
1715572800,15.718632698059082,35.5825080871582
1715659200,15.755059242248535,35.53862380981445
1715745600,15.782378196716309,35.53862380981445
1715832000,15.755059242248535,35.327972412109375
1715918400,15.846131324768066,35.16120910644531
1716177600,15.955415725708008,35.213871002197266
1716264000,15.727737426757812,34.77501678466797
1716350400,15.937201499938965,34.924224853515625
1716436800,15.90987777709961,34.60824203491211
1716523200,15.937201499938965,34.88033676147461
1716868800,15.727737426757812,34.546810150146484
1716955200,15.591135025024414,34.318599700927734
1717041600,16.046483993530273,35.39818572998047
1717128000,16.5929012298584,36.117916107177734
1717387200,16.401657104492188,35.96870040893555
1717473600,16.711292266845703,36.477779388427734
1717560000,16.665756225585938,36.293453216552734
1717646400,16.64754295349121,36.27590560913086
1717732800,16.483617782592773,35.933589935302734
1717992000,16.265052795410156,35.46840286254883
1718078400,16.265052795410156,35.4771842956543
1718164800,16.037376403808594,34.90666961669922
1718251200,16.092016220092773,34.915443420410156
1718337600,16.064695358276367,34.81889724731445
1718596800,16.092016220092773,34.634578704833984
1718683200,16.438079833984375,35.17876434326172
1718856000,16.492725372314453,35.31919860839844
1718942400,16.756826400756836,35.31919860839844
1719201600,16.984498977661133,36.13546371459961
1719288000,17.02092933654785,36.05647659301758
1719374400,17.08467674255371,36.00381088256836
1719460800,17.075571060180664,35.82826614379883
1719547200,17.40342140197754,36.19691848754883
1719806400,17.285030364990234,36.63576889038086
1719892800,17.13932228088379,36.074031829833984
1719979200,17.011821746826172,36.09157943725586
1720152000,17.09378433227539,36.223243713378906
1720411200,17.130210876464844,36.451446533203125
1720497600,17.121103286743164,36.24957275390625
1720584000,17.32261848449707,36.646549224853516
1720670400,17.433542251586914,36.842803955078125
1720756800,17.3873233795166,36.95877456665039
1721016000,17.174718856811523,36.387847900390625
1721102400,17.424297332763672,36.97661590576172
1721188800,17.71084976196289,37.4940185546875
1721275200,17.701608657836914,37.529701232910156
1721361600,17.673877716064453,37.128265380859375
1721620800,17.146987915039062,34.87131118774414
1721707200,16.832704544067383,34.69289779663086
1721793600,17.71084976196289,35.38871765136719
1721880000,17.73858642578125,35.63850021362305
1721966400,17.572195053100586,35.76338577270508
1722225600,17.47051429748535,35.709869384765625
1722312000,17.544464111328125,35.71879196166992
1722398400,17.794044494628906,36.1469841003418
1722484800,17.99740219116211,36.441368103027344
1722571200,17.90496826171875,36.54841995239258
1722830400,17.479759216308594,35.50468826293945
1722916800,17.73858642578125,35.915042877197266
1723003200,17.794044494628906,35.932884216308594
1723089600,17.932701110839844,36.1469841003418
1723176000,18.015892028808594,36.3521614074707
1723435200,17.96042823791504,36.15590286254883
1723521600,18.04362678527832,36.37892150878906
1723608000,18.14530372619629,36.4859733581543
1723694400,17.646146774291992,35.71879196166992
1723780800,17.87723731994629,36.22726821899414
1724040000,18.015892028808594,36.34324264526367
1724126400,18.015892028808594,36.441368103027344
1724212800,18.062110900878906,36.61978530883789
1724299200,18.034378051757812,36.45920944213867
1724385600,18.237741470336914,36.762516021728516
1724644800,18.265472412109375,37.01230239868164
1724731200,18.16379165649414,36.97661590576172
1724817600,18.320934295654297,37.01230239868164
1724904000,18.265472412109375,36.79819869995117
1724990400,18.394882202148438,37.27100372314453
1725336000,18.884794235229492,38.29689407348633
1725422400,19.01420783996582,37.00337219238281
1725508800,19.08815574645996,36.851722717285156
1725595200,19.383953094482422,36.7089958190918
1725854400,19.87386703491211,38.11846923828125
1725940800,20.067981719970703,38.93918991088867
1726027200,19.827651977539062,39.072994232177734
1726113600,19.95705795288086,39.12652587890625
1726200000,20.00328254699707,39.635005950927734
1726459200,20.585628509521484,40.143489837646484
1726545600,20.132692337036133,39.32278060913086
1726632000,20.08647346496582,39.14436340332031
1726718400,19.744457244873047,39.19788360595703
1726804800,19.910842895507812,39.54580307006836
1727064000,19.864620208740234,39.48334884643555
1727150400,19.95705795288086,39.84018325805664
1727236800,19.92932891845703,39.74205017089844
1727323200,20.012521743774414,39.804500579833984
1727409600,20.24361228942871,40.04536056518555
1727668800,20.336050033569336,40.06320571899414
1727755200,20.45621681213379,40.3308219909668
1727841600,20.511680603027344,40.18809509277344
1727928000,20.38226890563965,39.715293884277344
1728014400,20.252857208251953,39.4119873046875
1728273600,20.132692337036133,39.108680725097656
1728360000,20.20663833618164,39.26033401489258
1728446400,20.271345138549805,39.34954071044922
1728532800,19.86688995361328,38.91284942626953
1728619200,20.007328033447266,38.95814895629883
1728878400,19.904342651367188,39.13028335571289
1728964800,20.13840103149414,39.62859344482422
1729051200,20.325645446777344,39.78261184692383
1729137600,20.34437370300293,39.728248596191406
1729224000,20.45672035217285,39.85509490966797
1729483200,20.27883529663086,39.59235382080078
1729569600,20.129037857055664,37.599143981933594
1729656000,21.055910110473633,38.83130645751953
1729742400,20.784400939941406,37.92531204223633
1729828800,20.43799591064453,37.49042510986328
1730088000,20.70014190673828,37.70786666870117
1730174400,20.765676498413086,37.445125579833984
1730260800,20.615880966186523,37.399818420410156
1730347200,21.10272216796875,38.169925689697266
1730433600,20.709503173828125,37.47230529785156
1730696400,20.522254943847656,37.200504302978516
1730782800,20.643966674804688,37.38169860839844
1730869200,20.89674949645996,37.29110336303711
1730955600,20.634605407714844,36.756561279296875
1731042000,20.91547393798828,36.675018310546875
1731301200,20.887386322021484,36.6387825012207
1731387600,20.73758888244629,36.602542877197266
1731474000,20.878026962280273,37.272979736328125
1731560400,20.831212997436523,37.028358459472656
1731646800,21.233795166015625,37.73504638671875
1731906000,21.524028778076172,38.27864074707031
1731992400,21.28060531616211,37.98872756958008
1732078800,21.374229431152344,38.25146484375
1732165200,21.51466178894043,38.50514221191406
1732251600,21.7019100189209,39.09405517578125
1732510800,21.627012252807617,39.84602737426758
1732597200,21.617650985717773,40.19937515258789
1732683600,21.78617286682129,40.20843505859375
1732856400,21.68318748474121,40.17219161987305
1733115600,21.252517700195312,39.728248596191406
1733202000,22.2262020111084,39.71013641357422
1733288400,22.02959442138672,38.52326965332031
1733374800,22.310462951660156,38.550445556640625
1733461200,22.35727310180664,38.387367248535156
1733720400,21.87979507446289,38.37830352783203
1733806800,22.0108699798584,38.32394790649414
1733893200,21.9827823638916,38.043087005615234
1733979600,21.870433807373047,38.1246223449707
1734066000,22.123214721679688,38.305824279785156
1734325200,21.38359260559082,37.03742218017578
1734411600,21.374229431152344,36.94682312011719
1734498000,21.04654884338379,36.457576751708984
1734584400,21.13080596923828,36.212955474853516
1734670800,21.299333572387695,36.17671585083008
1734930000,21.38359260559082,36.18577575683594
1735016400,21.48657989501953,36.058937072753906
1735189200,21.495941162109375,36.20389938354492
1735275600,21.402318954467773,36.16765213012695
1735534800,21.168256759643555,35.87773895263672
1735621200,21.31805419921875,36.2310791015625
1735794000,21.374229431152344,36.430397033691406
1735880400,21.22443199157715,36.47570037841797
1736139600,21.15889549255371,35.88679885864258
1736226000,20.784400939941406,35.26165771484375
1736312400,20.765676498413086,35.2797737121582
1736485200,20.564678192138672,34.86300277709961
1736744400,20.44141960144043,35.148841857910156
1736830800,20.66896629333496,35.2963752746582
1736917200,20.77326011657715,35.20417022705078
1737003600,20.87755584716797,35.3516960144043
1737090000,21.133546829223633,35.75740051269531
1737435600,21.323169708251953,35.978694915771484
1737522000,21.161989212036133,35.914154052734375
1737608400,21.361095428466797,36.126224517822266
1737694800,21.541234970092773,36.458168029785156
1737954000,22.887561798095703,37.47242736816406
1738040400,23.13407325744629,37.25113296508789
1738126800,22.972896575927734,37.14048385620117
1738213200,22.77379035949707,36.39362335205078
1738299600,22.49883460998535,36.319854736328125
1738558800,22.99185562133789,36.86387252807617
1738645200,22.99185562133789,36.70711898803711
1738731600,23.200443267822266,37.00217819213867
1738818000,23.181480407714844,36.82698440551758
1738904400,23.26681137084961,36.771663665771484
1739163600,23.570209503173828,36.83620834350586
1739250000,23.84516143798828,37.33412170410156
1739336400,24.044267654418945,37.371002197265625
1739422800,24.30025863647461,37.841251373291016
1739509200,24.527807235717773,37.79515075683594
1739854800,24.717430114746094,37.98878479003906
1739941200,24.878610610961914,38.73564529418945
1740027600,24.79327964782715,39.17823791503906
1740114000,25.2388973236084,39.427188873291016
1740373200,25.352670669555664,39.94354248046875
1740459600,25.2673397064209,40.30314254760742
1740546000,25.191490173339844,39.814456939697266
1740632400,25.50436782836914,39.897438049316406
1740718800,25.9879093170166,39.74068832397461
1740978000,26.281824111938477,40.450679779052734
1741064400,24.859649658203125,39.52861785888672
1741150800,24.821725845336914,39.500953674316406
1741237200,25.34318733215332,40.782615661621094
1741323600,25.71295738220215,42.4699821472168
1741579200,25.864656448364258,42.8664665222168
1741665600,24.660545349121094,40.04496765136719
1741752000,24.385587692260742,39.270442962646484
1741838400,24.736391067504883,40.30314254760742
1741924800,25.200969696044922,40.17405319213867
1742184000,25.437999725341797,40.247825622558594
1742270400,25.229415893554688,40.782615661621094
1742356800,25.44748306274414,40.51521682739258
1742443200,25.40007781982422,40.34002685546875
1742529600,25.618144989013672,40.56132125854492
1742788800,25.561256408691406,40.16484069824219
1742875200,25.893095016479492,40.10029602050781
1742961600,26.215457916259766,40.736515045166016
1743048000,26.736923217773438,41.455718994140625
1743134400,26.71796226501465,41.42805099487305
1743393600,26.812772750854492,41.82454299926758
1743480000,27.00239372253418,41.84298324584961
1743566400,26.680036544799805,41.25286865234375
1743652800,27.11617088317871,42.064273834228516
1743739200,25.257858276367188,39.6761474609375
1743998400,25.437999725341797,39.2612190246582
1744084800,25.020830154418945,38.8831787109375
1744171200,25.096677780151367,39.547054290771484
1744257600,25.28639793395996,40.210357666015625
1744344000,25.6696720123291,40.96922302246094
1744603200,26.06252670288086,41.50323486328125
1744689600,26.349979400634766,41.671871185302734
1744776000,25.890052795410156,40.85679626464844
1744862400,26.014616012573242,41.25965118408203
1745208000,25.228906631469727,40.219730377197266
1745294400,25.832561492919922,40.46331024169922
1745380800,26.052942276000977,40.004249572753906
1745467200,26.37872886657715,40.107303619384766
1745553600,25.68883514404297,39.264122009277344
1745812800,26.12001609802246,39.71382141113281
1745899200,26.158342361450195,40.23846435546875
1745985600,26.541616439819336,41.27838897705078
1746072000,26.4841251373291,40.566368103027344
1746158400,26.455381393432617,40.97859191894531
1746417600,26.359561920166016,40.79121780395508
1746504000,26.982378005981445,41.36271286010742
1746590400,26.924888610839844,41.119117736816406
1746676800,26.32123374938965,40.85679626464844
1746763200,26.675762176513672,40.85679626464844
1747022400,25.88047218322754,40.285308837890625
1747108800,25.343891143798828,39.9574089050293
1747195200,25.334308624267578,39.67634201049805
1747281600,26.187089920043945,40.73500442504883
1747368000,26.560779571533203,41.212806701660156
1747627200,26.848234176635742,41.512603759765625
1747713600,26.618270874023438,41.42829132080078
1747800000,26.32123374938965,40.98796081542969
1747886400,26.091270446777344,40.4071044921875
1747972800,26.273324966430664,40.585105895996094
1748318400,26.244579315185547,40.75374221801758
1748404800,26.349979400634766,40.4071044921875
1748491200,26.234996795654297,40.594478607177734
1748577600,26.637432098388672,41.18470001220703
1748836800,26.76199722290039,41.31586456298828
1748923200,26.790742874145508,41.06291198730469
1749009600,26.21583366394043,40.51015853881836
1749096000,26.599105834960938,40.566368103027344
1749182400,26.905725479125977,41.03480529785156
1749441600,26.69492530822754,40.8942756652832
1749528000,27.231504440307617,41.343971252441406
1749614400,27.15485191345215,40.97859191894531
1749700800,27.087779998779297,40.43520736694336
1749787200,27.011125564575195,40.294677734375
1750046400,26.800323486328125,39.816871643066406
1750132800,26.49370765686035,39.207908630371094
1750219200,26.50328826904297,39.039276123046875
1750392000,26.608688354492188,39.0673828125
1750651200,27.020708084106445,39.68571853637695
1750737600,27.097360610961914,39.93866729736328
1750824000,26.75241470336914,39.46086120605469
1750910400,26.829069137573242,39.44213104248047
1750996800,26.905725479125977,39.63887023925781
1751256000,27.729761123657227,40.53826141357422
1751342400,27.672269821166992,40.92237854003906
1751428800,27.12610626220703,40.83806228637695
1751515200,27.17401695251465,40.80058288574219
1751860800,27.221923828125,40.09793472290039
1751947200,27.106945037841797,40.341522216796875
1752033600,26.924888610839844,39.91992950439453
1752120000,26.729402542114258,40.01322555541992
1752206400,26.100360870361328,39.62289810180664
1752465600,26.28423500061035,39.58482360839844
1752552000,26.14875030517578,39.280174255371094
1752638400,26.081005096435547,39.270652770996094
1752724800,26.119714736938477,38.985050201416016
1752811200,26.071327209472656,38.88032913208008
1753070400,26.497140884399414,40.45115661621094
1753156800,26.535850524902344,40.89860153198242
1753243200,26.855209350585938,40.78436279296875
1753329600,27.01972770690918,41.012847900390625
1753416000,27.09714698791504,41.012847900390625
1753675200,26.710046768188477,40.327396392822266
1753761600,26.526172637939453,40.66059875488281
1753848000,26.613271713256836,40.55587387084961
1753934400,26.526172637939453,40.70819854736328
1754020800,26.855209350585938,40.822444915771484
1754280000,26.78746795654297,40.88908386230469
1754366400,26.87456512451172,40.62251663208008
1754452800,26.603593826293945,40.317874908447266
1754539200,27.155214309692383,40.88908386230469
1754625600,27.174570083618164,41.079490661621094
1754884800,27.232635498046875,41.10804748535156
1754971200,27.561670303344727,41.17469024658203
1755057600,27.484251022338867,41.612613677978516
1755144000,27.822965621948242,41.412689208984375
1755230400,27.93909454345703,42.117183685302734
1755489600,27.987483978271484,42.259986877441406
1755576000,28.045547485351562,42.783592224121094
1755662400,28.335874557495117,42.8978385925293
1755748800,28.4907169342041,42.86927032470703
1755835200,27.84231948852539,42.307586669921875
1756094400,27.81328773498535,42.10765838623047
1756180800,27.63909149169922,41.850616455078125
1756267200,28.122968673706055,42.14574432373047
1756353600,28.006839752197266,41.82205581665039
1756440000,28.34555435180664,42.10765838623047
1756785600,28.142324447631836,41.69829559326172
1756872000,28.10361671447754,41.641178131103516
1756958400,28.626201629638672,42.060062408447266
1757044800,28.635879516601562,42.25046920776367
1757304000,27.968128204345703,41.2413330078125
1757390400,28.471363067626953,41.479331970214844
1757476800,28.258455276489258,41.403175354003906
1757563200,28.539104461669922,42.02198028564453
1757649600,28.616525650024414,41.860137939453125
1757908800,28.664915084838867,41.76493453979492
1757995200,28.38426399230957,41.641178131103516
1758081600,28.587493896484375,42.088623046875
1758168000,28.258455276489258,41.57453155517578
1758254400,28.074583053588867,41.393653869628906
1758513600,27.987483978271484,41.08900833129883
1758600000,27.861675262451172,41.26988983154297
1758686400,27.406829833984375,41.10804748535156
1758772800,27.387474060058594,41.26988983154297
1758859200,27.397151947021484,41.51741409301758
1759118400,27.164892196655273,41.17469024658203
1759204800,27.329410552978516,41.841102600097656
1759291200,26.661657333374023,41.72685623168945
1759377600,26.13907241821289,41.31748962402344
1759464000,26.187458038330078,41.57453155517578
1759723200,25.035829544067383,39.4515380859375
1759809600,25.316478729248047,39.41345977783203
1759896000,25.403575897216797,39.33729553222656
1759982400,25.25841522216797,38.870811462402344
1760068800,25.30536651611328,38.5899772644043
1760328000,25.031476974487305,38.493141174316406
1760414400,25.559690475463867,39.267845153808594
1760500800,25.501001358032227,39.10322189331055
1760587200,25.628164291381836,39.08385467529297
1760673600,25.76511001586914,39.267845153808594
1760932800,25.53034782409668,39.50994110107422
1761019200,25.481435775756836,39.02574920654297
1761105600,24.99234962463379,38.541561126708984
1761192000,24.08264923095703,37.185829162597656
1761278400,24.591299057006836,37.59254837036133
1761537600,24.972787857055664,37.98958206176758
1761624000,25.13907814025879,38.07674026489258
1761710400,24.591299057006836,38.938594818115234
1761796800,24.141340255737305,37.728118896484375
1761883200,24.20981216430664,38.48345947265625
1762146000,23.994613647460938,38.22199630737305
1762232400,23.906578063964844,38.07674026489258
1762318800,24.023958206176758,38.435035705566406
1762405200,24.200029373168945,38.5609245300293
1762491600,24.288066864013672,38.76428985595703
1762750800,24.288066864013672,38.5899772644043
1762837200,24.63042640686035,39.41310501098633
1762923600,25.090167999267578,39.50994110107422
1763010000,25.187984466552734,39.81013870239258
1763096400,25.031476974487305,39.761722564697266
1763355600,24.914094924926758,39.71329879760742
1763442000,25.041259765625,40.16843795776367
1763528400,24.718461990356445,39.887611389160156
1763614800,24.96300506591797,39.4712028503418
1763701200,25.364055633544922,39.92634201049805
1763960400,25.060823440551758,38.938594818115234
1764046800,25.29558563232422,39.30657958984375
1764133200,25.256458282470703,39.5874137878418
1764306000,25.45209312438965,39.81013870239258
1764565200,25.227113723754883,39.451839447021484
1764651600,24.96300506591797,39.325950622558594
1764738000,24.767370223999023,39.38405227661133
1764824400,24.83584213256836,39.95539474487305
1764910800,24.72824478149414,40.371795654296875
1765170000,24.297847747802734,39.9941291809082
1765256400,23.97504997253418,38.87080764770508
1765342800,23.857667922973633,38.65776443481445
1765429200,23.76963233947754,38.94828414916992
1765515600,24.043519973754883,39.59709548950195
1765774800,23.779415130615234,39.50994110107422
1765861200,23.544652938842773,39.46152114868164
1765947600,23.828323364257812,39.5874137878418
1766034000,23.730506896972656,39.13227462768555
1766120400,23.622905731201172,38.5609245300293
1766379600,23.76963233947754,38.71586990356445
1766466000,23.92613983154297,38.65776443481445
1766552400,24.121774673461914,39.04511642456055
1766725200,24.11199378967285,39.2000617980957
1766984400,24.2293758392334,39.2000617980957
1767070800,24.26850128173828,39.41310501098633
1767157200,24.297847747802734,39.44215393066406
1767330000,24.023958206176758,39.238792419433594
1767589200,24.170684814453125,38.95796585083008
1767675600,23.808761596679688,39.02574920654297
1767762000,23.446836471557617,38.86112594604492
1767848400,23.64246940612793,39.28721237182617
1767934800,23.466398239135742,39.18069076538086
1768194000,23.494108200073242,39.249656677246094
1768280400,23.058666229248047,38.43195343017578
1768366800,23.365455627441406,39.239803314208984
1768453200,23.484210968017578,38.77676773071289
1768539600,23.2466983795166,38.33343505859375
1768885200,23.20711326599121,38.500919342041016
1768971600,23.256593704223633,38.658546447753906
1769058000,23.335765838623047,38.894989013671875
1769144400,23.34566307067871,38.93439865112305
1769403600,23.20711326599121,39.03291320800781
1769490000,22.76177406311035,38.737361907958984
1769576400,23.820690155029297,38.826026916503906
1769662800,24.86971092224121,39.22010040283203
1769749200,25.93852424621582,43.86030960083008
1770008400,26.027591705322266,43.948974609375
1770094800,26.55210304260254,45.56467056274414
1770181200,26.93806266784668,46.31340789794922
1770267600,27.027132034301758,46.402076721191406
1770354000,26.848995208740234,45.623783111572266
1770613200,26.829204559326172,46.32326126098633
1770699600,27.126096725463867,46.68777847290039
1770786000,28.17511558532715,48.24436950683594
1770872400,28.501697540283203,48.72710418701172
1770958800,28.392839431762695,48.28377151489258
1771304400,28.38294219970703,48.204959869384766
1771390800,27.59122657775879,47.3380012512207
1771477200,27.59122657775879,47.91925811767578
1771563600,27.6901912689209,48.52021789550781
1771822800,28.224599838256836,48.94384765625
1771909200,28.056360244750977,49.12118148803711
1771995600,27.58133316040039,48.50051498413086
1772082000,27.17557716369629,48.16555404663086
1772168400,27.719881057739258,49.397029876708984
1772427600,27.719881057739258,49.239402770996094
1772514000,28.373044967651367,50.1162109375
1772600400,28.679834365844727,50.44132614135742
1772686800,28.669937133789062,50.4216194152832
1772773200,28.343355178833008,50.36250686645508
1773028800,27.244853973388672,49.70243835449219
1773115200,27.42298698425293,49.95858383178711
1773201600,26.878684997558594,49.92902755737305
1773288000,27.10630226135254,49.8797721862793
1773374400,27.432884216308594,50.618656158447266
1773633600,27.442781448364258,50.2147331237793
1773720000,27.561538696289062,49.771400451660156
1773806400,27.126096725463867,48.85518264770508
1773892800,27.452678680419922,48.74681091308594
1773979200,28.016773223876953,49.239402770996094
1774238400,28.462114334106445,49.83051300048828
1774324800,28.570974349975586,50.15562057495117
1774411200,28.511594772338867,49.62362289428711
1774497600,28.62045669555664,49.98814010620117
1774584000,28.79859161376953,49.56451416015625
1774843200,28.48190689086914,49.55466079711914
1774929600,28.68973159790039,49.45614242553711
1775016000,28.016773223876953,48.65814208984375
1775102400,28.03656768798828,48.667999267578125
1775448000,28.026670455932617,48.42170333862305
1775534400,27.749570846557617,47.89955139160156
1775620800,27.06671714782715,47.328147888183594
1775707200,26.562000274658203,47.071998596191406
1775793600,26.459999084472656,46.040000915527344
1776052800,25.610000610351562,45.41999816894531
1776139200,25.6200008392334,45.47999954223633
1776225600,25.459999084472656,45.029998779296875
1776312000,26.399999618530273,46.779998779296875
1776398400,26.510000228881836,46.54999923706055
1776657600,26.18000030517578,46.439998626708984
1776744000,25.8799991607666,46.27000045776367
1776830400,25.979999542236328,45.97999954223633
1776916800,26.610000610351562,47.220001220703125
1777003200,26.200000762939453,46.380001068115234
1777262400,25.520000457763672,47.099998474121094
1777348800,26.059999465942383,47.2400016784668
1777435200,25.75,46.61000061035156
1777521600,26.1299991607666,48.029998779296875
1777608000,26.1200008392334,48.11000061035156
1777867200,26.100000381469727,47.56999969482422
1777953600,25.899999618530273,47.34000015258789
1778040000,25.56999969482422,47.439998626708984
1778126400,25.260000228881836,47.09000015258789
1778212800,25.15999984741211,47.220001220703125
1778472000,24.8700008392334,47.22999954223633
1778558400,25.229999542236328,47.93000030517578
1778644800,24.739999771118164,47.209999084472656
1778731200,24.649999618530273,47.060001373291016
1778817600,24.030000686645508,46.369998931884766
