timestamp,PSX,MPC
1339646400,21.016090393066406,13.255874633789062
1339732800,21.87479019165039,13.508207321166992
1339992000,21.222932815551758,13.403913497924805
1340078400,21.222932815551758,13.750448226928711
1340164800,21.724361419677734,14.399785041809082
1340251200,20.984758377075195,13.90521240234375
1340337600,21.41097068786621,14.059976577758789
1340596800,20.602420806884766,13.908574104309082
1340683200,20.420654296875,14.31567096710205
1340769600,19.9881649017334,14.305574417114258
1340856000,20.251420974731445,14.867437362670898
1340942400,20.834331512451172,15.113037109375
1341201600,21.310680389404297,15.49995231628418
1341288000,21.46111297607422,15.261077880859375
1341460800,21.18532943725586,14.870802879333496
1341547200,20.91580581665039,14.975098609924316
1341806400,20.840593338012695,14.934727668762207
1341892800,20.48332977294922,14.800151824951172
1341979200,20.984758377075195,14.931365013122559
1342065600,20.690166473388672,14.611741065979004
1342152000,21.89986228942871,15.123137474060059
1342411200,22.626928329467773,15.089495658874512
1342497600,22.996740341186523,15.291359901428223
1342584000,23.253711700439453,15.755648612976074
1342670400,22.434484481811523,15.311546325683594
1342756800,22.258028030395508,15.328365325927734
1343016000,22.068973541259766,15.429300308227539
1343102400,22.201313018798828,14.951546669006348
1343188800,22.308439254760742,14.975098609924316
1343275200,22.66134262084961,15.415843963623047
1343361600,23.01424789428711,15.826298713684082
1343620800,23.726348876953125,15.970976829528809
1343707200,23.69484519958496,15.913777351379395
1343793600,24.117063522338867,15.745555877685547
1343880000,24.135969161987305,16.14928436279297
1343966400,24.99932098388672,16.616943359375
1344225600,25.251394271850586,16.60348892211914
1344312000,25.062341690063477,16.97021484375
1344398400,25.30181121826172,16.643863677978516
1344484800,25.408937454223633,16.41507911682129
1344571200,25.20728302001953,16.674137115478516
1344830400,25.30181121826172,16.674137115478516
1344916800,25.163179397583008,16.64703369140625
1345003200,25.434141159057617,16.846946716308594
1345089600,25.950895309448242,16.84355354309082
1345176000,26.952892303466797,16.68769073486328
1345435200,27.141942977905273,16.789348602294922
1345521600,26.18406867980957,16.57588005065918
1345608000,26.139949798583984,16.68769073486328
1345694400,26.045425415039062,16.61654281616211
1345780800,26.064332962036133,16.518274307250977
1346040000,25.88157081604004,16.806293487548828
1346126400,26.442432403564453,16.884218215942383
1346212800,26.455039978027344,16.846946716308594
1346299200,26.77012825012207,17.216278076171875
1346385600,26.467647552490234,17.534788131713867
1346731200,26.72602653503418,17.209501266479492
1346817600,26.30379295349121,17.050249099731445
1346904000,27.362489700317383,17.253551483154297
1346990400,27.891860961914062,17.582223892211914
1347249600,28.06829833984375,17.741474151611328
1347336000,28.72998809814453,18.076923370361328
1347422400,29.16482162475586,18.120973587036133
1347508800,29.391685485839844,18.524181365966797
1347595200,29.448406219482422,18.84269142150879
1347854400,29.07660675048828,18.175180435180664
1347940800,28.68589210510254,17.643211364746094
1348027200,28.717397689819336,18.02948570251465
1348113600,28.84974479675293,18.083698272705078
1348200000,29.505126953125,18.20229148864746
1348459200,29.4547176361084,18.110811233520508
1348545600,28.975767135620117,18.178571701049805
1348632000,28.692182540893555,17.95833396911621
1348718400,29.32236671447754,18.476747512817383
1348804800,29.221540451049805,18.497085571289062
1349064000,29.341276168823242,18.751209259033203
1349150400,29.25304412841797,18.76814842224121
1349236800,28.459014892578125,18.473356246948242
1349323200,28.603960037231445,18.835920333862305
1349409600,29.000978469848633,18.59195327758789
1349668800,28.94426155090332,19.62540054321289
1349755200,29.045074462890625,19.357723236083984
1349841600,28.452720642089844,18.737653732299805
1349928000,28.262619018554688,18.520801544189453
1350014400,27.831703186035156,18.398813247680664
1350273600,28.123207092285156,18.425928115844727
1350360000,29.46027374267578,18.652942657470703
1350446400,29.561674118041992,18.8901309967041
1350532800,28.87095069885254,18.56484603881836
1350619200,28.2879581451416,18.61567497253418
1350878400,28.883634567260742,18.473356246948242
1350964800,28.465389251708984,18.04303741455078
1351051200,28.37667465209961,18.195520401000977
1351137600,28.535085678100586,18.283605575561523
1351224000,30.100303649902344,18.84269142150879
1351656000,29.884859085083008,18.61228370666504
1351742400,30.024259567260742,18.30733299255371
1351828800,29.28285026550293,17.975269317626953
1352091600,30.26508140563965,18.554672241210938
1352178000,31.709884643554688,19.306900024414062
1352264400,31.342348098754883,18.791866302490234
1352350800,31.05084991455078,18.402206420898438
1352437200,30.043292999267578,17.998987197875977
1352696400,30.005264282226562,18.256505966186523
1352782800,29.69474983215332,18.26328468322754
1352869200,28.997705459594727,18.002378463745117
1352955600,28.73154640197754,18.31749725341797
1353042000,29.004026412963867,18.41238021850586
1353301200,30.493196487426758,19.292234420776367
1353387600,31.088876724243164,19.438873291015625
1353474000,31.297996520996094,19.72193717956543
1353646800,31.57046890258789,20.114124298095703
1353906000,31.40571403503418,20.14141082763672
1353992400,31.72256088256836,19.981117248535156
1354078800,32.318233489990234,20.20619773864746
1354165200,32.673095703125,20.2744083404541
1354251600,33.1863899230957,20.305105209350586
1354510800,32.673095703125,20.308515548706055
1354597200,32.673095703125,20.175512313842773
1354683600,32.12178421020508,19.817424774169922
1354770000,32.299217224121094,20.257360458374023
1354856400,33.16737365722656,20.70069694519043
1355115600,33.95317077636719,21.1474552154541
1355202000,33.61097717285156,20.946245193481445
1355288400,33.6172981262207,20.9803466796875
1355374800,33.08499526977539,21.065610885620117
1355461200,33.883445739746094,21.427106857299805
1355720400,33.91513442993164,21.471435546875
1355806800,33.693336486816406,21.485078811645508
1355893200,33.268760681152344,21.21908187866211
1355979600,33.21807098388672,21.23271942138672
1356066000,33.05331039428711,21.191791534423828
1356325200,32.93290328979492,21.270227432250977
1356498000,32.54637145996094,21.028093338012695
1356584400,32.673095703125,21.150861740112305
1356670800,32.04574203491211,20.840524673461914
1356930000,33.648983001708984,21.485078811645508
1357102800,35.01775360107422,21.82952308654785
1357189200,33.70602035522461,21.21908187866211
1357275600,33.67433547973633,21.33161163330078
1357534800,32.54637145996094,20.547239303588867
1357621200,32.692108154296875,20.990581512451172
1357707600,32.521026611328125,21.287281036376953
1357794000,32.64141082763672,21.413461685180664
1357880400,32.05208969116211,21.140634536743164
1358139600,32.54002380371094,21.355485916137695
1358226000,33.1040153503418,21.914779663085938
1358312400,34.54881286621094,22.078474044799805
1358398800,34.94804763793945,22.296735763549805
1358485200,34.89734649658203,22.2353515625
1358830800,34.60584259033203,22.88672637939453
1358917200,35.18251419067383,23.047008514404297
1359003600,35.56272506713867,23.411922454833984
1359090000,35.99997329711914,23.418739318847656
1359349200,36.17741012573242,23.411922454833984
1359435600,37.945411682128906,24.544147491455078
1359522000,38.50304412841797,24.85789680480957
1359608400,38.38264465332031,25.30805778503418
1359694800,39.76408767700195,25.990131378173828
1359954000,38.7945556640625,26.191329956054688
1360040400,38.661468505859375,26.150409698486328
1360126800,39.11140060424805,26.52895164489746
1360213200,40.087284088134766,26.948427200317383
1360299600,40.56888961791992,27.77031898498535
1360558800,40.6702766418457,27.858983993530273
1360645200,40.828697204589844,27.586166381835938
1360731600,40.625911712646484,27.85215950012207
1360818000,41.082176208496094,28.36031723022461
1360904400,40.663944244384766,28.274690628051758
1361250000,41.23896408081055,28.839778900146484
1361336400,39.88895797729492,27.476722717285156
1361422800,39.666072845458984,27.600006103515625
1361509200,40.82504653930664,27.92194175720215
1361768400,39.06112289428711,27.151365280151367
1361854800,38.99106979370117,27.5863094329834
1361941200,40.11183547973633,28.33633041381836
1362027600,40.09273910522461,28.38428497314453
1362114000,40.69132614135742,29.11374282836914
1362373200,41.8248176574707,30.750778198242188
1362459600,41.88214111328125,30.394603729248047
1362546000,42.0604362487793,30.322681427001953
1362632400,41.94580078125,30.233631134033203
1362718800,42.04770278930664,30.487070083618164
1362974400,41.831180572509766,30.100072860717773
1363060800,42.168701171875,30.476795196533203
1363147200,41.10524368286133,29.737060546875
1363233600,41.35995864868164,30.03499412536621
1363320000,40.85051345825195,30.113773345947266
1363579200,41.41090774536133,30.39117431640625
1363665600,41.65287780761719,30.243915557861328
1363752000,43.009254455566406,31.209693908691406
1363838400,42.55076599121094,30.500768661499023
1363924800,43.01564407348633,31.13434600830078
1364184000,42.57624053955078,30.88776969909668
1364270400,42.81821823120117,31.14120101928711
1364356800,43.47411346435547,30.70967674255371
1364443200,44.55667495727539,30.685705184936523
1364788800,44.16822052001953,30.76447868347168
1364875200,42.5634880065918,29.27471351623535
1364961600,39.77433395385742,27.873992919921875
1365048000,39.72975540161133,28.295230865478516
1365134400,39.67881393432617,28.209611892700195
1365393600,40.51301574707031,28.548669815063477
1365480000,41.175296783447266,29.04183006286621
1365566400,40.66585159301758,28.884286880493164
1365652800,39.487762451171875,28.106870651245117
1365739200,38.634456634521484,27.49727439880371
1365998400,36.62855529785156,26.548603057861328
1366084800,37.74932098388672,27.010955810546875
1366171200,36.9278678894043,26.23695182800293
1366257600,36.443885803222656,26.367101669311523
1366344000,36.832340240478516,26.969858169555664
1366603200,37.844852447509766,27.3945255279541
1366689600,38.94013977050781,27.92878532409668
1366776000,39.36678695678711,28.295230865478516
1366862400,39.4177360534668,27.9527530670166
1366948800,39.226688385009766,27.86029624938965
1367208000,39.354042053222656,28.223316192626953
1367294400,38.812774658203125,26.8362979888916
1367380800,37.99767303466797,25.16158676147461
1367467200,38.39884567260742,25.959562301635742
1367553600,39.59603500366211,26.74725914001465
1367812800,40.67222213745117,27.514392852783203
1367899200,41.0606689453125,27.891115188598633
1367985600,40.37929916381836,26.92191505432129
1368072000,39.56418991088867,26.873966217041016
1368158400,39.08659362792969,26.50066566467285
1368417600,39.462303161621094,26.18216323852539
1368504000,40.80594253540039,26.784255981445312
1368590400,41.35995864868164,27.310649871826172
1368676800,40.849979400634766,27.0147762298584
1368763200,41.88658905029297,28.446012496948242
1369022400,42.20651626586914,29.106586456298828
1369108800,41.86098098754883,28.514829635620117
1369195200,41.8417854309082,28.366878509521484
1369281600,41.752201080322266,28.33591079711914
1369368000,41.892982482910156,28.23270606994629
1369713600,42.564842224121094,28.814146041870117
1369800000,42.76960372924805,28.800378799438477
1369886400,42.724822998046875,28.741899490356445
1369972800,42.59685516357422,28.38408660888672
1370232000,42.28330612182617,28.21894073486328
1370318400,41.707420349121094,27.740713119506836
1370404800,40.70280838012695,27.499874114990234
1370491200,41.59224319458008,28.470102310180664
1370577600,42.148921966552734,28.772851943969727
1370836800,41.662620544433594,28.353126525878906
1370923200,40.9267463684082,27.475791931152344
1371009600,40.510833740234375,27.276241302490234
1371096000,41.2786865234375,27.79574966430664
1371182400,40.830780029296875,27.38977813720703
1371441600,41.11872482299805,27.179914474487305
1371528000,41.2019157409668,27.152385711669922
1371614400,40.71560287475586,26.94251823425293
1371700800,38.64237976074219,25.387422561645508
1371787200,37.91292190551758,25.050241470336914
1372046400,36.59477233886719,24.214202880859375
1372132800,38.01530838012695,24.799081802368164
1372219200,38.213680267333984,24.91950035095215
1372305600,37.89373016357422,24.444711685180664
1372392000,37.69536209106445,24.44815444946289
1372651200,37.688961029052734,24.214202880859375
1372737600,36.524383544921875,23.839189529418945
1372824000,36.9083137512207,24.334623336791992
1372996800,36.62676239013672,23.73596954345703
1373256000,37.59299087524414,23.89079475402832
1373342400,37.43941116333008,24.1247501373291
1373428800,35.89091110229492,23.498580932617188
1373515200,36.959495544433594,24.602981567382812
1373601600,37.8105354309082,25.19818687438965
1373860800,37.9001350402832,25.1500186920166
1373947200,36.88270950317383,24.05937957763672
1374033600,37.13865661621094,23.997453689575195
1374120000,36.421993255615234,23.495140075683594
1374206400,36.78672790527344,23.945844650268555
1374465600,37.087467193603516,24.028411865234375
1374552000,38.066497802734375,24.692428588867188
1374638400,37.650569915771484,24.217647552490234
1374724800,38.02170944213867,24.78876495361328
1374811200,37.75295639038086,24.7406005859375
1375070400,37.727352142333984,24.85069465637207
1375156800,37.41381072998047,25.119050979614258
1375243200,39.35265350341797,25.22915267944336
1375329600,38.7255859375,25.834678649902344
1375416000,37.37541961669922,24.747480392456055
1375675200,36.985103607177734,24.664907455444336
1375761600,37.311439514160156,24.468801498413086
1375848000,37.087467193603516,24.67523193359375
1375934400,37.75295639038086,24.940143585205078
1376020800,37.70176696777344,25.19818687438965
1376280000,37.22184371948242,25.132816314697266
1376366400,37.8105354309082,25.783079147338867
1376452800,37.818904876708984,25.35300636291504
1376539200,36.76392364501953,24.31397819519043
1376625600,36.217124938964844,24.083465576171875
1376884800,35.59956359863281,23.900020599365234
1376971200,36.67384338378906,24.571502685546875
1377057600,37.278541564941406,24.869173049926758
1377144000,37.3814697265625,25.91101837158203
1377230400,37.3814697265625,25.980234146118164
1377489600,37.39432907104492,25.89370346069336
1377576000,36.73173904418945,25.301830291748047
1377662400,37.33000183105469,25.6271915435791
1377748800,37.13058853149414,25.485275268554688
1377835200,36.73173904418945,25.097620010375977
1378180800,37.3814697265625,25.41952133178711
1378267200,37.97329330444336,25.495664596557617
1378353600,37.18205642700195,24.95570182800293
1378440000,36.93759536743164,24.523048400878906
1378699200,36.96976852416992,24.09385108947754
1378785600,36.53232955932617,23.571189880371094
1378872000,36.622398376464844,23.436208724975586
1378958400,36.31361389160156,23.166231155395508
1379044800,36.75105285644531,23.49851417541504
1379304000,36.55806350708008,23.173154830932617
1379390400,36.056297302246094,22.917016983032227
1379476800,36.82823944091797,22.93431854248047
1379563200,37.407196044921875,22.640119552612305
1379649600,37.26567077636719,22.32860565185547
1379908800,36.93117141723633,21.8024959564209
1379995200,37.16275405883789,22.259376525878906
1380081600,37.342864990234375,22.31475830078125
1380168000,37.61949157714844,22.200536727905273
1380254400,37.651649475097656,22.47743797302246
1380513600,37.194915771484375,22.262845993041992
1380600000,37.246376037597656,22.252450942993164
1380686400,38.069793701171875,22.615886688232422
1380772800,38.31423568725586,22.57781410217285
1380859200,38.0633544921875,22.57781410217285
1381118400,37.246376037597656,22.124391555786133
1381204800,36.596656799316406,21.632890701293945
1381291200,36.603084564208984,21.49443817138672
1381377600,37.67738723754883,22.60550308227539
1381464000,38.55225372314453,23.27698516845703
1381723200,38.90605926513672,23.256223678588867
1381809600,38.275638580322266,23.688884735107422
1381896000,39.06687927246094,23.865400314331055
1381982400,40.02538299560547,24.2911376953125
1382068800,40.8359260559082,24.48496437072754
1382328000,41.112548828125,24.550735473632812
1382414400,41.73653030395508,25.09415054321289
1382500800,41.59501266479492,24.952247619628906
1382587200,40.675086975097656,23.955400466918945
1382673600,40.784454345703125,24.190767288208008
1382932800,40.7072639465332,24.644184112548828
1383019200,41.26049041748047,24.512657165527344
1383105600,41.9616813659668,25.097620010375977
1383192000,41.44704818725586,24.80340576171875
1383278400,41.25406265258789,24.526506423950195
1383541200,41.453495025634766,24.81378936767578
1383627600,41.34412384033203,24.478052139282227
1383714000,41.40202331542969,24.367294311523438
1383800400,41.0675163269043,24.37767219543457
1383886800,42.04530715942383,24.799949645996094
1384146000,42.1289176940918,24.99030876159668
1384232400,42.32954025268555,25.616809844970703
1384318800,42.74372482299805,25.99407196044922
1384405200,43.720909118652344,27.295516967773438
1384491600,43.42321014404297,27.28860092163086
1384750800,43.49441146850586,26.9440860748291
1384837200,43.85679626464844,27.431264877319336
1384923600,43.37791442871094,26.933652877807617
1385010000,43.682071685791016,27.41386604309082
1385096400,44.31627655029297,27.925392150878906
1385355600,44.4198112487793,28.457809448242188
1385442000,44.490997314453125,28.377771377563477
1385528400,45.37758255004883,29.3486328125
1385701200,45.04754638671875,28.79186248779297
1385960400,46.18003845214844,30.416934967041016
1386046800,45.68821334838867,30.270780563354492
1386133200,45.03459167480469,28.972816467285156
1386219600,45.12520217895508,29.178133010864258
1386306000,46.102386474609375,30.343860626220703
1386565200,46.48419189453125,29.769695281982422
1386651600,46.341819763183594,30.451736450195312
1386738000,45.84999465942383,29.919315338134766
1386824400,46.089447021484375,29.821884155273438
1386910800,46.335365295410156,29.6513729095459
1387170000,46.98896408081055,30.048084259033203
1387256400,46.982505798339844,29.957592010498047
1387342800,47.875553131103516,30.420406341552734
1387429200,47.1895866394043,29.82537269592285
1387515600,47.90791320800781,30.36474609375
1387774800,48.15382766723633,30.89019203186035
1387861200,48.367374420166016,31.092025756835938
1388034000,48.613319396972656,31.158130645751953
1388120400,48.37387466430664,31.01544952392578
1388379600,48.35444259643555,30.79623031616211
1388466000,49.914031982421875,31.920196533203125
1388638800,49.473995208740234,31.137258529663086
1388725200,49.37045669555664,30.71271514892578
1388984400,49.836402893066406,30.869308471679688
1389070800,49.842864990234375,30.970216751098633
1389157200,49.74580001831055,30.858867645263672
1389243600,50.561195373535156,31.68008804321289
1389330000,50.4770622253418,31.65574836730957
1389589200,49.0598258972168,30.67793083190918
1389675600,49.49986267089844,31.005014419555664
1389762000,48.88508987426758,30.1524658203125
1389848400,48.78802490234375,29.821884155273438
1389934800,49.19572830200195,29.675739288330078
1390280400,49.76521682739258,30.041109085083008
1390366800,49.894630432128906,29.780139923095703
1390453200,49.959346771240234,29.731422424316406
1390539600,48.17323303222656,28.875396728515625
1390798800,48.47093200683594,29.056333541870117
1390885200,48.587406158447266,28.941492080688477
1390971600,48.004981994628906,30.107227325439453
1391058000,47.6037483215332,30.448244094848633
1391144400,47.29959487915039,30.29166030883789
1391403600,46.18003845214844,29.3486328125
1391490000,46.03766632080078,28.96934700012207
1391576400,45.7335090637207,28.642240524291992
1391662800,47.43549728393555,28.997173309326172
1391749200,48.06968688964844,29.393869400024414
1392008400,46.768943786621094,28.715303421020508
1392094800,47.946739196777344,29.390382766723633
1392181200,47.655517578125,29.29991912841797
1392267600,48.56634521484375,29.780139923095703
1392354000,49.39908981323242,30.67185401916504
1392699600,49.041282653808594,30.66835594177246
1392786000,48.969703674316406,30.430559158325195
1392872400,48.98271942138672,30.75579261779785
1392958800,48.76152038574219,30.531980514526367
1393218000,49.60728073120117,30.815235137939453
1393304400,50.4400520324707,31.4341983795166
1393390800,49.93909454345703,30.787242889404297
1393477200,48.62489318847656,29.426937103271484
1393563600,48.702964782714844,29.37448501586914
1393822800,48.702964782714844,29.154176712036133
1393909200,49.496700286865234,29.61577606201172
1393995600,49.97160339355469,30.136829376220703
1394082000,50.8369140625,31.29080581665039
1394168400,50.79785919189453,31.472658157348633
1394424000,51.17519760131836,31.850343704223633
1394510400,51.44845962524414,31.923763275146484
1394596800,52.0469970703125,33.046287536621094
1394683200,50.8369140625,32.36438751220703
1394769600,51.194740295410156,32.864444732666016
1395028800,51.624107360839844,32.7210693359375
1395115200,52.274688720703125,32.92039108276367
1395201600,51.02556228637695,32.04965591430664
1395288000,51.071109771728516,32.14057922363281
1395374400,50.71328353881836,31.713960647583008
1395633600,50.36848831176758,31.336278915405273
1395720000,50.875938415527344,31.696455001831055
1395806400,50.23185729980469,31.157928466796875
1395892800,50.00414276123047,30.52499008178711
1395979200,49.86751174926758,30.65786361694336
1396238400,50.13425064086914,30.437564849853516
1396324800,51.77374267578125,31.311796188354492
1396411200,51.55254364013672,30.47953224182129
1396497600,52.43733215332031,30.483020782470703
1396584000,51.767234802246094,30.458538055419922
1396843200,50.71328353881836,29.75215721130371
1396929600,50.45954513549805,29.33950424194336
1397016000,50.96050262451172,29.766141891479492
1397102400,49.8935432434082,29.559816360473633
1397188800,49.93257522583008,29.126203536987305
1397448000,50.752315521240234,29.573806762695312
1397534400,51.18821716308594,30.276710510253906
1397620800,52.76913833618164,31.046024322509766
1397707200,52.229156494140625,31.441192626953125
1398052800,53.23106384277344,31.521610260009766
1398139200,53.33515167236328,31.609041213989258
1398225600,53.543338775634766,31.766407012939453
1398312000,53.718994140625,31.73143768310547
1398398400,53.73200988769531,31.72793960571289
1398657600,54.68186950683594,32.493770599365234
1398744000,54.48670196533203,32.654624938964844
1398830400,54.141868591308594,32.50426483154297
1398916800,54.68186950683594,33.3750114440918
1399003200,54.34355545043945,33.4834098815918
1399262400,54.60378646850586,33.50439453125
1399348800,54.81850814819336,33.81212615966797
1399435200,55.31944274902344,33.29107666015625
1399521600,53.94670867919922,32.448326110839844
1399608000,53.289615631103516,31.923763275146484
1399867200,54.350067138671875,32.17904281616211
1399953600,54.81850814819336,32.08812713623047
1400040000,54.36307144165039,32.109100341796875
1400126400,53.67585754394531,31.437692642211914
1400212800,53.57770919799805,31.140460968017578
1400472000,54.14711380004883,31.22828483581543
1400558400,53.64967727661133,31.140457153320312
1400644800,53.40095138549805,30.810176849365234
1400731200,53.91800308227539,30.536117553710938
1400817600,53.6889533996582,30.616926193237305
1401163200,53.78711700439453,30.550168991088867
1401249600,54.317256927490234,30.69774055480957
1401336000,55.18775177001953,31.555044174194336
1401422400,55.49536895751953,31.407482147216797
1401681600,55.7899055480957,31.523426055908203
1401768000,55.33174514770508,30.95070457458496
1401854400,54.781959533691406,30.862876892089844
1401940800,54.664146423339844,30.883955001831055
1402027200,55.21394348144531,30.810176849365234
1402286400,54.801612854003906,30.743419647216797
1402372800,54.21255111694336,30.107471466064453
1402459200,54.25179672241211,30.107471466064453
1402545600,54.192901611328125,30.444759368896484
1402632000,54.644535064697266,30.363962173461914
1402891200,54.6118049621582,30.170711517333984
1402977600,55.024131774902344,30.420183181762695
1403064000,55.30557632446289,31.143964767456055
1403150400,55.80300521850586,31.488285064697266
1403236800,56.248050689697266,31.484785079956055
1403496000,56.503299713134766,31.26343536376953
1403582400,55.59354019165039,30.374500274658203
1403668800,53.25041961669922,28.4490909576416
1403755200,53.73474884033203,28.435026168823242
1403841600,53.33552551269531,27.897449493408203
1404100800,52.6417350769043,27.43015480041504
1404187200,52.75300216674805,27.619884490966797
1404273600,53.01481246948242,28.066104888916016
1404360000,53.342063903808594,28.42447853088379
1404705600,52.68754959106445,27.922060012817383
1404792000,51.88905715942383,27.345827102661133
1404878400,52.235939025878906,27.437183380126953
1404964800,52.183570861816406,27.198261260986328
1405051200,52.55010223388672,27.707727432250977
1405310400,52.327571868896484,27.433671951293945
1405396800,53.093345642089844,27.763938903808594
1405483200,52.91008377075195,27.5566349029541
1405569600,52.05922317504883,26.966371536254883
1405656000,52.92319869995117,27.022579193115234
1405915200,52.465030670166016,26.67826271057129
1406001600,52.68754959106445,26.629074096679688
1406088000,53.191505432128906,26.917184829711914
1406174400,53.73474884033203,27.205284118652344
1406260800,54.09474182128906,27.609350204467773
1406520000,54.06855010986328,27.331775665283203
1406606400,53.976924896240234,27.9782657623291
1406692800,53.48604202270508,27.74989128112793
1406779200,53.08679962158203,29.330978393554688
1406865600,52.71373748779297,29.36260986328125
1407124800,53.590763092041016,29.678808212280273
1407211200,53.02135467529297,29.87557601928711
1407297600,53.852577209472656,30.479904174804688
1407384000,53.35513687133789,30.392057418823242
1407470400,54.356536865234375,30.743419647216797
1407729600,53.924560546875,30.59937286376953
1407816000,54.035831451416016,30.416658401489258
1407902400,54.50994873046875,30.71881675720215
1407988800,55.10916519165039,31.238828659057617
1408075200,55.175025939941406,31.29856300354004
1408334400,56.37346649169922,31.83209228515625
1408420800,56.68955612182617,32.365631103515625
1408507200,57.025390625,32.25963592529297
1408593600,56.788333892822266,31.821495056152344
1408680000,56.68955612182617,31.95222282409668
1408939200,57.22292709350586,32.00875473022461
1409025600,57.07149124145508,31.95222282409668
1409112000,56.92002487182617,31.86743927001953
1409198400,57.03196716308594,32.07589340209961
1409284800,57.30194091796875,32.15715789794922
1409630400,57.25584411621094,31.627159118652344
1409716800,57.446807861328125,31.94869041442871
1409803200,57.20975875854492,32.143028259277344
1409889600,57.62461853027344,32.37622833251953
1410148800,57.32828140258789,32.6447639465332
1410235200,56.93977355957031,32.40803909301758
1410321600,56.06396484375,31.95222282409668
1410408000,55.31988525390625,31.411619186401367
1410494400,54.66799545288086,30.690820693969727
1410753600,55.24745559692383,31.280893325805664
1410840000,56.48541259765625,31.157222747802734
1410926400,56.42617416381836,31.160762786865234
1411012800,56.55784606933594,30.85688591003418
1411099200,56.465667724609375,31.319759368896484
1411358400,55.207942962646484,30.415218353271484
1411444800,54.82602310180664,29.9276065826416
1411531200,54.4506721496582,29.853412628173828
1411617600,53.825103759765625,29.77920150756836
1411704000,54.14778137207031,30.037141799926758
1411963200,53.8448600769043,29.818069458007812
1412049600,53.541961669921875,29.91701316833496
1412136000,52.435699462890625,29.129079818725586
1412222400,51.20430374145508,28.60259437561035
1412308800,51.12528610229492,28.556673049926758
1412568000,50.93431854248047,28.577865600585938
1412654400,50.93431854248047,28.556673049926758
1412740800,52.12621307373047,29.77215003967285
1412827200,50.447052001953125,28.902942657470703
1412913600,50.25608444213867,28.82872772216797
1413172800,48.10281753540039,28.203340530395508
1413259200,46.48292541503906,27.71217918395996
1413345600,44.70499801635742,26.948974609375
1413432000,45.90345764160156,27.71924591064453
1413518400,47.5496826171875,28.001922607421875
1413777600,47.641883850097656,28.493064880371094
1413864000,50.578731536865234,30.015939712524414
1413950400,49.643699645996094,29.528345108032227
1414036800,50.124385833740234,29.86754608154297
1414123200,50.368011474609375,30.312747955322266
1414382400,49.70295715332031,30.535350799560547
1414468800,51.05286407470703,31.489360809326172
1414555200,50.302188873291016,30.885149002075195
1414641600,50.967262268066406,32.02996826171875
1414728000,51.691593170166016,32.11830139160156
1414990800,50.49314498901367,32.372703552246094
1415077200,49.05104446411133,32.022911071777344
1415163600,49.215675354003906,32.05116653442383
1415250000,49.66343688964844,32.90622329711914
1415336400,49.189327239990234,33.241920471191406
1415595600,49.05764389038086,33.24897384643555
1415682000,48.49131393432617,33.436241149902344
1415768400,48.4250373840332,33.57050323486328
1415854800,46.95982360839844,33.05463409423828
1415941200,47.58966064453125,32.64122772216797
1416200400,48.25263977050781,32.865028381347656
1416286800,49.034969329833984,33.35175704956055
1416373200,50.234989166259766,33.323333740234375
1416459600,51.60076904296875,33.80648422241211
1416546000,52.654930114746094,34.431739807128906
1416805200,52.654930114746094,34.14753723144531
1416891600,52.7344856262207,33.834896087646484
1416978000,52.562095642089844,33.987674713134766
1417150800,48.411766052246094,32.00532150268555
1417410000,47.642704010009766,32.253990173339844
1417496400,48.90237808227539,33.444114685058594
1417582800,49.61179733276367,34.11200714111328
1417669200,49.70462417602539,34.342933654785156
1417755600,48.411766052246094,32.73714828491211
1418014800,45.70013427734375,31.518617630004883
1418101200,45.62057113647461,31.5328311920166
1418187600,44.49347686767578,30.21836280822754
1418274000,44.301212310791016,29.799156188964844
1418360400,43.5453987121582,29.557586669921875
1418619600,43.154232025146484,28.9074649810791
1418706000,44.44706726074219,29.20232582092285
1418792400,45.32221221923828,30.101125717163086
1418878800,45.76643753051758,29.85243797302246
1418965200,47.60953140258789,30.978609085083008
1419224400,47.22502136230469,31.010591506958008
1419310800,48.106781005859375,31.39783477783203
1419397200,47.80181884765625,31.48308563232422
1419570000,48.16646957397461,31.87387466430664
1419829200,48.279178619384766,32.349910736083984
1419915600,48.34545135498047,32.20071029663086
1420002000,47.53661346435547,32.06570053100586
1420174800,47.927799224853516,32.555973052978516
1420434000,45.03050231933594,31.65005111694336
1420520400,43.77080535888672,31.33742904663086
1420606800,43.963077545166016,31.596776962280273
1420693200,45.673606872558594,32.33925247192383
1420779600,44.62608337402344,31.4368953704834
1421038800,42.59068298339844,30.34626007080078
1421125200,40.77408218383789,28.726285934448242
1421211600,39.39506149291992,27.57879066467285
1421298000,39.176273345947266,27.301685333251953
1421384400,40.329891204833984,27.55391502380371
1421730000,42.17963409423828,28.569963455200195
1421816400,43.92330551147461,28.758249282836914
1421902800,44.62608337402344,29.83113670349121
1421989200,45.42829513549805,30.964406967163086
1422248400,45.34873580932617,31.330324172973633
1422334800,46.144325256347656,31.50440788269043
1422421200,45.328853607177734,31.721107482910156
1422507600,46.72776412963867,31.976898193359375
1422594000,46.62168502807617,32.89348220825195
1422853200,48.265907287597656,33.373069763183594
1422939600,49.64493942260742,34.040950775146484
1423026000,49.3399543762207,34.17239761352539
1423112400,49.86372756958008,34.566741943359375
1423198800,50.45378494262695,35.128055572509766
1423458000,50.34108352661133,35.58634567260742
1423544400,50.168697357177734,36.30040740966797
1423630800,49.18747329711914,35.852779388427734
1423717200,50.13529968261719,36.02330780029297
1423803600,51.14323043823242,36.94441604614258
1424149200,51.33012008666992,37.06581115722656
1424235600,50.69599533081055,37.35499572753906
1424322000,51.68387985229492,37.719154357910156
1424408400,51.6237907409668,37.69058609008789
1424667600,52.95213317871094,37.96907043457031
1424754000,53.39933776855469,37.551353454589844
1424840400,52.79191207885742,37.36570739746094
1424926800,53.43939208984375,38.21540069580078
1425013200,52.371402740478516,37.48709487915039
1425272400,51.396873474121094,36.337486267089844
1425358800,52.12443161010742,36.6909294128418
1425445200,52.03767776489258,36.419593811035156
1425531600,51.31675720214844,36.3267707824707
1425618000,50.30218505859375,35.16287612915039
1425873600,50.92295837402344,35.619876861572266
1425960000,49.4144287109375,34.31675338745117
1426046400,49.76152038574219,34.584510803222656
1426132800,49.5012092590332,34.156089782714844
1426219200,49.82157897949219,34.345314025878906
1426478400,50.92295837402344,35.00937271118164
1426564800,50.69599533081055,34.895118713378906
1426651200,52.14446258544922,36.062583923339844
1426737600,51.7372932434082,35.7234001159668
1426824000,52.63841247558594,36.50885009765625
1427083200,52.418121337890625,36.56597137451172
1427169600,51.8173828125,36.30891418457031
1427256000,52.73185729980469,36.80160903930664
1427342400,52.358055114746094,36.01615905761719
1427428800,51.80403137207031,35.5770378112793
1427688000,53.105628967285156,36.73735427856445
1427774400,52.4648551940918,36.555259704589844
1427860800,53.35929870605469,36.33034133911133
1427947200,52.17783737182617,34.659481048583984
1428292800,52.43146896362305,35.18072509765625
1428379200,51.91083908081055,35.073631286621094
1428465600,51.6705436706543,35.21644592285156
1428552000,51.937530517578125,35.652000427246094
1428638400,52.29130935668945,35.85193634033203
1428897600,51.35015106201172,34.70590591430664
1428984000,51.950889587402344,35.002227783203125
1429070400,52.69180679321289,34.9986572265625
1429156800,52.89204025268555,35.70197677612305
1429243200,52.071041107177734,35.24500274658203
1429502400,52.932106018066406,35.46277618408203
1429588800,53.06560516357422,35.7055549621582
1429675200,54.0134391784668,36.462432861328125
1429761600,54.22035217285156,36.30535888671875
1429848000,54.46065902709961,36.82659912109375
1430107200,54.11355972290039,36.75163269042969
1430193600,54.474002838134766,36.59811782836914
1430280000,54.066837310791016,36.605247497558594
1430366400,52.93876266479492,35.19145202636719
1430452800,54.474002838134766,36.65166473388672
1430712000,53.96004104614258,36.14824676513672
1430798400,53.69303894042969,36.35533142089844
1430884800,53.27920913696289,36.066139221191406
1430971200,53.35929870605469,36.66237258911133
1431057600,54.487342834472656,37.444244384765625
1431316800,53.75978469848633,36.51599884033203
1431403200,53.733097076416016,36.176815032958984
1431489600,53.91330337524414,36.51599884033203
1431576000,54.86776351928711,37.3835563659668
1431662400,54.47792053222656,36.9337043762207
1431921600,54.6661376953125,37.40724563598633
1432008000,54.24266052246094,37.40367889404297
1432094400,54.12168884277344,37.42878723144531
1432180800,54.444313049316406,37.18842315673828
1432267200,54.424156188964844,36.980342864990234
1432612800,53.34199142456055,36.033233642578125
1432699200,53.22774124145508,36.219783782958984
1432785600,53.476417541503906,36.86912536621094
1432872000,53.180660247802734,37.116676330566406
1433131200,53.33526611328125,37.14896774291992
1433217600,53.167213439941406,36.9624137878418
1433304000,52.629486083984375,36.66464614868164
1433390400,52.01112747192383,35.993770599365234
1433476800,52.46146774291992,36.20542907714844
1433736000,51.87670135498047,36.040409088134766
1433822400,51.61454772949219,35.635013580322266
1433908800,52.293434143066406,36.51755142211914
1433995200,52.87820816040039,37.33191680908203
1434081600,52.19260025024414,36.614418029785156
1434340800,52.48162078857422,36.63594055175781
1434427200,52.68998718261719,36.72923278808594
1434513600,52.99247741699219,36.80813980102539
1434600000,53.792335510253906,37.26734161376953
1434686400,53.55034637451172,37.23863983154297
1434945600,53.503299713134766,37.231475830078125
1435032000,53.980533599853516,37.44673156738281
1435118400,53.22774124145508,37.08079528808594
1435204800,53.02608108520508,36.908599853515625
1435291200,53.51673889160156,37.288875579833984
1435550400,52.75721740722656,36.48525619506836
1435636800,54.14856719970703,37.5328254699707
1435723200,54.645965576171875,38.58039855957031
1435809600,54.74677658081055,38.75258255004883
1436155200,54.807254791259766,39.29071807861328
1436241600,55.351707458496094,39.850364685058594
1436328000,52.76393127441406,38.72388458251953
1436414400,53.40248107910156,38.30057144165039
1436500800,54.7736701965332,39.096988677978516
1436760000,56.07091522216797,42.17509841918945
1436846400,56.138126373291016,42.182281494140625
1436932800,54.961883544921875,41.26387405395508
1437019200,55.92978286743164,41.959842681884766
1437105600,55.94993209838867,42.03159713745117
1437364800,55.33827590942383,41.27821350097656
1437451200,55.103031158447266,41.00556182861328
1437537600,55.002193450927734,40.94816970825195
1437624000,54.706459045410156,40.417205810546875
1437710400,53.120174407958984,40.41002655029297
1437969600,51.567508697509766,39.075469970703125
1438056000,52.8647575378418,39.11134338378906
1438142400,53.792335510253906,40.044105529785156
1438228800,53.180660247802734,38.702369689941406
1438315200,53.43609619140625,39.22614669799805
1438574400,52.88491439819336,38.17140197753906
1438660800,52.60261154174805,37.44673156738281
1438747200,52.61606979370117,37.08079528808594
1438833600,53.53018569946289,37.41801452636719
1438920000,53.51673889160156,36.71487045288086
1439179200,55.46598434448242,38.21445083618164
1439265600,56.259124755859375,40.079978942871094
1439352000,56.67585754394531,41.47193908691406
1439438400,56.21574783325195,40.8907585144043
1439524800,55.68796920776367,39.93648147583008
1439784000,56.20221710205078,40.31895065307617
1439870400,56.33076858520508,40.037506103515625
1439956800,54.67298889160156,39.33027267456055
1440043200,53.81365203857422,38.45709228515625
1440129600,51.2491569519043,34.91373825073242
1440388800,48.488441467285156,33.0662956237793
1440475200,47.737369537353516,31.586904525756836
1440561600,49.59813690185547,32.84980773925781
1440648000,50.761966705322266,33.67969512939453
1440734400,52.257362365722656,34.07662582397461
1440993600,53.50239562988281,34.141578674316406
1441080000,52.50093078613281,33.239505767822266
1441166400,53.15730285644531,33.780738830566406
1441252800,53.089622497558594,33.90342712402344
1441339200,52.2370719909668,33.441566467285156
1441684800,54.050479888916016,34.43744659423828
1441771200,54.57149124145508,34.24261474609375
1441857600,54.82185745239258,34.75498580932617
1441944000,54.537654876708984,34.54570007324219
1442203200,52.92047119140625,33.57146453857422
1442289600,53.597103118896484,34.09828186035156
1442376000,53.5836067199707,33.67969512939453
1442462400,53.664791107177734,33.795188903808594
1442548800,53.1776008605957,33.261146545410156
1442808000,53.63095474243164,33.318878173828125
1442894400,52.893402099609375,33.15291213989258
1442980800,52.6768684387207,33.38383865356445
1443067200,52.54155349731445,33.67969512939453
1443153600,52.737789154052734,34.15599822998047
1443412800,50.14622497558594,32.496185302734375
1443499200,50.416873931884766,32.86424255371094
1443585600,51.99345779418945,33.434356689453125
1443672000,52.73101806640625,34.58899688720703
1443758400,53.77981948852539,34.92094802856445
1444017600,55.36316680908203,36.501399993896484
1444104000,55.87740707397461,36.1116943359375
1444190400,56.32400131225586,36.292110443115234
1444276800,57.2307014465332,36.862220764160156
1444363200,56.513458251953125,35.82303237915039
1444622400,56.75030517578125,35.91684341430664
1444708800,55.59323501586914,35.20240020751953
1444795200,55.8029899597168,35.065284729003906
1444881600,56.493160247802734,36.15498733520508
1444968000,56.91944885253906,36.8983039855957
1445227200,55.22786331176758,35.40447235107422
1445313600,55.21428298950195,34.16321563720703
1445400000,54.470001220703125,33.75908279418945
1445486400,55.89771270751953,34.38692855834961
1445572800,56.398433685302734,35.065284729003906
1445832000,56.16161346435547,35.15910339355469
1445918400,56.54052734375,35.34674835205078
1446004800,57.440452575683594,35.96736145019531
1446091200,58.48249435424805,36.97767639160156
1446177600,60.25532913208008,37.381805419921875
1446440400,61.304107666015625,38.190067291259766
1446526800,62.70479965209961,39.424102783203125
1446613200,63.1513557434082,39.546791076660156
1446699600,63.3881950378418,40.160194396972656
1446786000,62.758888244628906,40.391117095947266
1447045200,62.25819778442383,39.20038604736328
1447131600,62.700714111328125,39.525123596191406
1447218000,61.67272186279297,39.58285903930664
1447304400,60.75363540649414,39.48182678222656
1447390800,60.644710540771484,38.7385368347168
1447650000,61.99949645996094,39.03618621826172
1447736400,62.033538818359375,39.39191436767578
1447822800,63.00026321411133,40.42280960083008
1447909200,62.89132308959961,40.51719284057617
1447995600,62.407962799072266,40.60430145263672
1448254800,62.74834442138672,40.9527702331543
1448341200,63.40191650390625,41.51903533935547
1448427600,63.15681838989258,42.143394470214844
1448600400,63.15001678466797,42.520896911621094
1448859600,62.31263732910156,42.40473937988281
1448946000,63.0887451171875,43.07991027832031
1449032400,61.57058334350586,42.114356994628906
1449118800,60.29752731323242,39.522586822509766
1449205200,61.407203674316406,40.386505126953125
1449464400,59.01763916015625,38.97810363769531
1449550800,58.854251861572266,38.28114700317383
1449637200,58.60916519165039,37.73666763305664
1449723600,59.0584831237793,38.00527572631836
1449810000,56.35575866699219,36.02334976196289
1450069200,55.416255950927734,34.83998489379883
1450155600,55.67496109008789,35.689395904541016
1450242000,56.5463752746582,36.081424713134766
1450328400,55.67496109008789,37.25752258300781
1450414800,54.84440231323242,36.55331039428711
1450674000,54.885223388671875,37.31559753417969
1450760400,55.62049865722656,37.460792541503906
1450846800,57.73093032836914,38.266624450683594
1450933200,57.431419372558594,38.215816497802734
1451278800,56.13788604736328,37.460792541503906
1451365200,56.34893798828125,37.86735153198242
1451451600,55.831539154052734,37.96898651123047
1451538000,55.68858337402344,37.63502883911133
1451883600,54.517616271972656,37.19943618774414
1451970000,55.14394760131836,36.734806060791016
1452056400,53.12199401855469,35.369956970214844
1452142800,52.046348571777344,34.83998489379883
1452229200,51.202178955078125,33.5332145690918
1452488400,51.8625373840332,33.19200897216797
1452574800,52.979034423828125,33.67841720581055
1452661200,51.22940444946289,30.694618225097656
1452747600,53.97298049926758,31.696462631225586
1452834000,53.42153549194336,30.07027244567871
1453179600,53.557708740234375,29.910551071166992
1453266000,52.37312316894531,29.40236473083496
1453352400,51.767215728759766,28.756242752075195
1453438800,54.48357009887695,31.093902587890625
1453698000,51.89657211303711,29.598386764526367
1453784400,52.938167572021484,30.171911239624023
1453870800,52.91777038574219,28.937740325927734
1453957200,53.5781135559082,29.19910430908203
1454043600,54.56525802612305,30.33887481689453
1454302800,54.1091423034668,30.324365615844727
1454389200,53.44197082519531,29.235387802124023
1454475600,53.850425720214844,27.00661277770996
1454562000,54.3814697265625,25.36590003967285
1454648400,53.32625198364258,23.449291229248047
1454907600,51.930606842041016,22.30949592590332
1454994000,51.3587532043457,22.79590606689453
1455080400,51.256629943847656,22.991920471191406
1455166800,50.0014533996582,22.382095336914062
1455253200,51.57899475097656,23.277080535888672
1455598800,53.670955657958984,23.87130355834961
1455685200,55.27595138549805,24.179412841796875
1455771600,54.4871826171875,23.012990951538086
1455858000,54.93299865722656,23.174381256103516
1456117200,55.4680061340332,24.48752212524414
1456203600,53.88358688354492,23.189058303833008
1456290000,54.247108459472656,24.92034912109375
1456376400,54.020774841308594,25.10374641418457
1456462800,54.253963470458984,25.10374641418457
1456722000,54.452880859375,25.125757217407227
1456808400,57.21015930175781,25.404523849487305
1456894800,58.005794525146484,25.463211059570312
1456981200,59.04836654663086,27.37790870666504
1457067600,58.83573913574219,27.187164306640625
1457326800,59.9537353515625,27.04043960571289
1457413200,58.16355895996094,25.80066680908203
1457499600,59.04836654663086,27.187164306640625
1457586000,58.59565353393555,26.65897560119629
1457672400,59.28153610229492,27.671344757080078
1457928000,59.110084533691406,27.172496795654297
1458014400,59.39815902709961,26.87172508239746
1458100800,60.06346130371094,28.16285514831543
1458187200,60.61902618408203,27.524627685546875
1458273600,61.325523376464844,28.045482635498047
1458532800,61.51755142211914,28.18486213684082
1458619200,61.83991622924805,28.294906616210938
1458705600,60.44070816040039,27.319215774536133
1458792000,60.39956283569336,27.04778289794922
1459137600,60.00859832763672,27.128475189208984
1459224000,59.96746063232422,26.89372444152832
1459310400,60.09775924682617,26.835046768188477
1459396800,59.391292572021484,27.275209426879883
1459483200,58.7602653503418,26.695659637451172
1459742400,58.80143356323242,26.886394500732422
1459828800,58.17041015625,26.614961624145508
1459915200,58.31444549560547,26.75434112548828
1460001600,57.964637756347656,27.480602264404297
1460088000,59.02778625488281,28.39027976989746
1460347200,58.01264190673828,27.869413375854492
1460433600,58.9729118347168,28.603015899658203
1460520000,59.67938232421875,29.094526290893555
1460606400,59.61764144897461,28.918466567993164
1460692800,58.197845458984375,27.803394317626953
1460952000,58.74658966064453,28.18486213684082
1461038400,59.27470779418945,28.118844985961914
1461124800,59.45988845825195,28.940475463867188
1461211200,59.94687271118164,29.872140884399414
1461297600,60.34469223022461,30.415000915527344
1461556800,60.31039810180664,30.2095947265625
1461643200,60.63276672363281,30.415000915527344
1461729600,61.01000213623047,30.34897804260254
1461816000,60.2143669128418,30.06287956237793
1461902400,56.318511962890625,28.66904067993164
1462161600,56.380226135253906,28.30223846435547
1462248000,54.87814712524414,27.869413375854492
1462334400,54.404869079589844,26.570945739746094
1462420800,54.240257263183594,26.47557830810547
1462507200,53.85614776611328,26.321523666381836
1462766400,53.71898651123047,25.639272689819336
1462852800,54.356849670410156,26.006078720092773
1462939200,54.452880859375,26.3361873626709
1463025600,53.670955657958984,25.66861915588379
1463112000,53.732688903808594,26.03542137145996
1463371200,54.40339660644531,26.375953674316406
1463457600,54.14757537841797,26.701663970947266
1463544000,54.02311706542969,27.197647094726562
1463630400,53.69120407104492,26.723875045776367
1463716800,53.86406326293945,27.116222381591797
1463976000,53.80876541137695,26.331533432006836
1464062400,55.10869216918945,26.509193420410156
1464148800,55.406005859375,26.4129581451416
1464235200,55.34376525878906,25.576444625854492
1464321600,55.75172805786133,25.991003036499023
1464667200,55.565040588378906,25.78372573852539
1464753600,55.90385818481445,26.975563049316406
1464840000,55.89000701904297,27.153234481811523
1464926400,55.406005859375,26.250097274780273
1465185600,55.841617584228516,26.124256134033203
1465272000,56.228824615478516,27.131025314331055
1465358400,56.954864501953125,27.301286697387695
1465444800,56.09745788574219,27.35310173034668
1465531200,55.36452865600586,26.945955276489258
1465790400,54.486385345458984,25.139680862426758
1465876800,54.555511474609375,24.288373947143555
1465963200,54.721466064453125,24.57707977294922
1466049600,54.9219970703125,24.71773338317871
1466136000,54.2789421081543,24.799163818359375
1466395200,54.666168212890625,25.606056213378906
1466481600,54.86668014526367,26.05763053894043
1466568000,54.9980583190918,26.102041244506836
1466654400,55.917686462402344,27.108814239501953
1466740800,54.36192321777344,26.15386962890625
1467000000,53.17262268066406,24.377212524414062
1467086400,54.451805114746094,26.427764892578125
1467172800,55.10869216918945,27.582590103149414
1467259200,54.85975646972656,28.100778579711914
1467345600,55.16400909423828,29.070537567138672
1467691200,53.88481521606445,28.707801818847656
1467777600,52.8061637878418,27.019987106323242
1467864000,51.35410690307617,26.26490592956543
1467950400,51.75514221191406,26.945955276489258
1468209600,52.00407791137695,26.975563049316406
1468296000,52.82688903808594,27.789875030517578
1468382400,52.72317123413086,27.37531089782715
1468468800,52.972110748291016,27.678821563720703
1468555200,52.31521224975586,27.05699348449707
1468814400,52.30830383300781,27.41973114013672
1468900800,52.37053298950195,27.782461166381836
1468987200,52.09395217895508,27.982343673706055
1469073600,51.94184494018555,27.486352920532227
1469160000,52.12852096557617,27.997140884399414
1469419200,51.49238967895508,27.31608772277832
1469505600,52.709346771240234,28.581960678100586
1469592000,52.135433197021484,28.00454330444336
1469678400,52.72317123413086,28.25623321533203
1469764800,52.59180450439453,29.159372329711914
1470024000,51.34718322753906,28.72261619567871
1470110400,52.65403366088867,28.715213775634766
1470196800,54.389591217041016,30.51408576965332
1470283200,53.615135192871094,30.077316284179688
1470369600,54.126834869384766,31.024856567382812
1470628800,54.33426284790039,31.039670944213867
1470715200,53.04816818237305,30.373422622680664
1470801600,53.207183837890625,30.34381675720215
1470888000,54.04386520385742,31.017459869384766
1470974400,54.4932975769043,30.87680435180664
1471233600,54.34116744995117,30.77225685119629
1471320000,54.355106353759766,31.45924186706543
1471406400,54.16691589355469,31.518999099731445
1471492800,54.334205627441406,31.728071212768555
1471579200,54.40390396118164,31.369651794433594
1471838400,53.651123046875,30.69013214111328
1471924800,54.24359130859375,31.309900283813477
1472011200,54.1460075378418,31.33976936340332
1472097600,55.114891052246094,31.28749656677246
1472184000,54.80122756958008,31.250167846679688
1472443200,54.98243713378906,31.57872772216797
1472529600,55.296119689941406,31.86994743347168
1472616000,54.68272018432617,31.742996215820312
1472702400,54.571189880371094,31.294963836669922
1472788800,54.97548294067383,31.60112762451172
1473134400,55.142765045166016,32.08649826049805
1473220800,55.47733688354492,32.17609405517578
1473307200,55.81889343261719,32.444923400878906
1473393600,54.2714729309082,31.54139518737793
1473652800,54.95454406738281,32.3627815246582
1473739200,53.84627914428711,31.735530853271484
1473825600,53.651123046875,31.265106201171875
1473912000,55.13580322265625,32.66145706176758
1473998400,55.12883377075195,32.57184600830078
1474257600,56.007080078125,32.65400695800781
1474344000,55.470375061035156,31.77287483215332
1474430400,55.81192398071289,32.26570129394531
1474516800,55.784034729003906,31.877399444580078
1474603200,55.470375061035156,31.571264266967773
1474862400,55.393714904785156,30.973876953125
1474948800,55.35187530517578,31.250167846679688
1475035200,56.592613220214844,31.8400821685791
1475121600,55.261268615722656,29.674598693847656
1475208000,56.146514892578125,30.309297561645508
1475467200,56.04890441894531,30.585588455200195
1475553600,55.63766860961914,30.899211883544922
1475640000,56.522911071777344,31.56378746032715
1475726400,56.299842834472656,31.63100242614746
1475812800,56.03498840332031,31.190427780151367
1476072000,56.669288635253906,31.713136672973633
1476158400,56.153480529785156,31.332307815551758
1476244800,55.630706787109375,31.108295440673828
1476331200,55.170650482177734,31.033626556396484
1476417600,55.282161712646484,31.1008243560791
1476676800,55.16366958618164,31.250167846679688
1476763200,55.47733688354492,31.90727996826172
1476849600,55.533119201660156,31.847537994384766
1476936000,55.5819091796875,32.1462287902832
1477022400,56.007080078125,32.92281723022461
1477281600,56.174373626708984,32.69133377075195
1477368000,56.29286575317383,32.62412643432617
1477454400,56.501991271972656,33.049766540527344
1477540800,55.756168365478516,31.967016220092773
1477627200,55.853736877441406,31.97447967529297
1477886400,56.56472396850586,32.549461364746094
1477972800,55.937400817871094,31.616058349609375
1478059200,54.60602569580078,30.61545753479004
1478145600,55.12187194824219,30.74986457824707
1478232000,54.78726577758789,30.787208557128906
1478494800,55.71434783935547,31.810195922851562
1478581200,55.68644714355469,31.22776222229004
1478667600,57.470890045166016,32.534523010253906
1478754000,57.9169921875,32.72120666503906
1478840400,57.3105583190918,32.825740814208984
1479099600,58.10518264770508,32.81821823120117
1479186000,58.78645324707031,32.99890899658203
1479272400,58.29481506347656,32.74293518066406
1479358800,58.877769470214844,32.64505386352539
1479445200,58.74432373046875,32.607421875
1479704400,59.601192474365234,35.51354217529297
1479790800,59.615234375,36.04055404663086
1479877200,59.74165725708008,35.92008972167969
1480050000,59.62225341796875,36.289005279541016
1480309200,59.060367584228516,35.423194885253906
1480395600,57.86637878417969,34.617610931396484
1480482000,58.35100555419922,35.40060043334961
1480568400,59.68546676635742,35.942684173583984
1480654800,59.615234375,35.987850189208984
1480914000,60.00852584838867,36.14596939086914
1481000400,59.63630676269531,35.558719635009766
1481086800,61.11122512817383,37.38069534301758
1481173200,61.54668426513672,37.68937301635742
1481259600,61.21657180786133,37.22258377075195
1481518800,61.31489944458008,36.959075927734375
1481605200,61.92595291137695,37.07201385498047
1481691600,60.696842193603516,36.45463562011719
1481778000,60.80218505859375,36.80097579956055
1481864400,61.42730712890625,37.727012634277344
1482123600,61.223609924316406,37.22258377075195
1482210000,61.06206130981445,37.17741775512695
1482296400,60.94968795776367,36.883785247802734
1482382800,61.497520446777344,37.900177001953125
1482469200,61.609901428222656,38.2314453125
1482814800,61.62394714355469,38.48743438720703
1482901200,61.188499450683594,37.892662048339844
1482987600,60.85838317871094,37.983001708984375
1483074000,60.689815521240234,37.90770721435547
1483419600,60.95671463012695,39.85014343261719
1483506000,61.28681945800781,38.57777786254883
1483592400,60.92158508300781,38.43472671508789
1483678800,59.9804573059082,37.92277145385742
1483938000,59.01123046875,37.23763656616211
1484024400,58.8286018371582,36.86873245239258
1484110800,59.62225341796875,37.38821792602539
1484197200,59.235965728759766,37.07952880859375
1484283600,58.49848175048828,36.42452621459961
1484629200,58.68814468383789,36.68803405761719
1484715600,59.08847427368164,36.81602478027344
1484802000,58.28778076171875,36.4169921875
1484888400,58.32291030883789,36.710628509521484
1485147600,57.732933044433594,36.68050765991211
1485234000,59.130615234375,37.711971282958984
1485320400,59.699520111083984,37.395748138427734
1485406800,59.16574478149414,37.22258377075195
1485493200,58.13328170776367,36.95155715942383
1485752400,57.82427215576172,36.40947723388672
1485838800,57.32558059692383,36.17607498168945
1485925200,56.71454620361328,35.92008972167969
1486011600,56.925228118896484,36.06313705444336
1486098000,56.152652740478516,36.25889587402344
1486357200,55.58374786376953,36.4169921875
1486443600,55.16937255859375,36.08572769165039
1486530000,55.38710021972656,36.98166275024414
1486616400,55.6610107421875,37.59150695800781
1486702800,56.08946228027344,37.74959945678711
1486962000,56.11753463745117,37.85501480102539
1487048400,56.17372512817383,38.64366149902344
1487134800,56.243961334228516,38.40098571777344
1487221200,55.571449279785156,37.88534927368164
1487307600,55.68470764160156,37.930843353271484
1487653200,55.9466552734375,38.20383071899414
1487739600,55.48650360107422,37.77159118652344
1487826000,55.649314880371094,38.18108367919922
1487912400,55.23872375488281,37.93842315673828
1488171600,55.82628631591797,38.49198532104492
1488258000,55.351985931396484,37.61234664916992
1488344400,56.18733215332031,38.66640090942383
1488430800,55.45109558105469,38.70431900024414
1488517200,55.458187103271484,38.878719329833984
1488776400,55.727195739746094,38.78774642944336
1488862800,54.8493766784668,38.029415130615234
1488949200,54.68653869628906,38.08251190185547
1489035600,54.39629364013672,37.36969757080078
1489122000,55.82628631591797,37.81708908081055
1489377600,55.932491302490234,38.66640090942383
1489464000,55.57853698730469,37.923255920410156
1489550400,56.73951721191406,39.09864044189453
1489636800,56.41386795043945,38.81049346923828
1489723200,56.59083938598633,38.51473617553711
1489982400,56.215660095214844,38.294830322265625
1490068800,55.64223098754883,37.35451889038086
1490155200,55.80506134033203,37.589595794677734
1490241600,55.55729293823242,37.384857177734375
1490328000,54.70071792602539,37.05876922607422
1490587200,54.68653869628906,37.02846145629883
1490673600,55.16084289550781,37.18010711669922
1490760000,55.44401931762695,38.3327522277832
1490846400,55.635154724121094,38.02184295654297
1490932800,56.081146240234375,38.32516098022461
1491192000,55.42278289794922,37.87015914916992
1491278400,55.52189636230469,38.143165588378906
1491364800,54.913089752197266,37.49100112915039
1491451200,54.424625396728516,37.79433822631836
1491537600,54.61576461791992,37.930843353271484
1491796800,55.252891540527344,38.02184295654297
1491883200,55.132537841796875,38.24175262451172
1491969600,54.77858352661133,37.87015914916992
1492056000,54.27595138549805,37.339359283447266
1492401600,54.51665115356445,37.8398323059082
1492488000,53.752105712890625,37.11185836791992
1492574400,53.32734680175781,36.54313278198242
1492660800,53.624671936035156,36.80853271484375
1492747200,54.04942321777344,36.82371139526367
1493006400,54.87060546875,38.059749603271484
1493092800,55.27412796020508,37.93842315673828
1493179200,55.29536056518555,37.61234664916992
1493265600,55.252891540527344,38.68915557861328
1493352000,56.32183837890625,38.62849044799805
1493611200,56.32183837890625,38.56782150268555
1493697600,56.109466552734375,38.99248123168945
1493784000,56.343074798583984,38.85598373413086
1493870400,55.38739013671875,37.58201599121094
1493956800,56.17316436767578,38.416160583496094
1494216000,56.37845993041992,38.93181228637695
1494302400,56.35014724731445,39.022804260253906
1494388800,56.45634841918945,39.690128326416016
1494475200,56.29350280761719,39.81904602050781
1494561600,56.48464584350586,39.94037628173828
1494820800,56.71824645996094,40.45956039428711
1494907200,56.08981704711914,40.070152282714844
1494993600,55.46849822998047,39.74184036254883
1495080000,55.38279342651367,39.65785217285156
1495166400,55.8827018737793,40.299224853515625
1495425600,56.09695053100586,40.451934814453125
1495512000,55.80415344238281,40.528289794921875
1495598400,55.90414047241211,40.566471099853516
1495684800,55.289955139160156,40.04725646972656
1495771200,55.304256439208984,40.329769134521484
1496116800,54.99000549316406,40.024349212646484
1496203200,54.35441207885742,39.734214782714844
1496289600,54.718650817871094,40.566471099853516
1496376000,54.540096282958984,40.2381477355957
1496635200,54.89003372192383,40.31449890136719
1496721600,55.01858901977539,40.53593063354492
1496808000,54.96144485473633,40.444313049316406
1496894400,55.275672912597656,40.795528411865234
1496980800,56.825408935546875,41.7728385925293
1497240000,57.282447814941406,41.589599609375
1497326400,57.5824089050293,42.01716232299805
1497412800,56.26120376586914,40.734439849853516
1497499200,56.47545623779297,40.45956039428711
1497585600,57.803775787353516,41.05513381958008
1497844800,58.018035888671875,41.45216369628906
1497931200,56.81111526489258,40.35267639160156
1498017600,56.33977127075195,39.497520446777344
1498104000,56.35405731201172,39.0699348449707
1498190400,57.32530212402344,39.321903228759766
1498449600,57.30387496948242,39.192115783691406
1498536000,57.51812744140625,39.58914566040039
1498622400,58.41083526611328,40.17708206176758
1498708800,58.467952728271484,39.5586051940918
1498795200,59.053550720214844,39.95564651489258
1499054400,59.517757415771484,40.54355239868164
1499227200,58.79646682739258,40.39085388183594
1499313600,58.48225402832031,40.35267639160156
1499400000,58.98930358886719,41.28418731689453
1499659200,58.889312744140625,41.29182434082031
1499745600,58.817893981933594,41.383445739746094
1499832000,58.7321662902832,41.0474853515625
1499918400,58.36083984375,41.10857391357422
1500004800,58.7036247253418,41.08567428588867
1500264000,58.42509460449219,41.46744155883789
1500350400,58.53221893310547,41.86448287963867
1500436800,59.217811584472656,42.414215087890625
1500523200,58.817893981933594,42.299686431884766
1500609600,59.16781234741211,42.25387191772461
1500868800,59.02499771118164,42.42184829711914
1500955200,60.31046676635742,42.7730712890625
1501041600,59.77486801147461,42.49820327758789
1501128000,60.353336334228516,42.87232971191406
1501214400,59.7391471862793,41.97899627685547
1501473600,59.81057357788086,42.75016784667969
1501560000,61.15317153930664,43.162471771240234
1501646400,61.89589309692383,42.91050720214844
1501732800,61.16745376586914,42.67381286621094
1501819200,61.131736755371094,42.59745788574219
1502078400,60.75325393676758,41.91792297363281
1502164800,60.71753692626953,41.56669616699219
1502251200,60.33903503417969,40.45956039428711
1502337600,59.732025146484375,39.864017486572266
1502424000,59.58918762207031,39.825836181640625
1502683200,59.90339660644531,40.2490348815918
1502769600,59.760589599609375,39.925865173339844
1502856000,59.79658508300781,39.287235260009766
1502942400,58.25539016723633,38.240814208984375
1503028800,58.737918853759766,38.5562744140625
1503288000,58.98277282714844,38.04845428466797
1503374400,59.22045135498047,38.21772766113281
1503460800,59.31406784057617,38.60243606567383
1503547200,60.401554107666016,39.34109878540039
1503633600,60.077457427978516,39.79505920410156
1503892800,60.243099212646484,40.41059875488281
1503979200,60.13507080078125,39.57192611694336
1504065600,60.20710372924805,40.26441955566406
1504152000,60.35833740234375,40.35674285888672
1504238400,60.80485916137695,41.764808654785156
1504584000,59.94780731201172,39.84892272949219
1504670400,60.03423309326172,40.295188903808594
1504756800,60.52398681640625,40.4952507019043
1504843200,60.999290466308594,41.10309600830078
1505102400,61.3521842956543,41.35701370239258
1505188800,61.74107360839844,41.372406005859375
1505275200,62.187583923339844,40.94152069091797
1505361600,62.10836410522461,40.27211380004883
1505448000,63.13822555541992,40.749168395996094
1505707200,63.59914016723633,41.22620391845703
1505793600,64.160888671875,41.703250885009766
1505880000,64.14647674560547,41.88022232055664
1505966400,64.19689178466797,41.83406448364258
1506052800,64.73702239990234,42.111061096191406
1506312000,65.54362487792969,42.726600646972656
1506398400,65.78848266601562,42.611183166503906
1506484800,66.1125717163086,42.50345993041992
1506571200,66.10537719726562,42.68043899536133
1506657600,65.97571563720703,43.149784088134766
1506916800,66.5302734375,43.003597259521484
1507003200,67.43051147460938,43.195960998535156
1507089600,67.28645324707031,43.32675552368164
1507176000,67.21442413330078,43.28059387207031
1507262400,66.84716033935547,43.10363006591797
1507521600,67.20723724365234,43.195960998535156
1507608000,67.31526184082031,43.28059387207031
1507694400,67.46649169921875,43.25751495361328
1507780800,67.94182586669922,43.51141357421875
1507867200,68.00664520263672,43.37291717529297
1508126400,65.44280242919922,42.87281036376953
1508212800,65.26994323730469,43.48065185546875
1508299200,64.98909759521484,43.66530990600586
1508385600,65.09709167480469,43.934608459472656
1508472000,65.39239501953125,44.23469543457031
1508731200,65.70925903320312,43.34983825683594
1508817600,66.13416290283203,43.849971771240234
1508904000,66.04774475097656,43.426780700683594
1508990400,65.66605377197266,44.06541442871094
1509076800,66.24940490722656,44.98873519897461
1509336000,65.55083465576172,45.44270706176758
1509422400,65.59402465820312,45.96590042114258
1509508800,66.47266387939453,46.85076141357422
1509595200,67.30807495117188,47.83563995361328
1509681600,67.3945083618164,47.858726501464844
1509944400,68.00664520263672,47.974124908447266
1510030800,68.10747528076172,48.55889892578125
1510117200,68.09307098388672,48.6435432434082
1510203600,67.99942779541016,47.443233489990234
1510290000,67.45210266113281,47.48938751220703
1510549200,67.20723724365234,47.858726501464844
1510635600,66.85433197021484,48.374244689941406
1510722000,66.66710662841797,47.623111724853516
1510808400,67.09525299072266,48.018035888671875
1510894800,67.23312377929688,48.219364166259766
1511154000,67.21136474609375,47.963829040527344
1511240400,67.9370346069336,48.2348518371582
1511326800,67.69755554199219,48.018035888671875
1511499600,67.95155334472656,48.033512115478516
1511758800,67.34923553466797,47.91737365722656
1511845200,68.24906921386719,48.1806526184082
1511931600,68.87315368652344,47.5456657409668
1512018000,70.7961654663086,48.498138427734375
1512104400,70.80340576171875,48.66075134277344
1512363600,70.77439880371094,49.01695251464844
1512450000,71.31139373779297,49.9771614074707
1512536400,70.81793212890625,49.1408576965332
1512622800,71.01387023925781,49.55900573730469
1512709200,72.24024963378906,50.13978576660156
1512968400,72.36360168457031,49.91520690917969
1513054800,71.89190673828125,49.93844223022461
1513141200,72.55953979492188,49.6751708984375
1513227600,72.24024963378906,50.07008361816406
1513314000,72.50872802734375,50.91413116455078
1513573200,72.55227661132812,51.115482330322266
1513659600,71.94271087646484,50.13978576660156
1513746000,73.08927917480469,50.84444808959961
1513832400,72.62484741210938,51.36327362060547
1513918800,73.21263122558594,51.386505126953125
1514264400,73.75686645507812,51.7581901550293
1514350800,74.06168365478516,51.432960510253906
1514437200,73.98908996582031,51.417476654052734
1514523600,73.40132141113281,51.092227935791016
1514869200,73.83671569824219,52.02146911621094
1514955600,74.33016967773438,53.1287956237793
1515042000,74.12696075439453,53.18301010131836
1515128400,74.1342544555664,53.6940803527832
1515387600,74.06168365478516,53.73280715942383
1515474000,73.81493377685547,53.43080520629883
1515560400,74.07617950439453,53.82573318481445
1515646800,74.28662109375,54.39876174926758
1515733200,76.17337799072266,55.304744720458984
1516078800,75.10661315917969,54.80915069580078
1516165200,77.03691864013672,55.7383918762207
1516251600,76.40554809570312,55.358951568603516
1516338000,76.65229797363281,55.668697357177734
1516597200,77.39972686767578,56.65215301513672
1516683600,77.57389068603516,56.62116622924805
1516770000,75.92664337158203,55.4364013671875
1516856400,75.59281921386719,55.04148483276367
1516942800,77.34893798828125,55.552555084228516
1517202000,75.65089416503906,54.32131576538086
1517288400,74.22130584716797,53.53145980834961
1517374800,74.30838775634766,53.63987731933594
1517461200,73.19085693359375,53.19075393676758
1517547600,70.39704895019531,52.19956970214844
1517806800,69.0908432006836,50.00815200805664
1517893200,70.30268859863281,50.86766815185547
1517979600,69.38111877441406,50.40306091308594
1518066000,67.08072662353516,48.62202835083008
1518152400,67.19684600830078,49.43510818481445
1518411600,67.91524505615234,50.15526580810547
1518498000,68.03862762451172,51.16968536376953
1518584400,67.72657012939453,52.78034591674805
1518670800,67.32022094726562,52.501564025878906
1518757200,67.26172637939453,52.602237701416016
1519102800,66.53053283691406,51.651092529296875
1519189200,65.49955749511719,51.66667938232422
1519275600,65.9017105102539,51.8148078918457
1519362000,67.14471435546875,52.08768081665039
1519621200,67.64923858642578,51.68227005004883
1519707600,67.35678100585938,51.144317626953125
1519794000,66.07721710205078,49.943668365478516
1519880400,66.44277954101562,50.512813568115234
1519966800,66.8083724975586,50.824668884277344
1520226000,68.04408264160156,51.58091735839844
1520312400,68.68019104003906,52.539859771728516
1520398800,68.89225006103516,52.765960693359375
1520485200,69.60148620605469,53.81847381591797
1520571600,70.12796783447266,54.746246337890625
1520827200,69.45528411865234,54.00559997558594
1520913600,69.13356018066406,53.98220443725586
1521000000,68.88494110107422,54.07575988769531
1521086400,69.06776428222656,53.50660705566406
1521172800,70.04021453857422,54.325233459472656
1521432000,69.02388000488281,53.95882034301758
1521518400,69.53569793701172,55.713008880615234
1521604800,70.30345916748047,57.07738494873047
1521691200,69.24323272705078,56.8902587890625
1521777600,68.28536987304688,55.572654724121094
1522036800,70.19376373291016,57.44379425048828
1522123200,69.98171997070312,56.82007598876953
1522209600,68.97269439697266,55.99366760253906
1522296000,70.13525390625,56.99941635131836
1522641600,69.426025390625,55.978065490722656
1522728000,70.32538604736328,56.6017951965332
1522814400,70.18645477294922,56.578399658203125
1522900800,71.48797607421875,57.23330307006836
1522987200,70.90300750732422,56.48484802246094
1523246400,71.46601104736328,55.87671661376953
1523332800,73.30130004882812,57.45940017700195
1523419200,74.9830322265625,57.7088737487793
1523505600,75.04154205322266,57.88818359375
1523592000,75.85313415527344,58.15325927734375
1523851200,78.1052017211914,60.4376106262207
1523937600,78.86563110351562,61.24064254760742
1524024000,79.61874389648438,61.419960021972656
1524110400,80.8983154296875,61.90333557128906
1524196800,81.15424346923828,62.183990478515625
1524456000,81.4905776977539,62.25417709350586
1524542400,79.86734771728516,62.199607849121094
1524628800,80.27679443359375,62.55044174194336
1524715200,82.27293395996094,64.65547180175781
1524801600,81.41014099121094,63.48598861694336
1525060800,81.3882064819336,58.402767181396484
1525147200,81.78304290771484,56.8356819152832
1525233600,83.73531341552734,59.1277961730957
1525320000,84.5176773071289,60.39085388183594
1525406400,84.53230285644531,59.985416412353516
1525665600,84.38607025146484,59.64238357543945
1525752000,85.000244140625,58.71460723876953
1525838400,85.91423797607422,60.11796951293945
1525924800,86.25060272216797,60.453208923339844
1526011200,86.1043472290039,60.28949737548828
1526270400,86.49190521240234,61.0769157409668
1526356800,86.51380157470703,60.61423110961914
1526443200,86.39683532714844,60.17505645751953
1526529600,89.1094970703125,63.29631423950195
1526616000,88.56488800048828,62.370914459228516
1526875200,89.3818359375,61.83762741088867
1526961600,87.4019546508789,61.555320739746094
1527048000,87.5491714477539,61.85332107543945
1527134400,87.45348358154297,62.041542053222656
1527220800,85.0835189819336,60.386775970458984
1527566400,85.97408294677734,60.865169525146484
1527652800,87.71846008300781,62.386592864990234
1527739200,85.73857116699219,61.97880172729492
1527825600,87.58596801757812,64.24526977539062
1528084800,87.73316955566406,64.25311279296875
1528171200,87.46083068847656,62.998313903808594
1528257600,85.85633087158203,61.76704406738281
1528344000,86.43779754638672,62.07289123535156
1528430400,85.99617767333984,61.94744110107422
1528689600,86.12865447998047,60.990638732910156
1528776000,85.04670715332031,59.17905044555664
1528862400,85.19391632080078,58.72418212890625
1528948800,85.04670715332031,58.96730422973633
1529035200,84.12669372558594,57.688961029052734
1529294400,84.59773254394531,58.653602600097656
1529380800,84.33277130126953,58.441856384277344
1529467200,84.34012603759766,57.89289855957031
1529553600,82.0290298461914,56.842010498046875
1529640000,82.44857788085938,56.95180130004883
1529899200,81.29299926757812,54.873558044433594
1529985600,81.55799102783203,55.32056427001953
1530072000,81.48441314697266,54.269676208496094
1530158400,82.24248504638672,54.497108459472656
1530244800,82.66202545166016,55.022544860839844
1530504000,81.4107894897461,55.108802795410156
1530590400,81.33719635009766,55.54015350341797
1530763200,81.07222747802734,54.583377838134766
1530849600,81.83033752441406,55.05391311645508
1531108800,82.86809539794922,56.32439422607422
1531195200,83.3097152709961,56.363616943359375
1531281600,81.44759368896484,54.86570739746094
1531368000,81.8008804321289,55.29704666137695
1531454400,82.29401397705078,56.261661529541016
1531713600,81.933349609375,56.01070785522461
1531800000,81.74198913574219,56.23029327392578
1531886400,81.6242446899414,56.904747009277344
1531972800,81.6242446899414,57.14000701904297
1532059200,81.22679901123047,56.87335968017578
1532318400,81.2856674194336,57.24980163574219
1532404800,81.85977172851562,57.830135345458984
1532491200,82.69146728515625,58.59871292114258
1532577600,85.37791442871094,62.86498260498047
1532664000,87.43138122558594,63.51592254638672
1532923200,89.90443420410156,63.91585922241211
1533009600,90.7802734375,63.39043426513672
1533096000,90.53739166259766,63.335533142089844
1533182400,89.83080291748047,62.52777862548828
1533268800,89.54378509521484,62.025848388671875
1533528000,90.19147491455078,62.614036560058594
1533614400,90.3239517211914,63.73548126220703
1533700800,90.51530456542969,64.06486511230469
1533787200,89.92650604248047,63.327693939208984
1533873600,90.22825622558594,63.4688720703125
1534132800,89.47753143310547,62.810115814208984
1534219200,89.01383209228516,62.82577896118164
1534305600,84.92161560058594,60.87751388549805
1534392000,84.59773254394531,60.49101638793945
1534478400,84.96576690673828,60.82230758666992
1534737600,86.03299713134766,62.123775482177734
1534824000,86.35171508789062,62.32096481323242
1534910400,86.72969055175781,63.26751708984375
1534996800,87.7302474975586,64.37966918945312
1535083200,88.38246154785156,66.1149673461914
1535342400,88.9605484008789,66.00452423095703
1535428800,88.75304412841797,66.18595886230469
1535515200,89.2644271850586,66.03609466552734
1535601600,88.60481262207031,65.56282806396484
1535688000,87.83402252197266,64.90814208984375
1536033600,88.16751861572266,66.47779846191406
1536120000,87.44861602783203,66.20963287353516
1536206400,86.49251556396484,65.31040954589844
1536292800,84.71375274658203,65.0816650390625
1536552000,84.454345703125,65.01856994628906
1536638400,83.416748046875,65.87830352783203
1536724800,83.12769317626953,66.4146957397461
1536811200,83.76508331298828,66.32792663574219
1536897600,84.19495391845703,66.52513122558594
1537156800,83.60943603515625,66.1149673461914
1537243200,83.97259521484375,66.23328399658203
1537329600,81.05244445800781,63.52778244018555
1537416000,81.7713851928711,64.62417602539062
1537502400,82.75711059570312,65.76001739501953
1537761600,84.09119415283203,67.66883850097656
1537848000,85.14363098144531,67.08515167236328
1537934400,84.40988159179688,66.67497253417969
1538020800,83.66133117675781,65.49974822998047
1538107200,83.54273986816406,63.07819366455078
1538366400,84.84716033935547,65.01856994628906
1538452800,85.0028076171875,65.68900299072266
1538539200,87.80435943603516,68.14210510253906
1538625600,87.23367309570312,67.2586898803711
1538712000,87.7302474975586,66.65923309326172
1538971200,87.55977630615234,66.1465072631836
1539057600,87.21884155273438,66.06764221191406
1539144000,83.78732299804688,63.61454772949219
1539230400,81.12657165527344,62.10009002685547
1539316800,81.12657165527344,63.16492462158203
1539576000,79.45899200439453,61.35865783691406
1539662400,81.42304229736328,63.15707015991211
1539748800,80.62257385253906,62.431400299072266
1539835200,80.87458038330078,62.17109298706055
1539921600,76.16825103759766,58.306095123291016
1540180800,76.44990539550781,58.47174835205078
1540267200,73.967041015625,56.86265563964844
1540353600,70.6318359375,53.68390655517578
1540440000,72.9961166381836,55.18256759643555
1540526400,73.70764923095703,54.31491470336914
1540785600,73.01835632324219,53.02922058105469
1540872000,75.64204406738281,54.267601013183594
1540958400,76.205322265625,55.56906509399414
1541044800,75.96815490722656,56.066001892089844
1541131200,73.38153076171875,54.811851501464844
1541394000,74.50067138671875,55.02482223510742
1541480400,74.7674789428711,53.92842102050781
1541566800,76.42767333984375,55.072139739990234
1541653200,73.1295394897461,53.399940490722656
1541739600,73.92256164550781,52.989784240722656
1541998800,72.38838958740234,51.98015594482422
1542085200,70.26127624511719,50.61557388305664
1542171600,70.85421752929688,50.35527038574219
1542258000,71.32112884521484,51.554222106933594
1542344400,72.20303344726562,51.617313385009766
1542603600,70.92501831054688,50.0161018371582
1542690000,69.16123962402344,49.17389678955078
1542776400,69.99081420898438,50.63583755493164
1542949200,66.51557159423828,49.04676055908203
1543208400,68.80999755859375,50.993385314941406
1543294800,68.2046127319336,50.6437873840332
1543381200,69.22850036621094,51.86736297607422
1543467600,69.265869140625,51.56544876098633
1543554000,69.89366149902344,51.77202606201172
1543813200,68.82492065429688,51.37477111816406
1543899600,68.30924224853516,50.32597732543945
1544072400,69.20610046386719,50.49283218383789
1544158800,67.52449798583984,48.911705017089844
1544418000,66.39599609375,48.450870513916016
1544504400,66.08209228515625,48.736900329589844
1544590800,66.702392578125,49.2930793762207
1544677200,66.38851928710938,49.356624603271484
1544763600,64.893798828125,47.56892395019531
1545022800,64.16883850097656,46.750553131103516
1545109200,63.324310302734375,46.84590148925781
1545195600,63.645687103271484,46.58370590209961
1545282000,61.86695861816406,45.62230682373047
1545368400,61.56800842285156,45.082027435302734
1545627600,58.668235778808594,43.15925216674805
1545800400,62.9282112121582,46.36123275756836
1545886800,64.13894653320312,46.95713806152344
1545973200,63.496185302734375,46.273841857910156
1546232400,64.38558197021484,46.885623931884766
1546405200,65.8578872680664,47.38618850708008
1546491600,64.94609832763672,46.694942474365234
1546578000,67.89068603515625,48.983219146728516
1546837200,68.36153411865234,49.46788024902344
1546923600,68.30177307128906,49.952537536621094
1547010000,68.75021362304688,51.025177001953125
1547096400,69.4601821899414,50.55638885498047
1547182800,69.27334594726562,51.5416145324707
1547442000,69.37797546386719,51.549560546875
1547528400,69.09397888183594,51.1125602722168
1547614800,69.49755859375,51.12051010131836
1547701200,69.81890869140625,52.272586822509766
1547787600,71.22395324707031,52.51095199584961
1548133200,69.5050277709961,51.50189208984375
1548219600,69.22850036621094,51.525726318359375
1548306000,68.25690460205078,50.14323425292969
1548392400,69.51997375488281,50.913936614990234
1548651600,69.13134765625,50.627891540527344
1548738000,69.76660919189453,50.961605072021484
1548824400,70.64850616455078,51.90711212158203
1548910800,71.30619049072266,52.646026611328125
1548997200,70.40933990478516,52.018341064453125
1549256400,70.82038879394531,52.36793518066406
1549342800,71.12679290771484,53.37699890136719
1549429200,70.56627655029297,53.130699157714844
1549515600,68.56333923339844,50.61201095581055
1549602000,69.89366149902344,49.83336639404297
1549861200,70.42430114746094,49.038818359375
1549947600,70.25238037109375,49.15799331665039
1550034000,71.83682250976562,50.5722770690918
1550120400,71.48552703857422,50.88216018676758
1550206800,72.3447265625,51.76409149169922
1550552400,72.91752624511719,52.076507568359375
1550638800,73.44511413574219,52.1566162109375
1550725200,72.96275329589844,51.796119689941406
1550811600,73.37725830078125,52.08450698852539
1551070800,73.32451629638672,51.86821365356445
1551157200,73.73902130126953,51.74005126953125
1551243600,73.58829498291016,50.78681182861328
1551330000,72.62359619140625,49.67333221435547
1551416400,73.46769714355469,50.21003723144531
1551675600,73.31696319580078,49.67333221435547
1551762000,73.45262145996094,48.71207046508789
1551848400,73.55814361572266,48.00714111328125
1551934800,72.6914291381836,47.13399887084961
1552021200,71.07857513427734,46.06058883666992
1552276800,72.85721588134766,47.42237091064453
1552363200,73.39984893798828,47.1500129699707
1552449600,73.91990661621094,47.71876907348633
1552536000,74.21383666992188,47.81489181518555
1552622400,74.25150299072266,48.42369842529297
1552881600,74.40223693847656,49.72941589355469
1552968000,74.5303726196289,49.689353942871094
1553054400,73.99526977539062,49.81752014160156
1553140800,74.27413177490234,50.29815673828125
1553227200,72.33718872070312,49.104583740234375
1553486400,72.24674224853516,49.00044631958008
1553572800,73.87468719482422,49.63328552246094
1553659200,73.30943298339844,49.81752014160156
1553745600,72.10356140136719,48.82422637939453
1553832000,71.72671508789062,47.94306182861328
1554091200,71.6513671875,48.904327392578125
1554177600,71.23684692382812,47.99911880493164
1554264000,71.62874603271484,48.36762619018555
1554350400,73.00042724609375,49.14463806152344
1554436800,73.70132446289062,50.84286880493164
1554696000,74.08573913574219,50.754756927490234
1554782400,73.38480377197266,49.79349136352539
1554868800,74.3193359375,50.9470100402832
1554955200,74.24398040771484,50.55449295043945
1555041600,73.23403930664062,49.33688735961914
1555300800,72.53314208984375,48.49579620361328
1555387200,72.33718872070312,48.07924270629883
1555473600,72.6989517211914,48.25547790527344
1555560000,71.91515350341797,47.911014556884766
1555905600,73.21146392822266,48.968406677246094
1555992000,73.40742492675781,48.9123420715332
1556078400,71.05596923828125,47.66269302368164
1556164800,71.7644271850586,48.58390808105469
1556251200,71.53829193115234,48.37562942504883
1556510400,71.86993408203125,48.856266021728516
1556596800,71.0484390258789,48.76013946533203
1556683200,69.21701049804688,48.02316665649414
1556769600,67.15194702148438,47.01384353637695
1556856000,67.4986343383789,48.03118133544922
1557115200,65.59186553955078,47.65467834472656
1557201600,65.23009490966797,47.60662078857422
1557288000,64.7402114868164,44.2421875
1557374400,64.62715148925781,42.423797607421875
1557460800,65.30545806884766,42.57600021362305
1557720000,64.65729522705078,40.62943649291992
1557806400,65.5089340209961,41.10206604003906
1557892800,65.79534149169922,41.433921813964844
1557979200,66.54901885986328,42.785640716552734
1558065600,64.57691955566406,42.049072265625
1558324800,64.3560791015625,42.18667221069336
1558411200,65.60485076904297,43.12559127807617
1558497600,65.1784439086914,42.02479553222656
1558584000,62.642879486083984,40.58403396606445
1558670400,63.153053283691406,40.7054557800293
1559016000,62.83323669433594,39.66130065917969
1559102400,63.00836181640625,39.65321350097656
1559188800,62.48297882080078,38.13151550292969
1559275200,61.52357482910156,37.2249641418457
1559534400,62.589561462402344,38.147705078125
1559620800,64.05152130126953,39.24850845336914
1559707200,64.59213256835938,38.600982666015625
1559793600,64.64543151855469,38.93282699584961
1559880000,65.1175308227539,38.03438949584961
1560139200,65.40685272216797,38.59286880493164
1560225600,64.50076293945312,38.66572570800781
1560312000,63.38907241821289,38.0181999206543
1560398400,64.90430450439453,38.77095031738281
1560484800,65.17082977294922,38.81951141357422
1560744000,65.41448974609375,39.42657470703125
1560830400,66.0921630859375,40.179325103759766
1560916800,66.7012939453125,40.195518493652344
1561003200,69.16072845458984,42.049072265625
1561089600,68.9703598022461,42.62376022338867
1561348800,68.34600830078125,41.76577377319336
1561435200,68.39930725097656,41.59580612182617
1561521600,70.63028717041016,43.87834930419922
1561608000,69.8612289428711,44.00785827636719
1561694400,71.22420501708984,45.230072021484375
1561953600,71.62016296386719,44.61491394042969
1562040000,72.88410949707031,44.1049919128418
1562126400,73.87397003173828,43.96738815307617
1562299200,73.70646667480469,44.41256332397461
1562558400,73.82828521728516,43.98358154296875
1562644800,74.40697479248047,44.22639846801758
1562731200,74.70393371582031,44.50160598754883
1562817600,75.83084869384766,44.87392807006836
1562904000,76.39430236816406,44.906314849853516
1563163200,76.91206359863281,44.38018798828125
1563249600,77.19380950927734,45.06819152832031
1563336000,76.74457550048828,43.959293365478516
1563422400,77.60498046875,44.80918502807617
1563508800,77.63544464111328,44.712059020996094
1563768000,78.08468627929688,44.695865631103516
1563854400,77.90956115722656,45.09247970581055
1563940800,77.9856948852539,46.63845443725586
1564027200,77.33849334716797,45.731910705566406
1564113600,77.90956115722656,46.007110595703125
1564372800,78.28266143798828,45.45670700073242
1564459200,78.89176940917969,46.17709732055664
1564545600,78.09231567382812,45.64287185668945
1564632000,77.6583023071289,44.80918502807617
1564718400,75.77754974365234,43.40079879760742
1564977600,72.82318115234375,41.01301574707031
1565064000,74.1709213256836,40.13885498046875
1565150400,74.11003112792969,38.95711135864258
1565236800,76.68365478515625,40.082191467285156
1565323200,76.47806549072266,39.16756057739258
1565582400,74.85621643066406,37.5163459777832
1565668800,75.94505310058594,38.16388702392578
1565755200,74.26229858398438,36.12416076660156
1565841600,74.21661376953125,36.74742889404297
1565928000,75.25218963623047,37.411128997802734
1566187200,75.88993835449219,38.69810485839844
1566273600,75.82849884033203,38.239749908447266
1566360000,76.3049087524414,38.65718078613281
1566446400,75.65941619873047,38.37889099121094
1566532800,73.13899993896484,37.454002380371094
1566792000,74.00731658935547,37.68317413330078
1566878400,72.63182830810547,37.102046966552734
1566964800,73.89971923828125,37.92053985595703
1567051200,75.39816284179688,39.74577331542969
1567137600,75.79007720947266,40.27778244018555
1567483200,76.43553161621094,40.629737854003906
1567569600,76.6046142578125,41.46458435058594
1567656000,76.68912506103516,42.95425033569336
1567742400,77.54206085205078,42.94605255126953
1568001600,78.51029205322266,43.854576110839844
1568088000,79.11735534667969,44.591224670410156
1568174400,78.74083709716797,44.28837585449219
1568260800,78.52568054199219,43.535369873046875
1568347200,78.97134399414062,43.617218017578125
1568606400,79.93956756591797,42.89694595336914
1568692800,78.5333480834961,43.71543884277344
1568779200,79.1404037475586,44.00190353393555
1568865600,79.20956420898438,44.13285827636719
1568952000,79.35555267333984,45.09868240356445
1569211200,80.11632537841797,45.655242919921875
1569297600,79.62450408935547,45.40971374511719
1569384000,80.73104095458984,49.23203659057617
1569470400,80.34684753417969,49.79680633544922
1569556800,79.65526580810547,51.090003967285156
1569816000,78.68704223632812,49.72312927246094
1569902400,77.63428497314453,49.420291900634766
1569988800,75.49036407470703,48.45448303222656
1570075200,75.97447967529297,49.10926818847656
1570161600,77.50365447998047,49.7149543762207
1570420800,77.88786315917969,49.43667221069336
1570507200,77.47290802001953,48.96194076538086
1570593600,78.92525482177734,49.567626953125
1570680000,81.91443634033203,50.68894958496094
1570766400,81.86065673828125,51.90849304199219
1571025600,81.95284271240234,51.679325103759766
1571112000,82.45232391357422,52.42413330078125
1571198400,81.65316009521484,51.31099319458008
1571284800,82.38316345214844,52.465065002441406
1571371200,82.37550354003906,53.31629180908203
1571630400,83.1439208984375,52.93159484863281
1571716800,83.58191680908203,53.349021911621094
1571803200,83.7586669921875,53.91379165649414
1571889600,85.0112075805664,54.30665969848633
1571976000,87.92353820800781,55.66535186767578
1572235200,90.09819793701172,55.31341552734375
1572321600,91.4122085571289,55.67353057861328
1572408000,89.48345947265625,54.17570877075195
1572494400,89.76775360107422,52.342288970947266
1572580800,90.98187255859375,54.404869079589844
1572843600,91.08946228027344,55.60806655883789
1572930000,91.38146209716797,54.38033676147461
1573016400,90.99724578857422,52.612396240234375
1573102800,91.88094329833984,54.22481155395508
1573189200,91.98082733154297,54.20845031738281
1573448400,90.98957061767578,53.78284454345703
1573534800,90.7513656616211,53.1198616027832
1573621200,91.00492858886719,52.58784103393555
1573707600,91.78105163574219,52.75154113769531
1573794000,91.64168548583984,52.94797134399414
1574053200,91.86622619628906,52.82520294189453
1574139600,90.91386413574219,51.042633056640625
1574226000,89.86088562011719,51.00137710571289
1574312400,91.64942169189453,52.18974685668945
1574398800,90.30220031738281,51.46351623535156
1574658000,89.36534881591797,51.52128601074219
1574744400,88.52140045166016,50.894073486328125
1574830800,88.80014038085938,50.72903823852539
1575003600,88.82337951660156,50.044063568115234
1575262800,88.52140045166016,50.23386764526367
1575349200,87.29805755615234,49.54065704345703
1575435600,87.15869140625,49.54065704345703
1575522000,87.13548278808594,49.39210891723633
1575608400,87.92522430419922,49.68093490600586
1575867600,86.6864013671875,48.220218658447266
1575954000,86.66317749023438,48.41829299926758
1576040400,86.87996673583984,47.1308708190918
1576126800,88.05684661865234,48.690635681152344
1576213200,87.48389434814453,48.3687629699707
1576472400,88.37429809570312,50.13484191894531
1576558800,87.51485443115234,50.51445388793945
1576645200,87.52261352539062,50.26688003540039
1576731600,87.34451293945312,50.44843292236328
1576818000,87.76262664794922,50.84456253051758
1577077200,87.23614501953125,50.060550689697266
1577163600,87.64649963378906,50.31639099121094
1577336400,86.76382446289062,49.90376281738281
1577422800,85.6333999633789,49.829490661621094
1577682000,85.45532989501953,49.2435417175293
1577768400,86.26055908203125,49.72220993041992
1577941200,86.87222290039062,51.09213638305664
1578027600,83.99971771240234,48.05517578125
1578286800,83.47321319580078,48.04691696166992
1578373200,83.7287368774414,48.8061637878418
1578459600,80.60070037841797,48.294498443603516
1578546000,81.77758026123047,49.01247787475586
1578632400,81.19686889648438,49.697444915771484
1578891600,81.52981567382812,49.20228576660156
1578978000,82.36601257324219,49.383846282958984
1579064400,81.2123794555664,47.9726448059082
1579150800,80.36067962646484,47.47749328613281
1579237200,79.98905181884766,46.949317932128906
1579582800,79.23799896240234,46.36337661743164
1579669200,78.8663558959961,46.190067291259766
1579755600,79.03668975830078,45.66190719604492
1579842000,77.67401123046875,44.96867370605469
1580101200,75.04150390625,43.4914665222168
1580187600,74.86341857910156,43.68126678466797
1580274000,74.17434692382812,44.225929260253906
1580360400,74.64662170410156,44.8531379699707
1580446800,70.74434661865234,44.976932525634766
1580706000,68.88612365722656,42.963287353515625
1580792400,68.69257354736328,44.06088638305664
1580878800,71.72764587402344,45.83521270751953
1580965200,69.85395050048828,45.76918029785156
1581051600,69.93909454345703,45.13372802734375
1581310800,69.8849105834961,45.44733428955078
1581397200,69.89266204833984,46.84202575683594
1581483600,70.56624603271484,48.63285827636719
1581570000,69.94684600830078,49.10326385498047
1581656400,69.9703140258789,48.13770294189453
1582002000,68.82069396972656,47.07075119018555
1582088400,69.10223388671875,48.087684631347656
1582174800,70.53340911865234,50.22991180419922
1582261200,69.79826354980469,49.288002014160156
1582520400,67.69453430175781,46.57061767578125
1582606800,64.76183319091797,44.278343200683594
1582693200,62.82235336303711,43.56983184814453
1582779600,58.07528305053711,39.952205657958984
1582866000,58.54451370239258,39.5270881652832
1583125200,58.74003601074219,39.78549575805664
1583211600,56.980403900146484,37.651588439941406
1583298000,58.36464309692383,38.24342346191406
1583384400,56.292205810546875,34.35072326660156
1583470800,54.196292877197266,32.63360595703125
1583726400,48.55769729614258,28.19076919555664
1583812800,49.5509033203125,28.77425765991211
1583899200,43.1302490234375,26.140230178833008
1583985600,36.28727340698242,19.080032348632812
1584072000,42.512428283691406,20.77215003967285
1584331200,37.749717712402344,16.912796020507812
1584417600,36.49843215942383,16.921127319335938
1584504000,33.604835510253906,13.962016105651855
1584590400,35.72420120239258,13.937007904052734
1584676800,37.81228256225586,15.79583740234375
1584936000,32.916622161865234,13.853653907775879
1585022400,35.64598846435547,14.587178230285645
1585108800,39.49369430541992,17.596309661865234
1585195200,42.535884857177734,19.288419723510742
1585281600,40.917030334472656,19.296756744384766
1585540800,42.35599899291992,20.280349731445312
1585627200,41.95716094970703,19.688528060913086
1585713600,38.719459533691406,17.396255493164062
1585800000,40.447811126708984,17.688003540039062
1585886400,40.36958694458008,16.721080780029297
1586145600,44.90550231933594,19.246740341186523
1586232000,45.85179138183594,18.763282775878906
1586318400,49.81679153442383,20.263673782348633
1586404800,48.1119270324707,21.363971710205078
1586750400,48.14320373535156,21.11389923095703
1586836800,47.75999450683594,21.92244529724121
1586923200,44.16255187988281,19.988605499267578
1587009600,41.863319396972656,18.296489715576172
1587096000,46.55563735961914,21.213926315307617
1587355200,45.45294189453125,20.713796615600586
1587441600,44.4206428527832,19.771879196166992
1587528000,45.499855041503906,20.58043098449707
1587614400,46.899742126464844,21.622371673583984
1587700800,47.33769226074219,21.47233009338379
1587960000,49.65257263183594,22.0474853515625
1588046400,52.66347885131836,23.697917938232422
1588132800,57.48093032836914,27.540597915649414
1588219200,57.222835540771484,26.740385055541992
1588305600,51.897056579589844,24.37309455871582
1588564800,57.46528244018555,26.28192901611328
1588651200,58.81040573120117,25.95684814453125
1588737600,56.237457275390625,24.614824295043945
1588824000,57.33232498168945,25.656768798828125
1588910400,60.2650260925293,27.532262802124023
1589169600,59.96002960205078,27.25718879699707
1589256000,57.50437927246094,26.8487491607666
1589342400,55.54924392700195,25.881826400756836
1589428800,56.11232376098633,25.748455047607422
1589515200,56.17569351196289,25.256662368774414
1589774400,60.41283416748047,29.132692337036133
1589860800,59.57331848144531,29.242868423461914
1589947200,61.9730339050293,31.209354400634766
1590033600,61.0543212890625,30.251544952392578
1590120000,60.55539321899414,30.14983558654785
1590465600,62.543270111083984,31.21783447265625
1590552000,64.72915649414062,31.005929946899414
1590638400,62.218570709228516,29.81926155090332
1590724800,61.98096466064453,29.785350799560547
1590984000,62.432395935058594,30.93811798095703
1591070400,64.6024398803711,31.972213745117188
1591156800,66.3131332397461,32.70963668823242
1591243200,65.83794403076172,32.24344253540039
1591329600,69.21974182128906,35.22706985473633
1591588800,71.06504821777344,35.77802658081055
1591675200,67.84959411621094,34.25230026245117
1591761600,66.788330078125,33.21821212768555
1591848000,59.39907455444336,29.946399688720703
1591934400,61.188968658447266,31.039823532104492
1592193600,59.8742561340332,32.07392120361328
1592280000,61.01473617553711,32.752017974853516
1592366400,57.720062255859375,31.472116470336914
1592452800,60.38114547729492,32.60793685913086
1592539200,59.161476135253906,32.370601654052734
1592798400,58.92390060424805,32.726585388183594
1592884800,59.161476135253906,32.887638092041016
1592971200,55.43122482299805,30.709259033203125
1593057600,55.49457931518555,31.099157333374023
1593144000,53.91059875488281,29.98029899597168
1593403200,54.37788009643555,30.0057315826416
1593489600,56.943904876708984,31.684019088745117
1593576000,54.73427200317383,30.24306297302246
1593662400,54.18779754638672,30.57363510131836
1594008000,53.92644119262695,30.81944465637207
1594094400,51.170326232910156,29.403919219970703
1594180800,50.6713752746582,28.946208953857422
1594267200,46.71144104003906,28.268108367919922
1594353600,48.358768463134766,30.683822631835938
1594612800,47.73310470581055,29.929447174072266
1594699200,49.071556091308594,30.683822631835938
1594785600,51.843509674072266,31.845073699951172
1594872000,51.37623596191406,31.692493438720703
1594958400,50.560489654541016,32.15020751953125
1595217600,49.36458969116211,31.150022506713867
1595304000,52.603816986083984,32.66725540161133
1595390400,51.67720031738281,32.82831573486328
1595476800,51.62175750732422,32.95545959472656
1595563200,51.52671813964844,32.80287551879883
1595822400,51.154476165771484,32.65030288696289
1595908800,50.35458755493164,32.31126403808594
1595995200,51.93855285644531,33.8284912109375
1596081600,49.96650695800781,32.2773551940918
1596168000,49.119075775146484,32.37907028198242
1596427200,48.40629577636719,32.69269943237305
1596513600,48.984439849853516,31.946788787841797
1596600000,49.071556091308594,30.8787784576416
1596686400,48.287498474121094,30.28544807434082
1596772800,49.792259216308594,31.082212448120117
1597032000,51.37623596191406,31.472116470336914
1597118400,50.77433395385742,31.31954574584961
1597204800,51.01193618774414,32.31972885131836
1597291200,49.60219192504883,31.58230209350586
1597377600,50.41792678833008,32.50621032714844
1597636800,50.09660339355469,32.76050567626953
1597723200,49.253089904785156,32.04625701904297
1597809600,49.34144973754883,31.994626998901367
1597896000,48.97996139526367,30.652189254760742
1597982400,48.97996139526367,30.462871551513672
1598241600,51.13291549682617,31.67622947692871
1598328000,49.510154724121094,31.366445541381836
1598414400,48.22480010986328,30.402637481689453
1598500800,48.40957260131836,30.10145378112793
1598587200,49.638702392578125,31.91716957092285
1598846400,46.971595764160156,30.51451301574707
1598932800,47.228660583496094,30.09284782409668
1599019200,48.24087142944336,30.127262115478516
1599105600,47.9516716003418,29.48187255859375
1599192000,47.38129806518555,28.948339462280273
1599537600,46.5618782043457,27.821035385131836
1599624000,46.489585876464844,27.33913803100586
1599710400,44.47318649291992,26.048341751098633
1599796800,45.84690856933594,26.891664505004883
1600056000,46.89125442504883,27.55427360534668
1600142400,46.63418197631836,26.75397300720215
1600228800,48.61041259765625,27.846851348876953
1600315200,48.48187255859375,27.64032554626465
1600401600,48.05610656738281,27.778003692626953
1600660800,44.92306137084961,26.891664505004883
1600747200,44.47318649291992,26.71095085144043
1600833600,42.28004455566406,24.72311782836914
1600920000,42.4567756652832,24.62845802307129
1601006400,42.48089599609375,24.637062072753906
1601265600,43.36457443237305,25.772968292236328
1601352000,41.92658233642578,25.325489044189453
1601438400,41.64541244506836,25.248046875
1601524800,40.3922004699707,23.845367431640625
1601611200,41.018802642822266,24.3272762298584
1601870400,42.21577835083008,25.161989212036133
1601956800,41.018802642822266,24.809167861938477
1602043200,41.717708587646484,25.13616943359375
1602129600,43.0914306640625,26.7797908782959
1602216000,42.60942840576172,25.919260025024414
1602475200,42.94683074951172,26.237651824951172
1602561600,41.187503814697266,25.282459259033203
1602648000,41.83821105957031,25.738544464111328
1602734400,42.18365478515625,26.280677795410156
1602820800,40.633201599121094,25.273855209350586
1603080000,39.32373809814453,24.310062408447266
1603166400,39.83788299560547,25.161989212036133
1603252800,39.13896560668945,24.800565719604492
1603339200,40.17528533935547,25.394330978393555
1603425600,40.5528564453125,25.721330642700195
1603684800,38.67303466796875,24.61124610900879
1603771200,37.813453674316406,24.258432388305664
1603857600,35.52392578125,23.664663314819336
1603944000,36.937801361083984,24.809167861938477
1604030400,37.48408126831055,25.385726928710938
1604293200,38.52843475341797,26.934690475463867
1604379600,38.174957275390625,27.459609985351562
1604466000,38.49629211425781,27.27890396118164
1604552400,38.713191986083984,27.390769958496094
1604638800,37.50014877319336,27.175634384155273
1604898000,45.814762115478516,31.383649826049805
1604984400,46.706485748291016,32.39046859741211
1605070800,47.38129806518555,32.00322723388672
1605157200,44.0634765625,29.860496520996094
1605243600,47.20455551147461,32.321624755859375
1605502800,51.08796310424805,35.049522399902344
1605589200,52.491207122802734,35.45107650756836
1605675600,49.56234359741211,33.644046783447266
1605762000,50.1334228515625,34.11545181274414
1605848400,50.24763870239258,33.39960861206055
1606107600,53.71497344970703,35.983585357666016
1606194000,55.24875259399414,37.05733108520508
1606280400,54.057621002197266,36.21055603027344
1606453200,53.21731185913086,36.15817642211914
1606712400,49.42364501953125,33.94085693359375
1606798800,50.484230041503906,34.438438415527344
1606885200,52.56462860107422,35.424888610839844
1606971600,53.045982360839844,35.782798767089844
1607058000,56.554100036621094,37.45888900756836
1607317200,54.70214080810547,36.84782409667969
1607403600,54.979530334472656,37.05733108520508
1607490000,56.105377197265625,37.22319412231445
1607576400,57.810508728027344,38.26203155517578
1607662800,56.70911407470703,37.45888900756836
1607922000,54.81635665893555,35.58201599121094
1608008400,55.68115997314453,36.88274383544922
1608094800,54.89794921875,36.35895919799805
1608181200,54.80004119873047,35.424888610839844
1608267600,54.53896713256836,35.22411346435547
1608526800,54.245262145996094,34.7003288269043
1608613200,55.07743453979492,34.6304931640625
1608699600,56.58673858642578,36.06216049194336
1608786000,56.07274627685547,35.974853515625
1609131600,56.562255859375,35.5994873046875
1609218000,55.787200927734375,35.55583190917969
1609304400,57.598365783691406,36.289119720458984
1609390800,57.05990982055664,36.105796813964844
1609736400,57.01097106933594,35.57328796386719
1609822800,58.53660202026367,36.74306869506836
1609909200,58.104190826416016,37.49382400512695
1609995600,58.62633514404297,38.55882263183594
1610082000,57.6881217956543,37.69459915161133
1610341200,58.96083450317383,38.05250930786133
1610427600,60.160118103027344,39.78971481323242
1610514000,58.55291748046875,38.68976974487305
1610600400,60.486454010009766,39.737335205078125
1610686800,58.5284309387207,38.392974853515625
1611032400,61.008602142333984,40.23492431640625
1611118800,61.50625228881836,40.30475997924805
1611205200,59.686927795410156,39.62385177612305
1611291600,59.189266204833984,39.9381103515625
1611550800,58.80582046508789,40.357147216796875
1611637200,58.177616119384766,39.42306900024414
1611723600,58.08785629272461,38.35805130004883
1611810000,58.29183578491211,39.082618713378906
1611896400,55.314029693603516,37.67713928222656
1612155600,54.97135925292969,37.9302978515625
1612242000,56.01564407348633,39.414337158203125
1612328400,58.16130447387695,41.29120635986328
1612414800,58.68342971801758,41.317405700683594
1612501200,58.77317428588867,41.59674835205078
1612760400,61.83258819580078,43.19428253173828
1612846800,60.80463790893555,42.66175842285156
1612933200,62.59132385253906,43.48235321044922
1613019600,63.01556396484375,43.43870544433594
1613106000,63.00738525390625,44.049774169921875
1613451600,64.76960754394531,45.445106506347656
1613538000,65.78941345214844,45.8248405456543
1613624400,65.30805969238281,45.233154296875
1613710800,67.91543579101562,46.80510330200195
1613970000,69.27688598632812,48.43886184692383
1614056400,70.57231903076172,49.25132751464844
1614142800,71.99152374267578,50.028472900390625
1614229200,69.83796691894531,48.63314437866211
1614315600,68.5260238647461,48.235740661621094
1614574800,69.8874740600586,49.54275131225586
1614661200,67.88243103027344,49.48094177246094
1614747600,69.17787170410156,49.516258239746094
1614834000,69.64818572998047,49.90483093261719
1614920400,72.07402801513672,50.62015914916992
1615179600,72.9981689453125,50.478851318359375
1615266000,70.46504974365234,49.33963394165039
1615352400,72.97341918945312,51.3796272277832
1615438800,72.38758087158203,51.22067642211914
1615525200,73.15493774414062,50.9998893737793
1615780800,72.47835540771484,51.097042083740234
1615867200,70.07725524902344,49.639892578125
1615953600,70.51455688476562,49.639892578125
1616040000,67.13983154296875,46.672630310058594
1616126400,67.87419891357422,47.476261138916016
1616385600,66.48798370361328,47.11418533325195
1616472000,65.16780090332031,46.310550689697266
1616558400,67.68441009521484,46.955223083496094
1616644800,68.02271270751953,47.582252502441406
1616731200,69.56566619873047,48.5889892578125
1616990400,68.09696960449219,47.27314376831055
1617076800,67.91543579101562,47.334964752197266
1617163200,67.28011322021484,47.23782730102539
1617249600,68.61681365966797,49.2778205871582
1617595200,67.70915985107422,47.65288162231445
1617681600,66.71076202392578,47.40561294555664
1617768000,66.00942993164062,47.679386138916016
1617854400,64.70573425292969,47.12302017211914
1617940800,65.20905303955078,46.654972076416016
1618200000,64.04564666748047,46.10743713378906
1618286400,64.04564666748047,46.425357818603516
1618372800,65.50608825683594,47.57341003417969
1618459200,65.20079803466797,47.57341003417969
1618545600,64.92851257324219,47.91782760620117
1618804800,64.30968475341797,47.18483352661133
1618891200,62.23038101196289,45.96614074707031
1618977600,63.550567626953125,47.078857421875
1619064000,61.84257125854492,45.97496795654297
1619150400,63.11323547363281,46.80510330200195
1619409600,63.12148666381836,47.04354476928711
1619496000,64.44169616699219,47.591068267822266
1619582400,66.0919418334961,48.959903717041016
1619668800,66.93354797363281,49.48977279663086
1619755200,66.76026916503906,49.14535140991211
1620014400,69.26039123535156,50.478851318359375
1620100800,68.50953674316406,50.60249328613281
1620187200,70.12676239013672,52.4305419921875
1620273600,70.63833618164062,52.5100212097168
1620360000,70.9931411743164,52.98691177368164
1620619200,70.621826171875,52.81911087036133
1620705600,69.00460052490234,51.78586959838867
1620792000,70.4155502319336,52.077293395996094
1620878400,69.59867095947266,51.90950012207031
1620964800,72.3628158569336,53.057559967041016
1621224000,73.18795776367188,54.32923889160156
1621310400,71.58721160888672,53.7854118347168
1621396800,70.73735809326172,53.09001922607422
1621483200,70.21751403808594,53.19699478149414
1621569600,70.29256439208984,53.125694274902344
1621828800,71.30998992919922,54.14201736450195
1621915200,69.40858459472656,53.500118255615234
1622001600,69.52536010742188,54.20442581176758
1622088000,70.39265441894531,54.739341735839844
1622174400,70.23419952392578,55.095951080322266
1622520000,72.42745971679688,55.72002029418945
1622606400,74.73746490478516,56.147945404052734
1622692800,74.39554595947266,56.39756393432617
1622779200,76.28858184814453,56.76308822631836
1623038400,77.06413269042969,56.4688835144043
1623124800,77.18922424316406,57.13752365112305
1623211200,77.0975112915039,56.709598541259766
1623297600,76.4219970703125,56.55803680419922
1623384000,75.86328887939453,56.32624435424805
1623643200,76.2552261352539,56.15686798095703
1623729600,76.80563354492188,56.76308822631836
1623816000,75.67147064208984,56.4153938293457
1623902400,72.26900482177734,54.34707260131836
1623988800,70.1925048828125,52.483787536621094
1624248000,72.84442901611328,54.42730712890625
1624334400,73.3614730834961,54.685848236083984
1624420800,73.6032943725586,54.87306594848633
1624507200,74.79582977294922,55.57736587524414
1624593600,75.08769989013672,55.76457977294922
1624852800,71.23493194580078,53.93696212768555
1624939200,70.97637939453125,53.56254577636719
1625025600,71.5684814453125,53.86564636230469
1625112000,72.62760925292969,54.62344741821289
1625198400,73.30307006835938,54.44514465332031
1625544000,70.42599487304688,52.57294845581055
1625630400,68.83319091796875,51.66358947753906
1625716800,67.373779296875,51.217830657958984
1625803200,68.96661376953125,52.31440353393555
1626062400,68.71642303466797,52.002376556396484
1626148800,68.09098815917969,51.173255920410156
1626235200,65.49742889404297,49.140586853027344
1626321600,64.3549575805664,48.364967346191406
1626408000,62.11163330078125,47.482364654541016
1626667200,58.83427810668945,45.36054992675781
1626753600,59.317935943603516,46.466033935546875
1626840000,61.51123046875,48.213409423828125
1626926400,60.30201721191406,47.59825897216797
1627012800,60.18525314331055,47.6339225769043
1627272000,61.97821807861328,48.730491638183594
1627358400,62.16169738769531,48.44520568847656
1627444800,62.72875213623047,49.283233642578125
1627531200,62.3618278503418,49.86271667480469
1627617600,61.23602294921875,49.22975158691406
1627876800,61.277706146240234,48.55218505859375
1627963200,63.43760681152344,49.87163162231445
1628049600,59.74326705932617,48.480865478515625
1628136000,61.18598556518555,50.36198043823242
1628222400,61.67799758911133,51.18217086791992
1628481600,60.88574981689453,51.01279067993164
1628568000,61.90315628051758,52.136085510253906
1628654400,62.05326843261719,52.72450256347656
1628740800,62.07829284667969,53.08111572265625
1628827200,61.619632720947266,52.733421325683594
1629086400,59.918392181396484,52.04695129394531
1629172800,59.09077072143555,51.41661834716797
1629259200,57.55375289916992,50.67824172973633
1629345600,55.96605682373047,48.83228302001953
1629432000,55.69580841064453,49.31853485107422
1629691200,58.10268783569336,51.164485931396484
1629777600,59.9015007019043,52.19102478027344
1629864000,60.9571418762207,52.794334411621094
1629950400,59.69038009643555,52.30809020996094
1630036800,61.320281982421875,54.04597473144531
1630296000,60.44198989868164,53.064483642578125
1630382400,60.03664016723633,53.37062454223633
1630468800,58.448936462402344,51.551700592041016
1630555200,59.04853439331055,52.13698959350586
1630641600,58.795188903808594,52.443153381347656
1630987200,58.0520133972168,52.74030685424805
1631073600,56.57410430908203,51.425628662109375
1631160000,56.362979888916016,51.551700592041016
1631246400,56.058956146240234,51.209503173828125
1631505600,56.80213928222656,52.77631759643555
1631592000,55.0962028503418,51.830841064453125
1631678400,55.76337814331055,53.64077377319336
1631764800,55.53535461425781,53.21754837036133
1631851200,55.75493621826172,53.00143814086914
1632110400,54.27702713012695,51.443634033203125
1632196800,54.33613967895508,52.08297348022461
1632283200,56.59101867675781,53.946929931640625
1632369600,57.942222595214844,55.6488151550293
1632456000,57.46084976196289,55.72985076904297
1632715200,60.07038879394531,56.810420989990234
1632801600,59.88460922241211,56.28814697265625
1632888000,59.08232116699219,55.765865325927734
1632974400,59.14143371582031,55.657806396484375
1633060800,61.2864990234375,57.233638763427734
1633320000,63.938289642333984,56.74738693237305
1633406400,65.32331085205078,56.95449447631836
1633492800,66.20157623291016,56.603309631347656
1633579200,66.9701156616211,57.17960739135742
1633665600,69.3600845336914,58.674373626708984
1633924800,69.28407287597656,58.134090423583984
1634011200,69.7823257446289,58.29618453979492
1634097600,69.14051818847656,58.764434814453125
1634184000,69.38542175292969,60.0431022644043
1634270400,68.5915756225586,60.1511344909668
1634529600,68.29598999023438,59.79096603393555
1634616000,69.90901184082031,60.178165435791016
1634702400,70.36505126953125,60.52033615112305
1634788800,69.8667984008789,60.358253479003906
1634875200,70.00190734863281,60.799476623535156
1635134400,70.7113265991211,61.41178512573242
1635220800,69.43608093261719,61.65491485595703
1635307200,65.32331085205078,59.56583786010742
1635393600,64.81658935546875,60.03409194946289
1635480000,63.15288543701172,59.367740631103516
1635739200,65.9904556274414,60.565364837646484
1635825600,65.49220275878906,58.20613479614258
1635912000,66.66608428955078,57.3416862487793
1635998400,64.92637634277344,57.24263381958008
1636084800,65.6780014038086,59.25968551635742
1636347600,65.86380004882812,59.133609771728516
1636434000,66.86029815673828,60.448307037353516
1636520400,65.47531127929688,58.99854278564453
1636606800,65.76245880126953,59.43077087402344
1636693200,65.42462921142578,59.25067138671875
1636952400,66.64075469970703,59.5388298034668
1637038800,65.7862548828125,58.90292739868164
1637125200,63.81242370605469,57.758296966552734
1637211600,62.98357009887695,56.95886993408203
1637298000,59.50585174560547,54.760459899902344
1637557200,61.68478012084961,56.041351318359375
1637643600,63.08611297607422,58.003570556640625
1637730000,63.12028884887695,58.639488220214844
1637902800,59.17259979248047,55.73248291015625
1638162000,59.69383239746094,56.123111724853516
1638248400,59.104248046875,55.278263092041016
1638334800,58.677001953125,55.3327751159668
1638421200,60.99264144897461,57.531185150146484
1638507600,59.81344985961914,56.0231819152832
1638766800,60.727745056152344,57.104225158691406
1638853200,61.93257141113281,58.348785400390625
1638939600,61.39424133300781,58.19434356689453
1639026000,61.778770446777344,57.54026412963867
1639112400,61.966739654541016,57.85821533203125
1639371600,59.50585174560547,56.15035629272461
1639458000,60.43722915649414,56.73176574707031
1639544400,60.25777816772461,56.75902557373047
1639630800,60.633758544921875,57.022464752197266
1639717200,61.351539611816406,56.73176574707031
1639976400,59.3264045715332,55.3327751159668
1640062800,61.64204406738281,57.612945556640625
1640149200,61.19770812988281,57.3222541809082
1640235600,61.436954498291016,57.26774597167969
1640581200,62.197452545166016,58.2125129699707
1640667600,63.17156219482422,58.47595977783203
1640754000,62.24871826171875,58.09441375732422
1640840400,61.906925201416016,57.622032165527344
1640926800,61.91547393798828,58.13075637817383
1641186000,64.7181625366211,59.64784622192383
1641272400,67.13633728027344,61.600975036621094
1641358800,66.92271423339844,61.99158477783203
1641445200,68.76838684082031,63.72671890258789
1641531600,70.03303527832031,64.435302734375
1641790800,71.65652465820312,63.999244689941406
1641877200,73.61329650878906,66.03414154052734
1641963600,73.741455078125,66.38844299316406
1642050000,74.15159606933594,66.42475891113281
1642136400,75.68966674804688,67.89643096923828
1642482000,75.75802612304688,67.72381591796875
1642568400,74.54466247558594,66.63369750976562
1642654800,73.05786895751953,65.39822387695312
1642741200,71.29766082763672,64.22633361816406
1643000400,70.77640533447266,63.94474411010742
1643086800,73.45093536376953,64.95308685302734
1643173200,72.6733627319336,64.4807357788086
1643259600,73.331298828125,65.31646728515625
1643346000,71.98977661132812,65.22561645507812
1643605200,72.45117950439453,65.18020629882812
1643691600,74.9035415649414,67.24236297607422
1643778000,74.93771362304688,71.3121337890625
1643864400,74.5275650024414,69.9222412109375
1643950800,75.91183471679688,71.0305404663086
1644210000,77.15082550048828,72.52037048339844
1644296400,75.8947525024414,72.02983093261719
1644382800,76.43305206298828,72.48402404785156
1644469200,76.44160461425781,72.43861389160156
1644555600,79.6373519897461,73.75585174560547
1644814800,77.34734344482422,71.91171264648438
1644901200,75.55294799804688,71.75614166259766
1644987600,75.4504165649414,71.43584442138672
1645074000,74.373779296875,70.42919158935547
1645160400,73.46698760986328,70.48409271240234
1645506000,72.62926483154297,69.2120590209961
1645592400,72.52565002441406,69.2944107055664
1645678800,72.0938491821289,68.14134216308594
1645765200,73.13882446289062,70.0448226928711
1646024400,72.75019073486328,71.26197814941406
1646110800,70.9625244140625,68.64466094970703
1646197200,72.81063079833984,70.4566421508789
1646283600,71.6793212890625,70.80440521240234
1646370000,72.80199432373047,71.13385009765625
1646629200,71.33387756347656,68.21454620361328
1646715600,72.81063079833984,69.75199127197266
1646802000,68.52716064453125,69.02901458740234
1646888400,70.1334457397461,71.31687927246094
1646974800,69.75347900390625,71.84766387939453
1647230400,67.59445190429688,70.15464782714844
1647316800,65.0640869140625,68.08641815185547
1647403200,66.06587219238281,68.50740051269531
1647489600,66.97267150878906,70.60306549072266
1647576000,68.01761627197266,71.67378234863281
1647835200,69.632568359375,73.19292449951172
1647921600,68.90714263916016,72.52485656738281
1648008000,69.32166290283203,73.63218688964844
1648094400,70.05574035644531,74.4832534790039
1648180800,72.41338348388672,75.25198364257812
1648440000,71.06614685058594,75.01403045654297
1648526400,72.08521270751953,76.08475494384766
1648612800,75.51373291015625,78.10721588134766
1648699200,74.60694122314453,78.2444839477539
1648785600,74.235595703125,77.613037109375
1649044800,74.8487548828125,77.8509750366211
1649131200,74.19241333007812,77.52152252197266
1649217600,73.9937744140625,78.30853271484375
1649304000,71.74840545654297,78.56478881835938
1649390400,72.75882720947266,79.52568054199219
1649649600,71.2388687133789,77.6771011352539
1649736000,70.789794921875,78.51902770996094
1649822400,71.80022430419922,80.15711212158203
1649908800,71.54976654052734,79.80022430419922
1650254400,75.27192687988281,82.46327209472656
1650340800,77.3359375,82.76526641845703
1650427200,76.74868774414062,83.25945281982422
1650513600,74.22694396972656,81.20952606201172
1650600000,72.21475219726562,79.69042205810547
1650859200,69.9693832397461,77.10968780517578
1650945600,70.71208190917969,78.21703338623047
1651032000,71.68795013427734,79.84597778320312
1651118400,75.31509399414062,82.07893371582031
1651204800,74.92648315429688,79.85514068603516
1651464000,77.01640319824219,81.55729675292969
1651550400,78.40682220458984,84.78772735595703
1651636800,83.0530014038086,88.17374420166016
1651723200,81.6280517578125,86.11469268798828
1651809600,83.21709442138672,87.78023529052734
1652068800,77.27547454833984,83.1496353149414
1652155200,77.35321044921875,83.9366455078125
1652241600,78.76087951660156,84.15628814697266
1652328000,78.75225067138672,84.8700942993164
1652414400,81.69715881347656,87.74363708496094
1652673600,83.8388900756836,88.28356170654297
1652760000,84.39159393310547,89.81190490722656
1652846400,82.49166870117188,88.57819366455078
1652932800,82.32759094238281,88.16387939453125
1653019200,81.83026885986328,88.90042877197266
1653278400,82.95575714111328,89.22265625
1653364800,84.43025970458984,89.58171081542969
1653451200,86.44570922851562,91.16529083251953
1653537600,86.09671020507812,91.58881378173828
1653624000,88.7577896118164,94.0009536743164
1653969600,87.95511627197266,93.71556854248047
1654056000,90.02290344238281,95.66740417480469
1654142400,89.86583709716797,95.99883270263672
1654228800,91.13966369628906,97.24174499511719
1654488000,92.50074005126953,100.71268463134766
1654574400,95.90343475341797,104.63477325439453
1654660800,96.19135284423828,103.9166488647461
1654747200,94.46382141113281,102.52641296386719
1654833600,92.7537612915039,99.74598693847656
1655092800,88.50476837158203,94.06541442871094
1655179200,90.85175323486328,94.5257568359375
1655265600,89.32489013671875,91.0548095703125
1655352000,84.19469451904297,84.68373107910156
1655438400,78.96852111816406,80.36577606201172
1655784000,83.74102020263672,84.1129150390625
1655870400,78.96852111816406,81.995361328125
1655956800,73.6289291381836,77.91676330566406
1656043200,73.46314239501953,78.88348388671875
1656302400,76.0805892944336,80.9642105102539
1656388800,77.52019500732422,81.65470886230469
1656475200,73.7947006225586,77.77867889404297
1656561600,71.53494262695312,75.68873596191406
1656648000,73.61146545410156,77.77867889404297
1656993600,70.13897705078125,75.25601959228516
1657080000,69.38861846923828,73.01878356933594
1657166400,72.01482391357422,76.81195068359375
1657252800,71.55239868164062,76.66464233398438
1657512000,71.33428192138672,76.99609375
1657598400,70.24366760253906,76.1858901977539
1657684800,69.49334716796875,75.44014739990234
1657771200,68.53361511230469,74.28010559082031
1657857600,71.22957611083984,77.72343444824219
1658116800,72.19803619384766,78.46916198730469
1658203200,74.51885223388672,80.88134002685547
1658289600,75.77522277832031,81.74678802490234
1658376000,74.34435272216797,79.5923843383789
1658462400,73.75105285644531,78.85586547851562
1658721600,76.115478515625,81.7559814453125
1658808000,74.98998260498047,80.98262023925781
1658894400,77.07522583007812,82.84239196777344
1658980800,76.78730010986328,82.48330688476562
1659067200,77.65106201171875,84.38912200927734
1659326400,76.33361053466797,83.1553955078125
1659412800,76.37725067138672,86.19364929199219
1659499200,74.6061019897461,85.32820892333984
1659585600,72.11077880859375,83.01731872558594
1659672000,73.07923126220703,83.06334686279297
1659931200,73.11415100097656,83.21985626220703
1660017600,74.62354278564453,85.94506072998047
1660104000,74.71080780029297,87.62989044189453
1660190400,77.06649780273438,89.03852844238281
1660276800,78.52354431152344,89.73823547363281
1660536000,77.79065704345703,88.19151306152344
1660622400,77.96517181396484,89.5253677368164
1660708800,79.2706069946289,91.35014343261719
1660795200,78.22978210449219,93.36017608642578
1660881600,78.00926208496094,93.04522705078125
1661140800,77.82402801513672,93.01744079589844
1661227200,80.62897491455078,95.86113739013672
1661313600,81.47576141357422,97.0560531616211
1661400000,82.74591064453125,98.15833282470703
1661486400,81.30815887451172,96.64847564697266
1661745600,82.20784759521484,97.25983428955078
1661832000,79.51758575439453,94.0178451538086
1661918400,78.90895080566406,93.3231201171875
1662004800,76.14810943603516,89.62725067138672
1662091200,78.02690124511719,91.82254028320312
1662436800,76.52740478515625,91.20193481445312
1662523200,76.13929748535156,91.09077453613281
1662609600,75.79529571533203,91.19266510009766
1662696000,77.64761352539062,92.6376724243164
1662955200,78.9971694946289,92.57282257080078
1663041600,75.99817657470703,90.4516372680664
1663128000,75.85702514648438,91.07225036621094
1663214400,72.21414184570312,89.05296325683594
1663300800,71.20860290527344,88.59909057617188
1663560000,72.26705932617188,89.20116424560547
1663646400,73.40492248535156,90.03480529785156
1663732800,71.68490600585938,87.69131469726562
1663819200,72.56695556640625,88.90474700927734
1663905600,67.02761840820312,84.70867156982422
1664164800,65.41348266601562,82.9394760131836
1664251200,67.23049926757812,86.0054702758789
1664337600,71.79956817626953,92.7117691040039
1664424000,71.12037658691406,91.42423248291016
1664510400,71.19978332519531,92.00779724121094
1664769600,74.6045150756836,95.21273803710938
1664856000,79.70281219482422,99.77932739257812
1664942400,81.68743896484375,99.64965057373047
1665028800,82.34899139404297,99.90900421142578
1665115200,81.59041595458984,98.96417999267578
1665374400,80.3643569946289,98.24168395996094
1665460800,79.68516540527344,95.8055648803711
1665547200,81.9785385131836,97.22278594970703
1665633600,85.47145080566406,101.02980041503906
1665720000,83.00172424316406,96.4261703491211
1665979200,84.20130920410156,97.60255432128906
1666065600,84.774658203125,100.18689727783203
1666152000,86.39764404296875,100.84455108642578
1666238400,86.21240234375,101.2799072265625
1666324800,88.5939712524414,103.16951751708984
1666584000,88.5586929321289,103.2436294555664
1666670400,88.3999252319336,103.22510528564453
1666756800,90.1993179321289,104.78126525878906
1666843200,91.3459701538086,105.27218627929688
1666929600,91.91049194335938,105.19808197021484
1667188800,91.9898910522461,105.24440002441406
1667275200,94.71544647216797,110.41307067871094
1667361600,91.063720703125,106.27259826660156
1667448000,90.9578857421875,109.48677825927734
1667534400,91.27542114257812,108.97732543945312
1667797200,92.99543762207031,110.69095611572266
1667883600,92.71317291259766,110.3204345703125
1667970000,91.81346893310547,107.31927490234375
1668056400,93.70990753173828,110.39454650878906
1668142800,98.17312622070312,112.29342651367188
1668402000,97.25579071044922,111.64501953125
1668488400,98.00552368164062,111.85009765625
1668574800,95.81655883789062,111.71957397460938
1668661200,97.64070129394531,112.22291564941406
1668747600,96.98223114013672,112.94994354248047
1669006800,97.017822265625,112.13902282714844
1669093200,99.91864776611328,118.00184631347656
1669179600,98.51273345947266,117.06974792480469
1669352400,98.57501983642578,116.69691467285156
1669611600,95.94113159179688,113.63969421386719
1669698000,96.9644546508789,115.08441162109375
1669784400,96.49282836914062,113.53715515136719
1669870800,96.13689422607422,112.06446075439453
1669957200,94.90892791748047,110.2002944946289
1670216400,92.67546844482422,104.81285095214844
1670302800,91.7233657836914,101.8674545288086
1670389200,91.66107177734375,101.59716033935547
1670475600,89.78353118896484,101.45733642578125
1670562000,87.20304107666016,99.57454681396484
1670821200,90.82463073730469,103.65706634521484
1670907600,90.87801361083984,103.57317352294922
1670994000,90.12166595458984,103.40541076660156
1671080400,90.29072570800781,103.34016418457031
1671166800,89.55216979980469,102.29623413085938
1671426000,89.52548217773438,103.52657318115234
1671512400,91.33183288574219,105.33480834960938
1671598800,91.96360778808594,106.77022552490234
1671685200,89.45430755615234,104.06716918945312
1671771600,92.48860931396484,107.30152130126953
1672117200,93.0580825805664,108.88606262207031
1672203600,90.89582824707031,106.74225616455078
1672290000,92.6398696899414,108.2895278930664
1672376400,92.6131820678711,108.48526763916016
1672722000,89.89922332763672,103.38676452636719
1672808400,89.5877685546875,103.0698471069336
1672894800,91.66996765136719,107.87008666992188
1672981200,94.05470275878906,108.88606262207031
1673240400,90.771240234375,107.89804077148438
1673326800,90.37971496582031,108.5877914428711
1673413200,90.2462387084961,109.61309051513672
1673499600,91.527587890625,112.79148864746094
1673586000,91.67887115478516,113.64900970458984
1673931600,91.21614837646484,113.49986267089844
1674018000,91.39411163330078,113.07110595703125
1674104400,92.88011169433594,114.86072540283203
1674190800,95.17588806152344,117.18161010742188
1674450000,95.1580810546875,118.26282501220703
1674536400,95.22037506103516,121.3666763305664
1674622800,96.85765075683594,120.99383544921875
1674709200,99.206787109375,126.15757751464844
1674795600,96.75088500976562,123.82735443115234
1675054800,94.69538879394531,120.36932373046875
1675141200,89.22294616699219,119.79145050048828
1675227600,87.19413757324219,114.61837768554688
1675314000,88.0750732421875,111.75688171386719
1675400400,87.92378234863281,110.17232513427734
1675659600,87.27422332763672,108.50391387939453
1675746000,91.01148223876953,113.92864990234375
1675832400,91.42081451416016,113.30413818359375
1675918800,90.86021423339844,112.5398178100586
1676005200,95.54961395263672,118.17892456054688
1676264400,96.33265686035156,119.12965393066406
1676350800,96.05680847167969,119.90328979492188
1676437200,94.90003967285156,119.1719970703125
1676523600,93.36062622070312,118.60945892333984
1676610000,89.4687271118164,114.84989166259766
1676955600,89.56761169433594,115.3843002319336
1677042000,89.40581512451172,115.11239624023438
1677128400,90.19677734375,117.68128967285156
1677214800,91.67984008789062,117.11875915527344
1677474000,93.16290283203125,118.67509460449219
1677560400,92.18318176269531,115.88119506835938
1677646800,96.38967895507812,121.12210845947266
1677733200,95.10435485839844,121.53463745117188
1677819600,95.29309844970703,125.16293334960938
1678078800,93.45950317382812,123.68159484863281
1678165200,91.4910888671875,122.07843017578125
1678251600,89.26201629638672,119.88453674316406
1678338000,90.90685272216797,120.36268615722656
1678424400,90.978759765625,120.5220718383789
1678680000,85.85547637939453,116.04996490478516
1678766400,88.03959655761719,119.80016326904297
1678852800,84.17467498779297,115.02803039550781
1678939200,85.43302917480469,117.34376525878906
1679025600,85.13640594482422,115.93746185302734
1679284800,85.88243865966797,118.36571502685547
1679371200,85.88243865966797,120.2782974243164
1679457600,85.10945129394531,119.05012512207031
1679544000,84.07579803466797,118.27195739746094
1679630400,84.24657440185547,116.9124984741211
1679889600,86.49365234375,120.85958862304688
1679976000,88.78562927246094,123.3534927368164
1680062400,90.13385009765625,125.70671844482422
1680148800,89.87320709228516,125.57547760009766
1680235200,91.12255859375,126.40988159179688
1680494400,92.4977798461914,127.16930389404297
1680580800,88.33621978759766,117.96256256103516
1680667200,93.86397552490234,124.42228698730469
1680753600,92.4348373413086,120.6439437866211
1681099200,94.34034729003906,123.0440902709961
1681185600,95.68858337402344,123.93475341796875
1681272000,95.30208587646484,122.0877914428711
1681358400,95.51779174804688,122.33154296875
1681444800,95.50881958007812,122.61280822753906
1681704000,93.40558624267578,121.22523498535156
1681790400,93.7561264038086,121.00022888183594
1681876800,92.63258361816406,118.4969711303711
1681963200,91.0057144165039,117.84069061279297
1682049600,90.01702117919922,115.81558227539062
1682308800,90.50238800048828,118.60945892333984
1682395200,89.27099609375,115.45931243896484
1682481600,89.2260513305664,114.87802124023438
1682568000,87.85086059570312,113.84671783447266
1682654400,88.98336029052734,114.3811264038086
1682913600,88.44407653808594,114.81239318847656
1683000000,85.14541625976562,109.66525268554688
1683086400,86.2419662475586,103.19613647460938
1683172800,82.97026062011719,98.4990234375
1683259200,83.98592376708984,100.22411346435547
1683518400,84.45330047607422,101.92107391357422
1683604800,84.47128295898438,104.01182556152344
1683691200,84.69599151611328,104.74311065673828
1683777600,83.9499740600586,103.22427368164062
1683864000,83.78817749023438,103.01800537109375
1684123200,84.68699645996094,103.72117614746094
1684209600,82.59274291992188,100.7666244506836
1684296000,85.19933319091797,104.42913818359375
1684382400,86.53858184814453,104.75951385498047
1684468800,86.2750473022461,104.12709045410156
1684728000,86.83845520019531,104.42913818359375
1684814400,86.9111557006836,103.7589340209961
1684900800,87.7471923828125,104.34418487548828
1684987200,86.456787109375,103.38134002685547
1685073600,86.24778747558594,102.71114349365234
1685419200,85.04825592041016,101.7483139038086
1685505600,83.24897766113281,99.02974700927734
1685592000,84.55754852294922,99.93594360351562
1685678400,88.17428588867188,102.80554962158203
1685937600,87.25646209716797,102.59789276123047
1686024000,87.98346710205078,102.9188232421875
1686110400,91.82740020751953,107.7235336303711
1686196800,90.09172058105469,106.12825775146484
1686283200,89.74640655517578,106.67574310302734
1686542400,87.94710540771484,106.07161712646484
1686628800,88.0379867553711,106.19432067871094
1686715200,86.9656753540039,105.38251495361328
1686801600,88.16519927978516,107.44978332519531
1686888000,88.26516723632812,106.94004821777344
1687233600,84.94829559326172,104.72177124023438
1687320000,84.76655578613281,105.72235107421875
1687406400,82.52196502685547,105.17485046386719
1687492800,82.56742095947266,105.38251495361328
1687752000,83.16718292236328,106.70406341552734
1687838400,84.12135314941406,107.59136962890625
1687924800,84.87559509277344,108.64859008789062
1688011200,85.90245819091797,109.81908416748047
1688097600,86.67488861083984,110.06451416015625
1688356800,86.92933654785156,110.95183563232422
1688529600,87.35643005371094,109.69639587402344
1688616000,86.69306182861328,106.98723602294922
1688702400,90.36433410644531,111.40493774414062
1688961600,91.17310333251953,111.23501586914062
1689048000,92.25450134277344,113.28339385986328
1689134400,92.65435028076172,113.2361831665039
1689220800,93.21776580810547,113.19842529296875
1689307200,91.2912368774414,111.77306365966797
1689566400,90.00084686279297,111.5087661743164
1689652800,91.92736053466797,112.73590850830078
1689739200,93.10870361328125,115.26567840576172
1689825600,94.55359649658203,117.28572845458984
1689912000,96.08027648925781,118.76773071289062
1690171200,97.0980453491211,121.19367980957031
1690257600,97.87956237792969,121.40135955810547
1690344000,99.58797454833984,123.04381561279297
1690430400,98.95185089111328,122.3169937133789
1690516800,100.27860260009766,124.44086456298828
1690776000,101.36909484863281,125.56419372558594
1690862400,101.87798309326172,127.37655639648438
1690948800,99.042724609375,128.25440979003906
1691035200,100.33314514160156,128.5847930908203
1691121600,100.3967514038086,130.2178497314453
1691380800,101.26913452148438,132.15293884277344
1691467200,102.39594268798828,133.83314514160156
1691553600,103.97713470458984,135.9759521484375
1691640000,104.20433044433594,137.13697814941406
1691726400,105.9945297241211,141.35643005371094
1691985600,104.20433044433594,140.21424865722656
1692072000,103.07750701904297,135.3092803955078
1692158400,102.93209838867188,134.1518096923828
1692244800,104.188720703125,135.1859588623047
1692331200,104.78490447998047,137.2067413330078
1692590400,103.95024108886719,135.5275115966797
1692676800,103.5925064086914,135.6223602294922
1692763200,102.96880340576172,135.90701293945312
1692849600,103.0880355834961,136.23904418945312
1692936000,104.46388244628906,136.5995635986328
1693195200,103.76678466796875,135.69827270507812
1693281600,103.36320495605469,135.92596435546875
1693368000,104.2437515258789,135.80262756347656
1693454400,104.71154022216797,135.45162963867188
1693540800,107.47241973876953,138.4780731201172
1693886400,107.0780029296875,139.48374938964844
1693972800,106.98628997802734,140.3091583251953
1694059200,108.92166137695312,143.15536499023438
1694145600,112.11363983154297,147.34877014160156
1694404800,112.21451568603516,146.17236328125
1694491200,113.99394989013672,147.84213256835938
1694577600,112.97582244873047,147.51007080078125
1694664000,112.7923812866211,148.18368530273438
1694750400,111.012939453125,145.92567443847656
1695009600,112.31541442871094,148.32598876953125
1695096000,110.26998138427734,144.3507537841797
1695182400,110.13240814208984,144.84410095214844
1695268800,110.01316833496094,146.8365020751953
1695355200,108.76571655273438,145.59364318847656
1695614400,110.30667877197266,146.2957000732422
1695700800,109.53619384765625,143.27870178222656
1695787200,110.8019790649414,144.61639404296875
1695873600,113.16844177246094,146.513916015625
1695960000,110.20578002929688,143.58229064941406
1696219200,109.16929626464844,142.3299560546875
1696305600,106.05986785888672,139.72093200683594
1696392000,101.34529876708984,134.61672973632812
1696478400,100.41889190673828,134.98670959472656
1696564800,100.15290069580078,135.840576171875
1696824000,102.00569915771484,139.05679321289062
1696910400,103.0880355834961,141.27685546875
1696996800,102.84955596923828,140.90689086914062
1697083200,101.5837631225586,140.0244903564453
1697169600,101.44617462158203,140.60325622558594
1697428800,102.52853393554688,143.02252197265625
1697515200,104.48223876953125,143.58229064941406
1697601600,106.62857055664062,146.09646606445312
1697688000,105.65629577636719,145.00540161132812
1697774400,104.14286041259766,143.12692260742188
1698033600,103.69341278076172,141.78916931152344
1698120000,102.66610717773438,141.01119995117188
1698206400,101.57459259033203,139.7968292236328
1698292800,100.98756408691406,140.47042846679688
1698379200,101.7488784790039,138.51605224609375
1698638400,103.1338882446289,139.33193969726562
1698724800,104.62899017333984,143.49691772460938
1698811200,106.4818115234375,147.25393676757812
1698897600,108.34380340576172,147.78521728515625
1698984000,107.12387084960938,143.05099487304688
1699246800,107.17890167236328,142.2350616455078
1699333200,104.4363784790039,138.66783142089844
1699419600,102.55603790283203,136.14414978027344
1699506000,101.47370147705078,134.53134155273438
1699592400,104.05113983154297,137.6906280517578
1699851600,104.70238494873047,139.237060546875
1699938000,105.50035858154297,142.94664001464844
1700024400,105.93146514892578,143.4093017578125
1700110800,105.08912658691406,138.4200897216797
1700197200,107.71797180175781,141.09117126464844
1700456400,109.32859802246094,142.13101196289062
1700542800,108.68064880371094,140.8336181640625
1700629200,109.23605346679688,142.34088134765625
1700802000,109.8099365234375,142.61752319335938
1701061200,109.53224182128906,143.61920166015625
1701147600,109.22677612304688,143.0849609375
1701234000,113.13302612304688,140.63327026367188
1701320400,119.30711364746094,142.32180786132812
1701406800,120.05689239501953,144.44911193847656
1701666000,118.89057922363281,144.42051696777344
1701752400,118.2055892944336,142.06422424316406
1701838800,115.70633697509766,136.58847045898438
1701925200,115.35458374023438,135.0621337890625
1702011600,116.00252532958984,136.4358367919922
1702270800,117.01150512695312,137.2276153564453
1702357200,115.90998840332031,136.7697296142578
1702443600,117.70574951171875,139.90826416015625
1702530000,120.43640899658203,143.94354248046875
1702616400,120.21424102783203,141.54908752441406
1702875600,121.53792572021484,144.82115173339844
1702962000,123.85205841064453,146.69094848632812
1703048400,124.10199737548828,146.557373046875
1703134800,124.30561065673828,145.6320343017578
1703221200,124.09272766113281,143.9244384765625
1703566800,125.62928771972656,145.07875061035156
1703653200,124.68514251708984,142.98001098632812
1703739600,122.96341705322266,140.11813354492188
1703826000,123.24114227294922,141.52999877929688
1704171600,124.30561065673828,145.34585571289062
1704258000,125.65707397460938,150.62127685546875
1704344400,125.22200775146484,146.33795166015625
1704430800,125.18501281738281,145.4793701171875
1704690000,123.89833068847656,149.06631469726562
1704776400,123.3059310913086,147.2060546875
1704862800,119.78845977783203,145.80374145507812
1704949200,120.59376525878906,148.23635864257812
1705035600,122.9911880493164,150.21107482910156
1705381200,119.84397888183594,147.02481079101562
1705467600,118.73321533203125,145.00242614746094
1705554000,118.17782592773438,144.8116455078125
1705640400,119.49224853515625,145.93731689453125
1705899600,120.01985931396484,147.330078125
1705986000,121.36206817626953,146.8817138671875
1706072400,123.73172760009766,147.95973205566406
1706158800,127.41580200195312,150.02981567382812
1706245200,129.7947540283203,153.13018798828125
1706504400,128.74876403808594,152.76766967773438
1706590800,131.82191467285156,162.06881713867188
1706677200,133.58067321777344,157.976318359375
1706763600,134.7284698486328,159.81748962402344
1706850000,134.65440368652344,158.67271423339844
1707109200,136.2928009033203,163.24221801757812
1707195600,135.06170654296875,158.9684600830078
1707282000,135.63558959960938,161.78265380859375
1707368400,135.904052734375,161.86851501464844
1707454800,134.8302764892578,162.14517211914062
1707714000,133.71022033691406,161.11488342285156
1707800400,134.36746215820312,162.05929565429688
1707886800,134.41375732421875,162.05929565429688
1707973200,135.48748779296875,163.42344665527344
1708059600,134.07965087890625,162.1832733154297
1708405200,131.59031677246094,157.49085998535156
1708491600,133.8372802734375,159.17803955078125
1708578000,136.69952392578125,160.80767822265625
1708664400,137.1563720703125,162.52357482910156
1708923600,138.2751922607422,165.3035888671875
1709010000,135.506103515625,164.04782104492188
1709096400,131.68353271484375,160.2421112060547
1709182800,132.86761474609375,162.2264404296875
1709269200,134.44325256347656,166.041748046875
1709528400,134.4991912841797,166.55938720703125
1709614800,136.21470642089844,167.92062377929688
1709701200,136.83938598632812,167.9302215576172
1709787600,139.11428833007812,171.56333923339844
1709874000,139.23550415039062,172.11935424804688
1710129600,139.37538146972656,173.90237426757812
1710216000,140.19578552246094,173.70106506347656
1710302400,144.01837158203125,181.07281494140625
1710388800,143.93447875976562,181.1591033935547
1710475200,148.2698516845703,185.81797790527344
1710734400,146.1534423828125,185.4728546142578
1710820800,146.36788940429688,188.4350128173828
1710907200,148.01812744140625,189.566162109375
1710993600,148.31646728515625,190.9657440185547
1711080000,148.66143798828125,191.88600158691406
1711339200,145.87374877929688,191.56007385253906
1711425600,146.0042724609375,189.21148681640625
1711512000,148.20460510253906,188.8376007080078
1711598400,152.28822326660156,193.1609649658203
1711944000,152.28822326660156,195.9505157470703
1712030400,158.0221405029297,202.63209533691406
1712116800,161.02426147460938,206.06390380859375
1712203200,159.13160705566406,207.300537109375
1712289600,159.1968536376953,210.0613555908203
1712548800,157.14573669433594,208.00030517578125
1712635200,154.21817016601562,203.34146118164062
1712721600,153.985107421875,202.47869873046875
1712808000,154.21817016601562,203.4852752685547
1712894400,151.49575805664062,200.13009643554688
1713153600,149.93875122070312,198.4525146484375
1713240000,147.19766235351562,195.42327880859375
1713326400,146.61029052734375,194.08123779296875
1713412800,142.93685913085938,186.9491424560547
1713499200,144.24215698242188,188.2528533935547
1713758400,146.42384338378906,190.0454559326172
1713844800,148.09271240234375,191.3874969482422
1713931200,147.1137237548828,190.8986053466797
1714017600,146.60098266601562,191.2532958984375
1714104000,141.16542053222656,190.17965698242188
1714363200,141.28663635253906,192.21192932128906
1714449600,133.520263671875,174.1995391845703
1714536000,130.72325134277344,171.56333923339844
1714622400,134.1355743408203,175.37864685058594
1714708800,133.89320373535156,174.99520874023438
1714968000,135.301025390625,175.21566772460938
1715054400,135.38494873046875,173.43264770507812
1715140800,136.99789428710938,173.4422607421875
1715227200,137.72509765625,175.35946655273438
1715313600,135.74851989746094,172.12892150878906
1715572800,135.26373291015625,170.49928283691406
1715659200,135.04930114746094,167.28793334960938
1715745600,136.31727600097656,166.29103088378906
1715832000,135.98165893554688,168.33299255371094
1715918400,138.21823120117188,173.052490234375
1716177600,135.71849060058594,169.59474182128906
1716264000,135.45538330078125,170.07630920410156
1716350400,134.2900848388672,169.5369415283203
1716436800,133.6228485107422,170.0570526123047
1716523200,134.0833282470703,171.2513885498047
1716868800,134.1585235595703,172.561279296875
1716955200,129.86387634277344,166.10806274414062
1717041600,130.05178833007812,165.6746368408203
1717128000,133.54766845703125,170.105224609375
1717387200,130.55926513671875,168.31370544433594
1717473600,128.7361602783203,168.80494689941406
1717560000,129.112060546875,167.51426696777344
1717646400,130.03302001953125,169.25759887695312
1717732800,129.7510986328125,168.6508331298828
1717992000,129.79808044433594,167.91880798339844
1718078400,129.9578399658203,168.03439331054688
1718164800,127.81520080566406,162.54432678222656
1718251200,129.37521362304688,164.22987365722656
1718337600,128.52000427246094,163.8060760498047
1718596800,129.01808166503906,165.40492248535156
1718683200,127.66486358642578,166.09840393066406
1718856000,129.6477508544922,167.2638702392578
1718942400,129.76988220214844,166.31031799316406
1719201600,130.20217895507812,167.5817108154297
1719288000,131.79034423828125,168.7375030517578
1719374400,131.3580780029297,167.88026428222656
1719460800,131.0009307861328,166.54147338867188
1719547200,132.664306640625,167.0904541015625
1719806400,132.43875122070312,168.35223388671875
1719892800,132.00650024414062,167.72618103027344
1719979200,131.91250610351562,168.5448760986328
1720152000,130.06121826171875,164.451416015625
1720411200,127.75883483886719,161.30184936523438
1720497600,124.8080062866211,156.91941833496094
1720584000,125.89811706542969,156.2066650390625
1720670400,128.67039489746094,158.2389678955078
1720756800,130.2867431640625,159.36587524414062
1721016000,131.63059997558594,160.56983947753906
1721102400,131.3580780029297,161.49447631835938
1721188800,132.26023864746094,159.4622039794922
1721275200,129.4033966064453,158.4604949951172
1721361600,130.12698364257812,159.07691955566406
1721620800,131.6681671142578,159.78965759277344
1721707200,128.81137084960938,157.9307403564453
1721793600,129.84506225585938,161.37890625
1721880000,133.92356872558594,165.18341064453125
1721966400,133.6416778564453,166.29103088378906
1722225600,131.9501190185547,165.62648010253906
1722312000,138.3028106689453,171.7233123779297
1722398400,136.71461486816406,170.50010681152344
1722484800,132.4575653076172,166.80152893066406
1722571200,125.70077514648438,158.57608032226562
1722830400,123.70850372314453,156.08148193359375
1722916800,125.06175231933594,164.59585571289062
1723003200,124.89258575439453,163.1125946044922
1723089600,127.2607650756836,167.7357940673828
1723176000,127.2513656616211,169.35394287109375
1723435200,127.69306945800781,169.88369750976562
1723521600,126.5465316772461,169.27687072753906
1723608000,129.4033966064453,172.455322265625
1723694400,130.3243408203125,174.0927276611328
1723780800,130.5498809814453,173.39923095703125
1724040000,130.944580078125,172.31085205078125
1724126400,125.44868469238281,165.2893524169922
1724212800,126.86054229736328,166.4362335205078
1724299200,126.17831420898438,166.25234985351562
1724385600,128.27244567871094,169.66876220703125
1724644800,128.13978576660156,167.6266632080078
1724731200,127.33434295654297,164.42315673828125
1724817600,127.89341735839844,164.46185302734375
1724904000,129.34320068359375,165.4684295654297
1724990400,132.95343017578125,171.4204864501953
1725336000,127.92183685302734,168.22671508789062
1725422400,125.35391998291016,166.22332763671875
1725508800,122.1321792602539,163.0391845703125
1725595200,121.4215087890625,160.65834045410156
1725854400,121.26042175292969,157.996826171875
1725940800,120.22756958007812,158.2775115966797
1726027200,118.44613647460938,153.50613403320312
1726113600,119.12838745117188,156.29347229003906
1726200000,120.0570068359375,158.31622314453125
1726459200,120.66344451904297,155.8289031982422
1726545600,121.57311248779297,158.59686279296875
1726632000,123.47773742675781,159.3711395263672
1726718400,125.60028076171875,160.9970703125
1726804800,123.15556335449219,159.1001434326172
1727064000,124.23578643798828,158.9355926513672
1727150400,122.6817855834961,157.22256469726562
1727236800,123.04185485839844,156.45797729492188
1727323200,123.82831573486328,158.1807098388672
1727409600,124.17893981933594,158.3839569091797
1727668800,124.55795288085938,157.66778564453125
1727755200,126.0172348022461,160.48414611816406
1727841600,127.41961669921875,160.0582733154297
1727928000,131.64578247070312,169.21388244628906
1728014400,131.3520050048828,166.44589233398438
1728273600,131.23831176757812,167.69439697265625
1728360000,125.391845703125,154.8417205810547
1728446400,127.6565170288086,157.37744140625
1728532800,129.2673797607422,159.54534912109375
1728619200,129.2010498046875,158.9743194580078
1728878400,128.31979370117188,157.27098083496094
1728964800,124.51058197021484,151.96731567382812
1729051200,125.37287139892578,152.81898498535156
1729137600,126.35836791992188,153.21578979492188
1729224000,125.64765930175781,153.20611572265625
1729483200,124.43477630615234,151.86083984375
1729569600,124.53900146484375,153.14805603027344
1729656000,122.35012817382812,148.81219482421875
1729742400,121.75315856933594,147.96051025390625
1729828800,121.44993591308594,147.45726013183594
1730088000,122.1321792602539,146.20875549316406
1730174400,116.80684661865234,140.6051025390625
1730260800,115.66976928710938,140.101806640625
1730347200,115.43286895751953,140.78897094726562
1730433600,113.7177734375,138.52427673339844
1730696400,114.68429565429688,140.27601623535156
1730782800,115.45182037353516,144.74734497070312
1730869200,121.19409942626953,150.25425720214844
1730955600,120.03807067871094,149.0444793701172
1731042000,119.82011413574219,148.80252075195312
1731301200,121.23199462890625,151.03817749023438
1731387600,121.00457763671875,150.21556091308594
1731474000,123.09870910644531,153.9900360107422
1731560400,122.9565658569336,153.05125427246094
1731646800,124.04627990722656,152.4512176513672
1731906000,125.53758239746094,154.7740020751953
1731992400,125.17431640625,153.6900177001953
1732078800,125.66184997558594,155.14039611816406
1732165200,125.62361145019531,155.0527801513672
1732251600,127.40171813964844,154.26431274414062
1732510800,127.41126251220703,152.3369903564453
1732597200,128.33856201171875,152.9599609375
1732683600,127.47821807861328,151.22732543945312
1732856400,128.0804443359375,151.99630737304688
1733115600,130.42257690429688,153.22280883789062
1733202000,128.55844116210938,151.35385131835938
1733288400,124.84928894042969,146.3992462158203
1733374800,124.11319732666016,146.1072540283203
1733461200,123.01382446289062,146.92489624023438
1733720400,124.35218048095703,148.91061401367188
1733806800,120.08857727050781,147.0417022705078
1733893200,119.81134033203125,147.92750549316406
1733979600,118.53034210205078,142.3888397216797
1734066000,117.31626892089844,141.68798828125
1734325200,111.16939544677734,134.51405334472656
1734411600,110.72965240478516,134.31936645507812
1734498000,106.9344711303711,131.46730041503906
1734584400,105.49095916748047,128.1480255126953
1734670800,105.51007843017578,129.83200073242188
1734930000,105.615234375,130.41604614257812
1735016400,106.66679382324219,131.7495880126953
1735189200,107.25949096679688,131.78854370117188
1735275600,107.63232421875,132.06106567382812
1735534800,107.0587387084961,131.99295043945312
1735621200,108.91332244873047,135.78919982910156
1735794000,109.3721923828125,137.72628784179688
1735880400,110.97819519042969,138.94302368164062
1736139600,110.09870910644531,136.7917938232422
1736226000,110.11783599853516,137.89173889160156
1736312400,111.13115692138672,138.54393005371094
1736485200,108.91332244873047,138.4855194091797
1736744400,110.873046875,142.8463592529297
1736830800,112.10624694824219,145.44532775878906
1736917200,113.76007080078125,147.90802001953125
1737003600,114.3623275756836,147.6646728515625
1737090000,115.22270202636719,148.63807678222656
1737435600,115.1844482421875,146.80809020996094
1737522000,113.32987976074219,143.6834716796875
1737608400,117.22067260742188,150.2052459716797
1737694800,116.49413299560547,147.57705688476562
1737954000,117.66040802001953,148.54074096679688
1738040400,115.84407806396484,146.63287353515625
1738126800,116.78092956542969,147.3629150390625
1738213200,115.51904296875,145.97097778320312
1738299600,112.67984008789062,141.83401489257812
1738558800,112.67025756835938,143.08970642089844
1738645200,118.16708374023438,152.736083984375
1738731600,117.88985443115234,153.12545776367188
1738818000,115.49993133544922,147.88856506347656
1738904400,115.0028305053711,146.12667846679688
1739163600,118.2626724243164,149.6893310546875
1739250000,123.84552001953125,151.1688995361328
1739336400,119.53411102294922,145.2409210205078
1739422800,120.01209259033203,149.99110412597656
1739509200,122.4020004272461,151.90869140625
1739854800,124.54337310791016,154.7996826171875
1739941200,124.23747253417969,153.35076904296875
1740027600,125.75743865966797,154.94654846191406
1740114000,123.10942840576172,150.5116729736328
1740373200,122.57890319824219,149.49349975585938
1740459600,121.7879638671875,147.42782592773438
1740546000,120.99699401855469,143.2279052734375
1740632400,122.89722442626953,144.87261962890625
1740718800,125.09646606445312,147.0264129638672
1740978000,120.56293487548828,142.7579803466797
1741064400,117.95857238769531,139.62515258789062
1741150800,115.49888610839844,132.2826385498047
1741237200,118.44085693359375,134.67141723632812
1741323600,121.71078491210938,134.66163635253906
1741579200,121.66255950927734,133.3987274169922
1741665600,119.17394256591797,131.89105224609375
1741752000,119.58870697021484,134.24066162109375
1741838400,118.16112518310547,134.1427459716797
1741924800,122.24129486083984,138.18601989746094
1742184000,124.61418151855469,143.09083557128906
1742270400,123.86180114746094,142.9342041015625
1742356800,124.43090057373047,146.42922973632812
1742443200,124.25728607177734,148.75924682617188
1742529600,121.04522705078125,146.81105041503906
1742788800,121.99051666259766,145.5579071044922
1742875200,121.04522705078125,145.9593048095703
1742961600,122.08696746826172,146.66419982910156
1743048000,120.30249786376953,144.25582885742188
1743134400,117.44733428955078,141.07411193847656
1743393600,119.1064224243164,142.63072204589844
1743480000,119.94560241699219,143.55096435546875
1743566400,119.6658706665039,144.79429626464844
1743652800,103.38375854492188,125.8897705078125
1743739200,95.31021118164062,118.5276870727539
1743998400,93.16883850097656,119.10530853271484
1744084800,89.58060455322266,116.06060791015625
1744171200,99.4771957397461,128.6603546142578
1744257600,93.55467987060547,118.97802734375
1744344000,93.93085479736328,120.838134765625
1744603200,94.35527801513672,122.22831726074219
1744689600,92.80229187011719,119.66333770751953
1744776000,93.1495590209961,121.4646987915039
1744862400,95.5899429321289,125.03805541992188
1745208000,93.573974609375,124.05905151367188
1745294400,97.3261947631836,128.6309814453125
1745380800,99.13959503173828,131.47987365722656
1745467200,100.98194885253906,134.65182495117188
1745553600,100.28746032714844,134.553955078125
1745812800,102.03333282470703,134.69100952148438
1745899200,102.24555206298828,135.4056854248047
1745985600,100.37425994873047,134.5245819091797
1746072000,99.79551696777344,134.82806396484375
1746158400,103.35482025146484,138.57763671875
1746417600,103.1136703491211,140.3202667236328
1746504000,101.65715789794922,141.5146484375
1746590400,101.81148529052734,141.65171813964844
1746676800,105.32256317138672,146.82081604003906
1746763200,106.99127960205078,147.7215118408203
1747022400,114.47643280029297,154.8192596435547
1747108800,121.12239074707031,159.42054748535156
1747195200,120.28319549560547,160.0863037109375
1747281600,120.35071563720703,161.81912231445312
1747368000,121.27672576904297,160.67369079589844
1747627200,118.98811340332031,158.86256408691406
1747713600,117.7415542602539,158.13809204101562
1747800000,108.85980987548828,154.27865600585938
1747886400,110.0284652709961,156.434814453125
1747972800,110.1745376586914,156.6514129638672
1748318400,111.34319305419922,159.82167053222656
1748404800,109.82394409179688,156.15914916992188
1748491200,111.68404388427734,157.44891357421875
1748577600,110.5154037475586,158.25625610351562
1748836800,111.29450225830078,156.29698181152344
1748923200,112.94034576416016,159.4672393798828
1749009600,109.5415267944336,154.52479553222656
1749096000,109.29806518554688,155.7653350830078
1749182400,111.30424499511719,157.6457977294922
1749441600,113.06694793701172,157.79348754882812
1749528000,115.59902954101562,160.1268768310547
1749614400,117.79024505615234,162.11566162109375
1749700800,118.34535217285156,162.5193328857422
1749787200,118.95890045166016,163.5826416015625
1750046400,120.3905029296875,164.20289611816406
1750132800,121.28646087646484,167.451904296875
1750219200,121.55914306640625,164.8330078125
1750392000,121.52018737792969,166.50672912597656
1750651200,117.86815643310547,164.03553771972656
1750737600,116.33917236328125,162.7359161376953
1750824000,116.50473022460938,163.1297607421875
1750910400,117.0306167602539,164.9314727783203
1750996800,116.1346664428711,164.82318115234375
1751256000,116.18335723876953,163.5432586669922
1751342400,119.93277740478516,167.3239288330078
1751428800,123.15630340576172,171.7642364501953
1751515200,123.9646224975586,173.3296661376953
1751860800,123.09786987304688,173.72348022460938
1751947200,126.60382080078125,177.14968872070312
1752033600,127.1004867553711,176.49990844726562
1752120000,130.879150390625,179.44369506835938
1752206400,128.26914978027344,177.08078002929688
1752465600,125.63967895507812,172.91615295410156
1752552000,124.91902160644531,172.90631103515625
1752638400,120.43919372558594,169.70651245117188
1752724800,121.90974426269531,171.4787139892578
1752811200,122.61092376708984,171.5181121826172
1753070400,122.75701904296875,172.17774963378906
1753156800,122.86414337158203,172.5420379638672
1753243200,124.5099868774414,174.796630859375
1753329600,121.07220458984375,168.66290283203125
1753416000,121.70523071289062,168.91888427734375
1753675200,124.35416412353516,172.09898376464844
1753761600,125.05536651611328,172.71923828125
1753848000,121.1501235961914,168.14109802246094
1753934400,120.3515396118164,167.56021118164062
1754020800,116.47551727294922,162.9722137451172
1754280000,118.28692626953125,165.3646697998047
1754366400,118.88098907470703,166.30982971191406
1754452800,116.70924377441406,159.92996215820312
1754539200,116.18335723876953,159.0143280029297
1754625600,116.01779174804688,158.35467529296875
1754884800,115.27764892578125,156.1394500732422
1754971200,116.90402221679688,156.6514129638672
1755057600,119.37767028808594,159.23092651367188
1755144000,119.52374267578125,159.8118133544922
1755230400,120.3807601928711,159.83151245117188
1755489600,119.63087463378906,160.1564178466797
1755576000,120.15211486816406,161.83999633789062
1755662400,121.52899169921875,164.16656494140625
1755748800,122.39445495605469,163.2953338623047
1755835200,127.79378509521484,169.1761016845703
1756094400,127.3807144165039,170.463134765625
1756180800,127.74461364746094,171.7798614501953
1756267200,130.4295196533203,176.11619567871094
1756353600,130.63604736328125,177.51214599609375
1756440000,131.3736572265625,177.91806030273438
1756785600,131.62936401367188,178.35366821289062
1756872000,128.37403869628906,177.2151336669922
1756958400,129.4066925048828,177.19532775878906
1757044800,129.37718200683594,178.4823760986328
1757304000,128.059326171875,179.38330078125
1757390400,130.10496520996094,181.3534393310547
1757476800,129.24932861328125,179.87831115722656
1757563200,130.33116149902344,180.49212646484375
1757649600,128.61990356445312,178.4823760986328
1757908800,129.01329040527344,178.14576721191406
1757995200,130.84255981445312,181.16534423828125
1758081600,130.94093322753906,182.83848571777344
1758168000,129.1804962158203,183.1850128173828
1758254400,127.57740783691406,183.6107177734375
1758513600,127.4299087524414,185.38287353515625
1758600000,130.09512329101562,188.96676635742188
1758686400,134.3339385986328,191.17454528808594
1758772800,136.78280639648438,194.48123168945312
1758859200,137.1565399169922,196.70880126953125
1759118400,135.29776000976562,194.5109405517578
1759204800,133.7733612060547,190.81813049316406
1759291200,132.36697387695312,190.39242553710938
1759377600,132.71119689941406,190.3231201171875
1759464000,130.8130645751953,191.21412658691406
1759723200,130.72454833984375,191.59034729003906
1759809600,130.1836395263672,189.6300811767578
1759896000,129.13131713867188,186.8283233642578
1759982400,128.92477416992188,185.6897735595703
1760068800,124.66630554199219,179.08628845214844
1760328000,127.64624786376953,181.5712432861328
1760414400,128.6789093017578,181.29405212402344
1760500800,127.4299087524414,181.99697875976562
1760587200,126.23987579345703,179.34368896484375
1760673600,127.13484954833984,182.63059997558594
1760932800,128.18716430664062,184.41265869140625
1761019200,126.47592163085938,181.04653930664062
1761105600,129.2296600341797,186.66000366210938
1761192000,133.5668182373047,194.0060272216797
1761278400,132.75051879882812,194.263427734375
1761537600,133.18325805664062,194.27333068847656
1761624000,131.4523468017578,190.2934112548828
1761710400,135.7206573486328,193.79812622070312
1761796800,134.8060302734375,193.6793212890625
1761883200,133.89137268066406,192.96649169921875
1762146000,135.6419677734375,193.83770751953125
1762232400,133.5078125,181.9474639892578
1762318800,133.68484497070312,184.3235321044922
1762405200,135.91734313964844,190.79833984375
1762491600,135.6714630126953,191.8279571533203
1762750800,136.3599090576172,194.40203857421875
1762837200,138.52359008789062,198.1344451904297
1762923600,135.74032592773438,194.9366455078125
1763010000,137.1958770751953,192.63978576660156
1763096400,139.96929931640625,197.98593139648438
1763355600,135.53573608398438,194.01593017578125
1763442000,137.28140258789062,197.61962890625
1763528400,133.3933563232422,194.5450439453125
1763614800,130.9137420654297,186.9331817626953
1763701200,132.629638671875,189.66946411132812
1763960400,132.11387634277344,189.23165893554688
1764046800,133.0363006591797,189.0525665283203
1764133200,133.85952758789062,190.7838897705078
1764306000,135.8432159423828,192.7639617919922
1764565200,138.62037658691406,195.1619415283203
1764651600,136.4482421875,191.7390899658203
1764738000,138.70965576171875,188.4853973388672
1764824400,138.2831573486328,189.20181274414062
1764910800,138.22364807128906,189.5799102783203
1765170000,137.92608642578125,188.71426391601562
1765256400,138.73941040039062,189.77891540527344
1765342800,142.63735961914062,190.34608459472656
1765429200,142.2604522705078,186.17697143554688
1765515600,140.28668212890625,184.84365844726562
1765774800,140.35610961914062,184.58494567871094
1765861200,130.70545959472656,175.90843200683594
1765947600,130.9137420654297,173.62985229492188
1766034000,128.0770721435547,167.27171325683594
1766120400,127.83901977539062,167.48068237304688
1766379600,127.9382095336914,163.94837951660156
1766466000,128.067138671875,165.5702362060547
1766552400,127.3629379272461,164.90357971191406
1766725200,126.70831298828125,162.87376403808594
1766984400,127.54145812988281,162.78421020507812
1767070800,128.50355529785156,163.00311279296875
1767157200,127.98778533935547,161.8190460205078
1767330000,129.5053253173828,164.3165283203125
1767589200,138.83859252929688,174.06765747070312
1767675600,135.53573608398438,169.5701904296875
1767762000,136.75572204589844,171.64976501464844
1767848400,143.0440216064453,176.18704223632812
1767934800,141.00082397460938,175.29151916503906
1768194000,137.71780395507812,174.66465759277344
1768280400,136.57717895507812,174.97312927246094
1768366800,140.23709106445312,180.18698120117188
1768453200,138.86834716796875,176.70443725585938
1768539600,137.15245056152344,174.7542266845703
1768885200,137.3408966064453,174.00796508789062
1768971600,140.48504638671875,176.59498596191406
1769058000,140.77267456054688,174.88356018066406
1769144400,140.3858642578125,174.50546264648438
1769403600,139.2452392578125,171.6796112060547
1769490000,138.86834716796875,170.93336486816406
1769576400,140.9214630126953,171.1522674560547
1769662800,142.90516662597656,174.86367797851562
1769749200,142.38938903808594,175.31143188476562
1770008400,141.08016967773438,176.02783203125
1770094800,146.88246154785156,186.64462280273438
1770181200,153.42864990234375,194.9430389404297
1770267600,153.17076110839844,194.85348510742188
1770354000,156.51329040527344,201.98773193359375
1770613200,156.21572875976562,203.24143981933594
1770699600,156.02728271484375,203.13198852539062
1770786000,160.18312072753906,207.599609375
1770872400,154.98583984375,197.03257751464844
1770958800,158.46722412109375,202.24642944335938
1771304400,156.87034606933594,199.5399932861328
1771390800,156.11654663085938,199.57000732421875
1771477200,154.1427764892578,196.47000122070312
1771563600,154.47999572753906,196.75999450683594
1771822800,154.85000610351562,192.82000732421875
1771909200,154.36000061035156,195.2899932861328
1771995600,151.91000366210938,195.77000427246094
1772082000,152.4600067138672,201.07000732421875
1772168400,154.3300018310547,198.2100067138672
1772427600,160.17999267578125,209.82000732421875
1772514000,159.77999877929688,211.97999572753906
1772600400,164.72000122070312,220.77000427246094
1772686800,166.44000244140625,217.36000061035156
1772773200,165.9600067138672,221.27999877929688
1773028800,163.0,215.6999969482422
1773115200,162.5,215.22999572753906
1773201600,169.5,226.74000549316406
1773288000,174.08999633789062,230.07000732421875
1773374400,172.74000549316406,226.17999267578125
1773633600,173.47999572753906,228.94000244140625
1773720000,172.7100067138672,233.25999450683594
1773806400,172.74000549316406,236.24000549316406
1773892800,178.33999633789062,235.77999877929688
1773979200,175.47000122070312,232.52999877929688
1774238400,176.75999450683594,232.52999877929688
1774324800,184.1199951171875,243.91000366210938
1774411200,181.2899932861328,241.25
1774497600,184.00999450683594,248.30999755859375
1774584000,188.27999877929688,251.91000366210938
1774843200,184.80999755859375,245.16000366210938
1774929600,182.17999267578125,244.17999267578125
1775016000,175.63999938964844,238.16000366210938
1775102400,176.2100067138672,241.72999572753906
1775448000,177.3300018310547,241.39999389648438
1775534400,174.6999969482422,245.4199981689453
1775620800,168.0,231.97999572753906
1775707200,161.07000732421875,223.52000427246094
1775793600,159.25,222.6199951171875
1776052800,160.39999389648438,225.2899932861328
1776139200,158.75999450683594,223.92999267578125
1776225600,161.44000244140625,223.02999877929688
1776312000,163.3300018310547,226.24000549316406
1776398400,156.3699951171875,213.69000244140625
1776657600,155.75,214.1199951171875
1776744000,159.3800048828125,220.35000610351562
1776830400,160.64999389648438,222.07000732421875
1776916800,159.52999877929688,221.10000610351562
1777003200,162.85000610351562,224.13999938964844
1777262400,164.10000610351562,227.2100067138672
1777348800,165.1300048828125,232.58999633789062
1777435200,173.49000549316406,241.80999755859375
1777521600,179.14999389648438,248.2899932861328
1777608000,176.19000244140625,246.14999389648438
1777867200,178.47000122070312,252.5399932861328
1777953600,180.25999450683594,260.510009765625
1778040000,171.72000122070312,245.77999877929688
1778126400,168.30999755859375,242.25999450683594
1778212800,171.55999755859375,244.8699951171875
1778472000,175.36000061035156,252.47999572753906
1778558400,175.42999267578125,251.99000549316406
1778644800,171.82000732421875,249.08999633789062
1778731200,171.50999450683594,248.82000732421875
1778817600,176.1999969482422,255.02999877929688
