timestamp,AAPL,MSFT
1147752000,1.9452030658721924,16.124814987182617
1147838400,1.953586459159851,15.928593635559082
1147924800,1.8913207054138184,15.998674392700195
1148011200,1.9311343431472778,15.809454917907715
1148270400,1.8973071575164795,16.033708572387695
1148356800,1.8904224634170532,15.9706392288208
1148443200,1.8961092233657837,16.46818733215332
1148529600,1.9257458448410034,16.636367797851562
1148616000,1.9023962020874023,16.622360229492188
1148961600,1.8326472043991089,16.22291374206543
1149048000,1.7892405986785889,15.872528076171875
1149134400,1.861085295677185,15.991660118103027
1149220800,1.8458184003829956,15.949615478515625
1149480000,1.7961252927780151,15.767412185668945
1149566400,1.7877435684204102,15.508122444152832
1149652800,1.7530187368392944,15.445056915283203
1149739200,1.8188763856887817,15.49411392211914
1149825600,1.7733746767044067,15.360963821411133
1150084800,1.7063190937042236,15.21380615234375
1150171200,1.7461330890655518,15.073651313781738
1150257600,1.724579930305481,15.33293628692627
1150344000,1.7775654792785645,15.466082572937012
1150430400,1.723083257675171,15.487105369567871
1150689600,1.7123061418533325,15.802457809448242
1150776000,1.7203891277313232,15.809454917907715
1150862400,1.732063889503479,16.173856735229492
1150948800,1.7835524082183838,16.033708572387695
1151035200,1.7611010074615479,15.767412185668945
1151294400,1.7658909559249878,15.991660118103027
1151380800,1.7191908359527588,16.01969337463379
1151467200,1.6769821643829346,16.229923248291016
1151553600,1.7652919292449951,16.447158813476562
1151640000,1.714402198791504,16.32802963256836
1151899200,1.7347581386566162,16.60834503173828
1152072000,1.7063190937042236,16.363067626953125
1152158400,1.6694990396499634,16.45416831970215
1152244800,1.6584224700927734,16.32802963256836
1152504000,1.6464484930038452,16.46818733215332
1152590400,1.6659064292907715,16.187875747680664
1152676800,1.5853800773620605,15.865523338317871
1152763200,1.5641260147094727,15.599221229553223
1152849600,1.516827940940857,15.620250701904297
1153108800,1.5677183866500854,15.753396034240723
1153195200,1.5835845470428467,15.935596466064453
1153281600,1.6195067167282104,16.39810562133789
1153368000,1.8110934495925903,16.012685775756836
1153454400,1.8176792860031128,16.727474212646484
1153713600,1.838633418083191,16.81856918334961
1153800000,1.853902816772461,16.972740173339844
1153886400,1.9119749069213867,17.07785987854004
1153972800,1.897905945777893,16.727474212646484
1154059200,1.9634649753570557,16.993778228759766
1154318400,2.034411668777466,16.86061668395996
1154404800,2.011061429977417,16.811567306518555
1154491200,2.0403997898101807,17.028799057006836
1154577600,2.0832061767578125,16.965740203857422
1154664000,2.0445899963378906,17.021799087524414
1154923200,2.01196026802063,16.972740173339844
1155009600,1.9392173290252686,17.056835174560547
1155096000,1.9035933017730713,17.126911163330078
1155182400,1.9179625511169434,17.14093589782715
1155268800,1.9053903818130493,17.119903564453125
1155528000,1.9140714406967163,17.189983367919922
1155614400,1.9892088174819946,17.31658172607422
1155700800,2.03501033782959,17.37285614013672
1155787200,2.0233349800109863,17.37285614013672
1155873600,2.03291392326355,18.139509201049805
1156132800,1.9925020933151245,18.37161636352539
1156219200,2.024232864379883,18.019943237304688
1156305600,2.0149543285369873,18.055105209350586
1156392000,2.029921054840088,18.104345321655273
1156478400,2.05806040763855,18.181718826293945
1156737600,2.0050745010375977,18.25204086303711
1156824000,1.9901082515716553,18.174673080444336
1156910400,2.004476308822632,18.14655113220215
1156996800,2.0311176776885986,18.076202392578125
1157083200,2.046984910964966,18.174673080444336
1157428800,2.1397838592529297,18.012910842895508
1157515200,2.09637713432312,18.012910842895508
1157601600,2.1792984008789062,17.88629913330078
1157688000,2.170916795730591,18.00588035583496
1157947200,2.170318841934204,18.22391128540039
1158033600,2.1742095947265625,18.23798942565918
1158120000,2.2212085723876953,18.273149490356445
1158206400,2.2203104496002197,18.519319534301758
1158292800,2.2182154655456543,18.88506507873535
1158552000,2.2119290828704834,18.842866897583008
1158638400,2.208336353302002,18.89210319519043
1158724800,2.252939462661743,19.11717987060547
1158811200,2.234678268432617,18.92023277282715
1158897600,2.1852853298187256,18.75143051147461
1159156800,2.267609119415283,18.955406188964844
1159243200,2.3232882022857666,19.131237030029297
1159329600,2.2873659133911133,19.300046920776367
1159416000,2.3053267002105713,19.271913528442383
1159502400,2.304429054260254,19.23674774169922
1159761600,2.2409653663635254,19.2437801361084
1159848000,2.217615842819214,19.250818252563477
1159934400,2.2565317153930664,19.651721954345703
1160020800,2.240067481994629,19.63765525817871
1160107200,2.221806287765503,19.602489471435547
1160366400,2.2340803146362305,19.49698829650879
1160452800,2.2095329761505127,19.47588539123535
1160539200,2.1921699047088623,19.37038230895996
1160625600,2.252939462661743,19.848665237426758
1160712000,2.2457563877105713,19.95417594909668
1160971200,2.2571308612823486,20.010435104370117
1161057600,2.2239017486572266,20.003406524658203
1161144000,2.2310872077941895,20.059669494628906
1161230400,2.3645987510681152,19.897903442382812
1161316800,2.3933370113372803,19.996366500854492
1161576000,2.438539743423462,20.010435104370117
1161662400,2.42626690864563,19.890859603881836
1161748800,2.44512677192688,19.911972045898438
1161835200,2.460392713546753,19.940093994140625
1161921600,2.4071083068847656,19.933067321777344
1162184400,2.40740704536438,20.066699981689453
1162270800,2.4271650314331055,20.19331169128418
1162357200,2.369687795639038,20.26364517211914
1162443600,2.3642995357513428,20.23550796508789
1162530000,2.343644618988037,20.207374572753906
1162789200,2.3861520290374756,20.284738540649414
1162875600,2.410099744796753,20.36211585998535
1162962000,2.4681766033172607,20.38321304321289
1163048400,2.4948184490203857,20.58014488220215
1163134800,2.488232135772705,20.56608009338379
1163394000,2.5250532627105713,20.643449783325195
1163480400,2.544511556625366,20.629337310791016
1163566800,2.516073226928711,20.551706314086914
1163653200,2.562771797180176,20.798725128173828
1163739600,2.569955587387085,20.749324798583984
1163998800,2.5885159969329834,21.09514617919922
1164085200,2.6522789001464844,21.116315841674805
1164171600,2.703468084335327,21.116315841674805
1164344400,2.7429823875427246,21.003395080566406
1164603600,2.6804182529449463,20.80577850341797
1164690000,2.7483718395233154,20.742263793945312
1164776400,2.7480711936950684,20.86930274963379
1164862800,2.7438812255859375,20.721084594726562
1164949200,2.7337028980255127,20.551706314086914
1165208400,2.7277164459228516,20.699913024902344
1165294800,2.7322072982788086,20.558761596679688
1165381200,2.689098834991455,20.459957122802734
1165467600,2.6055784225463867,20.36115074157715
1165554000,2.6421005725860596,20.749324798583984
1165813200,2.656769037246704,20.848119735717773
1165899600,2.5786378383636475,20.77049446105957
1165986000,2.6657490730285645,20.855182647705078
1166072400,2.6507818698883057,21.2221736907959
1166158800,2.6259357929229736,21.306869506835938
1166418000,2.5585813522338867,21.09514617919922
1166504400,2.583726644515991,21.16571044921875
1166590800,2.537325620651245,21.23629379272461
1166677200,2.48164701461792,21.158660888671875
1166763600,2.4606926441192627,20.918703079223633
1167109200,2.4400362968444824,21.16571044921875
1167195600,2.440335988998413,21.1868896484375
1167282000,2.420877456665039,21.158660888671875
1167368400,2.5397214889526367,21.073972702026367
1167800400,2.5085880756378174,21.073972702026367
1167886800,2.56427001953125,21.038677215576172
1167973200,2.546008348464966,20.918703079223633
1168232400,2.5585813522338867,21.12336540222168
1168318800,2.7711215019226074,21.144542694091797
1168405200,2.9037370681762695,20.932825088500977
1168491600,2.867814540863037,21.666810989379883
1168578000,2.8324902057647705,22.0267391204834
1168923600,2.9067294597625732,21.991458892822266
1169010000,2.8423683643341064,21.949108123779297
1169096400,2.6663477420806885,21.878528594970703
1169182800,2.6492857933044434,21.956167221069336
1169442000,2.598095417022705,21.680923461914062
1169528400,2.56546688079834,21.695035934448242
1169614800,2.595402479171753,21.942047119140625
1169701200,2.581930637359619,21.490367889404297
1169787600,2.555887222290039,21.59623146057129
1170046800,2.572650671005249,21.546829223632812
1170133200,2.560976028442383,21.511533737182617
1170219600,2.566364288330078,21.77972984313965
1170306000,2.5367276668548584,21.567995071411133
1170392400,2.5370278358459473,21.306869506835938
1170651600,2.512779474258423,20.897525787353516
1170738000,2.5190658569335938,20.826955795288086
1170824400,2.578937530517578,20.7281436920166
1170910800,2.5798349380493164,20.650503158569336
1170997200,2.492722511291504,20.45289421081543
1171256400,2.540919303894043,20.424663543701172
1171342800,2.5355300903320312,20.54506492614746
1171429200,2.553492307662964,20.82126235961914
1171515600,2.550797700881958,20.863746643066406
1171602000,2.5394225120544434,20.353851318359375
1171947600,2.571453094482422,20.417585372924805
1172034000,2.6702401638031006,20.78585433959961
1172120400,2.6795198917388916,20.814180374145508
1172206800,2.6663477420806885,20.467159271240234
1172466000,2.6495838165283203,20.587554931640625
1172552400,2.5124802589416504,19.737703323364258
1172638800,2.532837390899658,19.950166702270508
1172725200,2.6061789989471436,19.893516540527344
1172811600,2.5567853450775146,19.659809112548828
1173070800,2.5840251445770264,19.511070251464844
1173157200,2.640005350112915,19.709383010864258
1173243600,2.6259357929229736,19.553569793701172
1173330000,2.634316921234131,19.348190307617188
1173416400,2.63342022895813,19.326950073242188
1173672000,2.6902971267700195,19.433181762695312
1173758400,2.646291732788086,18.92327117919922
1173844800,2.694188356399536,19.404848098754883
1173931200,2.6813161373138428,19.319866180419922
1174017600,2.6819143295288086,19.355283737182617
1174276800,2.728015184402466,19.709383010864258
1174363200,2.7384934425354004,19.71646499633789
1174449600,2.8100383281707764,20.198049545288086
1174536000,2.8127331733703613,20.020986557006836
1174622400,2.799561023712158,19.843944549560547
1174881600,2.8693113327026367,19.98557472229004
1174968000,2.8576362133026123,19.631479263305664
1175054400,2.7911789417266846,19.574819564819336
1175140800,2.8064446449279785,19.652729034423828
1175227200,2.781299591064453,19.737703323364258
1175486400,2.803452491760254,19.64564323425293
1175572800,2.828897714614868,19.737703323364258
1175659200,2.8220126628875732,20.183881759643555
1175745600,2.8342862129211426,20.219287872314453
1176091200,2.803452491760254,20.233449935913086
1176177600,2.821413516998291,20.113052368164062
1176264000,2.7717204093933105,19.907670974731445
1176350400,2.759746789932251,20.212207794189453
1176436800,2.7013726234436035,20.261783599853516
1176696000,2.7369956970214844,20.34676742553711
1176782400,2.7046656608581543,20.431753158569336
1176868800,2.706162452697754,20.25469207763672
1176955200,2.702270746231079,20.318443298339844
1177041600,2.7232260704040527,20.552146911621094
1177300800,2.799262046813965,20.382173538208008
1177387200,2.7911789417266846,20.389266967773438
1177473600,2.854341983795166,20.53089714050293
1177560000,2.958817481994629,20.608802795410156
1177646400,2.99114727973938,21.331167221069336
1177905600,2.987555980682373,21.203699111938477
1177992000,2.9776763916015625,21.529468536376953
1178078400,3.0052177906036377,21.67819595336914
1178164800,3.005516529083252,21.933143615722656
1178251200,3.017789840698242,21.642776489257812
1178510400,3.1108903884887695,21.74901008605957
1178596800,3.1450159549713135,21.777341842651367
1178683200,3.1994986534118652,21.7985897064209
1178769600,3.2132678031921387,21.65694236755371
1178856000,3.255178213119507,21.876489639282227
1179115200,3.273737668991089,21.933143615722656
1179201600,3.218656301498413,21.954463958740234
1179288000,3.2132678031921387,22.07524871826172
1179374400,3.2761332988739014,22.01129913330078
1179460800,3.2934961318969727,21.904722213745117
1179720000,3.3521692752838135,22.0610408782959
1179806400,3.398867607116699,21.805252075195312
1179892800,3.379410743713379,21.727096557617188
1179979200,3.313551902770996,21.435794830322266
1180065600,3.4012632369995117,21.65605354309082
1180411200,3.423116445541382,21.876306533813477
1180497600,3.5554301738739014,22.103670120239258
1180584000,3.6278743743896484,21.805252075195312
1180670400,3.5443532466888428,21.734201431274414
1180929600,3.6320650577545166,21.826568603515625
1181016000,3.67217755317688,21.727096557617188
1181102400,3.701214551925659,21.52106285095215
1181188800,3.7140884399414062,21.045024871826172
1181275200,3.726661443710327,21.350536346435547
1181534400,3.5979392528533936,21.329214096069336
1181620800,3.6036274433135986,21.20844268798828
1181707200,3.5174124240875244,21.592105865478516
1181793600,3.5548319816589355,21.68447494506836
1181880000,3.6072194576263428,21.663156509399414
1182139200,3.744624376296997,21.677364349365234
1182225600,3.701814651489258,21.641841888427734
1182312000,3.6386513710021973,21.322118759155273
1182398400,3.708998680114746,21.471323013305664
1182484800,3.6820571422576904,20.952659606933594
1182744000,3.662299394607544,20.952659606933594
1182830400,3.5817737579345703,20.97396469116211
1182916800,3.648829221725464,21.222644805908203
1183003200,3.6090145111083984,21.194229125976562
1183089600,3.65331768989563,20.938446044921875
1183348800,3.629969596862793,21.130287170410156
1183435200,3.806889533996582,21.329214096069336
1183608000,3.973926067352295,21.30790138244629
1183694400,3.9604578018188477,21.293689727783203
1183953600,3.9014837741851807,21.222644805908203
1184040000,3.961956024169922,20.838979721069336
1184126400,3.9631500244140625,20.952659606933594
1184212800,4.013442039489746,21.364749908447266
1184299200,4.123007297515869,21.187124252319336
1184558400,4.134082317352295,21.33632469177246
1184644800,4.158329963684082,21.86920166015625
1184731200,4.134681224822998,21.968671798706055
1184817600,4.190958023071289,22.387874603271484
1184904000,4.303217887878418,22.139198303222656
1185163200,4.301721096038818,22.160512924194336
1185249600,4.037991046905518,21.88340950012207
1185336000,4.108936309814453,21.8194637298584
1185422400,4.370570659637451,21.30080223083496
1185508800,4.306210994720459,20.88160514831543
1185768000,4.233767032623291,20.888710021972656
1185854400,3.944291830062866,20.5974063873291
1185940800,4.041283130645752,20.817659378051758
1186027200,4.085885047912598,20.97396469116211
1186113600,3.9469854831695557,20.576091766357422
1186372800,4.048764705657959,20.98818016052246
1186459200,4.04218053817749,20.995285034179688
1186545600,4.011646270751953,21.315013885498047
1186632000,3.7835400104522705,20.817659378051758
1186718400,3.741929769515991,20.398468017578125
1186977600,3.8254482746124268,20.341629028320312
1187064000,3.712891101837158,20.156238555908203
1187150400,3.58925724029541,20.035037994384766
1187236800,3.5039424896240234,19.828275680541992
1187323200,3.6539180278778076,20.14198112487793
1187582400,3.658707618713379,20.14912223815918
1187668800,3.8188610076904297,20.013648986816406
1187755200,3.966742992401123,20.12059783935547
1187841600,3.923635482788086,20.17763900756836
1187928000,4.050262928009033,20.5412654876709
1188187200,3.95896053314209,20.313106536865234
1188273600,3.79641056060791,19.913827896118164
1188360000,4.0137410163879395,20.384408950805664
1188446400,4.078702449798584,20.284587860107422
1188532800,4.145456790924072,20.484224319458008
1188878400,4.315490245819092,20.5412654876709
1188964800,4.093969821929932,20.30597686767578
1189051200,4.041581630706787,20.61255645751953
1189137600,3.944591522216797,20.277456283569336
1189396800,4.092471599578857,20.30597686767578
1189483200,4.055952548980713,20.62681770324707
1189569600,4.096663475036621,20.62681770324707
1189656000,4.107141017913818,20.790807723999023
1189742400,4.155336856842041,20.705257415771484
1190001600,4.143362998962402,20.484224319458008
1190088000,4.218499660491943,20.62681770324707
1190174400,4.2140092849731445,20.441444396972656
1190260800,4.20023775100708,20.263202667236328
1190347200,4.315190315246582,20.427183151245117
1190606400,4.438826084136963,20.7337703704834
1190692800,4.585509777069092,21.076005935668945
1190779200,4.573235034942627,21.033226013183594
1190865600,4.62502384185791,21.026100158691406
1190952000,4.594189643859863,21.00470733642578
1191211200,4.680106163024902,21.225736618041992
1191297600,4.7432684898376465,21.175825119018555
1191384000,4.727402210235596,20.997583389282227
1191470400,4.677112579345703,21.182954788208008
1191556800,4.833073616027832,21.275644302368164
1191816000,5.0264573097229,21.275644302368164
1191902400,5.024960517883301,21.461021423339844
1191988800,4.992928504943848,21.553707122802734
1192075200,4.8564229011535645,21.325550079345703
1192161600,5.0067009925842285,21.51093101501465
1192420800,4.9986162185668945,21.418241500854492
1192507200,5.076450824737549,21.61788558959961
1192593600,5.171345233917236,22.15975570678711
1192680000,5.193796157836914,22.2167911529541
1192766400,5.101596355438232,21.51093101501465
1193025600,5.219542026519775,21.75334358215332
1193112000,5.57277774810791,22.031414031982422
1193198400,5.565892219543457,22.280961990356445
1193284800,5.471597194671631,22.808578491210938
1193371200,5.529072284698486,24.9760684967041
1193630400,5.540748119354248,24.648094177246094
1193716800,5.597923278808594,25.361082077026367
1193803200,5.686234951019287,26.245195388793945
1193889600,5.611096382141113,26.423442840576172
1193976000,5.623969078063965,26.423442840576172
1194238800,5.573378086090088,26.188148498535156
1194325200,5.741315841674805,25.959989547729492
1194411600,5.576969623565674,25.32542610168457
1194498000,5.252769470214844,24.769296646118164
1194584400,4.950423240661621,24.049182891845703
1194843600,4.602869987487793,23.79962921142578
1194930000,5.087826728820801,24.65090560913086
1195016400,4.972574710845947,24.271757125854492
1195102800,4.918391227722168,24.150156021118164
1195189200,4.980955123901367,24.386213302612305
1195448400,4.907912254333496,24.293230056762695
1195534800,5.054596424102783,24.736732482910156
1195621200,5.042922496795654,24.486364364624023
1195794000,5.135122776031494,24.400527954101562
1196053200,5.1650590896606445,23.585025787353516
1196139600,5.233011722564697,23.6494140625
1196226000,5.394962310791016,24.10723114013672
1196312400,5.516800403594971,24.028541564941406
1196398800,5.454831600189209,24.03569221496582
1196658000,5.354250431060791,23.549259185791016
1196744400,5.382689476013184,23.44195556640625
1196830800,5.55302095413208,24.42913818359375
1196917200,5.686234951019287,24.71527671813965
1197003600,5.816455841064453,24.700973510742188
1197262800,5.813759803771973,24.86550521850586
1197349200,5.644024848937988,24.39337730407715
1197435600,5.71347713470459,24.658048629760742
1197522000,5.742510795593262,25.194557189941406
1197608400,5.69940710067749,25.258953094482422
1197867600,5.52009391784668,24.60082244873047
1197954000,5.477583408355713,24.8511905670166
1198040400,5.48177433013916,24.886966705322266
1198126800,5.604209899902344,25.40915870666504
1198213200,5.804777145385742,25.795448303222656
1198472400,5.9511637687683105,26.167438507080078
1198645200,5.955654144287109,26.188892364501953
1198731600,5.944276809692383,25.73107147216797
1198818000,5.981996059417725,25.838363647460938
1199077200,5.929609775543213,25.466386795043945
1199250000,5.832617282867432,25.194557189941406
1199336400,5.83531379699707,25.301862716674805
1199422800,5.3898725509643555,24.593664169311523
1199682000,5.317728042602539,24.758201599121094
1199768400,5.1264424324035645,23.928394317626953
1199854800,5.370415687561035,24.63658905029297
1199941200,5.329105854034424,24.557903289794922
1200027600,5.169548034667969,24.2574520111084
1200286800,5.351856231689453,24.60082244873047
1200373200,5.0602850914001465,24.32183074951172
1200459600,4.778890609741211,23.771018981933594
1200546000,4.816309928894043,23.68517303466797
1200632400,4.830379009246826,23.6136417388916
1200978000,4.659149169921875,22.862518310546875
1201064400,4.163120269775391,22.8410701751709
1201150800,4.059244632720947,23.785324096679688
1201237200,3.891904354095459,23.56356430053711
1201496400,3.891904354095459,23.406190872192383
1201582800,3.937706708908081,23.320348739624023
1201669200,3.9568638801574707,23.034208297729492
1201755600,4.052058696746826,23.320348739624023
1201842000,4.0038628578186035,21.78235626220703
1202101200,3.940999984741211,21.596359252929688
1202187600,3.8724472522735596,20.7951717376709
1202274000,3.6521213054656982,20.4017333984375
1202360400,3.629370927810669,20.115583419799805
1202446800,3.756298542022705,20.430334091186523
1202706000,3.875140428543091,20.179967880249023
1202792400,3.7377374172210693,20.272968292236328
1202878800,3.8736448287963867,20.716482162475586
1202965200,3.8155696392059326,20.387418746948242
1203051600,3.730853319168091,20.3301944732666
1203397200,3.6575100421905518,20.229652404785156
1203483600,3.7066051959991455,20.26555633544922
1203570000,3.6383516788482666,20.17938232421875
1203656400,3.5760865211486816,19.87777328491211
1203915600,3.584468126296997,19.9926700592041
1204002000,3.5668067932128906,20.380470275878906
1204088400,3.680860996246338,20.29428482055664
1204174800,3.8889124393463135,20.05730628967285
1204261200,3.7425284385681152,19.5330753326416
1204520400,3.6440396308898926,19.38225555419922
1204606800,3.7305526733398438,19.813140869140625
1204693200,3.726661443710327,20.193742752075195
1204779600,3.620091676712036,19.79878044128418
1204866000,3.659605026245117,20.01421356201172
1205121600,3.5829715728759766,20.14348030090332
1205208000,3.81227707862854,21.02678108215332
1205294400,3.772761106491089,20.55998992919922
1205380800,3.829939126968384,20.552812576293945
1205467200,3.790126323699951,20.07884407043457
1205726400,3.7937171459198,20.32300567626953
1205812800,3.9760212898254395,21.1273136138916
1205899200,3.8817265033721924,20.552812576293945
1205985600,3.9894943237304688,20.954967498779297
1206331200,4.176889896392822,20.94778060913086
1206417600,4.2202959060668945,20.92624282836914
1206504000,4.342432498931885,20.509721755981445
1206590400,4.19844388961792,20.14348030090332
1206676800,4.281065940856934,20.042943954467773
1206936000,4.2957329750061035,20.380470275878906
1207022400,4.476243019104004,21.184764862060547
1207108800,4.4151763916015625,20.940595626831055
1207195200,4.538510322570801,20.82570457458496
1207281600,4.582515239715576,20.940595626831055
1207540800,4.666635513305664,20.940595626831055
1207627200,4.575331211090088,20.64616584777832
1207713600,4.533420562744141,20.746706008911133
1207800000,4.626521110534668,20.90469741821289
1207886400,4.404698371887207,20.30864715576172
1208145600,4.42385721206665,20.15066146850586
1208232000,4.441817760467529,20.287105560302734
1208318400,4.601075172424316,20.78980255126953
1208404800,4.624724388122559,20.983686447143555
1208491200,4.820801258087158,21.543825149536133
1208750400,5.03394079208374,21.84543800354004
1208836800,4.795654773712158,21.723352432250977
1208923200,4.8761820793151855,22.585115432739258
1209009600,5.0572896003723145,22.836458206176758
1209096000,5.080942630767822,21.421751022338867
1209355200,5.156077861785889,20.818519592285156
1209441600,5.240196228027344,20.56717300415039
1209528000,5.207267761230469,20.480998992919922
1209614400,5.388375759124756,21.112958908081055
1209700800,5.416517734527588,20.998043060302734
1209960000,5.529971122741699,20.883155822753906
1210046400,5.587746620178223,21.328386306762695
1210132800,5.465909481048584,20.976505279541016
1210219200,5.539849758148193,21.019590377807617
1210305600,5.491654396057129,21.10576820373535
1210564800,5.63264799118042,21.536645889282227
1210651200,5.686535835266113,21.46456527709961
1210737600,5.575771331787109,21.57268714904785
1210824000,5.679648399353027,21.947490692138672
1210910400,5.616481781005859,21.615924835205078
1211169600,5.496143341064453,21.23392677307129
1211256000,5.5649943351745605,20.729381561279297
1211342400,5.334193706512451,20.361799240112305
1211428800,5.300067901611328,20.52035903930664
1211515200,5.423400402069092,20.217639923095703
1211860800,5.580861568450928,20.498733520507812
1211947200,5.598222732543945,20.31133460998535
1212033600,5.588644027709961,20.405027389526367
1212120000,5.65031099319458,20.412250518798828
1212379200,5.570981502532959,20.03744125366211
1212465600,5.549129486083984,19.684268951416016
1212552000,5.5437421798706055,19.850040435791016
1212638400,5.670668125152588,20.3978271484375
1212724800,5.557210922241211,19.814002990722656
1212984000,5.436572551727295,19.97257423400879
1213070400,5.557210922241211,20.102317810058594
1213156800,5.412625312805176,19.547319412231445
1213243200,5.186611652374268,20.354578018188477
1213329600,5.159971237182617,20.95281982421875
1213588800,5.2937798500061035,20.851911544799805
1213675200,5.431184768676758,20.758211135864258
1213761600,5.350955963134766,20.51314926147461
1213848000,5.415319919586182,20.851911544799805
1213934400,5.246782302856445,20.34737205505371
1214193600,5.183618545532227,20.15996742248535
1214280000,5.186311721801758,19.98698616027832
1214366400,5.310245037078857,20.43386459350586
1214452800,5.036935329437256,20.001401901245117
1214539200,5.091717720031738,19.9149112701416
1214798400,5.012388706207275,19.828414916992188
1214884800,5.229119777679443,19.367124557495117
1214971200,5.034541606903076,18.653560638427734
1215057600,5.092615127563477,18.725637435913086
1215403200,5.243488788604736,18.761669158935547
1215489600,5.37490701675415,18.63193130493164
1215576000,5.216249465942383,18.185056686401367
1215662400,5.28749418258667,18.343626022338867
1215748800,5.166255950927734,18.199474334716797
1216008000,5.205172061920166,18.12740135192871
1216094400,5.078246593475342,18.848167419433594
1216180800,5.1731414794921875,19.648225784301758
1216267200,5.1432061195373535,19.835628509521484
1216353600,4.94383430480957,18.63914680480957
1216612800,4.977961540222168,18.480571746826172
1216699200,4.850138187408447,18.595895767211914
1216785600,4.977062702178955,19.049983978271484
1216872000,4.7606306076049805,18.3364200592041
1216958400,4.8531293869018555,18.85538101196289
1217217600,4.622029781341553,18.379669189453125
1217304000,4.70225715637207,18.819339752197266
1217390400,4.786076545715332,18.90583610534668
1217476800,4.758234024047852,18.53824234008789
1217563200,4.6896843910217285,18.3364200592041
1217822400,4.58700704574585,18.221092224121094
1217908800,4.808828353881836,18.89142417907715
1217995200,4.915097236633301,19.47524642944336
1218081600,4.896537780761719,19.741931915283203
1218168000,5.075551509857178,20.275299072265625
1218427200,5.195590972900391,20.109519958496094
1218513600,5.2904887199401855,20.268089294433594
1218600000,5.3674211502075195,20.116729736328125
1218686400,5.368021488189697,20.116729736328125
1218772800,5.260852813720703,20.04465103149414
1219032000,5.250373840332031,19.958152770996094
1219118400,5.1946940422058105,19.770008087158203
1219204800,5.263845920562744,19.74830436706543
1219291200,5.2174458503723145,19.668697357177734
1219377600,5.2922844886779785,20.14630699157715
1219636800,5.165358066558838,20.01604461669922
1219723200,5.1979875564575195,19.733821868896484
1219809600,5.228821277618408,19.94368553161621
1219896000,5.200981140136719,20.218671798706055
1219982400,5.074951648712158,19.74830436706543
1220328000,4.974969387054443,19.61080551147461
1220414400,4.99801778793335,19.466075897216797
1220500800,4.826189041137695,19.068073272705078
1220587200,4.79505729675293,18.561521530151367
1220846400,4.727402210235596,18.90163803100586
1220932800,4.54060697555542,18.887163162231445
1221019200,4.538510322570801,19.133203506469727
1221105600,4.569643020629883,19.78447723388672
1221192000,4.458581447601318,19.987102508544922
1221451200,4.2017364501953125,19.408187866210938
1221537600,4.187366485595703,18.807558059692383
1221624000,3.8266448974609375,17.77997398376465
1221710400,4.014040946960449,18.27928924560547
1221796800,4.218200206756592,18.20693588256836
1222056000,3.9230380058288574,18.380615234375
1222142400,3.797009229660034,18.4095516204834
1222228800,3.8529882431030273,18.612178802490234
1222315200,3.9493796825408936,19.256216049194336
1222401600,3.8389196395874023,19.827899932861328
1222660800,3.151003360748291,18.098392486572266
1222747200,3.4024605751037598,19.314111709594727
1222833600,3.2665538787841797,19.162147521972656
1222920000,2.996535539627075,18.995704650878906
1223006400,2.905831813812256,19.046363830566406
1223265600,2.9378621578216553,18.026020050048828
1223352000,2.6690430641174316,16.810300827026367
1223438400,2.687901735305786,16.651098251342773
1223524800,2.656470775604248,16.137306213378906
1223611200,2.89775013923645,15.55839729309082
1223870400,3.300680160522461,18.45296859741211
1223956800,3.1156787872314453,17.43987464904785
1224043200,2.9321749210357666,16.39781951904297
1224129600,3.0501205921173096,17.50499725341797
1224216000,2.91571044921875,17.316844940185547
1224475200,2.9468424320220947,17.888519287109375
1224561600,2.7387917041778564,16.90436363220215
1224648000,2.899843692779541,15.580087661743164
1224734400,2.940556526184082,16.15178680419922
1224820800,2.8851757049560547,15.891264915466309
1225080000,2.756754159927368,15.326822280883789
1225166400,2.9908483028411865,16.716218948364258
1225252800,3.1297497749328613,16.64385986328125
1225339200,3.3240292072296143,16.37610626220703
1225425600,3.220752000808716,16.159013748168945
1225688400,3.201892614364624,16.368873596191406
1225774800,3.3225338459014893,17.027395248413086
1225861200,3.09233021736145,15.978103637695312
1225947600,2.9666008949279785,15.109733581542969
1226034000,2.9408559799194336,15.55839729309082
1226293200,2.870209217071533,15.41366195678711
1226379600,2.8369805812835693,15.341299057006836
1226466000,2.6977791786193848,14.690013885498047
1226552400,2.8869729042053223,15.377482414245605
1226638800,2.7013726234436035,14.516341209411621
1226898000,2.6385083198547363,13.980840682983398
1226984400,2.6914939880371094,14.294119834899902
1227070800,2.5831284523010254,13.325152397155762
1227157200,2.4095025062561035,12.77144718170166
1227243600,2.4720664024353027,14.337825775146484
1227502800,2.7824971675872803,15.073654174804688
1227589200,2.718137264251709,14.563671112060547
1227675600,2.8438656330108643,14.92795181274414
1227848400,2.7741167545318604,14.731242179870605
1228107600,2.6621580123901367,13.558283805847168
1228194000,2.7681283950805664,13.951701164245605
1228280400,2.87080717086792,14.476252555847168
1228366800,2.7363970279693604,13.922558784484863
1228453200,2.8139307498931885,14.476252555847168
1228712400,2.985161304473877,15.306797981262207
1228798800,2.9953386783599854,15.008086204528809
1228885200,2.9399585723876953,15.01537799835205
1228971600,2.8438656330108643,14.17026424407959
1229058000,2.9417550563812256,14.104697227478027
1229317200,2.836381673812866,13.871561050415039
1229403600,2.8567380905151367,14.651108741760254
1229490000,2.6690430641174316,14.323256492614746
1229576400,2.6771256923675537,14.060979843139648
1229662800,2.694188356399536,13.929848670959473
1229922000,2.5666637420654297,13.973552703857422
1230008400,2.5858211517333984,14.046415328979492
1230094800,2.5457088947296143,13.966266632080078
1230267600,2.5687592029571533,13.937126159667969
1230526800,2.5927064418792725,13.813272476196289
1230613200,2.5831284523010254,14.090117454528809
1230699600,2.5549886226654053,14.16297435760498
1230872400,2.7166390419006348,14.811387062072754
1231131600,2.831292152404785,14.949810028076172
1231218000,2.784593343734741,15.12466049194336
1231304400,2.7244226932525635,14.213970184326172
1231390800,2.775012969970703,14.658393859863281
1231477200,2.71155047416687,14.221261978149414
1231736400,2.6540746688842773,14.184832572937012
1231822800,2.625636577606201,14.439825057983398
1231909200,2.5543904304504395,13.90798568725586
1231995600,2.4960155487060547,14.017267227172852
1232082000,2.4645843505859375,14.3596830368042
1232427600,2.340949535369873,13.463571548461914
1232514000,2.479550838470459,14.11926555633545
1232600400,2.6450939178466797,12.465462684631348
1232686800,2.6450939178466797,12.531027793884277
1232946000,2.683411121368408,12.844303131103516
1233032400,2.7160415649414062,12.866161346435547
1233118800,2.819917678833008,13.143014907836914
1233205200,2.783994436264038,12.815165519714355
1233291600,2.6980807781219482,12.458178520202637
1233550800,2.7393906116485596,12.990019798278809
1233637200,2.7833964824676514,13.478147506713867
1233723600,2.800459384918213,13.572857856750488
1233810000,2.887571096420288,13.871561050415039
1233896400,2.985161304473877,14.323256492614746
1234155600,3.06868052482605,14.16297435760498
1234242000,2.9285829067230225,13.696703910827637
1234328400,2.8983476161956787,13.995413780212402
1234414800,2.971689224243164,14.031840324401855
1234501200,2.9683971405029297,13.90798568725586
1234846800,2.8297951221466064,13.269804000854492
1234933200,2.8250064849853516,13.291808128356934
1235019600,2.7133474349975586,13.137764930725098
1235106000,2.730111598968506,13.203784942626953
1235365200,2.6028847694396973,12.624281883239746
1235451600,2.7016725540161133,12.594947814941406
1235538000,2.7289130687713623,12.440896034240723
1235624400,2.669940710067749,12.044781684875488
1235710800,2.673532724380493,11.846729278564453
1235970000,2.632520914077759,11.58265209197998
1236056400,2.6453933715820312,11.64867115020752
1236142800,2.729212760925293,11.824725151062012
1236229200,2.6594631671905518,11.201210021972656
1236315600,2.553492307662964,11.208545684814453
1236571200,2.487933397293091,11.113183975219727
1236657600,2.6531763076782227,12.088798522949219
1236744000,2.774413824081421,12.550930976867676
1236830400,2.884277820587158,12.477575302124023
1236916800,2.871703863143921,12.213500022888184
1237176000,2.8564391136169434,11.920083999633789
1237262400,2.983365297317505,12.39688491821289
1237348800,3.03904390335083,12.440896034240723
1237435200,3.0420374870300293,12.572938919067383
1237521600,3.04114031791687,12.514252662658691
1237780800,3.2228479385375977,13.445849418640137
1237867200,3.188122272491455,13.152442932128906
1237953600,3.1878228187561035,13.11575698852539
1238040000,3.2890050411224365,13.812625885009766
1238126400,3.1986005306243896,13.299147605895996
1238385600,3.1279525756835938,12.822340965270996
1238472000,3.1468117237091064,13.475196838378906
1238558400,3.253680944442749,14.164726257324219
1238644800,3.374021291732788,14.150053977966309
1238731200,3.4722092151641846,13.75394058227539
1238990400,3.5458521842956543,13.761279106140137
1239076800,3.4425737857818604,13.761279106140137
1239163200,3.4820895195007324,14.076701164245605
1239249600,3.579379081726074,14.42880630493164
1239595200,3.598836898803711,14.370119094848633
1239681600,3.5416598320007324,14.194069862365723
1239768000,3.521604537963867,13.812625885009766
1239854400,3.635657787322998,14.494829177856445
1239940800,3.6946301460266113,14.084037780761719
1240200000,3.6072194576263428,13.651249885559082
1240286400,3.644937038421631,13.91532039642334
1240372800,3.63745379447937,13.775944709777832
1240459200,3.7539021968841553,13.878644943237305
1240545600,3.708998680114746,15.33839225769043
1240804800,3.7338457107543945,14.964285850524902
1240891200,3.708998680114746,14.61952018737793
1240977600,3.746119976043701,14.854260444641113
1241064000,3.766775369644165,14.861587524414062
1241150400,3.8089845180511475,14.846919059753418
1241409600,3.9535720348358154,14.8102388381958
1241496000,3.9727323055267334,14.51682186126709
1241582400,3.966444253921509,14.51682186126709
1241668800,3.8634679317474365,14.172060012817383
1241755200,3.8673579692840576,14.245416641235352
1242014400,3.878735065460205,14.172060012817383
1242100800,3.7245659828186035,14.590178489685059
1242187200,3.5769851207733154,14.487486839294434
1242273600,3.68056058883667,14.714885711669922
1242360000,3.6646952629089355,14.83224868774414
1242619200,3.7913200855255127,15.11099624633789
1242705600,3.8152711391448975,14.992880821228027
1242792000,3.7679717540740967,15.04455852508545
1242878400,3.7173802852630615,14.631162643432617
1242964800,3.6670892238616943,14.579493522644043
1243310400,3.914954423904419,15.015033721923828
1243396800,3.9829087257385254,14.860004425048828
1243483200,4.043376922607422,15.096240043640137
1243569600,4.065529823303223,15.421039581298828
1243828800,4.171502113342285,15.797521591186523
1243915200,4.175693511962891,15.797521591186523
1244001600,4.219398021697998,16.0411319732666
1244088000,4.302918910980225,16.114952087402344
1244174400,4.330759525299072,16.343795776367188
1244433600,4.306210994720459,16.277355194091797
1244520000,4.2723846435546875,16.29950714111328
1244606400,4.19844388961792,16.646453857421875
1244692800,4.189461708068848,16.85316276550293
1244779200,4.100256443023682,17.222257614135742
1245038400,4.073911666870117,17.288694381713867
1245124800,4.081695079803467,17.310840606689453
1245211200,4.058645248413086,17.480628967285156
1245297600,4.067626953125,17.347753524780273
1245384000,4.175394058227539,17.768518447875977
1245643200,4.1122283935546875,17.185348510742188
1245729600,4.011646270751953,17.22963523864746
1245816000,4.077803611755371,17.325605392456055
1245902400,4.186768531799316,17.56183433532715
1245988800,4.26400089263916,17.23702049255371
1246248000,4.249931812286377,17.613508224487305
1246334400,4.263703346252441,17.547060012817383
1246420800,4.275676727294922,17.746379852294922
1246507200,4.191557884216309,17.25177764892578
1246852800,4.14934778213501,17.12629508972168
1246939200,4.0532546043396,16.631696701049805
1247025600,4.107740879058838,16.65382957458496
1247112000,4.08199405670166,16.56525230407715
1247198400,4.146655082702637,16.52834129333496
1247457600,4.261008262634277,17.148426055908203
1247544000,4.258912086486816,17.05985450744629
1247630400,4.396915435791016,17.805431365966797
1247716800,4.416072845458984,18.04166603088379
1247803200,4.54270076751709,17.93092918395996
1248062400,4.577426910400391,18.108095169067383
1248148800,4.53551721572876,18.329559326171875
1248235200,4.692078590393066,18.307405471801758
1248321600,4.724410057067871,18.868446350097656
1248408000,4.789369106292725,17.310840606689453
1248667200,4.792661190032959,17.05985450744629
1248753600,4.789668083190918,17.325605392456055
1248840000,4.790565490722656,17.569211959838867
1248926400,4.873188018798828,17.57659912109375
1249012800,4.891149044036865,17.36251449584961
1249272000,4.9821553230285645,17.591350555419922
1249358400,4.955809116363525,17.547060012817383
1249444800,4.942638397216797,17.57659912109375
1249531200,4.906715393066406,17.318218231201172
1249617600,4.954613208770752,17.392040252685547
1249876800,4.930963516235352,17.288694381713867
1249963200,4.874385833740234,17.07460594177246
1250049600,4.948625564575195,17.369892120361328
1250136000,5.041722774505615,17.43633270263672
1250222400,4.9926300048828125,17.488006591796875
1250481600,4.7773942947387695,17.163204193115234
1250568000,4.909409999847412,17.504682540893555
1250654400,4.927370548248291,17.556644439697266
1250740800,4.979158878326416,17.571489334106445
1250827200,5.065673828125,18.120832443237305
1251086400,5.060883045196533,18.29157066345215
1251172800,5.0710601806640625,18.29157066345215
1251259200,5.011489391326904,18.22476577758789
1251345600,5.0725579261779785,18.328685760498047
1251432000,5.090519428253174,18.321266174316406
1251691200,5.035438060760498,18.29900360107422
1251777600,4.948326110839844,17.81646728515625
1251864000,4.944736003875732,17.712543487548828
1251950400,4.985744476318359,17.898134231567383
1252036800,5.098301410675049,18.276723861694336
1252382400,5.176732540130615,18.425195693969727
1252468800,5.123148441314697,18.395505905151367
1252555200,5.165657997131348,18.55882453918457
1252641600,5.153682708740234,18.454893112182617
1252900800,5.200382709503174,18.55882453918457
1252987200,5.243488788604736,18.707286834716797
1253073600,5.4443559646606445,18.707286834716797
1253160000,5.524581432342529,18.781530380249023
1253246400,5.538653373718262,18.751832962036133
1253505600,5.508719444274902,18.781530380249023
1253592000,5.522487163543701,19.130435943603516
1253678400,5.55302095413208,19.08589744567871
1253764800,5.502732753753662,19.256635665893555
1253851200,5.459323406219482,18.967117309570312
1254110400,5.572478294372559,19.174978256225586
1254196800,5.5494279861450195,19.115589141845703
1254283200,5.548530101776123,19.093324661254883
1254369600,5.414122104644775,18.469741821289062
1254456000,5.535059452056885,18.529129028320312
1254715200,5.568586826324463,18.29157066345215
1254801600,5.68803071975708,18.640480041503906
1254888000,5.69521427154541,18.633052825927734
1254974400,5.665876388549805,19.056196212768555
1255060800,5.70180082321167,18.967117309570312
1255320000,5.711978435516357,19.093324661254883
1255406400,5.68833065032959,19.160127639770508
1255492800,5.726348400115967,19.271480560302734
1255579200,5.704493999481201,19.8282413482666
1255665600,5.629357814788818,19.672353744506836
1255924800,5.6835408210754395,19.568424224853516
1256011200,5.949963092803955,19.575849533081055
1256097600,6.134366512298584,19.731746673583984
1256184000,6.142750263214111,19.739164352416992
1256270400,6.105030536651611,20.800729751586914
1256529600,6.061326026916504,21.290685653686523
1256616000,5.908356189727783,21.22386932373047
1256702400,5.75957727432251,20.800729751586914
1256788800,5.877821445465088,20.949203491210938
1256875200,5.642827987670898,20.585445404052734
1257138000,5.6670756340026855,20.696802139282227
1257224400,5.65031099319458,20.436979293823242
1257310800,5.711978435516357,20.830425262451172
1257397200,5.808371543884277,21.134788513183594
1257483600,5.81765079498291,21.171905517578125
1257742800,6.030791759490967,21.520809173583984
1257829200,6.0762939453125,21.535654067993164
1257915600,6.08437442779541,21.61731719970703
1258002000,6.046656608581543,21.795480728149414
1258088400,6.120298385620117,21.99591827392578
1258347600,6.185556888580322,21.929100036621094
1258434000,6.196634292602539,22.369035720825195
1258520400,6.165501117706299,22.451051712036133
1258606800,6.002351760864258,22.204992294311523
1258693200,5.984691143035889,22.085683822631836
1258952400,6.163104057312012,22.324295043945312
1259038800,6.119997501373291,22.301925659179688
1259125200,6.112516403198242,22.212440490722656
1259298000,6.004748344421387,21.78743553161621
1259557200,5.9843926429748535,21.929101943969727
1259643600,5.896380424499512,22.37649154663086
1259730000,5.874228000640869,22.204992294311523
1259816400,5.881712436676025,22.242271423339844
1259902800,5.787118434906006,22.354122161865234
1260162000,5.656299591064453,22.212440490722656
1260248400,5.683839321136475,22.04840660095215
1260334800,5.921228885650635,22.152799606323242
1260421200,5.880216598510742,22.272096633911133
1260507600,5.827528953552246,22.257183074951172
1260766800,5.896679878234863,22.451051712036133
1260853200,5.81256103515625,22.38393783569336
1260939600,5.838305473327637,22.44359588623047
1261026000,5.743408679962158,22.07077407836914
1261112400,5.850281238555908,22.6374568939209
1261371600,5.93410062789917,22.756757736206055
1261458000,5.997863292694092,22.980449676513672
1261544400,6.049948692321777,23.055011749267578
1261630800,6.2577033042907715,23.114662170410156
1261976400,6.334634780883789,23.24142074584961
1262062800,6.259499549865723,23.40546417236328
1262149200,6.335533142089844,23.084840774536133
1262235600,6.308291435241699,22.726932525634766
1262581200,6.406480312347412,23.07738494873047
1262667600,6.417558193206787,23.084840774536133
1262754000,6.315475940704346,22.943174362182617
1262840400,6.303801536560059,22.704565048217773
1262926800,6.3457112312316895,22.86115074157715
1263186000,6.289733409881592,22.570348739624023
1263272400,6.21818733215332,22.421222686767578
1263358800,6.3058977127075195,22.6299991607666
1263445200,6.269376277923584,23.084840774536133
1263531600,6.164603233337402,23.010282516479492
1263877200,6.437312602996826,23.18922996520996
1263963600,6.33822774887085,22.808948516845703
1264050000,6.228663921356201,22.37649154663086
1264136400,5.9197306632995605,21.59357261657715
1264395600,6.078986644744873,21.861997604370117
1264482000,6.164901256561279,21.996212005615234
1264568400,6.2229766845703125,22.122970581054688
1264654800,5.965832233428955,21.742698669433594
1264741200,5.749398231506348,21.0119686126709
1265000400,5.829326152801514,21.183475494384766
1265086800,5.863153457641602,21.220754623413086
1265173200,5.964033603668213,21.347511291503906
1265259600,5.7490997314453125,20.758468627929688
1265346000,5.851177215576172,20.892671585083008
1265605200,5.811066150665283,20.668987274169922
1265691600,5.8730316162109375,20.88521385192871
1265778000,5.841002464294434,20.87030601501465
1265864400,5.94727087020874,20.967233657836914
1265950800,5.99846076965332,20.825563430786133
1266296400,6.088866233825684,21.237581253051758
1266382800,6.06342077255249,21.417369842529297
1266469200,6.074796199798584,21.70203971862793
1266555600,6.037078380584717,21.55221176147461
1266814800,5.999658107757568,21.522249221801758
1266901200,5.899075031280518,21.22259521484375
1266987600,6.006843090057373,21.447341918945312
1267074000,6.04695463180542,21.42486000061035
1267160400,6.125386714935303,21.47730255126953
1267419600,6.256204128265381,21.73948860168457
1267506000,6.252013683319092,21.319990158081055
1267592400,6.266383171081543,21.319990158081055
1267678800,6.307692050933838,21.447341918945312
1267765200,6.554361343383789,21.417369842529297
1268024400,6.558252811431885,21.447341918945312
1268110800,6.676197528839111,21.574684143066406
1268197200,6.730680465698242,21.70203971862793
1268283600,6.750436782836914,21.859344482421875
1268370000,6.78336763381958,21.926773071289062
1268625600,6.700746059417725,21.941753387451172
1268712000,6.719005107879639,22.00168800354004
1268798400,6.709127426147461,22.196462631225586
1268884800,6.7249932289123535,22.181474685668945
1268971200,6.653148651123047,22.16649055480957
1269230400,6.727986812591553,22.173978805541992
1269316800,6.836055278778076,22.383739471435547
1269403200,6.866290092468262,22.21143913269043
1269489600,6.784863471984863,22.481124877929688
1269576000,6.912093162536621,22.21892738342285
1269835200,6.95669412612915,22.16649055480957
1269921600,7.060271263122559,22.30133056640625
1270008000,7.034823894500732,21.941753387451172
1270094400,7.063863277435303,21.844371795654297
1270440000,7.139300346374512,21.926773071289062
1270526400,7.170732021331787,21.964231491088867
1270612800,7.202463626861572,21.986703872680664
1270699200,7.1830058097839355,22.4137020111084
1270785600,7.238085746765137,22.72833251953125
1271044800,7.253056526184082,22.713342666625977
1271131200,7.257246017456055,22.81073760986328
1271217600,7.354837894439697,23.087913513183594
1271304000,7.4515228271484375,23.125368118286133
1271390400,7.40602445602417,22.975542068481445
1271649600,7.396145820617676,23.252716064453125
1271736000,7.321907043457031,23.49244499206543
1271822400,7.759862422943115,23.469959259033203
1271908800,7.976894378662109,23.514907836914062
1271995200,8.107414245605469,23.192785263061523
1272254400,8.067596435546875,23.30514907836914
1272340800,7.844279766082764,23.110380172729492
1272427200,7.831103324890137,23.15532875061035
1272513600,8.041849136352539,23.222745895385742
1272600000,7.8158416748046875,22.878158569335938
1272859200,7.973299503326416,23.117883682250977
1272945600,7.743697643280029,22.57101058959961
1273032000,7.663167476654053,22.361263275146484
1273118400,7.371598243713379,21.70952796936035
1273204800,7.060568332672119,21.132705688476562
1273464000,7.603298187255859,21.679563522338867
1273550400,7.679038047790527,21.634611129760742
1273636800,7.845775127410889,22.054119110107422
1273723200,7.7341179847717285,21.904298782348633
1273809600,7.598209857940674,21.672073364257812
1274068800,7.610184669494629,21.679563522338867
1274155200,7.554505348205566,21.52153205871582
1274241600,7.434163570404053,21.250633239746094
1274328000,7.117445468902588,20.400310516357422
1274414400,7.253951072692871,20.197132110595703
1274673600,7.386865615844727,19.76820945739746
1274760000,7.340764999389648,19.617704391479492
1274846400,7.307534217834473,18.820066452026367
1274932800,7.584140300750732,19.565034866333008
1275019200,7.689812183380127,19.414527893066406
1275364800,7.808058261871338,19.48225975036621
1275451200,7.9014573097229,19.91118049621582
1275537600,7.876613140106201,20.21219253540039
1275624000,7.6622724533081055,19.407011032104492
1275883200,7.511993408203125,19.030759811401367
1275969600,7.463799953460693,18.895305633544922
1276056000,7.280293941497803,18.654510498046875
1276142400,7.499124050140381,18.812532424926758
1276228800,7.588930130004883,19.309181213378906
1276488000,7.611983776092529,19.188785552978516
1276574400,7.773928165435791,20.001487731933594
1276660800,8.000242233276367,19.805835723876953
1276747200,8.138547897338867,19.843461990356445
1276833600,8.204401969909668,19.896137237548828
1277092800,8.087655067443848,19.527406692504883
1277179200,8.197816848754883,19.391969680786133
1277265600,8.111602783203125,19.045804977416992
1277352000,8.052629470825195,18.812532424926758
1277438400,7.9837751388549805,18.4588565826416
1277697600,8.031673431396484,18.29331398010254
1277784000,7.668559551239014,17.540807723999023
1277870400,7.529661178588867,17.31505584716797
1277956800,7.438353061676025,17.427934646606445
1278043200,7.392253875732422,17.510698318481445
1278388800,7.442846775054932,17.924571990966797
1278475200,7.74339485168457,18.28577995300293
1278561600,7.726032733917236,18.368555068969727
1278648000,7.771836280822754,18.263200759887695
1278907200,7.70208740234375,18.684608459472656
1278993600,7.5377373695373535,18.910358428955078
1279080000,7.565581798553467,19.14363670349121
1279166400,7.527264595031738,19.196311950683594
1279252800,7.480863571166992,18.729761123657227
1279512000,7.351539134979248,18.985605239868164
1279598400,7.540432453155518,19.17373275756836
1279684800,7.610784530639648,18.902833938598633
1279771200,7.753876209259033,19.44463348388672
1279857600,7.781413555145264,19.42206382751465
1280116800,7.761659622192383,19.640283584594727
1280203200,7.905349254608154,19.685440063476562
1280289600,7.811950206756592,19.527406692504883
1280376000,7.726630687713623,19.58760643005371
1280462400,7.700889587402344,19.42206382751465
1280721600,7.838592529296875,19.813358306884766
1280808000,7.8409857749938965,19.685440063476562
1280894400,7.872421741485596,19.361862182617188
1280980800,7.834099769592285,19.090961456298828
1281067200,7.785902500152588,19.22640609741211
1281326400,7.835598468780518,19.27155876159668
1281412800,7.765549182891846,18.865215301513672
1281499200,7.48954439163208,18.707183837890625
1281585600,7.5374436378479,18.428752899169922
1281672000,7.456914901733398,18.36102867126465
1281931200,7.413210391998291,18.436281204223633
1282017600,7.542830467224121,18.693500518798828
1282104000,7.575761318206787,18.776710510253906
1282190400,7.480266571044922,18.48923683166504
1282276800,7.473080158233643,18.330373764038086
1282536000,7.35813045501709,18.368196487426758
1282622400,7.182407379150391,18.186630249023438
1282708800,7.271016597747803,18.232023239135742
1282795200,7.192883491516113,18.020193099975586
1282881600,7.23299503326416,18.103412628173828
1283140800,7.259339332580566,17.884017944335938
1283227200,7.277303695678711,17.755414962768555
1283313600,7.493734836578369,18.080718994140625
1283400000,7.54881477355957,18.110977172851562
1283486400,7.746389865875244,18.37575912475586
1283832000,7.717652797698975,18.12611198425293
1283918400,7.870620250701904,18.103412628173828
1284004800,7.8751091957092285,18.163938522338867
1284091200,7.885294437408447,18.04290199279785
1284350400,7.993956565856934,18.99610137939453
1284436800,8.024489402770996,18.935588836669922
1284523200,8.089153289794922,19.003671646118164
1284609600,8.279240608215332,19.16253662109375
1284696000,8.243319511413574,19.079322814941406
1284955200,8.478614807128906,19.238183975219727
1285041600,8.494776725769043,19.0263671875
1285128000,8.613919258117676,18.617843627929688
1285214400,8.648943901062012,18.481666564941406
1285300800,8.750722885131836,18.7464599609375
1285560000,8.716001510620117,18.708620071411133
1285646400,8.587276458740234,18.670799255371094
1285732800,8.602544784545898,18.534629821777344
1285819200,8.494178771972656,18.527069091796875
1285905600,8.457353591918945,18.443845748901367
1286164800,8.341211318969727,18.088289260864258
1286251200,8.649541854858398,18.4211483001709
1286337600,8.657023429870605,18.481666564941406
1286424000,8.657923698425293,18.557323455810547
1286510400,8.803115844726562,18.587583541870117
1286769600,8.841727256774902,18.602718353271484
1286856000,8.936919212341309,18.78428077697754
1286942400,8.984817504882812,19.170106887817383
1287028800,9.04978084564209,19.08688735961914
1287115200,9.421875,19.321409225463867
1287374400,9.519463539123535,19.533235549926758
1287460800,9.264715194702148,18.988534927368164
1287547200,9.29584789276123,19.14740562438965
1287633600,9.26561164855957,19.23062515258789
1287720000,9.204244613647461,19.20035743713379
1287979200,9.245257377624512,19.056623458862305
1288065600,9.221611976623535,19.593748092651367
1288152000,9.215021133422852,19.707233428955078
1288238400,9.137490272521973,19.8812255859375
1288324800,9.009964942932129,20.176265716552734
1288584000,9.105757713317871,20.388093948364258
1288670400,9.260822296142578,20.72096061706543
1288756800,9.363799095153809,20.448610305786133
1288843200,9.52755069732666,20.53183364868164
1288929600,9.493420600891113,20.312442779541016
1289192400,9.538022994995117,20.282175064086914
1289278800,9.461990356445312,20.388093948364258
1289365200,9.520363807678223,20.380529403686523
1289451600,9.479056358337402,20.183837890625
1289538000,9.221010208129883,19.873666763305664
1289797200,9.191374778747559,19.820709228515625
1289883600,9.028223037719727,19.645639419555664
1289970000,8.995599746704102,19.462961196899414
1290056400,9.232983589172363,19.66847038269043
1290142800,9.182092666625977,19.554298400878906
1290402000,9.380565643310547,19.584741592407227
1290488400,9.241965293884277,19.120439529418945
1290574800,9.423672676086426,19.31072425842285
1290747600,9.429659843444824,19.21938705444336
1291006800,9.485638618469238,19.265052795410156
1291093200,9.314408302307129,19.226999282836914
1291179600,9.471569061279297,19.820701599121094
1291266000,9.523955345153809,20.467693328857422
1291352400,9.502701759338379,20.566646575927734
1291611600,9.583827018737793,20.429637908935547
1291698000,9.525754928588867,20.45247459411621
1291784400,9.609573364257812,20.72648811340332
1291870800,9.572153091430664,20.61231231689453
1291957200,9.596101760864258,20.810218811035156
1292216400,9.629329681396484,20.74171257019043
1292302800,9.588016510009766,21.023345947265625
1292389200,9.59011459350586,21.198413848876953
1292475600,9.6167573928833,21.304973602294922
1292562000,9.597597122192383,21.23646354675293
1292821200,9.64549732208252,21.167964935302734
1292907600,9.70506763458252,21.365869522094727
1292994000,9.733802795410156,21.457197189331055
1293080400,9.687104225158691,21.540929794311523
1293426000,9.719433784484863,21.365869522094727
1293512400,9.743084907531738,21.320201873779297
1293598800,9.737695693969727,21.28974723815918
1293685200,9.688901901245117,21.198413848876953
1293771600,9.655972480773926,21.24408721923828
1294030800,9.865819931030273,21.297372817993164
1294117200,9.91730785369873,21.381092071533203
1294203600,9.998432159423828,21.312583923339844
1294290000,9.990350723266602,21.93674087524414
1294376400,10.061894416809082,21.7692813873291
1294635600,10.251386642456055,21.480043411254883
1294722000,10.227142333984375,21.396316528320312
1294808400,10.310356140136719,21.731229782104492
1294894800,10.348078727722168,21.457197189331055
1294981200,10.431897163391113,21.540929794311523
1295326800,10.197503089904785,21.814945220947266
1295413200,10.143321990966797,21.670331954956055
1295499600,9.958918571472168,21.578990936279297
1295586000,9.780506134033203,21.327808380126953
1295845200,10.10170841217041,21.601823806762695
1295931600,10.219955444335938,21.65511703491211
1296018000,10.293294906616211,21.906299591064453
1296104400,10.274137496948242,21.974802017211914
1296190800,10.061294555664062,21.122297286987305
1296450000,10.157689094543457,21.107070922851562
1296536400,10.328620910644531,21.304973602294922
1296622800,10.307365417480469,21.266918182373047
1296709200,10.281025886535645,21.04618263244629
1296795600,10.372623443603516,21.13751983642578
1297054800,10.533679962158203,21.464820861816406
1297141200,10.633063316345215,21.525714874267578
1297227600,10.721673965454102,21.28974723815918
1297314000,10.613306999206543,20.932004928588867
1297400400,10.682454109191895,20.74171257019043
1297659600,10.752205848693848,20.72648811340332
1297746000,10.773761749267578,20.64226531982422
1297832400,10.870452880859375,20.688209533691406
1297918800,10.725861549377441,20.83369255065918
1298005200,10.494161605834961,20.718835830688477
1298350800,10.136435508728027,20.358972549438477
1298437200,10.256481170654297,20.358972549438477
1298523600,10.264257431030273,20.49679183959961
1298610000,10.42231559753418,20.328346252441406
1298869200,10.573492050170898,20.351316452026367
1298955600,10.456746101379395,20.02974510192871
1299042000,10.540861129760742,19.968488693237305
1299128400,10.763581275939941,20.060367584228516
1299214800,10.776752471923828,19.868946075439453
1299474000,10.637852668762207,19.69285011291504
1299560400,10.649823188781738,19.83831787109375
1299646800,10.551342964172363,19.82301139831543
1299733200,10.377713203430176,19.455488204956055
1299819600,10.536971092224121,19.66221809387207
1300075200,10.583967208862305,19.669879913330078
1300161600,10.340595245361328,19.440176010131836
1300248000,9.878987312316895,18.980777740478516
1300334400,10.01759147644043,18.97313117980957
1300420800,9.898748397827148,18.988431930541992
1300680000,10.157089233398438,19.394235610961914
1300766400,10.213967323303223,19.37126922607422
1300852800,10.15379810333252,19.555030822753906
1300939200,10.326823234558105,19.76175880432129
1301025600,10.523502349853516,19.61627960205078
1301284800,10.490567207336426,19.455488204956055
1301371200,10.506136894226074,19.516742706298828
1301457600,10.436385154724121,19.608625411987305
1301544000,10.432795524597168,19.440176010131836
1301630400,10.314550399780273,19.50908660888672
1301889600,10.213666915893555,19.562679290771484
1301976000,10.144816398620605,19.738779067993164
1302062400,10.11937141418457,20.022083282470703
1302148800,10.120570182800293,20.060367584228516
1302235200,10.03016185760498,19.96082878112793
1302494400,9.90263843536377,19.891916275024414
1302580800,9.950536727905273,19.63158416748047
1302667200,10.062193870544434,19.62394142150879
1302753600,9.951135635375977,19.46314811706543
1302840000,9.802651405334473,19.424861907958984
1303099200,9.93407154083252,19.202816009521484
1303185600,10.113982200622559,19.25641632080078
1303272000,10.25019359588623,19.72347068786621
1303358400,10.49835205078125,19.53971290588379
1303704000,10.5675048828125,19.608625411987305
1303790400,10.489973068237305,20.052703857421875
1303876800,10.481887817382812,20.198179244995117
1303963200,10.380114555358887,20.45085334777832
1304049600,10.48128890991211,19.84597396850586
1304308800,10.366035461425781,19.64690399169922
1304395200,10.423514366149902,19.76175880432129
1304481600,10.464526176452637,19.953163146972656
1304568000,10.380114555358887,19.746442794799805
1304654400,10.377411842346191,19.807693481445312
1304913600,10.405552864074707,19.777069091796875
1305000000,10.460933685302734,19.654563903808594
1305086400,10.394478797912598,19.417213439941406
1305172800,10.374722480773926,19.386581420898438
1305259200,10.193011283874512,19.164541244506836
1305518400,9.97747802734375,18.812334060668945
1305604800,10.062495231628418,18.89710235595703
1305691200,10.174153327941895,19.028121948242188
1305777600,10.1939115524292,19.051237106323242
1305864000,10.034954071044922,18.87398338317871
1306123200,10.010405540466309,18.62737274169922
1306209600,9.944249153137207,18.611955642700195
1306296000,10.081653594970703,18.642791748046875
1306382400,10.028368949890137,19.012706756591797
1306468800,10.100512504577637,19.082073211669922
1306814400,10.412437438964844,19.274747848510742
1306900800,10.34299087524414,18.827747344970703
1306987200,10.360651016235352,18.66590118408203
1307073600,10.281025886535645,18.426990509033203
1307332800,10.11937141418457,18.504064559936523
1307419200,9.939760208129883,18.5425968170166
1307505600,9.945747375488281,18.450105667114258
1307592000,9.923295974731445,18.465526580810547
1307678400,9.755956649780273,18.272857666015625
1307937600,9.776907920837402,18.52718162536621
1308024000,9.95173454284668,18.66590118408203
1308110400,9.781402587890625,18.29598045349121
1308196800,9.733802795410156,18.496356964111328
1308283200,9.587119102478027,18.696731567382812
1308542400,9.439234733581543,18.85857391357422
1308628800,9.737994194030762,19.082073211669922
1308715200,9.657472610473633,18.997289657592773
1308801600,9.915510177612305,18.981887817382812
1308888000,9.769425392150879,18.72755241394043
1309147200,9.939760208129883,19.42116355895996
1309233600,10.036152839660645,19.883575439453125
1309320000,9.99963092803955,19.744857788085938
1309406400,10.048420906066895,20.037710189819336
1309492800,10.275635719299316,20.053136825561523
1309838400,10.46033763885498,20.060840606689453
1309924800,10.530084609985352,20.292041778564453
1310011200,10.692934036254883,20.631145477294922
1310097600,10.768072128295898,20.74674415588379
1310356800,10.59714412689209,20.52324676513672
1310443200,10.589652061462402,20.453882217407227
1310529600,10.717479705810547,20.52324676513672
1310616000,10.709994316101074,20.399938583374023
1310702400,10.924036026000977,20.638843536376953
1310961600,11.189863204956055,20.49241828918457
1311048000,11.28116512298584,21.224565505981445
1311134400,11.582018852233887,20.854637145996094
1311220800,11.593690872192383,20.885465621948242
1311307200,11.773604393005371,21.21686363220215
1311566400,11.929268836975098,21.509714126586914
1311652800,12.076248168945312,21.64073371887207
1311739200,11.752349853515625,21.06273078918457
1311825600,11.729297637939453,21.363290786743164
1311912000,11.689186096191406,21.116668701171875
1312171200,11.876880645751953,21.0164852142334
1312257600,11.642187118530273,20.654260635375977
1312344000,11.751751899719238,20.74674415588379
1312430400,11.296734809875488,19.991472244262695
1312516800,11.18447208404541,19.79109764099121
1312776000,10.573492050170898,18.866275787353516
1312862400,11.196146965026855,19.714027404785156
1312948800,10.887214660644531,18.650497436523438
1313035200,11.186867713928223,19.413463592529297
1313121600,11.285353660583496,19.344099044799805
1313380800,11.477538108825684,19.660079956054688
1313467200,11.3898286819458,19.66008758544922
1313553600,11.38863468170166,19.582530975341797
1313640000,10.957860946655273,19.132709503173828
1313726400,10.657907485961914,18.651874542236328
1313985600,10.670185089111328,18.59758186340332
1314072000,11.18387508392334,19.171483993530273
1314158400,11.26111125946045,19.31108283996582
1314244800,11.187470436096191,19.05515480041504
1314331200,11.48263168334961,19.582530975341797
1314590400,11.673914909362793,20.040090560913086
1314676800,11.674515724182129,20.342567443847656
1314763200,11.52004623413086,20.629514694213867
1314849600,11.40629768371582,20.327054977416992
1314936000,11.197345733642578,20.009077072143555
1315281600,11.367679595947266,19.784168243408203
1315368000,11.493108749389648,20.164180755615234
1315454400,11.499394416809082,20.334806442260742
1315540800,11.300026893615723,19.962543487548828
1315800000,11.373666763305664,20.078882217407227
1315886400,11.513764381408691,20.19521141052246
1315972800,11.653861045837402,20.551971435546875
1316059200,11.76342487335205,20.931978225708008
1316145600,11.989136695861816,21.032791137695312
1316404800,12.322318077087402,21.10260009765625
1316491200,12.376805305480957,20.92422103881836
1316577600,12.337586402893066,20.156429290771484
1316664000,12.028653144836426,19.4351749420166
1316750400,12.102890968322754,19.4351749420166
1317009600,12.069067001342773,19.72988510131836
1317096000,11.952020645141602,19.908252716064453
1317182400,11.884666442871094,19.838457107543945
1317268800,11.691876411437988,19.73763656616211
1317355200,11.414977073669434,19.303335189819336
1317614400,11.2138090133667,19.024131774902344
1317700800,11.150945663452148,19.652326583862305
1317787200,11.323076248168945,20.078882217407227
1317873600,11.296734809875488,20.427865982055664
1317960000,11.070119857788086,20.358078002929688
1318219200,11.639190673828125,20.893205642700195
1318305600,11.982852935791016,20.939739227294922
1318392000,12.039728164672852,20.90871238708496
1318478400,12.226526260375977,21.079336166381836
1318564800,12.632750511169434,21.149137496948242
1318824000,12.572582244873047,20.92422103881836
1318910400,12.639935493469238,21.180160522460938
1318996800,11.932861328125,21.040557861328125
1319083200,11.833771705627441,20.970754623413086
1319169600,11.760726928710938,21.063819885253906
1319428800,12.146896362304688,21.08708953857422
1319515200,11.907414436340332,20.792373657226562
1319601600,11.992131233215332,20.62175750732422
1319688000,12.114568710327148,21.13361930847168
1319774400,12.122349739074707,20.92422103881836
1320033600,12.117257118225098,20.652782440185547
1320120000,11.8696928024292,20.156429290771484
1320206400,11.896642684936523,20.171939849853516
1320292800,12.066072463989258,20.575227737426758
1320379200,11.981355667114258,20.358078002929688
1320642000,11.966085433959961,20.784624099731445
1320728400,12.16066837310791,21.063819885253906
1320814800,11.83287525177002,20.319299697875977
1320901200,11.53172492980957,20.38134002685547
1320987600,11.513764381408691,20.869935989379883
1321246800,11.353309631347656,20.75360679626465
1321333200,11.639793395996094,20.894258499145508
1321419600,11.5182523727417,20.370725631713867
1321506000,11.297935485839844,19.956584930419922
1321592400,11.223990440368652,19.769054412841797
1321851600,11.04647445678711,19.534639358520508
1321938000,11.270991325378418,19.37055015563965
1322024400,10.986001968383789,19.120502471923828
1322197200,10.883625030517578,18.987667083740234
1322456400,11.25931453704834,19.433061599731445
1322542800,11.17190170288086,19.40962028503418
1322629200,11.441319465637207,19.987838745117188
1322715600,11.612848281860352,19.753433227539062
1322802000,11.66583251953125,19.7065486907959
1323061200,11.76491928100586,20.08161163330078
1323147600,11.703255653381348,20.050357818603516
1323234000,11.647574424743652,20.003467559814453
1323320400,11.694574356079102,19.84720230102539
1323406800,11.783182144165039,20.08161163330078
1323666000,11.729897499084473,19.93314552307129
1323752400,11.639190673828125,20.128494262695312
1323838800,11.381150245666504,19.995655059814453
1323925200,11.343729019165039,19.972211837768555
1324011600,11.405998229980469,20.31601905822754
1324270800,11.441618919372559,19.948774337768555
1324357200,11.852931022644043,20.33946990966797
1324443600,11.867899894714355,20.128494262695312
1324530000,11.930764198303223,20.167560577392578
1324616400,12.073857307434082,20.33946990966797
1324962000,12.169647216796875,20.347288131713867
1325048400,12.053197860717773,20.17538070678711
1325134800,12.12744140625,20.331661224365234
1325221200,12.123847961425781,20.284765243530273
1325566800,12.310346603393555,20.91769790649414
1325653200,12.376500129699707,21.40996551513672
1325739600,12.51390552520752,21.628753662109375
1325826000,12.64472484588623,21.964750289916992
1326085200,12.62466812133789,21.675634384155273
1326171600,12.669868469238281,21.7537784576416
1326258000,12.649212837219238,21.660009384155273
1326344400,12.614489555358887,21.87879753112793
1326430800,12.567192077636719,22.07414436340332
1326776400,12.71357536315918,22.08195686340332
1326862800,12.84559154510498,22.058513641357422
1326949200,12.804877281188965,21.972570419311523
1327035600,12.581856727600098,23.214962005615234
1327294800,12.794696807861328,23.230592727661133
1327381200,12.585152626037598,22.925859451293945
1327467600,13.37095832824707,23.09775733947754
1327554000,13.310190200805664,23.050880432128906
1327640400,13.389514923095703,22.839902877807617
1327899600,13.56104850769043,23.1368350982666
1327986000,13.664925575256348,23.074317932128906
1328072400,13.656242370605469,23.355623245239258
1328158800,13.624212265014648,23.40250015258789
1328245200,13.760714530944824,23.629104614257812
1328504400,13.889140129089355,23.59784698486328
1328590800,14.034631729125977,23.715051651000977
1328677200,14.269617080688477,23.957286834716797
1328763600,14.763254165649414,24.043235778808594
1328850000,14.770739555358887,23.83226203918457
1329109200,15.045547485351562,23.894777297973633
1329195600,15.250901222229004,23.792518615722656
1329282000,14.897957801818848,23.63521957397461
1329368400,15.0338716506958,24.610515594482422
1329454800,15.031173706054688,24.579055786132812
1329800400,15.412253379821777,24.728496551513672
1329886800,15.358076095581055,24.594789505004883
1329973200,15.458352088928223,24.673439025878906
1330059600,15.638566017150879,24.75995635986328
1330318800,15.738847732543945,24.65770721435547
1330405200,16.027729034423828,25.066696166992188
1330491600,16.238170623779297,24.964458465576172
1330578000,16.29894256591797,25.397050857543945
1330664400,16.3201961517334,25.231876373291016
1330923600,15.960371971130371,25.01165008544922
1331010000,15.873556137084961,24.82288360595703
1331096400,15.886427879333496,25.043107986450195
1331182800,16.224706649780273,25.176816940307617
1331269200,16.319900512695312,25.161083221435547
1331524800,16.52435302734375,25.20041847229004
1331611200,17.006322860717773,25.69593048095703
1331697600,17.649328231811523,25.774572372436523
1331784000,17.528989791870117,25.837491989135742
1331870400,17.529281616210938,25.640867233276367
1332129600,17.994178771972656,25.326257705688477
1332216000,18.13966941833496,25.161083221435547
1332302400,18.03609275817871,25.098167419433594
1332388800,17.94150161743164,25.16895294189453
1332475200,17.843002319335938,25.176816940307617
1332734400,18.170204162597656,25.633007049560547
1332820800,18.39472770690918,25.577951431274414
1332907200,18.48870849609375,25.318387985229492
1332993600,18.256420135498047,25.263336181640625
1333080000,17.947784423828125,25.37343978881836
1333339200,18.518957138061523,25.397050857543945
1333425600,18.83896255493164,25.121755599975586
1333512000,18.68898582458496,24.547592163085938
1333598400,18.969486236572266,24.791418075561523
1333944000,19.045818328857422,24.46107292175293
1334030400,18.812612533569336,23.965559005737305
1334116800,18.74557113647461,23.87117576599121
1334203200,18.64288330078125,24.36669158935547
1334289600,18.117816925048828,24.232982635498047
1334548800,17.366439819335938,24.445343017578125
1334635200,18.251628875732422,24.728496551513672
1334721600,18.210920333862305,24.492534637451172
1334808000,17.58526611328125,24.390287399291992
1334894400,17.15239715576172,25.499284744262695
1335153600,17.114078521728516,25.263336181640625
1335240000,16.77222442626953,25.10602569580078
1335326400,18.26061248779297,25.326257705688477
1335412800,18.191761016845703,25.255464553833008
1335499200,18.05105972290039,25.153213500976562
1335758400,17.481687545776367,25.184673309326172
1335844800,17.42630958557129,25.176816940307617
1335931200,17.541555404663086,25.01165008544922
1336017600,17.417030334472656,24.980186462402344
1336104000,16.92100715637207,24.36669158935547
1336363200,17.047618865966797,24.10713768005371
1336449600,17.008708953857422,23.98916244506836
1336536000,17.03864288330078,24.193655014038086
1336622400,17.07876205444336,24.177927017211914
1336708800,16.964712142944336,24.508258819580078
1336968000,16.710552215576172,24.1307315826416
1337054400,16.55937957763672,23.91697120666504
1337140800,16.34713363647461,23.671550750732422
1337227200,15.869365692138672,23.529041290283203
1337313600,15.877150535583496,23.172788619995117
1337572800,16.802154541015625,23.55279541015625
1337659200,16.673131942749023,23.560714721679688
1337745600,17.0799617767334,23.046117782592773
1337832000,16.923091888427734,23.014446258544922
1337918400,16.8323917388916,23.006528854370117
1338264000,17.131145477294922,23.40237045288086
1338350400,17.337696075439453,23.228208541870117
1338436800,17.294591903686523,23.109451293945312
1338523200,16.793472290039062,22.523603439331055
1338782400,16.89225959777832,22.60276985168457
1338868800,16.848556518554688,22.57110023498535
1338955200,17.106903076171875,23.236116409301758
1339041600,17.11467933654785,23.14112091064453
1339128000,17.372121810913086,23.473630905151367
1339387200,17.098220825195312,22.879858016967773
1339473600,17.247600555419922,23.188617706298828
1339560000,17.127853393554688,23.061948776245117
1339646400,17.108991622924805,23.228208541870117
1339732800,17.186830520629883,23.766555786132812
1339992000,17.535572052001953,23.62405014038086
1340078400,17.584369659423828,24.30490493774414
1340164800,17.534378051757812,24.48699378967285
1340251200,17.29279899597168,23.861557006835938
1340337600,17.425411224365234,24.30490493774414
1340596800,17.086246490478516,23.64780044555664
1340683200,17.12397003173828,23.766555786132812
1340769600,17.197900772094727,23.885313034057617
1340856000,17.034759521484375,23.679468154907227
1340942400,17.482282638549805,24.217819213867188
1341201600,17.73734474182129,24.194068908691406
1341288000,17.94359016418457,24.352405548095703
1341460800,18.258811950683594,24.30490493774414
1341547200,18.13727378845215,23.90114402770996
1341806400,18.377059936523438,23.75072479248047
1341892800,18.207019805908203,23.54487419128418
1341979200,18.0938663482666,23.196537017822266
1342065600,17.928327560424805,22.66610336303711
1342152000,18.11003875732422,23.267789840698242
1342411200,18.16811180114746,23.307376861572266
1342497600,18.16900634765625,23.481542587280273
1342584000,18.148658752441406,24.10698127746582
1342670400,18.38993263244629,24.281152725219727
1342756800,18.089982986450195,23.845726013183594
1343016000,18.07590675354004,23.180709838867188
1343102400,17.988798141479492,23.077791213989258
1343188800,17.21196937561035,22.82444190979004
1343275200,17.209287643432617,23.08570098876953
1343361600,17.517009735107422,23.560714721679688
1343620800,17.81247901916504,23.46570587158203
1343707200,18.283369064331055,23.33112335205078
1343793600,18.165111541748047,23.283620834350586
1343880000,18.194456100463867,23.109451293945312
1343966400,18.431241989135742,23.55279541015625
1344225600,18.63629913330078,23.711135864257812
1344312000,18.58720588684082,23.956558227539062
1344398400,18.555774688720703,24.011981964111328
1344484800,18.661598205566406,24.14657211303711
1344571200,18.690753936767578,24.083236694335938
1344830400,18.940292358398438,24.059486389160156
1344916800,18.991092681884766,24.011659622192383
1345003200,18.965238571166992,24.067453384399414
1345089600,19.130895614624023,24.529672622680664
1345176000,19.48474884033203,24.62530517578125
1345435200,19.997039794921875,24.49779510498047
1345521600,19.723756790161133,24.545612335205078
1345608000,20.10887908935547,24.338403701782227
1345694400,19.92127799987793,24.11526107788086
1345780800,19.93901252746582,24.35434341430664
1346040000,20.313615798950195,24.45794677734375
1346126400,20.28715705871582,24.410133361816406
1346212800,20.24717140197754,24.42606544494629
1346299200,19.95856285095215,24.163082122802734
1346385600,19.999740600585938,24.561553955078125
1346731200,20.292272567749023,24.218868255615234
1346817600,20.149765014648438,24.218868255615234
1346904000,20.331348419189453,24.983919143676758
1346990400,20.45672035217285,24.665149688720703
1347249600,19.924579620361328,24.481857299804688
1347336000,19.85995101928711,24.537647247314453
1347422400,20.136539459228516,24.529672622680664
1347508800,20.53307342529297,24.65717887878418
1347595200,20.782602310180664,24.872350692749023
1347854400,21.038156509399414,24.872350692749023
1347940800,21.102197647094727,24.84844398498535
1348027200,21.107900619506836,24.74484634399414
1348113600,21.005685806274414,25.06361961364746
1348200000,21.047468185424805,24.856416702270508
1348459200,20.767881393432617,24.529672622680664
1348545600,20.24927520751953,24.218868255615234
1348632000,19.997941970825195,24.043542861938477
1348718400,20.483171463012695,24.035572052001953
1348804800,20.0556640625,23.716798782348633
1349064000,19.823869705200195,23.501630783081055
1349150400,19.881595611572266,23.637102127075195
1349236800,20.186439514160156,23.796485900878906
1349323200,20.04664421081543,23.931974411010742
1349409600,19.619428634643555,23.788524627685547
1349668800,19.185914993286133,23.732742309570312
1349755200,19.11616325378418,23.334272384643555
1349841600,19.268291473388672,23.09518814086914
1349928000,18.88317108154297,23.071279525756836
1350014400,18.93156623840332,23.270511627197266
1350273600,19.083389282226562,23.517562866210938
1350360000,19.53525161743164,23.501630783081055
1350446400,19.379520416259766,23.58131980895996
1350532800,19.019664764404297,23.509593963623047
1350619200,18.334199905395508,22.824228286743164
1350878400,19.06144142150879,22.314193725585938
1350964800,18.440032958984375,22.354032516479492
1351051200,18.544343948364258,22.234498977661133
1351137600,18.32518768310547,22.218557357788086
1351224000,18.158632278442383,22.481538772583008
1351656000,17.897672653198242,22.744539260864258
1351742400,17.934350967407227,23.525531768798828
1351828800,17.34088897705078,23.509593963623047
1352091600,17.575986862182617,23.61319351196289
1352178000,17.522777557373047,23.796485900878906
1352264400,16.852312088012695,23.174884796142578
1352350800,16.240724563598633,22.959707260131836
1352437200,16.52190589904785,22.975643157958984
1352696400,16.394153594970703,22.489521026611328
1352782800,16.396272659301758,21.766372680664062
1352869200,16.214460372924805,21.565509796142578
1352955600,15.874391555786133,21.42087745666504
1353042000,15.936612129211426,21.308391571044922
1353301200,17.085763931274414,21.477123260498047
1353387600,16.940189361572266,21.4610595703125
1353474000,16.96405792236328,21.65389633178711
1353646800,17.260026931762695,22.25650978088379
1353906000,17.80455780029297,22.007421493530273
1353992400,17.66109848022461,21.758350372314453
1354078800,17.605527877807617,21.983325958251953
1354165200,17.799419403076172,21.65389633178711
1354251600,17.676193237304688,21.38874626159668
1354510800,17.703678131103516,21.236087799072266
1354597200,17.391403198242188,21.187868118286133
1354683600,16.272140502929688,21.428916931152344
1354770000,16.52734375,21.477123260498047
1354856400,16.10482406616211,21.260183334350586
1355115600,16.001235961914062,21.64586067199707
1355202000,16.350658416748047,21.951189041137695
1355288400,16.278484344482422,21.88690185546875
1355374800,15.997306823730469,21.782451629638672
1355461200,15.39630126953125,21.54140281677246
1355720400,15.66932487487793,21.7744140625
1355806800,16.124454498291016,22.144014358520508
1355893200,15.895235061645508,21.943145751953125
1355979600,15.756901741027832,22.240440368652344
1356066000,15.684423446655273,22.05562973022461
1356325200,15.709796905517578,21.742277145385742
1356498000,15.49325180053711,21.58157730102539
1356584400,15.555462837219238,21.661928176879883
1356670800,15.390263557434082,21.332496643066406
1356930000,16.07221221923828,21.4610595703125
1357102800,16.581405639648438,22.192224502563477
1357189200,16.37211036682129,21.894941329956055
1357275600,15.916069984436035,21.485164642333984
1357534800,15.82243824005127,21.44498062133789
1357621200,15.86502456665039,21.332496643066406
1357707600,15.617073059082031,21.45301628112793
1357794000,15.810660362243652,21.260183334350586
1357880400,15.713715553283691,21.55747413635254
1358139600,15.153487205505371,21.605682373046875
1358226000,14.675400733947754,21.862796783447266
1358312400,15.284557342529297,21.72620964050293
1358398800,15.1815767288208,21.894941329956055
1358485200,15.100639343261719,21.894941329956055
1358830800,15.244690895080566,21.814592361450195
1358917200,15.523757934570312,22.184188842773438
1359003600,13.605668067932129,22.20026397705078
1359090000,13.284936904907227,22.4011287689209
1359349200,13.58543586730957,22.425233840942383
1359435600,13.840336799621582,22.50558853149414
1359522000,13.796844482421875,22.37703514099121
1359608400,13.756375312805176,22.05562973022461
1359694800,13.699897766113281,22.441307067871094
1359954000,13.358627319335938,22.04759979248047
1360040400,13.827349662780762,22.09581184387207
1360126800,13.81254768371582,21.967252731323242
1360213200,14.223255157470703,21.919044494628906
1360299600,14.42860221862793,22.135988235473633
1360558800,14.57896614074707,22.38506317138672
1360645200,14.21352767944336,22.4011287689209
1360731600,14.186493873596191,22.521657943725586
1360818000,14.173731803894043,22.529693603515625
1360904400,13.978410720825195,22.50558853149414
1361250000,13.973241806030273,22.724319458007812
1361336400,13.634843826293945,22.578500747680664
1361422800,13.550090789794922,22.270645141601562
1361509200,13.69438362121582,22.4893856048584
1361768400,13.45106315612793,22.173437118530273
1361854800,13.6384916305542,22.173437118530273
1361941200,13.504831314086914,22.529888153076172
1362027600,13.40853214263916,22.521787643432617
1362114000,13.076508522033691,22.643312454223633
1362373200,12.759977340698242,22.80533790588379
1362459600,13.096861839294434,22.96735954284668
1362546000,12.930394172668457,22.75673484802246
1362632400,13.079851150512695,22.7972354888916
1362718800,13.11447811126709,22.68381690979004
1362974400,13.301301002502441,22.578500747680664
1363060800,13.014542579650879,22.61090087890625
1363147200,13.01210880279541,22.61900520324707
1363233600,13.138177871704102,22.7972354888916
1363320000,13.47718620300293,22.716224670410156
1363579200,13.843537330627441,22.76483154296875
1363665600,13.806169509887695,22.82963752746582
1363752000,13.732962608337402,22.94305992126465
1363838400,13.752708435058594,22.77293586730957
1363924800,14.031571388244629,22.886350631713867
1364184000,14.082300186157227,22.813438415527344
1364270400,14.0081787109375,22.813438415527344
1364356800,13.732962608337402,22.98356819152832
1364443200,13.446807861328125,23.177997589111328
1364788800,13.029122352600098,23.177997589111328
1364875200,13.055853843688965,23.331920623779297
1364961600,13.122681617736816,23.137483596801758
1365048000,12.99297046661377,23.169902801513672
1365134400,12.855669021606445,23.25090980529785
1365393600,12.947104454040527,23.16179847717285
1365480000,12.970492362976074,23.988140106201172
1365566400,13.23508071899414,24.530927658081055
1365652800,13.193765640258789,23.445343017578125
1365739200,13.056157112121582,23.323822021484375
1365998400,12.753902435302734,23.242813110351562
1366084800,12.948012351989746,23.469648361206055
1366171200,12.235967636108398,23.356229782104492
1366257600,11.909411430358887,23.323822021484375
1366344000,11.863241195678711,24.11775016784668
1366603200,12.110514640808105,24.976505279541016
1366689600,12.337125778198242,24.79016876220703
1366776000,12.316773414611816,25.729928970336914
1366862400,12.405476570129395,25.875757217407227
1366948800,12.673401832580566,25.75423812866211
1367208000,13.065877914428711,26.41854476928711
1367294400,13.45044994354248,26.815507888793945
1367380800,13.344437599182129,26.507665634155273
1367467200,13.533684730529785,26.86412811279297
1367553600,13.669172286987305,27.1314640045166
1367812800,13.9951171875,27.342105865478516
1367899200,13.932847023010254,26.98563575744629
1367985600,14.090200424194336,26.726398468017578
1368072000,13.967268943786621,26.459054946899414
1368158400,13.85107707977295,26.48335075378418
1368417600,13.90519905090332,26.7587947845459
1368504000,13.572510719299316,27.35434913635254
1368590400,13.113527297973633,27.615415573120117
1368676800,13.288741111755371,27.80304527282715
1368763200,13.24837875366211,28.447540283203125
1369022400,13.54407024383545,28.618871688842773
1369108800,13.444076538085938,28.431222915649414
1369195200,13.495756149291992,28.235435485839844
1369281600,13.519912719726562,27.860158920288086
1369368000,13.611955642700195,27.958040237426758
1369713600,13.49851131439209,28.56991195678711
1369800000,13.605836868286133,28.45570945739746
1369886400,13.808577537536621,28.578083038330078
1369972800,13.752004623413086,28.47201919555664
1370232000,13.782273292541504,29.034931182861328
1370318400,13.739155769348145,28.54544448852539
1370404800,13.610730171203613,28.374122619628906
1370491200,13.407384872436523,28.520963668823242
1370577600,13.509824752807617,29.10020637512207
1370836800,13.420533180236816,28.937034606933594
1370923200,13.381089210510254,28.423070907592773
1371009600,13.215656280517578,28.553598403930664
1371096000,13.330937385559082,28.325172424316406
1371182400,13.150221824645996,28.064105987548828
1371441600,13.209845542907715,28.553598403930664
1371528000,13.2028169631958,28.537290573120117
1371614400,12.934642791748047,28.219114303588867
1371700800,12.746280670166016,27.32171630859375
1371787200,12.644150733947754,27.142236709594727
1372046400,12.30901050567627,27.509357452392578
1372132800,12.311765670776367,27.46856689453125
1372219200,12.172325134277344,28.023317337036133
1372305600,12.04114055633545,28.24358558654785
1372392000,12.125235557556152,28.1783390045166
1372651200,12.513272285461426,28.031475067138672
1372737600,12.796732902526855,27.6888370513916
1372824000,12.86737060546875,27.74594497680664
1372996800,12.764018058776855,27.909093856811523
1373256000,12.691542625427246,28.00701141357422
1373342400,12.914770126342773,28.023317337036133
1373428800,12.865228652954102,28.308856964111328
1373515200,13.065823554992676,29.11651611328125
1373601600,13.041972160339355,29.10020637512207
1373860800,13.070408821105957,29.508106231689453
1373947200,13.154805183410645,29.589689254760742
1374033600,13.158170700073242,29.157304763793945
1374120000,13.202512741088867,28.912553787231445
1374206400,12.994272232055664,25.616661071777344
1374465600,13.035858154296875,26.11429786682129
1374552000,12.812024116516113,25.959300994873047
1374638400,13.470069885253906,26.07352066040039
1374724800,13.408611297607422,25.60849380493164
1374811200,13.484749794006348,25.7961368560791
1375070400,13.692681312561035,25.730873107910156
1375156800,13.861778259277344,25.983781814575195
1375243200,13.837621688842773,25.975618362426758
1375329600,13.964521408081055,25.836929321289062
1375416000,14.143712997436523,26.01641082763672
1375675200,14.35500717163086,25.861398696899414
1375761600,14.226583480834961,25.763504028320312
1375848000,14.218323707580566,26.15509605407715
1375934400,14.190006256103516,26.832229614257812
1376020800,13.988086700439453,26.67721939086914
1376280000,14.385461807250977,26.815908432006836
1376366400,15.069085121154785,26.479068756103516
1376452800,15.343961715698242,26.577659606933594
1376539200,15.325797080993652,26.117582321166992
1376625600,15.461849212646484,26.12579345703125
1376884800,15.628368377685547,25.7889461517334
1376971200,15.423065185546875,25.9779109954834
1377057600,15.462773323059082,25.969701766967773
1377144000,15.481236457824707,26.610517501831055
1377230400,15.421525001525879,28.549415588378906
1377489600,15.481549263000488,28.05647850036621
1377576000,15.038923263549805,27.325284957885742
1377662400,15.110031127929688,27.128108978271484
1377748800,15.134650230407715,27.563533782958984
1377835200,14.996760368347168,27.4403076171875
1378180800,15.038614273071289,26.1915225982666
1378267200,15.349800109863281,25.632862091064453
1378353600,15.24453067779541,25.657501220703125
1378440000,15.335332870483398,25.591781616210938
1378699200,15.580037117004395,26.010774612426758
1378785600,15.225144386291504,26.610517501831055
1378872000,14.396234512329102,26.8980655670166
1378958400,14.549521446228027,26.85698699951172
1379044800,14.309737205505371,27.136314392089844
1379304000,13.854808807373047,26.947351455688477
1379390400,14.014866828918457,27.054170608520508
1379476800,14.30296516418457,27.37457847595215
1379563200,14.53751277923584,27.637481689453125
1379649600,14.38700008392334,26.939149856567383
1379908800,15.102027893066406,26.8980655670166
1379995200,15.054619789123535,26.659807205200195
1380081600,14.821619987487793,26.709110260009766
1380168000,14.96597671508789,26.92270851135254
1380254400,14.859162330627441,27.33349609375
1380513600,14.674483299255371,27.341711044311523
1380600000,15.019532203674316,27.58818244934082
1380686400,15.068782806396484,27.86750602722168
1380772800,14.879480361938477,27.818220138549805
1380859200,14.867786407470703,27.83465576171875
1381118400,15.013065338134766,27.358150482177734
1381204800,14.803458213806152,27.11988067626953
1381291200,14.977362632751465,27.169178009033203
1381377600,15.071245193481445,27.73605728149414
1381464000,15.16882038116455,28.04004669189453
1381723200,15.268238067626953,28.30295181274414
1381809600,15.349495887756348,28.335813522338867
1381896000,15.424291610717773,28.459030151367188
1381982400,15.528645515441895,28.689075469970703
1382068800,15.663759231567383,28.721939086914062
1382328000,16.04759407043457,28.746593475341797
1382414400,16.00173568725586,28.409748077392578
1382500800,16.158405303955078,27.73605728149414
1382587200,16.372325897216797,27.703205108642578
1382673600,16.189186096191406,29.354541778564453
1382932800,16.309837341308594,29.22309684753418
1383019200,15.90353775024414,29.182022094726562
1383105600,16.156553268432617,29.198453903198242
1383192000,16.088842391967773,29.091642379760742
1383278400,16.006654739379883,29.190250396728516
1383541200,16.213502883911133,29.52706527709961
1383627600,16.173480987548828,30.1021671295166
1383714000,16.127666473388672,31.367387771606445
1383800400,15.86667251586914,30.80870819091797
1383886800,16.116512298583984,31.038755416870117
1384146000,16.069774627685547,30.882665634155273
1384232400,16.099489212036133,30.69369888305664
1384318800,16.118684768676758,31.35095977783203
1384405200,16.351810455322266,31.235939025878906
1384491600,16.253677368164062,31.088050842285156
1384750800,16.056764602661133,30.56224250793457
1384837200,16.08524513244629,30.41324234008789
1384923600,15.94438362121582,30.69470977783203
1385010000,16.13448143005371,30.9595947265625
1385096400,16.09299659729004,31.100318908691406
1385355600,16.2149715423584,31.158262252807617
1385442000,16.514041900634766,30.918197631835938
1385528400,16.902904510498047,31.125146865844727
1385701200,17.215900421142578,31.563888549804688
1385960400,17.066057205200195,31.82878875732422
1386046800,17.533246994018555,31.712890625
1386133200,17.492382049560547,32.234405517578125
1386219600,17.582164764404297,31.456268310546875
1386306000,17.33819580078125,31.754274368286133
1386565200,17.53665542602539,32.04401397705078
1386651600,17.509408950805664,31.547327041625977
1386738000,17.37968635559082,31.13343620300293
1386824400,17.354299545288086,30.810585021972656
1386910800,17.165138244628906,30.37185287475586
1387170000,17.260181427001953,30.53741455078125
1387256400,17.18247413635254,30.231130599975586
1387342800,17.051828384399414,30.28080177307129
1387429200,16.856462478637695,30.00762367248535
1387515600,16.997638702392578,30.46291732788086
1387774800,17.649959564208984,30.313915252685547
1387861200,17.575044631958008,30.69470977783203
1388034000,17.458322525024414,30.992698669433594
1388120400,17.34036636352539,30.868541717529297
1388379600,17.16791343688965,30.868541717529297
1388466000,17.369157791137695,30.967864990234375
1388638800,17.124889373779297,30.76093101501465
1388725200,16.74871826171875,30.553972244262695
1388984400,16.84005355834961,29.908294677734375
1389070800,16.719621658325195,30.14007568359375
1389157200,16.82549476623535,29.60200309753418
1389243600,16.610637664794922,29.411623001098633
1389330000,16.499805450439453,29.833784103393555
1389589200,16.586179733276367,28.95632553100586
1389675600,16.916217803955078,29.61856460571289
1389762000,17.25585174560547,30.429805755615234
1389848400,17.159563064575195,30.53741455078125
1389934800,16.739120483398438,30.115236282348633
1390280400,16.999189376831055,29.941408157348633
1390366800,17.07473373413086,29.742733001708984
1390453200,17.21931266784668,29.8503475189209
1390539600,16.906307220458984,30.47120475769043
1390798800,17.043455123901367,29.825515747070312
1390885200,15.681227684020996,30.02417755126953
1390971600,15.503201484680176,30.34702491760254
1391058000,15.473169326782227,30.512590408325195
1391144400,15.498558044433594,31.32381248474121
1391403600,15.527352333068848,30.19801902770996
1391490000,15.752120018005371,30.09040641784668
1391576400,15.869768142700195,29.651674270629883
1391662800,15.962274551391602,29.949691772460938
1391749200,16.18558120727539,30.26424789428711
1392008400,16.475543975830078,30.46291732788086
1392094800,16.692630767822266,30.769193649291992
1392181200,16.69137954711914,31.017547607421875
1392267600,16.956422805786133,31.13343620300293
1392354000,16.942716598510742,31.141712188720703
1392699600,17.005016326904297,31.20842933654785
1392786000,16.736543655395508,31.283496856689453
1392872400,16.542821884155273,31.48365020751953
1392958800,16.35906219482422,31.67546272277832
1393218000,16.430694580078125,31.433616638183594
1393304400,16.25970458984375,31.308500289916992
1393390800,16.113008499145508,31.250131607055664
1393477200,16.434432983398438,31.57538414001465
1393563600,16.389890670776367,31.950693130493164
1393822800,16.437231063842773,31.508676528930664
1393909200,16.545621871948242,32.03409957885742
1393995600,16.58050537109375,31.783897399902344
1394082000,16.530353546142578,31.817258834838867
1394168400,16.52070426940918,31.6087646484375
1394424000,16.535654067993164,31.542016983032227
1394510400,16.696674346923828,31.708820343017578
1394596800,16.712865829467773,31.917327880859375
1394683200,16.527244567871094,31.600404739379883
1394769600,16.341615676879883,31.44194221496582
1395028800,16.40546226501465,31.73385238647461
1395115200,16.55060577392578,32.98484802246094
1395201600,16.54624366760254,32.751346588134766
1395288000,16.466514587402344,33.6353759765625
1395374400,16.59638786315918,33.49359893798828
1395633600,16.79322624206543,33.777156829833984
1395720000,16.97386932373047,33.643707275390625
1395806400,16.811599731445312,33.185020446777344
1395892800,16.73934555053711,32.826385498046875
1395979200,16.72065544128418,33.61035919189453
1396238400,16.716917037963867,34.185821533203125
1396324800,16.869842529296875,34.5444450378418
1396411200,16.89787483215332,34.486061096191406
1396497600,16.7807674407959,34.20249557495117
1396584000,16.56368064880371,33.25172805786133
1396843200,16.303627014160156,33.19336700439453
1396929600,16.302690505981445,33.21002960205078
1397016000,16.516963958740234,33.75213623046875
1397102400,16.303930282592773,32.826385498046875
1397188800,16.18340301513672,32.7012939453125
1397448000,16.247873306274414,32.67627716064453
1397534400,16.132009506225586,33.15166473388672
1397620800,16.164716720581055,33.69375991821289
1397707200,16.349407196044922,33.36850357055664
1398052800,16.543437957763672,33.31011962890625
1398139200,16.559951782226562,33.3518180847168
1398225600,16.34349250793457,33.101619720458984
1398312000,17.68336296081543,33.243412017822266
1398398400,17.813234329223633,33.28510665893555
1398657600,18.50309944152832,34.08574295043945
1398744000,18.448287963867188,33.78550720214844
1398830400,18.378524780273438,33.69375991821289
1398916800,18.42180633544922,33.36015701293945
1399003200,18.456071853637695,33.101619720458984
1399262400,18.71707534790039,32.88478469848633
1399348800,18.513065338134766,32.576194763183594
1399435200,18.448287963867188,32.87642288208008
1399521600,18.415403366088867,33.059906005859375
1399608000,18.338674545288086,32.976524353027344
1399867200,18.566987991333008,33.335147857666016
1399953600,18.596113204956055,33.9482536315918
1400040000,18.59954833984375,33.797080993652344
1400126400,18.441394805908203,33.259544372558594
1400212800,18.713563919067383,33.45271682739258
1400472000,18.935304641723633,33.38553237915039
1400558400,18.939058303833008,33.32674789428711
1400644800,18.989171981811523,33.889461517333984
1400731200,19.019235610961914,33.67949676513672
1400817600,19.234085083007812,33.6963005065918
1401163200,19.594266891479492,33.75508499145508
1401249600,19.543516159057617,33.60390853881836
1401336000,19.899629592895508,33.881065368652344
1401422400,19.825084686279297,34.3849983215332
1401681600,19.688844680786133,34.25899887084961
1401768000,19.96727752685547,33.83907699584961
1401854400,20.195270538330078,33.86426544189453
1401940800,20.274511337280273,34.61177062988281
1402027200,20.21876335144043,34.838531494140625
1402286400,20.54229164123535,34.662147521972656
1402372800,20.66287612915039,34.52778625488281
1402459200,20.577373504638672,34.317813873291016
1402545600,20.233171463012695,34.082645416259766
1402632000,20.011741638183594,34.62855911254883
1402891200,20.213436126708984,34.8553352355957
1402977600,20.187135696411133,35.00651931762695
1403064000,20.20905876159668,34.9813117980957
1403150400,20.13890266418457,34.863731384277344
1403236800,19.93062400817871,35.00651931762695
1403496000,19.913087844848633,35.266876220703125
1403582400,19.792509078979492,35.065311431884766
1403668800,19.810049057006836,35.300479888916016
1403755200,19.92843246459961,35.04010772705078
1403841600,20.165210723876953,35.48524856567383
1404100800,20.37347984313965,35.023311614990234
1404187200,20.502822875976562,35.16609191894531
1404273600,20.494064331054688,35.1912956237793
1404360000,20.614635467529297,35.10731506347656
1404705600,21.039953231811523,35.266876220703125
1404792000,20.904029846191406,35.09049987792969
1404878400,20.912797927856445,34.998104095458984
1404964800,20.8360652923584,35.01491928100586
1405051200,20.875530242919922,35.35087966918945
1405310400,21.145183563232422,35.392860412597656
1405396800,20.89745330810547,35.65322494506836
1405483200,20.77906608581543,37.02224349975586
1405569600,20.40855598449707,37.40020751953125
1405656000,20.702333450317383,37.53457260131836
1405915200,20.594905853271484,37.66055679321289
1406001600,20.76590919494629,37.65216064453125
1406088000,21.307416915893555,37.68577575683594
1406174400,21.272342681884766,37.291019439697266
1406260800,21.41265106201172,37.37499237060547
1406520000,21.7086181640625,36.92986297607422
1406606400,21.56830406188965,36.862674713134766
1406692800,21.51788902282715,36.60230255126953
1406779200,20.958831787109375,36.249542236328125
1406865600,21.075031280517578,35.99759292602539
1407124800,20.956653594970703,36.42593002319336
1407211200,20.85359764099121,36.18235778808594
1407297600,20.818525314331055,35.89678192138672
1407384000,20.81632423400879,36.308349609375
1407470400,20.873605728149414,36.28314971923828
1407729600,21.149015426635742,36.28314971923828
1407816000,21.144611358642578,36.551910400390625
1407902400,21.424421310424805,37.02224349975586
1407988800,21.48171615600586,37.18182373046875
1408075200,21.587465286254883,37.618568420410156
1408334400,21.84744644165039,37.88734436035156
1408420800,22.14929962158203,38.30988693237305
1408507200,22.15810203552246,37.98875045776367
1408593600,22.160310745239258,38.21694564819336
1408680000,22.32334327697754,38.157779693603516
1408939200,22.371816635131836,38.17466354370117
1409025600,22.228605270385742,38.03945541381836
1409112000,22.501813888549805,37.921138763427734
1409198400,22.52824592590332,37.9295768737793
1409284800,22.583337783813477,38.394405364990234
1409630400,22.75959014892578,38.10706329345703
1409716800,21.79897689819336,37.99720001220703
1409803200,21.61831283569336,38.25074005126953
1409889600,21.80558967590332,38.8000602722168
1410148800,21.67119026184082,39.27335739135742
1410235200,21.58966064453125,39.5184326171875
1410321600,22.25284767150879,39.5860481262207
1410408000,22.347585678100586,39.72126770019531
1410494400,22.398256301879883,39.467742919921875
1410753600,22.391645431518555,39.07898712158203
1410840000,22.222003936767578,39.5184326171875
1410926400,22.380632400512695,39.31559753417969
1411012800,22.426904678344727,39.45083999633789
1411099200,22.244035720825195,40.160736083984375
1411358400,22.266061782836914,39.77197265625
1411444800,22.61417579650879,39.34941864013672
1411531200,22.418087005615234,39.788883209228516
1411617600,21.5632266998291,38.909942626953125
1411704000,22.197763442993164,39.222633361816406
1411963200,22.056753158569336,39.24799346923828
1412049600,22.197763442993164,39.18038558959961
1412136000,21.85185432434082,38.7916145324707
1412222400,22.010482788085938,38.67329788208008
1412308800,21.948795318603516,38.95219802856445
1412568000,21.948795318603516,38.95219802856445
1412654400,21.757108688354492,38.47892761230469
1412740800,22.208784103393555,39.53533172607422
1412827200,22.25725746154785,38.749359130859375
1412913600,22.19335174560547,37.21122360229492
1413172800,21.990652084350586,36.89007568359375
1413259200,21.757108688354492,36.95769119262695
1413345600,21.49051856994629,36.52666473388672
1413432000,21.208499908447266,36.12098693847656
1413518400,21.519161224365234,36.8731689453125
1413777600,21.979646682739258,37.25348663330078
1413864000,22.576719284057617,37.9295768737793
1413950400,22.69129180908203,37.507015228271484
1414036800,23.096691131591797,38.04790115356445
1414123200,23.1826171875,38.98599624633789
1414382400,23.158382415771484,38.8000602722168
1414468800,23.51750946044922,39.290260314941406
1414555200,23.649700164794922,39.400115966796875
1414641600,23.570390701293945,38.91840362548828
1414728000,23.795122146606445,39.67900466918945
1414990800,24.10357093811035,40.09312438964844
1415077200,23.92731285095215,40.20299530029297
1415163600,23.984600067138672,40.44807815551758
1415250000,24.053199768066406,41.15799331665039
1415336400,24.121795654296875,41.14107894897461
1415595600,24.08196449279785,41.318572998046875
1415682000,24.27447509765625,41.30167007446289
1415768400,24.617462158203125,41.225608825683594
1415854800,24.964874267578125,41.92707824707031
1415941200,25.265817642211914,41.90171432495117
1416200400,25.223773956298828,41.80029296875
1416286800,25.55126953125,41.45161056518555
1416373200,25.374235153198242,41.00938034057617
1416459600,25.737140655517578,41.41759490966797
1416546000,25.772546768188477,40.805240631103516
1416805200,26.250507354736328,40.47357177734375
1416891600,26.02259063720703,40.37152099609375
1416978000,26.332386016845703,40.609649658203125
1417150800,26.316896438598633,40.660682678222656
1417410000,25.462757110595703,41.349552154541016
1417496400,25.36539077758789,41.21348190307617
1417582800,25.653057098388672,40.89030075073242
1417669200,25.555688858032227,41.53665542602539
1417755600,25.4472599029541,41.17945861816406
1418014800,24.871931076049805,40.56713104248047
1418101200,25.252538681030273,40.47357177734375
1418187600,24.772361755371094,39.88674545288086
1418274000,24.699331283569336,40.11637496948242
1418360400,24.28111457824707,39.92927551269531
1418619600,23.949199676513672,39.69114685058594
1418706000,23.621700286865234,38.406944274902344
1418792400,24.21031951904297,38.90021514892578
1418878800,24.92725372314453,40.41404724121094
1418965200,24.734743118286133,40.533111572265625
1419224400,24.991424560546875,40.805240631103516
1419310800,24.902915954589844,41.20497131347656
1419397200,24.785634994506836,40.94132995605469
1419570000,25.223773956298828,40.720218658447266
1419829200,25.206073760986328,40.35451126098633
1419915600,24.898481369018555,39.98881149291992
1420002000,24.424951553344727,39.504032135009766
1420174800,24.192604064941406,39.767677307128906
1420434000,23.511058807373047,39.40199279785156
1420520400,23.513273239135742,38.82367706298828
1420606800,23.842981338500977,39.31694030761719
1420693200,24.759082794189453,40.47357177734375
1420779600,24.785634994506836,40.13337326049805
1421038800,24.174898147583008,39.631595611572266
1421125200,24.389543533325195,39.42750549316406
1421211600,24.29660987854004,39.087318420410156
1421298000,23.637191772460938,38.67910385131836
1421384400,23.45352554321289,39.32545471191406
1421730000,24.0576229095459,39.45302200317383
1421816400,24.241291046142578,39.05330276489258
1421902800,24.871931076049805,40.08235549926758
1421989200,25.000282287597656,40.1248893737793
1422248400,25.026836395263672,39.98029708862305
1422334800,24.150554656982422,36.280792236328125
1422421200,25.515859603881836,35.03059387207031
1422507600,26.310260772705078,35.72798156738281
1422594000,25.925228118896484,34.358741760253906
1422853200,26.250507354736328,35.107154846191406
1422939600,26.254941940307617,35.379295349121094
1423026000,26.456302642822266,35.583412170410156
1423112400,26.645137786865234,36.10218811035156
1423198800,26.420757293701172,36.068172454833984
1423458000,26.596261978149414,36.02565383911133
1423544400,27.107215881347656,36.22975540161133
1423630800,27.74258041381836,36.04266357421875
1423717200,28.09358024597168,36.646484375
1423803600,28.23130989074707,37.30982971191406
1424149200,28.39792823791504,37.32698440551758
1424235600,28.595643997192383,37.284141540527344
1424322000,28.535663604736328,37.25845718383789
1424408400,28.768924713134766,37.566795349121094
1424667600,29.54646110534668,37.8151969909668
1424754000,29.36208152770996,37.76380157470703
1424840400,28.611190795898438,37.678138732910156
1424926800,28.973308563232422,37.738094329833984
1425013200,28.537883758544922,37.558231353759766
1425272400,28.67784309387207,37.58393478393555
1425358800,28.737821578979492,37.07002639770508
1425445200,28.55565643310547,36.881595611572266
1425531600,28.08247184753418,36.92441940307617
1425618000,28.12467384338379,36.28203201293945
1425873600,28.244646072387695,36.701725006103516
1425960000,27.660381317138672,35.999385833740234
1426046400,27.15609359741211,35.95655822753906
1426132800,27.647048950195312,35.1342887878418
1426219200,27.455995559692383,35.44264602661133
1426478400,27.758127212524414,35.596805572509766
1426564800,28.222429275512695,35.71673583984375
1426651200,28.54010581970215,36.40193557739258
1426737600,28.324615478515625,36.222068786621094
1426824000,27.96916961669922,36.7274169921875
1427083200,28.260194778442383,36.710289001464844
1427169600,28.144668579101562,36.74453353881836
1427256000,27.409345626831055,35.51115798950195
1427342400,27.600399017333984,35.29703140258789
1427428800,27.38046646118164,35.091468811035156
1427688000,28.073583602905273,35.082908630371094
1427774400,27.642608642578125,34.825950622558594
1427860800,27.602617263793945,34.87734603881836
1427947200,27.840322494506836,34.50904083251953
1428292800,28.291292190551758,35.588253021240234
1428379200,27.99361228942871,35.57111358642578
1428465600,27.902523040771484,35.47690200805664
1428552000,28.115787506103516,35.528297424316406
1428638400,28.235759735107422,35.733856201171875
1428897600,28.18021583557129,35.76811981201172
1428984000,28.05803108215332,35.673892974853516
1429070400,28.1646671295166,36.196372985839844
1429156800,28.029155731201172,36.1107177734375
1429243200,27.713693618774414,35.64820861816406
1429502400,28.346832275390625,36.75311279296875
1429588800,28.193552017211914,36.521846771240234
1429675200,28.57343101501465,36.821632385253906
1429761600,28.806692123413086,37.12141799926758
1429848000,28.942209243774414,41.00143051147461
1430107200,29.468708038330078,41.13848114013672
1430193600,29.00440788269043,42.10634994506836
1430280000,28.5778751373291,42.02067947387695
1430366400,27.802553176879883,41.66094207763672
1430452800,28.64674186706543,41.67808532714844
1430712000,28.591205596923828,41.31834030151367
1430798400,27.94696044921875,40.77017593383789
1430884800,27.771459579467773,39.63957214355469
1430971200,27.943227767944336,39.99931335449219
1431057600,28.469703674316406,40.898651123046875
1431316800,28.179698944091797,40.57316970825195
1431403200,28.07931137084961,40.556034088134766
1431489600,28.11054039001465,40.795867919921875
1431576000,28.76639747619629,41.729469299316406
1431662400,28.72624969482422,41.369728088378906
1431921600,29.04302215576172,41.121337890625
1432008000,29.01625633239746,41.01790237426758
1432094400,29.014019012451172,41.01790237426758
1432180800,29.310720443725586,40.87995910644531
1432267200,29.567264556884766,40.43168258666992
1432612800,28.915868759155273,40.1644401550293
1432699200,29.45572280883789,41.043758392333984
1432785600,29.397720336914062,40.90581512451172
1432872000,29.063098907470703,40.397186279296875
1433131200,29.121097564697266,40.71615982055664
1433217600,28.991718292236328,40.44892120361328
1433304000,29.027402877807617,40.38856887817383
1433390400,28.857864379882812,39.966148376464844
1433476800,28.699480056762695,39.77649688720703
1433736000,28.509855270385742,39.42303466796875
1433822400,28.425086975097656,39.354087829589844
1433908800,28.75078582763672,40.18166732788086
1433995200,28.68609046936035,40.035125732421875
1434081600,28.369314193725586,39.62993621826172
1434340800,28.31354522705078,39.20751953125
1434427200,28.46524429321289,39.509254455566406
1434513600,28.39830780029297,39.62993621826172
1434600000,28.52770233154297,40.27649688720703
1434686400,28.24215316772461,39.742008209228516
1434945600,28.467479705810547,39.85408020019531
1435032000,28.338083267211914,39.578208923339844
1435118400,28.579011917114258,39.345455169677734
1435204800,28.442930221557617,39.354087829589844
1435291200,28.275619506835938,39.01784896850586
1435550400,27.780378341674805,38.2506103515625
1435636800,27.98114776611328,38.060943603515625
1435723200,28.24215316772461,38.319583892822266
1435809600,28.206470489501953,38.27647018432617
1436155200,28.108306884765625,38.267852783203125
1436241600,28.039152145385742,38.190269470214844
1436328000,27.343137741088867,38.1385383605957
1436414400,26.785429000854492,38.37991714477539
1436500800,27.501523971557617,38.4575080871582
1436760000,28.03246307373047,39.259246826171875
1436846400,28.021310806274414,39.32819747924805
1436932800,28.291231155395508,39.44890213012695
1437019200,28.668241500854492,40.22478485107422
1437105600,28.915868759155273,40.19029998779297
1437364800,29.462421417236328,40.44892120361328
1437451200,29.167945861816406,40.75927734375
1437537600,27.93430519104004,39.259246826171875
1437624000,27.920921325683594,39.75062942504883
1437710400,27.77368927001953,39.604068756103516
1437969600,27.38775634765625,39.09545135498047
1438056000,27.52383804321289,39.086830139160156
1438142400,27.436830520629883,39.90579605102539
1438228800,27.298524856567383,40.41443634033203
1438315200,27.059831619262695,40.25925064086914
1438574400,26.421812057495117,40.35409164428711
1438660800,25.5740966796875,40.98340606689453
1438747200,25.74364471435547,41.01790237426758
1438833600,25.79966163635254,40.19029998779297
1438920000,25.887056350708008,40.29374694824219
1439179200,26.828243255615234,40.802371978759766
1439265600,25.432153701782227,40.009246826171875
1439352000,25.824316024780273,40.29374694824219
1439438400,25.80414581298828,40.285133361816406
1439524800,25.98566246032715,40.51789474487305
1439784000,26.25457191467285,40.79374694824219
1439870400,26.106670379638672,41.019371032714844
1439956800,25.772775650024414,40.4466438293457
1440043200,25.243915557861328,39.62226486206055
1440129600,23.699928283691406,37.37474060058594
1440388800,23.10832405090332,36.168548583984375
1440475200,23.247262954711914,35.11855697631836
1440561600,24.580608367919922,37.062339782714844
1440648000,25.30442237854004,38.095001220703125
1440734400,25.38733673095703,38.12102508544922
1440993600,25.268566131591797,37.7652473449707
1441080000,24.139150619506836,36.290035247802734
1441166400,25.174449920654297,37.62639617919922
1441252800,24.732988357543945,37.74789047241211
1441339200,24.48648452758789,36.975582122802734
1441684800,25.167724609375,38.08631896972656
1441771200,24.683691024780273,37.37474060058594
1441857600,25.225996017456055,37.56565856933594
1441944000,25.59349822998047,37.73054122924805
1442203200,25.839996337890625,37.348716735839844
1442289600,26.05736541748047,38.16441345214844
1442376000,26.086498260498047,38.44209289550781
1442462400,25.52851104736328,38.398712158203125
1442548800,25.42318344116211,37.73054122924805
1442808000,25.817594528198242,38.2772216796875
1442894400,25.411991119384766,38.095001220703125
1442980800,25.618144989013672,38.06895065307617
1443067200,25.770530700683594,38.10368347167969
1443153600,25.705541610717773,38.12969970703125
1443412800,25.196853637695312,37.56565856933594
1443499200,24.439424514770508,37.695804595947266
1443585600,24.717308044433594,38.40739059448242
1443672000,24.555950164794922,38.711116790771484
1443758400,24.735227584838867,39.544158935546875
1444017600,24.82486915588379,40.46399688720703
1444104000,24.943632125854492,40.56813430786133
1444190400,24.82486915588379,40.611515045166016
1444276800,24.538026809692383,41.175567626953125
1444363200,25.12514877319336,40.88052749633789
1444622400,25.008617401123047,40.785072326660156
1444708800,25.05120086669922,40.689613342285156
1444795200,24.69713020324707,40.50738525390625
1444881600,25.066890716552734,40.79374313354492
1444968000,24.88312530517578,41.22763442993164
1445227200,25.037750244140625,41.32308578491211
1445313600,25.49489974975586,41.45325469970703
1445400000,25.492656707763672,40.958621978759766
1445486400,25.882583618164062,41.67886734008789
1445572800,26.684831619262695,45.87886428833008
1445832000,25.833280563354492,47.07638931274414
1445918400,25.669687271118164,46.59043884277344
1446004800,26.72740364074707,46.84208297729492
1446091200,27.00975799560547,46.304080963134766
1446177600,26.778942108154297,45.67927551269531
1446440400,27.155418395996094,46.19994354248047
1446526800,27.466907501220703,46.98960876464844
1446613200,27.339168548583984,47.20655822753906
1446699600,27.213146209716797,47.18920135498047
1446786000,27.244646072387695,47.65779113769531
1447045200,27.134374618530273,46.99829864501953
1447131600,26.2791805267334,46.434234619140625
1447218000,26.130647659301758,46.55572509765625
1447304400,26.04288101196289,46.26935577392578
1447390800,25.28219985961914,45.85283279418945
1447650000,25.696306228637695,46.65986251831055
1447736400,25.586029052734375,46.275455474853516
1447822800,26.396211624145508,47.044254302978516
1447909200,26.731534957885742,47.122867584228516
1447995600,26.84856605529785,47.3412971496582
1448254800,26.49973487854004,47.3412971496582
1448341200,26.75403594970703,47.39370346069336
1448427600,26.562746047973633,46.90446853637695
1448600400,26.51323699951172,47.11414337158203
1448859600,26.623512268066406,47.48106002807617
1448946000,26.4074649810791,48.2411003112793
1449032400,26.168907165527344,48.23236846923828
1449118800,25.92585563659668,47.35000991821289
1449205200,26.787799835205078,48.84389877319336
1449464400,26.61901092529297,48.75654983520508
1449550800,26.60776138305664,48.73908233642578
1449637200,26.020376205444336,48.031436920166016
1449723600,26.144153594970703,48.2847900390625
1449810000,25.471254348754883,47.227718353271484
1450069200,25.313716888427734,48.17121505737305
1450155600,24.865863800048828,48.2236328125
1450242000,25.057153701782227,49.03610610961914
1450328400,24.526039123535156,48.66044235229492
1450414800,23.862146377563477,47.28887939453125
1450674000,24.154705047607422,47.9003791809082
1450760400,24.132198333740234,48.354671478271484
1450846800,24.442766189575195,48.76527786254883
1450933200,24.312238693237305,48.63423538208008
1451278800,24.039926528930664,48.878849029541016
1451365200,24.472026824951172,49.403011322021484
1451451600,24.15245819091797,49.193363189697266
1451538000,23.6888484954834,48.46824645996094
1451883600,23.709102630615234,47.87419128417969
1451970000,23.114974975585938,48.09260177612305
1452056400,22.662616729736328,47.21897506713867
1452142800,21.706153869628906,45.57657241821289
1452229200,21.820926666259766,45.716339111328125
1452488400,22.17424964904785,45.69013977050781
1452574800,22.496076583862305,46.10948944091797
1452661200,21.91770362854004,45.11355972290039
1452747600,22.397052764892578,46.39778137207031
1452834000,21.85917854309082,44.54572677612305
1453179600,21.7534122467041,44.170047760009766
1453266000,21.782669067382812,44.37099838256836
1453352400,21.67239761352539,44.10017395019531
1453438800,22.82465362548828,45.68141555786133
1453698000,22.379053115844727,45.244606018066406
1453784400,22.50282859802246,45.57657241821289
1453870800,21.02424430847168,44.74663162231445
1453957200,21.175031661987305,45.48047637939453
1454043600,21.90644645690918,48.12752914428711
1454302800,21.70165252685547,47.79555892944336
1454389200,21.26279640197754,46.30167007446289
1454475600,21.683639526367188,45.567832946777344
1454562000,21.85787582397461,45.42805480957031
1454648400,21.274091720581055,43.820594787597656
1454907600,21.498104095458984,43.1653938293457
1454994000,21.493579864501953,43.05183410644531
1455080400,21.33066177368164,43.42748260498047
1455166800,21.201684951782227,43.41000747680664
1455253200,21.267305374145508,44.117637634277344
1455598800,21.86692237854004,44.953529357910156
1455685200,22.201810836791992,46.12379455566406
1455771600,21.780946731567383,45.92140197753906
1455858000,21.73116111755371,45.595848083496094
1456117200,21.92123031616211,46.3261604309082
1456203600,21.425701141357422,45.03272247314453
1456290000,21.744739532470703,45.191104888916016
1456376400,21.894079208374023,45.84221267700195
1456462800,21.92801856994629,45.13831329345703
1456722000,21.878238677978516,44.76875686645508
1456808400,22.747127532958984,46.264564514160156
1456894800,22.796903610229492,46.59012985229492
1456981200,22.96660614013672,46.062191009521484
1457067600,23.308277130126953,45.78062057495117
1457326800,23.050329208374023,44.90073013305664
1457413200,22.86025619506836,45.4462776184082
1457499600,22.880626678466797,46.49334716796875
1457586000,22.891937255859375,45.79822540283203
1457672400,23.138578414916992,46.69571304321289
1457928000,23.197399139404297,46.7837028503418
1458014400,23.66352653503418,47.15325927734375
1458100800,23.97804069519043,47.821956634521484
1458187200,23.939579010009766,48.09474182128906
1458273600,23.966732025146484,47.065277099609375
1458532800,23.964462280273438,47.39082336425781
1458619200,24.147748947143555,47.57560348510742
1458705600,24.01424789428711,47.48760986328125
1458792000,23.910167694091797,47.69878387451172
1459137600,23.801551818847656,47.10926055908203
1459224000,24.364971160888672,48.13873291015625
1459310400,24.79034996032715,48.43790054321289
1459396800,24.66138458251953,48.59626388549805
1459483200,24.887657165527344,48.89543533325195
1459742400,25.14334487915039,48.77226257324219
1459828800,24.84693145751953,48.00673294067383
1459915200,25.107147216796875,48.49949264526367
1460001600,24.5595645904541,47.918766021728516
1460088000,24.58671760559082,47.8835563659668
1460347200,24.668169021606445,47.78678512573242
1460433600,24.989477157592773,48.08594512939453
1460520000,25.351520538330078,48.70185852050781
1460606400,25.36509132385254,48.710662841796875
1460692800,24.855979919433594,48.9658317565918
1460952000,24.31970977783203,49.67853546142578
1461038400,24.19073486328125,49.616939544677734
1461124800,24.240520477294922,48.91303253173828
1461211200,23.97804069519043,49.0802116394043
1461297600,23.912424087524414,45.56065368652344
1461556800,23.77665901184082,45.851016998291016
1461643200,23.611482620239258,45.2614860534668
1461729600,22.133930206298828,44.82155227661133
1461816000,21.457368850708008,43.906471252441406
1461902400,21.21073341369629,43.880062103271484
1462161600,21.188112258911133,44.531185150146484
1462248000,21.53656578063965,43.80087661743164
1462334400,21.312557220458984,43.880062103271484
1462420800,21.226049423217773,43.94166946411133
1462507200,21.107667922973633,44.33761978149414
1462766400,21.123605728149414,44.05604553222656
1462852800,21.267032623291016,44.891929626464844
1462939200,21.05986976623535,44.9183349609375
1463025600,20.565872192382812,45.32307815551758
1463112000,20.60684585571289,44.944725036621094
1463371200,21.371746063232422,45.60464859008789
1463457600,21.282970428466797,44.754051208496094
1463544000,21.526554107666016,45.01985549926758
1463630400,21.444591522216797,44.58568572998047
1463716800,21.67679786682129,44.85151672363281
1463976000,21.95225715637207,44.328739166259766
1464062400,22.286903381347656,45.71098327636719
1464148800,22.67845916748047,46.18058776855469
1464235200,22.85830307006836,45.976776123046875
1464321600,22.844640731811523,46.357784271240234
1464667200,22.733095169067383,46.96028137207031
1464753600,22.414382934570312,46.827392578125
1464840000,22.245925903320312,46.499549865722656
1464926400,22.291452407836914,45.88818359375
1465185600,22.453086853027344,46.18943786621094
1465272000,22.544139862060547,46.16286087036133
1465358400,22.523649215698242,46.10969543457031
1465444800,22.68528938293457,45.737545013427734
1465531200,22.498611450195312,45.61351013183594
1465790400,22.159414291381836,44.42620849609375
1465876800,22.18673324584961,44.15154266357422
1465963200,22.113882064819336,44.02749252319336
1466049600,22.207218170166016,44.64772415161133
1466136000,21.701839447021484,44.4173469543457
1466395200,21.649484634399414,44.36418533325195
1466481600,21.833879470825195,45.35655975341797
1466568000,21.75192642211914,45.17935562133789
1466654400,21.877132415771484,45.994503021240234
1466740800,21.262479782104492,44.15154266357422
1467000000,20.952878952026367,42.911075592041016
1467086400,21.30573272705078,43.80598068237305
1467172800,21.490121841430664,44.78063201904297
1467259200,21.7633056640625,45.33882522583008
1467345600,21.829330444335938,45.32997512817383
1467691200,21.624441146850586,45.33882522583008
1467777600,21.747371673583984,45.52490997314453
1467864000,21.84070587158203,45.52490997314453
1467950400,22.009174346923828,46.340065002441406
1468209600,22.077463150024414,46.597023010253906
1468296000,22.177621841430664,47.1463737487793
1468382400,22.05242156982422,47.41218948364258
1468468800,22.489505767822266,47.615966796875
1468555200,22.487232208251953,47.58052444458008
1468814400,22.72625732421875,47.8109016418457
1468900800,22.735370635986328,47.040042877197266
1468987200,22.755859375,49.5386848449707
1469073600,22.63520622253418,49.44121170043945
1469160000,22.459918975830078,50.123477935791016
1469419200,22.159414291381836,50.26523208618164
1469505600,22.006887435913086,50.29182052612305
1469592000,23.43653678894043,49.78676986694336
1469678400,23.75296401977539,49.80449295043945
1469764800,23.723379135131836,50.2209358215332
1470024000,24.142248153686523,50.132328033447266
1470110400,23.784839630126953,50.132328033447266
1470196800,24.08305549621582,50.47788619995117
1470283200,24.23182487487793,50.85002136230469
1470369600,24.600330352783203,51.35506820678711
1470628800,24.804033279418945,51.44367218017578
1470715200,24.904741287231445,51.567718505859375
1470801600,24.71934700012207,51.40822982788086
1470888000,24.703332901000977,51.65632629394531
1470974400,24.76054573059082,51.33734893798828
1471233600,25.058103561401367,51.49684143066406
1471320000,25.03520393371582,51.21153259277344
1471406400,24.998580932617188,51.318519592285156
1471492800,24.96654510498047,51.354183197021484
1471579200,25.030630111694336,51.37201690673828
1471838400,24.83607292175293,51.416587829589844
1471924800,24.913898468017578,51.61274719238281
1472011200,24.726213455200195,51.66623306274414
1472097600,24.620929718017578,51.862388610839844
1472184000,24.47673225402832,51.73755645751953
1472443200,24.449264526367188,51.799964904785156
1472529600,24.26158332824707,51.61274719238281
1472616000,24.28447151184082,51.2293586730957
1472702400,24.428674697875977,51.34527587890625
1472788800,24.657548904418945,51.416587829589844
1473134400,24.65068244934082,51.363101959228516
1473220800,24.801748275756836,51.40768814086914
1473307200,24.15172004699707,51.20261764526367
1473393600,23.604692459106445,50.11491012573242
1473652800,24.133411407470703,50.863834381103516
1473739200,24.707902908325195,50.40020751953125
1473825600,25.582237243652344,50.15949630737305
1473912000,26.451995849609375,50.988643646240234
1473998400,26.303224563598633,51.0421257019043
1474257600,25.996519088745117,50.756832122802734
1474344000,25.99422836303711,50.649845123291016
1474430400,25.989652633666992,51.496849060058594
1474516800,26.23455047607422,51.55033493041992
1474603200,25.79738998413086,51.20261764526367
1474862400,25.8363037109375,50.73008346557617
1474948800,25.884363174438477,51.66623306274414
1475035200,26.081201553344727,51.73755645751953
1475121600,25.67607879638672,51.17588424682617
1475208000,25.875207901000977,51.354183197021484
1475467200,25.7539005279541,51.19370651245117
1475553600,25.8637638092041,51.033226013183594
1475640000,25.875207901000977,51.389854431152344
1475726400,26.067468643188477,51.47900390625
1475812800,26.106382369995117,51.532501220703125
1476072000,26.56185531616211,51.74647521972656
1476158400,26.619075775146484,50.988643646240234
1476244800,26.857118606567383,50.917327880859375
1476331200,26.774715423583984,50.7479248046875
1476417600,26.923490524291992,51.19370651245117
1476676800,26.905183792114258,51.01538848876953
1476763200,26.88687515258789,51.40768814086914
1476849600,26.8067626953125,51.291786193847656
1476936000,26.79302978515625,51.0421257019043
1477022400,26.687747955322266,53.19081115722656
1477281600,26.928068161010742,54.38550567626953
1477368000,27.065399169921875,54.37660217285156
1477454400,26.456571578979492,54.055633544921875
1477540800,26.202512741088867,53.583091735839844
1477627200,26.028553009033203,53.37803649902344
1477886400,25.987356185913086,53.42261505126953
1477972800,25.518150329589844,53.31562423706055
1478059200,25.541038513183594,52.98575210571289
1478145600,25.267271041870117,52.78961181640625
1478232000,25.03951072692871,52.34383010864258
1478494800,25.400705337524414,53.86839294433594
1478581200,25.550241470336914,53.91298294067383
1478667600,25.508831024169922,53.645503997802734
1478754000,24.79795265197754,52.33491516113281
1478840400,24.94518280029297,52.620208740234375
1479099600,24.31943130493164,51.817806243896484
1479186000,24.641510009765625,52.84104537963867
1479272400,25.304073333740234,53.54116439819336
1479358800,25.29488182067871,54.42978286743164
1479445200,25.320186614990234,54.16947937011719
1479704400,25.704381942749023,54.62725067138672
1479790800,25.72048568725586,54.860633850097656
1479877200,25.58935546875,54.21437072753906
1480050000,25.718185424804688,54.33103942871094
1480309200,25.66756820678711,54.40285110473633
1480395600,25.64226722717285,54.83369445800781
1480482000,25.426008224487305,54.08871078491211
1480568400,25.18905258178711,53.13725280761719
1480654800,25.28337287902832,53.18213653564453
1480914000,25.10161781311035,54.052799224853516
1481000400,25.29488182067871,53.810455322265625
1481086800,25.543333053588867,55.085018157958984
1481173200,25.79410171508789,54.761898040771484
1481259600,26.215110778808594,55.62357711791992
1481518800,26.065574645996094,55.803096771240234
1481605200,26.500381469726562,56.53014373779297
1481691600,26.500381469726562,56.260860443115234
1481778000,26.64531898498535,56.171104431152344
1481864400,26.67982292175293,55.91978454589844
1482123600,26.833969116210938,57.10459899902344
1482210000,26.905275344848633,57.03278732299805
1482296400,26.930591583251953,57.03278732299805
1482382800,26.753450393676758,57.0417594909668
1482469200,26.806360244750977,56.76352310180664
1482814800,26.976606369018555,56.799407958984375
1482901200,26.861574172973633,56.539119720458984
1482987600,26.85466194152832,56.458335876464844
1483074000,26.64531898498535,55.77616500854492
1483419600,26.721240997314453,56.171104431152344
1483506000,26.691326141357422,55.91978454589844
1483592400,26.827062606811523,55.91978454589844
1483678800,27.126140594482422,56.40446853637695
1483938000,27.37460708618164,56.22495651245117
1484024400,27.402212142944336,56.207008361816406
1484110800,27.549442291259766,56.7186393737793
1484197200,27.43442153930664,56.19802474975586
1484283600,27.3861026763916,56.27880859375
1484629200,27.606964111328125,56.126216888427734
1484715600,27.604660034179688,56.09930419921875
1484802000,27.556350708007812,55.91978454589844
1484888400,27.606964111328125,56.314720153808594
1485147600,27.6253662109375,56.512184143066406
1485234000,27.600059509277344,57.01483154296875
1485320400,28.039470672607422,57.158451080322266
1485406800,28.053274154663086,57.688026428222656
1485493200,28.055572509765625,59.04337692260742
1485752400,27.981950759887695,58.45995330810547
1485838800,27.91753387451172,58.02911376953125
1485925200,29.619972229003906,57.068702697753906
1486011600,29.569353103637695,56.70067596435547
1486098000,29.695886611938477,57.158451080322266
1486357200,29.97426414489746,57.12254333496094
1486443600,30.259532928466797,56.934059143066406
1486530000,30.37685203552246,56.853271484375
1486616400,30.596351623535156,57.49953079223633
1486702800,30.527042388916016,57.445674896240234
1486962000,30.79738426208496,58.09194564819336
1487048400,31.197101593017578,58.308677673339844
1487134800,31.31032371520996,58.272560119628906
1487221200,31.273361206054688,58.263519287109375
1487307600,31.358850479125977,58.353816986083984
1487653200,31.585275650024414,58.23643493652344
1487739600,31.68001365661621,58.11903381347656
1487826000,31.54600715637207,58.353816986083984
1487912400,31.576038360595703,58.353816986083984
1488171600,31.63841438293457,58.00164794921875
1488258000,31.652286529541016,57.775882720947266
1488344400,32.29923629760742,58.64280700683594
1488430800,32.10746765136719,57.802982330322266
1488517200,32.296939849853516,58.01969909667969
1488776400,32.19526672363281,58.03776168823242
1488862800,32.23685836791992,58.1551513671875
1488949200,32.1167106628418,58.68793869018555
1489035600,32.04276657104492,58.453155517578125
1489122000,32.1490478515625,58.633766174316406
1489377600,32.16291046142578,58.435089111328125
1489464000,32.11439514160156,58.16419219970703
1489550400,32.454044342041016,58.47121047973633
1489636800,32.50718688964844,58.37187957763672
1489723200,32.345462799072266,58.579586029052734
1489982400,32.68510437011719,58.633766174316406
1490068800,32.31078338623047,57.98357391357422
1490155200,32.67586135864258,58.72406768798828
1490241600,32.560325622558594,58.579586029052734
1490328000,32.49565505981445,58.67890930175781
1490587200,32.551090240478516,58.78727722167969
1490673600,33.22576904296875,58.95884323120117
1490760000,33.29969787597656,59.121402740478516
1490846400,33.25580596923828,59.338138580322266
1490932800,33.193416595458984,59.473567962646484
1491192000,33.20267105102539,59.19363784790039
1491278400,33.44990158081055,59.356201171875
1491364800,33.276607513427734,59.202674865722656
1491451200,33.193416595458984,59.356201171875
1491537600,33.119483947753906,59.311038970947266
1491796800,33.080204010009766,59.175567626953125
1491883200,32.72438430786133,59.13043212890625
1491969600,32.7636604309082,58.904685974121094
1492056000,32.590370178222656,58.65181350708008
1492401600,32.77058410644531,59.13043212890625
1492488000,32.62503433227539,59.049163818359375
1492574400,32.50486755371094,58.73309326171875
1492660800,32.91154098510742,59.14848327636719
1492747200,32.87225341796875,59.961219787597656
1493006400,33.18880081176758,60.981651306152344
1493092800,33.394447326660156,61.333824157714844
1493179200,33.19804763793945,61.252559661865234
1493265600,33.223445892333984,61.649864196777344
1493352000,33.19111633300781,61.821441650390625
1493611200,33.86811447143555,62.679359436035156
1493697600,34.082984924316406,62.58000946044922
1493784000,33.979007720947266,62.38134002685547
1493870400,33.85654830932617,62.137516021728516
1493956800,34.41801452636719,62.309085845947266
1494216000,35.353797912597656,62.2548942565918
1494302400,35.580238342285156,62.34521484375
1494388800,35.41155242919922,62.58903884887695
1494475200,35.71780014038086,61.821441650390625
1494561600,36.21662902832031,61.749210357666016
1494820800,36.123817443847656,61.79435729980469
1494907200,36.070472717285156,63.03863525390625
1494993600,34.859375,61.28577423095703
1495080000,35.39067077636719,61.494659423828125
1495166400,35.51132583618164,61.47649383544922
1495425600,35.72709274291992,62.16672897338867
1495512000,35.683006286621094,62.375614166259766
1495598400,35.576271057128906,62.45735168457031
1495684800,35.69925308227539,63.22933578491211
1495771200,35.638912200927734,63.53813552856445
1496116800,35.65285110473633,63.94680404663086
1496203200,35.441707611083984,63.42913055419922
1496289600,35.53916549682617,63.66526412963867
1496376000,36.065818786621094,65.17289733886719
1496635200,35.71316146850586,65.64517211914062
1496721600,35.83380889892578,65.86312866210938
1496808000,36.04725646972656,65.74507904052734
1496894400,35.9591064453125,65.345458984375
1496980800,34.564727783203125,63.865081787109375
1497240000,33.738765716552734,63.374664306640625
1497326400,34.010231018066406,64.164794921875
1497412800,33.6784553527832,63.81966781616211
1497499200,33.47660827636719,63.483638763427734
1497585600,33.0079460144043,63.57447052001953
1497844800,33.952213287353516,64.3646011352539
1497931200,33.64365768432617,63.492706298828125
1498017600,33.84318923950195,63.81966781616211
1498104000,33.78748321533203,63.810611724853516
1498190400,33.93829345703125,64.67341613769531
1498449600,33.83157730102539,64.05579376220703
1498536000,33.346675872802734,62.85696029663086
1498622400,33.83388137817383,63.39281463623047
1498708800,33.33507537841797,62.203060150146484
1498795200,33.41395950317383,62.60266876220703
1499054400,33.29331588745117,61.91244888305664
1499227200,33.430206298828125,62.73890686035156
1499313600,33.114662170410156,62.275718688964844
1499400000,33.45106887817383,63.08403778076172
1499659200,33.655242919921875,63.556312561035156
1499745600,33.764286041259766,63.56534194946289
1499832000,33.81302261352539,64.6189193725586
1499918400,34.284000396728516,65.18199157714844
1500004800,34.578636169433594,66.09928131103516
1500264000,34.69929122924805,66.61695098876953
1500350400,34.81992721557617,66.5715560913086
1500436800,35.03801727294922,67.08014678955078
1500523200,34.8802490234375,67.40707397460938
1500609600,34.864017486572266,67.01655578613281
1500868800,35.28627395629883,66.8440170288086
1500955200,35.437076568603516,67.37982940673828
1501041600,35.60413360595703,67.25271606445312
1501128000,34.93128967285156,66.44437408447266
1501214400,34.68536376953125,66.3354263305664
1501473600,34.50672149658203,66.02661895751953
1501560000,34.81297302246094,65.91764068603516
1501646400,36.457923889160156,65.62699890136719
1501732800,36.09367370605469,65.527099609375
1501819200,36.283912658691406,66.00843811035156
1502078400,36.84537124633789,65.7541732788086
1502164800,37.14003372192383,66.10835266113281
1502251200,37.36738967895508,65.81773376464844
1502337600,36.177181243896484,64.85502624511719
1502424000,36.68027114868164,65.84497833251953
1502683200,37.2322998046875,66.83492279052734
1502769600,37.63990020751953,66.85318756103516
1502856000,37.4885139465332,67.24579620361328
1502942400,36.7687873840332,66.10449981689453
1503028800,36.684940338134766,66.1866683959961
1503288000,36.61738967895508,65.87621307373047
1503374400,37.21600341796875,66.79838562011719
1503460800,37.2625732421875,66.39665222167969
1503547200,37.097206115722656,66.36927795410156
1503633600,37.23463439941406,66.48796081542969
1503892800,37.60963439941406,66.49708557128906
1503979200,37.945045471191406,66.69794464111328
1504065600,38.047523498535156,67.57449340820312
1504152000,38.19892120361328,68.26838684082031
1504238400,38.21056365966797,67.51056671142578
1504584000,37.751712799072266,67.20924377441406
1504670400,37.71211242675781,67.01752471923828
1504756800,37.56071853637695,67.87579345703125
1504843200,36.94813919067383,67.54710388183594
1505102400,37.61661911010742,68.25926208496094
1505188800,37.467552185058594,68.18622589111328
1505275200,37.18571853637695,68.67012786865234
1505361600,36.866607666015625,68.26838684082031
1505448000,37.239288330078125,68.76143646240234
1505707200,36.95745086669922,68.62450408935547
1505793600,36.97142791748047,68.88015747070312
1505880000,36.35185623168945,68.42362976074219
1505966400,35.72763442993164,67.75709533691406
1506052800,35.378265380859375,67.9397201538086
1506312000,35.066131591796875,66.88970947265625
1506398400,35.669395446777344,66.88970947265625
1506484800,35.923282623291016,67.42842102050781
1506571200,35.70200729370117,67.44664001464844
1506657600,35.89767074584961,68.01274108886719
1506916800,35.82545471191406,68.12232208251953
1507003200,35.98151397705078,67.80274963378906
1507089600,35.74858474731445,68.19535827636719
1507176000,36.19347381591797,69.36402130126953
1507262400,36.17252731323242,69.39144897460938
1507521600,36.29829025268555,69.65623474121094
1507608000,36.31226348876953,69.65623474121094
1507694400,36.46366500854492,69.77490997314453
1507780800,36.335540771484375,70.4140625
1507867200,36.56614685058594,70.75186157226562
1508126400,37.239288330078125,70.89798736572266
1508212800,37.376705169677734,70.84319305419922
1508299200,37.211334228515625,70.86144256591797
1508385600,36.33090591430664,71.13538360595703
1508472000,36.3937873840332,71.95709228515625
1508731200,36.375160217285156,71.97535705566406
1508817600,36.591773986816406,72.00276947021484
1508904000,36.43104553222656,71.79277038574219
1508990400,36.663970947265625,71.91146850585938
1509076800,37.9776496887207,76.5223388671875
1509336000,38.832462310791016,76.59539031982422
1509422400,39.372833251953125,75.94711303710938
1509508800,38.8720588684082,75.94711303710938
1509595200,39.156219482421875,76.74146270751953
1509681600,40.178741455078125,76.82362365722656
1509944400,40.58634948730469,77.12493896484375
1510030800,40.71678161621094,76.94232940673828
1510117200,41.049869537353516,77.20711517333984
1510203600,40.966007232666016,76.77799224853516
1510290000,40.83042907714844,76.57711791992188
1510549200,40.666805267333984,76.63189697265625
1510635600,40.05202865600586,76.74146270751953
1510722000,39.52371597290039,76.1449966430664
1510808400,39.99592208862305,76.34687042236328
1510894800,39.773841857910156,75.61275482177734
1511154000,39.73412322998047,75.73204803466797
1511240400,40.4727783203125,76.82402801513672
1511326800,40.898231506347656,76.26427459716797
1511499600,40.900550842285156,76.4019546508789
1511758800,40.694847106933594,76.96168518066406
1511845200,40.456424713134766,77.88849639892578
1511931600,39.61722183227539,76.47533416748047
1512018000,40.17123794555664,77.23697662353516
1512104400,39.98423767089844,77.31959533691406
1512363600,39.692039489746094,74.40148162841797
1512450000,39.654640197753906,74.86951446533203
1512536400,39.507354736328125,75.96147918701172
1512622800,39.57984161376953,75.6953353881836
1512709200,39.59152603149414,77.22779846191406
1512968400,40.3629264831543,78.20967102050781
1513054800,40.13616180419922,78.53083038330078
1513141200,40.26941680908203,78.31978607177734
1513227600,40.257720947265625,77.71415710449219
1513314000,40.666805267333984,79.69623565673828
1513573200,41.239498138427734,79.26492309570312
1513659600,40.800025939941406,78.76025390625
1513746000,40.75563430786133,78.47575378417969
1513832400,40.909912109375,78.45744323730469
1513918800,40.909912109375,78.46661376953125
1514264400,39.87201690673828,78.36565399169922
1514350800,39.87903594970703,78.65013885498047
1514437200,39.99124526977539,78.6593246459961
1514523600,39.55878829956055,78.494140625
1514869200,40.26707458496094,78.870361328125
1514955600,40.260066986083984,79.23741149902344
1515042000,40.44707107543945,79.93478393554688
1515128400,40.907569885253906,80.92584991455078
1515387600,40.75563430786133,81.00843048095703
1515474000,40.75095748901367,80.9533920288086
1515560400,40.74161148071289,80.58631896972656
1515646800,40.973018646240234,80.82492065429688
1515733200,41.39612579345703,82.21971893310547
1516078800,41.18574905395508,81.07267761230469
1516165200,41.8659782409668,82.71521759033203
1516251600,41.90337371826172,82.67852783203125
1516338000,41.71636962890625,82.58674621582031
1516597200,41.37508773803711,84.06414031982422
1516683600,41.38444519042969,84.33026123046875
1516770000,40.72524642944336,84.2568588256836
1516856400,39.99825668334961,84.724853515625
1516942800,40.09175491333008,86.31233978271484
1517202000,39.26192092895508,86.18388366699219
1517288400,39.03050231933594,85.10106658935547
1517374800,39.138023376464844,87.18408966064453
1517461200,39.219844818115234,86.49588012695312
1517547600,37.51809310913086,84.22016906738281
1517806800,36.580726623535156,80.7514877319336
1517893200,38.1094970703125,83.80721282958984
1517979600,37.29368209838867,82.22888946533203
1518066000,36.26749038696289,78.0077896118164
1518152400,36.711090087890625,80.91667175292969
1518411600,38.18975830078125,81.78841400146484
1518498000,38.57233810424805,82.43077087402344
1518584400,39.283512115478516,83.72147369384766
1518670800,40.60258483886719,85.42708587646484
1518757200,40.47114944458008,84.818603515625
1519102800,40.33501434326172,85.48239135742188
1519189200,40.151947021484375,84.34839630126953
1519275600,40.487571716308594,84.5696792602539
1519362000,41.19172286987305,86.7177734375
1519621200,42.00614929199219,87.97162628173828
1519707600,41.870033264160156,86.84686279296875
1519794000,41.806644439697266,86.45043182373047
1519880400,41.07435607910156,85.60223388671875
1519966800,41.35835266113281,85.78663635253906
1520226000,41.501529693603516,86.33056640625
1520312400,41.46632385253906,86.03556060791016
1520398800,41.08138656616211,86.53339385986328
1520485200,41.52970504760742,87.05892181396484
1520571600,42.243221282958984,89.00419616699219
1520827200,42.651615142822266,89.21624755859375
1520913600,42.240875244140625,87.04048156738281
1521000000,41.88176727294922,86.52417755126953
1521086400,41.931053161621094,86.82841491699219
1521172800,41.78318405151367,87.21563720703125
1521432000,41.144771575927734,85.63912200927734
1521518400,41.13068771362305,85.86039733886719
1521604800,40.19890594482422,85.26114654541016
1521691200,39.63087844848633,82.7811050415039
1521777600,38.71317672729492,80.37482452392578
1522036800,40.55095672607422,86.45965576171875
1522123200,39.511192321777344,82.48607635498047
1522209600,39.07463073730469,82.41232299804688
1522296000,39.37973403930664,84.14557647705078
1522641600,39.12156295776367,81.61024475097656
1522728000,39.52292251586914,82.70734405517578
1522814400,40.27869415283203,85.12285614013672
1522900800,40.55799865722656,85.16893768310547
1522987200,39.52056884765625,83.186767578125
1523246400,39.91255187988281,83.68460845947266
1523332800,40.66361618041992,85.62992858886719
1523419200,40.47350311279297,84.68951416015625
1523505600,40.87250900268555,86.27528381347656
1523592000,41.010990142822266,85.8143081665039
1523851200,41.266815185546875,86.81922149658203
1523937600,41.83482360839844,88.57090759277344
1524024000,41.740928649902344,88.91201782226562
1524110400,40.55799865722656,88.6077651977539
1524196800,38.89624786376953,87.58442687988281
1524456000,38.78357696533203,87.90711975097656
1524542400,38.243743896484375,85.8511734008789
1524628800,38.4103889465332,85.1043930053711
1524715200,38.54417037963867,86.9021987915039
1524801600,38.09823226928711,88.34040069580078
1525060800,38.788272857666016,86.21995544433594
1525147200,39.6895637512207,87.58442687988281
1525233600,41.442848205566406,86.21073150634766
1525320000,41.517967224121094,86.72702026367188
1525406400,43.14685821533203,87.73194885253906
1525665600,43.459014892578125,88.70919036865234
1525752000,43.66790771484375,88.3311767578125
1525838400,43.97538375854492,89.37301635742188
1525924800,44.60441589355469,90.26726531982422
1526011200,44.43477249145508,90.07364654541016
1526270400,44.331092834472656,90.37789916992188
1526356800,43.92818832397461,89.72331237792969
1526443200,44.33816146850586,89.95482635498047
1526529600,44.057777404785156,89.05665588378906
1526616000,43.8975715637207,89.22332000732422
1526875200,44.20856475830078,90.3714828491211
1526961600,44.09782028198242,90.27887725830078
1527048000,44.38057327270508,91.35298156738281
1527134400,44.331092834472656,91.02888488769531
1527220800,44.43240737915039,91.07521057128906
1527566400,44.27218246459961,90.75110626220703
1527652800,44.17794418334961,91.62149047851562
1527739200,44.02950668334961,91.51964569091797
1527825600,44.82352828979492,93.3252182006836
1528084800,45.19816207885742,94.14002990722656
1528171200,45.54685974121094,94.62153625488281
1528257600,45.70473861694336,94.8993148803711
1528344000,45.58219909667969,93.4085693359375
1528430400,45.16753387451172,94.10301971435547
1528689600,45.05677795410156,93.56596374511719
1528776000,45.30418395996094,93.80670928955078
1528862400,44.93190383911133,93.38075256347656
1528948800,44.955474853515625,93.9085693359375
1529035200,44.493675231933594,92.71410369873047
1529294400,44.47010803222656,93.39006042480469
1529380800,43.751487731933594,93.39006042480469
1529467200,43.942317962646484,94.32524871826172
1529553600,43.69729232788086,93.64930725097656
1529640000,43.57004928588867,92.97337341308594
1529899200,42.92210388183594,91.10295867919922
1529985600,43.45460510253906,91.74186706542969
1530072000,43.390987396240234,90.31593322753906
1530158400,43.70671081542969,91.3251953125
1530244800,43.61481857299805,91.30667877197266
1530504000,44.10254669189453,92.60301971435547
1530590400,43.33443069458008,91.71410369873047
1530763200,43.68315124511719,92.37152099609375
1530849600,44.28868103027344,93.66781616210938
1531108800,44.90364074707031,94.30670928955078
1531195200,44.84946060180664,94.55671691894531
1531281600,44.26747131347656,94.4271011352539
1531368000,45.00965881347656,96.47341918945312
1531454400,45.08034896850586,97.62157440185547
1531713600,44.98140335083008,97.14009094238281
1531800000,45.10860824584961,98.1030502319336
1531886400,44.86122131347656,97.33454132080078
1531972800,45.20992660522461,96.6678466796875
1532059200,45.106266021728516,98.39936065673828
1532318400,45.14631652832031,99.97347259521484
1532404800,45.47382354736328,99.68641662597656
1532491200,45.90264892578125,102.62164306640625
1532577600,45.758914947509766,101.5012435913086
1532664000,44.997894287109375,99.70492553710938
1532923200,44.74577331542969,97.5660171508789
1533009600,44.835304260253906,98.22342681884766
1533096000,47.4765625,98.40863037109375
1533182400,48.864341735839844,99.60306549072266
1533268800,49.00571060180664,100.03826141357422
1533528000,49.26017761230469,100.12159729003906
1533614400,48.79835891723633,100.81605529785156
1533700800,48.83135223388672,101.38088989257812
1533787200,49.21540832519531,101.54753112792969
1533873600,49.06882095336914,100.92716217041016
1534132800,49.38564682006836,100.1956558227539
1534219200,49.593711853027344,101.44568634033203
1534305600,49.709564208984375,100.07005310058594
1534392000,50.43781661987305,100.05142211914062
1534478400,51.44505310058594,99.99567413330078
1534737600,50.943790435791016,99.33573913574219
1534824000,50.844482421875,98.50846099853516
1534910400,50.84685134887695,99.5123062133789
1534996800,50.950897216796875,99.97711181640625
1535083200,51.109310150146484,100.75788116455078
1535342400,51.53016662597656,101.8732681274414
1535428800,51.946311950683594,102.48677825927734
1535515200,52.721832275390625,104.12265014648438
1535601600,53.20655059814453,104.05756378173828
1535688000,53.82130432128906,104.41082000732422
1536033600,53.993900299072266,103.83451080322266
1536120000,53.641597747802734,100.84152221679688
1536206400,52.750205993652344,101.07390594482422
1536292800,52.32462692260742,100.58125305175781
1536552000,51.62238311767578,101.66877746582031
1536638400,52.927547454833984,103.39765930175781
1536724800,52.270233154296875,103.83451080322266
1536811200,53.532840728759766,104.94989776611328
1536897600,52.9251823425293,105.37748718261719
1537156800,51.51598358154297,104.23419189453125
1537243200,51.601104736328125,105.22877502441406
1537329600,51.63184356689453,103.8252182006836
1537416000,52.02433395385742,105.56340026855469
1537502400,51.463966369628906,106.20475006103516
1537761600,52.20403289794922,106.58583068847656
1537848000,52.53504943847656,106.38133239746094
1537934400,52.1165657043457,105.94447326660156
1538020800,53.187625885009766,106.34416198730469
1538107200,53.37441635131836,106.3069839477539
1538366400,53.73381042480469,107.45956420898438
1538452800,54.21142578125,107.03199005126953
1538539200,54.871097564697266,107.05056762695312
1538625600,53.90640640258789,104.83838653564453
1538712000,53.03157424926758,104.22489166259766
1538971200,52.90863037109375,103.0351333618164
1539057600,53.641597747802734,104.3457260131836
1539144000,51.156593322753906,98.67577362060547
1539230400,50.704994201660156,98.44340515136719
1539316800,52.516136169433594,101.84539794921875
1539576000,51.39303970336914,100.01427459716797
1539662400,52.52559280395508,103.17456817626953
1539748800,52.29861068725586,102.90502166748047
1539835200,51.07619857788086,100.85079956054688
1539921600,51.854095458984375,100.99951934814453
1540180800,52.17092514038086,101.90115356445312
1540267200,52.66272735595703,100.47901153564453
1540353600,50.856319427490234,95.10649871826172
1540440000,51.96995544433594,100.66490936279297
1540526400,51.14241409301758,99.41937255859375
1540785600,50.18244552612305,96.52861785888672
1540872000,50.433082580566406,96.41710662841797
1540958400,51.7476921081543,99.27994537353516
1541044800,52.54215621948242,98.45272827148438
1541131200,49.05698013305664,98.67577362060547
1541394000,47.66435241699219,99.93062591552734
1541480400,48.17979049682617,100.12582397460938
1541566800,49.64099884033203,104.06688690185547
1541653200,49.46779251098633,103.87169647216797
1541739600,48.51398849487305,101.84539794921875
1541998800,46.070133209228516,99.33573913574219
1542085200,45.60981750488281,99.40080261230469
1542171600,44.32147979736328,97.99120330810547
1542258000,45.415283203125,100.1476058959961
1542344400,45.91828155517578,101.09048461914062
1542603600,44.09843826293945,97.6644515991211
1542690000,41.99150848388672,94.94792175292969
1542776400,41.94405746459961,96.25482940673828
1542949200,40.87872314453125,96.21749877929688
1543208400,41.43155288696289,99.39147186279297
1543294800,41.34139633178711,100.01691436767578
1543381200,42.93108367919922,103.73231506347656
1543467600,42.60128402709961,102.86412811279297
1543554000,42.37114715576172,103.5176010131836
1543813200,43.851688385009766,104.63780212402344
1543899600,41.92271423339844,101.30516815185547
1544072400,41.455291748046875,101.9306411743164
1544158800,39.97711944580078,97.85115051269531
1544418000,40.2404899597168,100.43701171875
1544504400,40.01033401489258,101.3705062866211
1544590800,40.12184524536133,101.82796478271484
1544677200,40.56079864501953,102.17332458496094
1544763600,39.26294708251953,98.98070526123047
1545022800,38.89754867553711,96.04947662353516
1545109200,39.4029426574707,97.05767822265625
1545195600,38.17388153076172,96.79627990722656
1545282000,37.210594177246094,94.76123046875
1545368400,35.76325607299805,91.69927978515625
1545627600,34.83791732788086,87.87187957763672
1545800400,37.291255950927734,93.87437438964844
1545886800,37.04924011230469,94.45316314697266
1545973200,37.0682258605957,93.71568298339844
1546232400,37.42649841308594,94.8172378540039
1546405200,37.46919250488281,94.39714813232422
1546491600,33.73698806762695,90.9244613647461
1546578000,35.177207946777344,95.1532974243164
1546837200,35.09890365600586,95.27465057373047
1546923600,35.76799774169922,95.96546173095703
1547010000,36.37540817260742,97.33773040771484
1547096400,36.491676330566406,96.71224212646484
1547182800,36.13338088989258,95.96546173095703
1547442000,35.59003829956055,95.26532745361328
1547528400,36.31846237182617,98.02850341796875
1547614800,36.76215744018555,98.37390899658203
1547701200,36.980430603027344,99.06473541259766
1547787600,37.20821762084961,100.54901123046875
1548133200,36.37302780151367,98.65398406982422
1548219600,36.520137786865234,99.6155014038086
1548306000,36.23066711425781,99.13938903808594
1548392400,37.43124008178711,100.044921875
1548651600,37.0848274230957,98.0938949584961
1548738000,36.70045471191406,96.09615325927734
1548824400,39.20836639404297,99.30743408203125
1548910800,39.49072265625,97.48709106445312
1548997200,39.50969314575195,95.94677734375
1549256400,40.63197708129883,98.70999145507812
1549342800,41.32716369628906,100.09159851074219
1549429200,41.34139633178711,98.98070526123047
1549515600,40.55842971801758,98.271240234375
1549602000,40.606075286865234,98.64464569091797
1549861200,40.372554779052734,98.25257110595703
1549947600,40.720462799072266,99.78353881835938
1550034000,40.55127716064453,99.7088394165039
1550120400,40.699012756347656,99.79287719726562
1550206800,40.60846710205078,101.0251235961914
1550552400,40.72998809814453,100.97843170166016
1550638800,40.99209976196289,100.45343780517578
1550725200,40.76095962524414,102.57219696044922
1550811600,41.21607971191406,104.03469848632812
1551070800,41.51633071899414,104.61592102050781
1551157200,41.540157318115234,105.33781433105469
1551243600,41.66883087158203,105.15970611572266
1551330000,41.25897979736328,105.02845001220703
1551416400,41.69266128540039,105.49720001220703
1551675600,41.902347564697266,105.24406433105469
1551762000,41.82609558105469,104.71907806396484
1551848400,41.585426330566406,104.76594543457031
1551934800,41.10409164428711,103.4909439086914
1552021200,41.201786041259766,103.60345458984375
1552276800,42.629119873046875,105.7784423828125
1552363200,43.108062744140625,106.5190658569336
1552449600,43.2986946105957,107.34407043457031
1552536000,43.780033111572266,107.42843627929688
1552622400,44.34952163696289,108.66594696044922
1552881600,44.80227279663086,110.22223663330078
1552968000,44.44721603393555,110.29722595214844
1553054400,44.835628509521484,110.17533111572266
1553140800,46.4869384765625,112.70660400390625
1553227200,45.52426528930664,109.73472595214844
1553486400,44.97384262084961,110.30657196044922
1553572800,44.509178161621094,110.54095458984375
1553659200,44.90949630737305,109.47222900390625
1553745600,44.96907424926758,109.6222152709961
1553832000,45.26215362548828,110.569091796875
1554091200,45.56954574584961,111.58157348632812
1554177600,46.23197555541992,111.74097442626953
1554264000,46.548892974853516,112.47221374511719
1554350400,46.62990951538086,111.90032958984375
1554436800,46.94206237792969,112.39723205566406
1554696000,47.680747985839844,112.43473052978516
1554782400,47.53777313232422,111.82534790039062
1554868800,47.80465316772461,112.678466796875
1554955200,47.406715393066406,112.80973815917969
1555041600,47.38764953613281,113.39096069335938
1555300800,47.47343826293945,113.4847412109375
1555387200,47.478206634521484,113.22220611572266
1555473600,48.40274429321289,114.15973663330078
1555560000,48.57669448852539,115.65972900390625
1555905600,48.73633575439453,116.02533721923828
1555992000,49.43928146362305,117.600341796875
1556078400,49.363037109375,117.19722747802734
1556164800,48.915061950683594,121.07849884033203
1556251200,48.68155288696289,121.77224731445312
1556510400,48.75541305541992,121.65974426269531
1556596800,47.816558837890625,122.43789672851562
1556683200,50.16368103027344,119.88787841796875
1556769600,49.837223052978516,118.32222747802734
1556856000,50.456764221191406,120.84410095214844
1557115200,49.67757034301758,120.1409912109375
1557201600,48.338409423828125,117.67536926269531
1557288000,48.34794616699219,117.6659927368164
1557374400,47.828487396240234,117.65660858154297
1557460800,47.16590118408203,119.18474578857422
1557720000,44.42462921142578,115.6409912109375
1557806400,45.12788772583008,116.93475341796875
1557892800,45.66849136352539,118.58145141601562
1557979200,45.46757125854492,121.31967163085938
1558065600,45.2092170715332,120.51045227050781
1558324800,43.795536041259766,118.76962280273438
1558411200,44.635135650634766,119.40950012207031
1558497600,43.721378326416016,120.13404083251953
1558584000,42.97507858276367,118.73199462890625
1558670400,42.81001663208008,118.78844451904297
1559016000,42.63301086425781,118.71318054199219
1559102400,42.4296875,117.5652084350586
1559188800,42.64976501464844,118.30854797363281
1559275200,41.877132415771484,116.37955474853516
1559534400,41.453739166259766,112.7662124633789
1559620800,42.97028350830078,115.89026641845703
1559707200,43.663970947265625,118.40264892578125
1559793600,44.305023193359375,120.27520751953125
1559880000,45.48430252075195,123.64386749267578
1560139200,46.06556701660156,124.7730484008789
1560225600,46.5989875793457,124.30258178710938
1560312000,46.45067596435547,123.72857666015625
1560398400,46.44111633300781,124.50959014892578
1560484800,46.10382843017578,124.63188171386719
1560744000,46.37892150878906,125.00827026367188
1560830400,47.469688415527344,127.18193054199219
1560916800,47.3309440612793,127.68069458007812
1561003200,47.71126937866211,128.8662872314453
1561089600,47.548614501953125,128.8850860595703
1561348800,47.50077819824219,129.6472930908203
1561435200,46.78078079223633,125.5540542602539
1561521600,47.79261016845703,126.0245132446289
1561608000,47.77824783325195,126.23155975341797
1561694400,47.34290313720703,126.0527572631836
1561953600,48.211212158203125,127.67119598388672
1562040000,48.49345779418945,128.51812744140625
1562126400,48.895328521728516,129.34619140625
1562299200,48.852272033691406,128.9698028564453
1562558400,47.84523391723633,128.87564086914062
1562644800,48.13705825805664,128.4052276611328
1562731200,48.61306381225586,129.71319580078125
1562817600,48.259056091308594,130.23068237304688
1562904000,48.62980651855469,130.70114135742188
1563163200,49.08669662475586,130.70114135742188
1563249600,48.91685104370117,128.9886016845703
1563336000,48.64177703857422,128.22645568847656
1563422400,49.1943359375,128.3675994873047
1563508800,48.459964752197266,128.55575561523438
1563768000,49.5674934387207,130.2589111328125
1563854400,49.954994201660156,131.0681610107422
1563940800,49.91432189941406,132.41375732421875
1564027200,49.5196418762207,131.91502380371094
1564113600,49.69187545776367,132.99716186523438
1564372800,50.15591812133789,132.70545959472656
1564459200,49.94062805175781,132.06561279296875
1564545600,50.95963668823242,128.22645568847656
1564632000,49.85691833496094,129.91079711914062
1564718400,48.802040100097656,128.81922912597656
1564977600,46.24736022949219,124.40608215332031
1565064000,47.12283706665039,126.73971557617188
1565150400,47.61081314086914,127.29483795166016
1565236800,48.66090393066406,130.69175720214844
1565323200,48.259918212890625,129.5814666748047
1565582400,48.13745880126953,127.77469635009766
1565668800,50.176002502441406,130.41888427734375
1565755200,48.68251419067383,126.49137115478516
1565841600,48.439998626708984,126.2081527709961
1565928000,49.58293151855469,128.521240234375
1566187200,50.50736618041992,130.67379760742188
1566273600,50.50975799560547,129.5880584716797
1566360000,51.05720901489258,131.0325469970703
1566446400,51.01399230957031,130.0789794921875
1566532800,48.656105041503906,125.9344253540039
1566792000,49.580535888671875,127.8792724609375
1566878400,49.02106857299805,128.15306091308594
1566964800,49.35002136230469,127.9830551147461
1567051200,50.185611724853516,130.40000915527344
1567137600,50.12078857421875,130.15451049804688
1567483200,49.390846252441406,128.43626403808594
1567569600,50.228824615478516,129.93740844726562
1567656000,51.210880279541016,132.2221221923828
1567742400,51.20608139038086,131.32518005371094
1568001600,51.42458724975586,129.8335418701172
1568088000,52.03206253051758,128.4739990234375
1568174400,53.686431884765625,128.5117645263672
1568260800,53.56637954711914,129.8335418701172
1568347200,52.5242919921875,129.6446990966797
1568606400,52.80042266845703,128.7100372314453
1568692800,52.99250030517578,129.7107696533203
1568779200,53.489532470703125,130.7776641845703
1568865600,53.05493927001953,133.18515014648438
1568952000,52.27937316894531,131.64622497558594
1569211200,52.51708984375,131.3629913330078
1569297600,52.267364501953125,129.70135498046875
1569384000,53.071739196777344,131.57073974609375
1569470400,52.79802703857422,131.74058532714844
1569556800,52.541099548339844,130.03179931640625
1569816000,53.777679443359375,131.25912475585938
1569902400,53.926544189453125,129.40867614746094
1569988800,52.5747184753418,127.12393188476562
1570075200,53.02132797241211,128.66285705566406
1570161600,54.50762176513672,130.40000915527344
1570420800,54.51961135864258,129.45590209960938
1570507200,53.88092803955078,128.08692932128906
1570593600,54.51240539550781,130.5133056640625
1570680000,55.24715805053711,131.32518005371094
1570766400,56.71664047241211,131.87277221679688
1571025600,56.634986877441406,131.75003051757812
1571112000,56.5029411315918,133.65716552734375
1571198400,56.27482986450195,132.5619659423828
1571284800,56.49332809448242,131.8822479248047
1571371200,56.764652252197266,129.7296905517578
1571630400,57.749107360839844,130.69268798828125
1571716800,57.61703872680664,128.747802734375
1571803200,58.390201568603516,129.56918334960938
1571889600,58.48624038696289,132.11830139160156
1571976000,59.20658874511719,132.8640899658203
1572235200,59.799659729003906,136.1306915283203
1572321600,58.416622161865234,134.8467559814453
1572408000,58.409420013427734,136.5272216796875
1572494400,59.730037689208984,135.35653686523438
1572580800,61.42522048950195,135.68701171875
1572843600,61.82859420776367,136.4706268310547
1572930000,61.73976135253906,136.38563537597656
1573016400,61.76615905761719,136.0079803466797
1573102800,62.47902297973633,136.19676208496094
1573189200,62.6500244140625,137.80178833007812
1573448400,63.14614486694336,137.94338989257812
1573534800,63.08832931518555,138.8497314453125
1573621200,63.69282531738281,139.07630920410156
1573707600,63.252105712890625,139.78440856933594
1573794000,64.00350189208984,141.58767700195312
1574053200,64.32621765136719,141.93698120117188
1574139600,64.13114929199219,141.9842071533203
1574226000,63.38456726074219,141.73785400390625
1574312400,63.10035705566406,141.60528564453125
1574398800,63.044986724853516,141.70945739746094
1574658000,64.150390625,143.26309204101562
1574744400,63.64947509765625,144.0209197998047
1574830800,64.50443267822266,144.29568481445312
1575003600,64.36233520507812,143.40518188476562
1575262800,63.6181526184082,141.67160034179688
1575349200,62.48384475708008,141.44422912597656
1575435600,63.035369873046875,141.95578002929688
1575522000,63.96012496948242,142.0315704345703
1575608400,65.19560241699219,143.75570678710938
1575867600,64.2828598022461,143.38621520996094
1575954000,64.65858459472656,143.1683349609375
1576040400,65.2100601196289,143.7082977294922
1576126800,65.3762435913086,145.16717529296875
1576213200,66.26492309570312,146.38922119140625
1576472400,67.39920806884766,147.33653259277344
1576558800,67.53168487548828,146.54080200195312
1576645200,67.37031555175781,146.23764038085938
1576731600,67.43777465820312,147.507080078125
1576818000,67.29808044433594,149.1175079345703
1577077200,68.3962631225586,149.1175079345703
1577163600,68.4612808227539,149.0890655517578
1577336400,69.81959533691406,150.31114196777344
1577422800,69.79309844970703,150.58584594726562
1577682000,70.20733642578125,149.28797912597656
1577768400,70.72029876708984,149.39222717285156
1577941200,72.3338851928711,152.15841674804688
1578027600,71.63063049316406,150.2637481689453
1578286800,72.20140075683594,150.6521453857422
1578373200,71.86185455322266,149.27854919433594
1578459600,73.01783752441406,151.65628051757812
1578546000,74.56878662109375,153.5509490966797
1578632400,74.73737335205078,152.84046936035156
1578891600,76.33409118652344,154.67828369140625
1578978000,75.30331420898438,153.58883666992188
1579064400,74.98062133789062,154.5835723876953
1579150800,75.91983795166016,157.416015625
1579237200,76.76036071777344,158.2970428466797
1579582800,76.24017333984375,157.72862243652344
1579669200,76.5123062133789,156.97076416015625
1579755600,76.88078308105469,157.9370574951172
1579842000,76.65924072265625,156.3455352783203
1580101200,74.40503692626953,153.73092651367188
1580187600,76.50990295410156,156.74343872070312
1580274000,78.11144256591797,159.18748474121094
1580360400,77.99825286865234,163.67779541015625
1580446800,74.53988647460938,161.26210021972656
1580706000,74.3351821899414,165.1934814453125
1580792400,76.78924560546875,170.63108825683594
1580878800,77.4154281616211,170.4227294921875
1580965200,78.32093811035156,173.95623779296875
1581051600,77.25636291503906,174.20248413085938
1581310800,77.62330627441406,178.75914001464844
1581397200,77.15497589111328,174.72352600097656
1581483600,78.98723602294922,174.97933959960938
1581570000,78.42474365234375,174.03199768066406
1581656400,78.44408416748047,175.5856170654297
1582002000,77.00772094726562,177.36656188964844
1582088400,78.12298583984375,177.89849853515625
1582174800,77.32154083251953,175.18174743652344
1582261200,75.57136535644531,169.643798828125
1582520400,71.98169708251953,162.32955932617188
1582606800,69.54352569580078,159.65087890625
1582693200,70.64674377441406,161.6455841064453
1582779600,66.02870178222656,150.25625610351562
1582866000,65.99005126953125,153.8943634033203
1583125200,72.1337890625,164.13438415527344
1583211600,69.84284973144531,156.26910400390625
1583298000,73.08248138427734,162.00656127929688
1583384400,70.71189880371094,157.9409637451172
1583470800,69.77287292480469,153.47640991210938
1583726400,64.25438690185547,143.0749053955078
1583812800,68.88208770751953,152.8589630126953
1583899200,66.48977661132812,145.93414306640625
1583985600,59.923587799072266,132.09402465820312
1584072000,67.1029052734375,150.87364196777344
1584331200,58.470340728759766,128.63632202148438
1584417600,61.041290283203125,139.2278289794922
1584504000,59.5469970703125,133.36688232421875
1584590400,59.09074401855469,135.5611572265625
1584676800,55.3393440246582,130.46966552734375
1584936000,54.1636962890625,129.16835021972656
1585022400,59.59770584106445,140.9091339111328
1585108800,59.269386291503906,139.56027221679688
1585195200,62.38832092285156,148.2899169921875
1585281600,59.8052978515625,142.20101928710938
1585540800,61.51203155517578,152.20352172851562
1585627200,61.38649368286133,149.80978393554688
1585713600,58.15652084350586,144.4903564453125
1585800000,59.126956939697266,147.48248291015625
1585886400,58.2772216796875,146.1241455078125
1586145600,63.361175537109375,156.9910888671875
1586232000,62.62729263305664,155.30023193359375
1586318400,64.2302474975586,156.85804748535156
1586404800,64.69371795654297,156.86761474609375
1586750400,65.96349334716797,157.21902465820312
1586836800,69.29486083984375,164.99880981445312
1586923200,68.66238403320312,163.26995849609375
1587009600,69.20793914794922,168.17147827148438
1587096000,68.26891326904297,169.65328979492188
1587355200,66.85187530517578,166.2906494140625
1587441600,64.78545379638672,159.41329956054688
1587528000,66.6515121459961,164.82781982421875
1587614400,66.3932113647461,162.83299255371094
1587700800,68.3099594116211,165.80624389648438
1587960000,68.35823822021484,165.33123779296875
1588046400,67.25017547607422,161.30364990234375
1588132800,69.45903015136719,168.54188537597656
1588219200,70.92434692382812,170.2327880859375
1588305600,69.78250885009766,165.8251953125
1588564800,70.76984405517578,169.88131713867188
1588651200,71.83200073242188,171.70510864257812
1588737600,72.5731430053711,173.39596557617188
1588824000,73.32390594482422,174.40284729003906
1588910400,75.06912994384766,175.42872619628906
1589169600,76.25037384033203,177.38558959960938
1589256000,75.37898254394531,173.36744689941406
1589342400,74.46881103515625,170.74571228027344
1589428800,74.92631530761719,171.48658752441406
1589515200,74.48335266113281,173.98489379882812
1589774400,76.2382583618164,175.64723205566406
1589860800,75.7977294921875,174.4313507080078
1589947200,77.27184295654297,176.85084533691406
1590033600,76.6957778930664,174.7266082763672
1590120000,77.18956756591797,174.8028564453125
1590465600,76.66668701171875,172.9549102783203
1590552000,77.00074005126953,173.18353271484375
1590638400,77.03462982177734,172.79295349121094
1590724800,76.95960235595703,174.55516052246094
1590984000,77.90604400634766,174.15512084960938
1591070400,78.26669311523438,176.1364288330078
1591156800,78.69754791259766,176.56507873535156
1591243200,78.01981353759766,174.24081420898438
1591329600,80.24189758300781,178.3177490234375
1591588800,80.71632385253906,179.4227752685547
1591675200,83.26516723632812,180.79440307617188
1591761600,85.40737915039062,187.5003662109375
1591848000,81.30693054199219,177.43190002441406
1591934400,82.00889587402344,178.8321533203125
1592193600,83.02311706542969,179.97520446777344
1592280000,85.22344207763672,184.38546752929688
1592366400,85.10480499267578,185.0237579345703
1592452800,85.13871002197266,187.00503540039062
1592539200,84.65216827392578,185.89056396484375
1592798400,86.86698913574219,191.0534210205078
1592884800,88.72113037109375,192.32981872558594
1592971200,87.155029296875,188.4529266357422
1593057600,88.31205749511719,190.8343048095703
1593144000,85.59861755371094,187.01455688476562
1593403200,87.57135009765625,189.02444458007812
1593489600,88.30237579345703,193.85386657714844
1593576000,88.1353530883789,194.9874267578125
1593662400,88.1353530883789,196.47341918945312
1594008000,90.49300384521484,200.70274353027344
1594094400,90.21220397949219,198.36898803710938
1594180800,92.31327056884766,202.731689453125
1594267200,92.71025085449219,204.15098571777344
1594353600,92.87240600585938,203.53176879882812
1594612800,92.44397735595703,197.2449951171875
1594699200,93.97377014160156,198.46424865722656
1594785600,94.62007141113281,198.16893005371094
1594872000,93.45577239990234,194.2444305419922
1594958400,93.26698303222656,193.25376892089844
1595217600,95.23246002197266,201.56005859375
1595304000,93.91809844970703,198.8452606201172
1595390400,94.18193054199219,201.7029266357422
1595476800,89.8951187133789,192.92990112304688
1595563200,89.67241668701172,191.74876403808594
1595822400,91.79769897460938,194.17774963378906
1595908800,90.28968811035156,192.43458557128906
1595995200,92.02037811279297,194.37783813476562
1596081600,93.13385009765625,194.22535705566406
1596168000,102.8838882446289,195.28268432617188
1596427200,105.47633361816406,206.26565551757812
1596513600,106.18072509765625,203.16983032226562
1596600000,106.56559753417969,202.83642578125
1596686400,110.28358459472656,206.08465576171875
1596772800,107.77619171142578,202.3982391357422
1597032000,109.34270477294922,198.36898803710938
1597118400,106.09085083007812,193.73007202148438
1597204800,109.61671447753906,199.264404296875
1597291200,111.55665588378906,198.797607421875
1597377600,111.45723724365234,198.9881134033203
1597636800,111.16625213623047,200.3026580810547
1597723200,112.09258270263672,201.45523071289062
1597809600,112.23323822021484,200.2330322265625
1597896000,114.72362518310547,204.89276123046875
1597982400,120.6356430053711,203.4031982421875
1598241600,122.07846069335938,204.0429229736328
1598328000,121.07695007324219,206.69737243652344
1598414400,122.72346496582031,211.16610717773438
1598500800,121.25640106201172,216.35098266601562
1598587200,121.05998229980469,218.57582092285156
1598846400,125.16536712646484,215.34841918945312
1598932800,130.1510467529297,217.0098419189453
1599019200,127.45451354980469,221.19210815429688
1599105600,117.25043487548828,207.4899139404297
1599192000,117.3280258178711,204.57763671875
1599537600,109.43243408203125,193.51087951660156
1599624000,113.79729461669922,201.75123596191406
1599710400,110.0822982788086,196.0985107421875
1599796800,108.6370620727539,194.8190155029297
1600056000,111.89614868164062,196.13673400878906
1600142400,112.07076263427734,199.35459899902344
1600228800,108.76314544677734,195.79296875
1600315200,107.02690887451172,193.7495574951172
1600401600,103.63198852539062,191.34335327148438
1600660800,106.77470397949219,193.3962860107422
1600747200,108.45275115966797,198.0559844970703
1600833600,103.90359497070312,191.5342559814453
1600920000,104.97056579589844,194.01695251464844
1601006400,108.90863037109375,198.43792724609375
1601265600,111.50817108154297,199.9847869873047
1601352000,110.6642837524414,197.90322875976562
1601438400,112.3326416015625,200.8345947265625
1601524800,113.2832260131836,202.8684539794922
1601611200,109.62641906738281,196.88150024414062
1601870400,113.00192260742188,200.88235473632812
1601956800,109.76223754882812,196.61415100097656
1602043200,111.62458038330078,200.35716247558594
1602129600,111.51787567138672,201.07333374023438
1602216000,113.45779418945312,206.06719970703125
1602475200,120.66471862792969,211.4048614501953
1602561600,117.46379089355469,212.7989501953125
1602648000,117.55111694335938,210.8892059326172
1602734400,117.08551025390625,209.74343872070312
1602820800,115.4462661743164,209.74343872070312
1603080000,112.49754333496094,204.5489959716797
1603166400,113.98161315917969,204.95953369140625
1603252800,113.36082458496094,205.102783203125
1603339200,112.27445983886719,205.18870544433594
1603425600,111.58578491210938,206.46824645996094
1603684800,111.595458984375,200.5959014892578
1603771200,113.09891510009766,203.62274169921875
1603857600,107.86105346679688,193.52993774414062
1603944000,111.85736083984375,195.47784423828125
1604030400,105.59133911132812,193.32943725585938
1604293200,105.5040283203125,193.1957550048828
1604379600,107.12389373779297,197.11068725585938
1604466000,111.49845886230469,206.62103271484375
1604552400,115.4559555053711,213.2095489501953
1604638800,115.32481384277344,213.6201171875
1604898000,113.02201080322266,208.53074645996094
1604984400,112.68190002441406,201.4839630126953
1605070800,116.10210418701172,206.77381896972656
1605157200,115.83003997802734,205.71392822265625
1605243600,115.87863159179688,206.735595703125
1605502800,116.88915252685547,207.42312622070312
1605589200,116.00495910644531,204.77818298339844
1605675600,114.68351745605469,202.07839965820312
1605762000,115.2762222290039,203.36126708984375
1605848400,114.01306915283203,201.4178924560547
1606107600,110.62202453613281,201.14976501464844
1606194000,111.90458679199219,204.73983764648438
1606280400,112.74020385742188,204.7494354248047
1606453200,113.2843246459961,206.05142211914062
1606712400,115.6745834350586,204.94090270996094
1606798800,119.24054718017578,206.98965454101562
1606885200,119.59031677246094,206.18545532226562
1606971600,119.45429992675781,205.10365295410156
1607058000,118.78387451171875,205.21852111816406
1607317200,120.24134063720703,205.1515350341797
1607403600,120.85345458984375,206.7981719970703
1607490000,118.32718658447266,202.76773071289062
1607576400,119.74578857421875,201.54229736328125
1607662800,118.93933868408203,204.1654510498047
1607922000,118.32718658447266,205.0653839111328
1608008400,124.25423431396484,204.9983367919922
1608094800,124.18622589111328,209.92874145507812
1608181200,125.05097961425781,210.062744140625
1608267600,123.06883239746094,209.2681427001953
1608526800,124.59430694580078,213.09756469726562
1608613200,128.14077758789062,214.3900146484375
1608699600,127.24691009521484,211.59454345703125
1608786000,128.22828674316406,213.2507781982422
1609131600,132.814453125,215.36651611328125
1609218000,131.04605102539062,214.59104919433594
1609304400,129.9286651611328,212.2263641357422
1609390800,128.92788696289062,212.93482971191406
1609736400,125.7408447265625,208.4065704345703
1609822800,127.29545593261719,208.60755920410156
1609909200,123.01050567626953,203.1985321044922
1609995600,127.20802307128906,208.98094177246094
1610082000,128.30599975585938,210.25424194335938
1610341200,125.32304382324219,208.21507263183594
1610427600,125.14815521240234,205.7642364501953
1610514000,127.17890930175781,207.11410522460938
1610600400,125.2550277709961,203.93569946289062
1610686800,123.53520202636719,203.58143615722656
1611032400,124.20565032958984,207.20985412597656
1611118800,128.2865447998047,214.77293395996094
1611205200,132.9893341064453,215.37608337402344
1611291600,135.12698364257812,216.31427001953125
1611550800,138.86782836914062,219.74156188964844
1611637200,139.1010284423828,222.42218017578125
1611723600,138.0321807861328,222.9678955078125
1611810000,133.2030487060547,228.74072265625
1611896400,128.21856689453125,222.0679931640625
1612155600,130.33673095703125,229.43003845214844
1612242000,131.1626739501953,229.2960205078125
1612328400,130.1424102783203,232.63717651367188
1612414800,133.4945831298828,231.68939208984375
1612501200,133.08102416992188,231.87132263183594
1612760400,133.22694396972656,232.12979125976562
1612846800,132.35121154785156,233.3743438720703
1612933200,131.74786376953125,232.46485900878906
1613019600,131.49488830566406,234.0636444091797
1613106000,131.72845458984375,234.54232788085938
1613451600,129.60704040527344,233.3073272705078
1613538000,127.32024383544922,234.324462890625
1613624400,126.22073364257812,233.93104553222656
1613710800,126.3763656616211,231.2250518798828
1613970000,122.61048889160156,225.02633666992188
1614056400,122.47425079345703,223.8365020751953
1614142800,121.97795104980469,225.06471252441406
1614229200,117.73526000976562,219.72952270507812
1614315600,117.99798583984375,222.982421875
1614574800,124.35231018066406,227.35804748535156
1614661200,121.75415802001953,224.41220092773438
1614747600,118.77647399902344,218.35739135742188
1614834000,116.89837646484375,217.56094360351562
1614920400,118.15367889404297,222.23402404785156
1615179600,113.22980499267578,218.1942596435547
1615266000,117.83255767822266,224.32583618164062
1615352400,116.7524185180664,223.0208282470703
1615438800,118.67915344238281,227.54039001464844
1615525200,117.77417755126953,226.21617126464844
1615780800,120.65455627441406,225.31419372558594
1615867200,122.19203186035156,228.0969696044922
1615953600,121.40383911132812,227.4539794921875
1616040000,117.2876205444336,221.38954162597656
1616126400,116.76214599609375,221.0345458984375
1616385600,120.07070922851562,226.44647216796875
1616472000,119.24353790283203,227.97215270996094
1616558400,116.85946655273438,225.9379425048828
1616644800,117.34599304199219,222.94407653808594
1616731200,117.9493408203125,226.91664123535156
1616990400,118.12449645996094,225.726806640625
1617076800,116.67456817626953,222.473876953125
1617163200,118.86402893066406,226.23536682128906
1617249600,119.69117736816406,232.54925537109375
1617595200,122.51317596435547,238.99749755859375
1617681600,122.81481170654297,237.83645629882812
1617768000,124.45936584472656,239.79393005371094
1617854400,126.85320281982422,243.0084991455078
1617940800,129.42214965820312,245.50332641601562
1618200000,127.70954132080078,245.5608673095703
1618286400,130.813720703125,248.03656005859375
1618372800,128.4782257080078,245.25384521484375
1618459200,130.8818359375,249.00572204589844
1618545600,130.55099487304688,250.19557189941406
1618804800,131.212646484375,248.27642822265625
1618891200,129.5292205810547,247.8158721923828
1618977600,129.90872192382812,250.0420379638672
1619064000,128.3906707763672,246.76998901367188
1619150400,130.70668029785156,250.58900451660156
1619409600,131.09593200683594,250.9728546142578
1619496000,130.77476501464844,251.37586975097656
1619582400,129.98660278320312,244.26551818847656
1619668800,129.88925170898438,242.2983856201172
1619755200,127.92359924316406,241.9817657470703
1620014400,128.97454833984375,241.67469787597656
1620100800,124.41072082519531,237.76925659179688
1620187200,124.65400695800781,236.50265502929688
1620273600,126.24987030029297,239.63079833984375
1620360000,126.92243957519531,242.25039672851562
1620619200,123.64727020263672,237.1839141845703
1620705600,122.73103332519531,236.27235412597656
1620792000,119.67030334472656,229.33474731445312
1620878400,121.81473541259766,233.2017364501953
1620964800,124.23214721679688,238.11468505859375
1621224000,123.08192443847656,235.2648162841797
1621310400,121.69776916503906,233.2497100830078
1621396800,121.54181671142578,233.8267822265625
1621483200,124.09565734863281,237.05838012695312
1621569600,122.26313018798828,235.7984619140625
1621828800,123.89096069335938,241.1940155029297
1621915200,123.69602966308594,242.0980987548828
1622001600,123.64727020263672,241.87684631347656
1622088000,122.11691284179688,239.78016662597656
1622174400,121.4638442993164,240.13604736328125
1622520000,121.14215850830078,237.9431915283203
1622606400,121.90245056152344,237.84703063964844
1622692800,120.42085266113281,236.31784057617188
1622779200,122.7115249633789,241.20364379882812
1623038400,122.72127532958984,244.10818481445312
1623124800,123.5400619506836,242.9156036376953
1623211200,123.92021179199219,243.8966064453125
1623297600,122.92597198486328,247.40707397460938
1623384000,124.1346435546875,248.03228759765625
1623643200,127.18563079833984,249.95578002929688
1623729600,126.36686706542969,248.48423767089844
1623816000,126.86394500732422,247.54171752929688
1623902400,128.46250915527344,250.92715454101562
1623988800,127.1661376953125,249.51341247558594
1624248000,128.95968627929688,252.59104919433594
1624334400,130.5972442626953,255.36099243164062
1624420800,130.32432556152344,255.1301727294922
1624507200,130.04165649414062,256.4958801269531
1624593600,129.74923706054688,254.88967895507812
1624852800,131.37705993652344,258.4482116699219
1624939200,132.88790893554688,261.02581787109375
1625025600,133.5020294189453,260.54486083984375
1625112000,133.80419921875,261.2181701660156
1625198400,136.42628479003906,267.0369567871094
1625544000,138.4342498779297,267.0465393066406
1625630400,140.91990661621094,269.2298583984375
1625716800,139.6234893798828,266.81573486328125
1625803200,141.44625854492188,267.3158264160156
1626062400,140.85165405273438,266.71954345703125
1626148800,141.96287536621094,270.2396240234375
1626235200,145.3842315673828,271.71112060546875
1626321600,144.73117065429688,270.28778076171875
1626408000,142.69395446777344,270.0184631347656
1626667200,138.85342407226562,266.42138671875
1626753600,142.45999145507812,268.64306640625
1626840000,141.72889709472656,270.6435546875
1626926400,143.0935821533203,275.2024230957031
1627012800,144.80911254882812,278.5974426269531
1627272000,145.2283172607422,278.0010986328125
1627358400,143.06436157226562,275.5871276855469
1627444800,141.31951904296875,275.27935791015625
1627531200,141.96287536621094,275.54864501953125
1627617600,142.1773223876953,274.0194091796875
1627876800,141.84593200683594,273.932861328125
1627963200,143.6394500732422,276.1448974609375
1628049600,143.2397918701172,275.5582580566406
1628136000,143.34703063964844,278.4532775878906
1628222400,142.66368103027344,278.3953857421875
1628481600,142.61485290527344,277.30865478515625
1628568000,142.13653564453125,275.4909362792969
1628654400,142.39035034179688,275.9814147949219
1628740800,145.34823608398438,278.7321472167969
1628827200,145.55322265625,281.6559143066406
1629086400,147.5251922607422,283.3390197753906
1629172800,146.61737060546875,281.8770751953125
1629259200,142.8784637451172,280.15228271484375
1629345600,143.21034240722656,285.9725036621094
1629432000,144.6649169921875,293.28631591796875
1629691200,146.1487579345703,293.5657653808594
1629777600,146.06088256835938,291.609619140625
1629864000,144.8308563232422,291.0218811035156
1629950400,144.03038024902344,288.2080383300781
1630036800,145.065185546875,288.8151550292969
1630296000,149.47764587402344,292.54443359375
1630382400,148.2183074951172,290.8965759277344
1630468800,148.88214111328125,290.848388671875
1630555200,149.99502563476562,290.19305419921875
1630641600,150.6295623779297,290.1835632324219
1630987200,152.96273803710938,289.2584228515625
1631073600,151.42031860351562,289.28729248046875
1631160000,150.405029296875,286.43499755859375
1631246400,145.4263458251953,284.9510498046875
1631505600,145.99258422851562,286.1844482421875
1631592000,144.59657287597656,288.88262939453125
1631678400,145.48495483398438,293.7296447753906
1631764800,145.25059509277344,294.1150207519531
1631851200,142.58555603027344,288.959716796875
1632110400,139.53977966308594,283.59228515625
1632196800,140.01817321777344,284.0740966796875
1632283200,142.3805694580078,287.7165832519531
1632369600,143.33724975585938,288.660888671875
1632456000,143.4251251220703,288.45855712890625
1632715200,141.91200256347656,283.4671325683594
1632801600,138.5343017578125,273.2045593261719
1632888000,139.43243408203125,273.6670837402344
1632974400,138.13404846191406,271.6628112792969
1633060800,139.2566680908203,278.5815124511719
1633320000,135.83018493652344,272.8094787597656
1633406400,137.75331115722656,278.25384521484375
1633492800,138.6221466064453,282.4456481933594
1633579200,139.88143920898438,284.1223449707031
1633665600,139.50076293945312,284.1223449707031
1633924800,139.41290283203125,283.5248718261719
1634011200,138.143798828125,282.2239685058594
1634097600,137.55807495117188,285.52923583984375
1634184000,140.34030151367188,291.7349548339844
1634270400,141.3946075439453,293.1418151855469
1634529600,143.06393432617188,296.10968017578125
1634616000,145.2213592529297,297.0154724121094
1634702400,145.70944213867188,296.2252197265625
1634788800,145.92420959472656,299.4534606933594
1634875200,145.1529998779297,297.9117126464844
1635134400,145.1041717529297,296.91912841796875
1635220800,145.76803588867188,298.8270568847656
1635307200,145.30923461914062,311.41192626953125
1635393600,148.9407196044922,312.5490417480469
1635480000,146.23658752441406,319.5544738769531
1635739200,145.41661071777344,317.3863220214844
1635825600,146.45140075683594,321.00958251953125
1635912000,147.88644409179688,321.8479309082031
1635998400,147.36900329589844,324.19921875
1636084800,147.8969268798828,323.8330383300781
1636347600,147.07571411132812,324.7290954589844
1636434000,147.43740844726562,323.72698974609375
1636520400,144.61207580566406,318.76434326171875
1636606800,144.56320190429688,320.3350830078125
1636693200,146.63580322265625,324.46893310546875
1636952400,146.64553833007812,323.84259033203125
1637038800,147.62318420410156,327.15753173828125
1637125200,150.0574951171875,327.3794860839844
1637211600,154.33956909179688,329.4550476074219
1637298000,156.95962524414062,331.23138427734375
1637557200,157.41915893554688,328.0649719238281
1637643600,157.80043029785156,325.9893493652344
1637730000,158.31854248046875,326.2113342285156
1637902800,153.3032684326172,318.2662658691406
1638162000,156.6565704345703,324.9756774902344
1638248400,161.60342407226562,319.1448059082031
1638334800,161.08523559570312,318.6523742675781
1638421200,160.09783935546875,318.0828857421875
1638507600,158.22076416015625,311.8272705078125
1638766800,161.6229705810547,314.8970947265625
1638853200,167.3519287109375,323.3249816894531
1638939600,171.1646728515625,323.3731994628906
1639026000,170.6563720703125,321.5679016113281
1639112400,175.43698120117188,330.68115234375
1639371600,171.80995178222656,327.6498718261719
1639458000,170.43150329589844,316.9727478027344
1639544400,175.2903289794922,323.0642395019531
1639630800,168.4077606201172,313.65179443359375
1639717200,167.31280517578125,312.58984375
1639976400,165.95387268066406,308.8345947265625
1640062800,169.12147521972656,315.9590759277344
1640149200,171.71218872070312,321.6644287109375
1640235600,172.33786010742188,323.1028747558594
1640581200,176.2972869873047,330.5942077636719
1640667600,175.28054809570312,329.43572998046875
1640754000,175.36856079101562,330.11151123046875
1640840400,174.21490478515625,327.5725402832031
1640926800,173.59902954101562,324.67645263671875
1641186000,177.9397430419922,323.1607971191406
1641272400,175.68138122558594,317.6194763183594
1641358800,171.0082550048828,305.42669677734375
1641445200,168.15359497070312,303.01336669921875
1641531600,168.31979370117188,303.16778564453125
1641790800,168.33934020996094,303.389892578125
1641877200,171.1646728515625,304.07525634765625
1641963600,171.6046600341797,307.2513427734375
1642050000,168.33934020996094,294.24761962890625
1642136400,169.1996612548828,299.4607238769531
1642482000,166.00279235839844,292.17205810546875
1642568400,162.5126190185547,292.82861328125
1642654800,160.8310546875,291.158447265625
1642741200,158.77804565429688,285.7812805175781
1643000400,158.00570678710938,286.1094970703125
1643086800,156.20684814453125,278.5022888183594
1643173200,156.1188201904297,286.4377136230469
1643259600,155.6593780517578,289.45941162109375
1643346000,166.52093505859375,297.587890625
1643605200,170.87139892578125,300.2137145996094
1643691600,170.70521545410156,298.070556640625
1643778000,171.90768432617188,302.6077880859375
1643864400,169.03343200683594,290.8204650878906
1643950800,168.74957275390625,295.34820556640625
1644210000,168.0349578857422,290.53094482421875
1644296400,171.13804626464844,294.0159606933594
1644382800,172.55743408203125,300.43572998046875
1644469200,168.48532104492188,291.9114074707031
1644555600,165.07876586914062,284.8255615234375
1644814800,165.31369018554688,284.7869567871094
1644901200,169.14112854003906,290.067626953125
1644987600,168.9062042236328,289.72900390625
1645074000,165.31369018554688,281.24517822265625
1645160400,163.76707458496094,278.5365295410156
1645506000,160.84999084472656,278.33331298828125
1645592400,156.68975830078125,271.1263122558594
1645678800,159.30337524414062,284.9792175292969
1645765200,161.36883544921875,287.6103820800781
1646024400,161.6331024169922,289.0421142578125
1646110800,159.75367736816406,285.32745361328125
1646197200,163.0426788330078,290.3964538574219
1646283600,162.7196807861328,286.2658386230469
1646370000,159.7242889404297,280.4034729003906
1646629200,155.93605041503906,269.81072998046875
1646715600,154.11524963378906,266.8505859375
1646802000,159.50892639160156,279.087890625
1646888400,155.17247009277344,276.27276611328125
1646974800,151.46250915527344,270.932861328125
1647230400,147.43930053710938,267.4212951660156
1647316800,151.8148956298828,277.78192138671875
1647403200,156.21986389160156,284.7857971191406
1647489600,157.2281036376953,285.588623046875
1647576000,160.51718139648438,290.62860107421875
1647835200,161.8876190185547,289.4001159667969
1647921600,165.25497436523438,294.1402587890625
1648008000,166.6156463623047,289.71929931640625
1648094400,170.39410400390625,294.1789245605469
1648180800,171.0303497314453,293.7725830078125
1648440000,171.8917999267578,300.5635986328125
1648526400,175.18084716796875,305.1199645996094
1648612800,174.01596069335938,303.6205139160156
1648699200,170.92271423339844,298.2515563964844
1648785600,170.62904357910156,299.3254089355469
1649044800,174.67184448242188,304.69427490234375
1649131200,171.3632049560547,300.7377624511719
1649217600,168.20140075683594,289.72900390625
1649304000,168.5048370361328,291.5379943847656
1649390400,166.4981689453125,287.2815856933594
1649649600,162.24978637695312,275.9535827636719
1649736000,164.11947631835938,272.8579406738281
1649822400,166.80160522460938,278.2366027832031
1649908800,161.7995147705078,270.70074462890625
1650254400,161.58419799804688,271.3681335449219
1650340800,163.8649444580078,275.9922180175781
1650427200,163.6985626220703,277.0177001953125
1650513600,162.90567016601562,271.64874267578125
1650600000,158.3734130859375,265.0899353027344
1650859200,159.44041442871094,271.5616760253906
1650945600,153.48880004882812,261.4042053222656
1651032000,153.26365661621094,273.9801330566406
1651118400,160.18434143066406,280.1810302734375
1651204800,154.3208465576172,268.4660949707031
1651464000,154.6243133544922,275.1893615722656
1651550400,156.11221313476562,272.5870666503906
1651636800,162.51412963867188,280.5196228027344
1651723200,153.45944213867188,268.3016662597656
1651809600,154.1848602294922,265.7671203613281
1652068800,149.06759643554688,255.94825744628906
1652155200,151.46937561035156,260.7076721191406
1652241600,143.61703491210938,252.04966735839844
1652328000,139.7545623779297,247.01934814453125
1652414400,144.21499633789062,252.60116577148438
1652673600,142.6759033203125,252.96868896484375
1652760000,146.3031005859375,258.11517333984375
1652846400,138.0487823486328,246.36328125
1652932800,134.64707946777344,245.45179748535156
1653019200,134.88233947753906,244.88943481445312
1653278400,140.29371643066406,252.7337188720703
1653364800,137.59783935546875,251.73504638671875
1653451200,137.75466918945312,254.5469970703125
1653537600,140.95054626464844,257.82427978515625
1653624000,146.69522094726562,264.9413146972656
1653969600,145.91094970703125,263.6130065917969
1654056000,145.78353881835938,264.1462707519531
1654142400,148.2343292236328,266.2406005859375
1654228800,142.51905822753906,261.81915283203125
1654488000,143.2641143798828,260.58770751953125
1654574400,145.78353881835938,264.223876953125
1654660800,145.04827880859375,262.1972961425781
1654747200,139.83299255371094,256.7480163574219
1654833600,134.43141174316406,245.306396484375
1655092800,129.2847137451172,234.9022674560547
1655179200,130.1473846435547,237.06454467773438
1655265600,132.76486206054688,244.1137237548828
1655352000,127.50053405761719,237.52992248535156
1655438400,128.97100830078125,240.1285400390625
1655784000,133.19618225097656,246.03359985351562
1655870400,132.68643188476562,245.4420928955078
1655956800,135.54896545410156,250.998046875
1656043200,138.8722686767578,259.569580078125
1656302400,138.8722686767578,256.84503173828125
1656388800,134.7352752685547,248.69036865234375
1656475200,136.49008178710938,252.3555908203125
1656561600,134.02947998046875,249.02972412109375
1656648000,136.19595336914062,251.6962127685547
1656993600,138.77420043945312,254.8668670654297
1657080000,140.10745239257812,258.1248474121094
1657166400,143.469970703125,260.2484130859375
1657252800,144.14637756347656,259.53082275390625
1657512000,142.0190887451172,256.4764709472656
1657598400,142.98960876464844,245.96571350097656
1657684800,142.6269073486328,245.04454040527344
1657771200,145.54823303222656,246.36328125
1657857600,147.2147674560547,248.92308044433594
1658116800,144.17579650878906,246.52813720703125
1658203200,148.02845764160156,251.64776611328125
1658289600,150.02830505371094,254.30450439453125
1658376000,152.29286193847656,256.7965087890625
1658462400,151.05763244628906,252.45252990722656
1658721600,149.94007873535156,250.96896362304688
1658808000,148.61669921875,244.2494659423828
1658894400,153.70449829101562,260.5780029296875
1658980800,154.25347900390625,268.01507568359375
1659067200,159.3119659423828,272.2135925292969
1659326400,158.3316192626953,269.5664978027344
1659412800,156.86111450195312,266.4734191894531
1659499200,162.86070251464844,273.8910217285156
1659585600,162.5470428466797,275.03521728515625
1659672000,162.3212432861328,274.31768798828125
1659931200,161.85000610351562,271.8063659667969
1660017600,161.89910888671875,273.7261657714844
1660104000,166.1399688720703,280.37786865234375
1660190400,165.4037322998047,278.302734375
1660276800,168.9475860595703,283.04437255859375
1660536000,170.01760864257812,284.5570068359375
1660622400,169.8605499267578,283.82000732421875
1660708800,171.3527069091797,283.07177734375
1660795200,170.96006774902344,281.9544372558594
1660881600,168.378173828125,278.0481262207031
1661140800,164.50054931640625,269.8860168457031
1661227200,164.16677856445312,268.61309814453125
1661313600,164.4612579345703,267.9814758300781
1661400000,166.91546630859375,270.95489501953125
1661486400,160.62290954589844,260.49957275390625
1661745600,158.42393493652344,257.7205505371094
1661832000,155.9991912841797,255.52447509765625
1661918400,154.34011840820312,254.06700134277344
1662004800,155.0666046142578,253.02725219726562
1662091200,152.95594787597656,248.81016540527344
1662436800,151.6994171142578,246.07968139648438
1662523200,153.10325622558594,250.78265380859375
1662609600,151.63072204589844,251.20050048828125
1662696000,154.48739624023438,256.9723205566406
1662955200,160.43637084960938,259.10028076171875
1663041600,151.02203369140625,244.85537719726562
1663128000,152.46511840820312,245.078857421875
1663214400,149.5789794921875,238.43252563476562
1663300800,147.9395751953125,237.8106689453125
1663560000,151.65032958984375,237.59689331054688
1663646400,154.02601623535156,235.58544921875
1663732800,150.9042510986328,232.1845703125
1663819200,149.94224548339844,234.1571044921875
1663905600,147.67449951171875,231.1837615966797
1664164800,148.00828552246094,230.72706604003906
1664251200,148.9801483154297,229.7165069580078
1664337600,147.09532165527344,234.24456787109375
1664424000,139.8701171875,230.77565002441406
1664510400,135.66851806640625,226.30584716796875
1664769600,139.8406982421875,233.92388916015625
1664856000,143.42381286621094,241.8334503173828
1664942400,143.71832275390625,242.14437866210938
1665028800,142.76609802246094,239.8026123046875
1665115200,137.52392578125,227.6079559326172
1665374400,137.84783935546875,222.75921630859375
1665460800,136.43426513671875,219.0279541015625
1665547200,135.80593872070312,219.35830688476562
1665633600,140.37078857421875,227.6079559326172
1665720000,135.84524536132812,222.0887451171875
1665979200,139.80142211914062,230.8047637939453
1666065600,141.11688232421875,231.747314453125
1666152000,141.224853515625,229.7844696044922
1666238400,140.7634735107422,229.4638671875
1666324800,144.5723876953125,235.2648162841797
1666584000,146.7124481201172,240.2495880126953
1666670400,149.54949951171875,243.56301879882812
1666756800,146.6143035888672,224.7706298828125
1666843200,142.14761352539062,220.32997131347656
1666929600,152.88723754882812,229.19175720214844
1667188800,150.53121948242188,225.5576629638672
1667275200,147.89044189453125,221.7097930908203
1667361600,142.37342834472656,213.86831665039062
1667448000,136.3361053466797,208.1839141845703
1667534400,136.0706024169922,215.12176513671875
1667797200,136.60154724121094,221.4182891845703
1667883600,137.17189025878906,222.38998413085938
1667970000,132.61915588378906,218.15342712402344
1668056400,144.4188995361328,236.10049438476562
1668142800,147.20167541503906,240.11354064941406
1668402000,145.80535888671875,234.71096801757812
1668488400,147.53602600097656,235.1190948486328
1668574800,146.30682373046875,235.54782104492188
1668661200,148.20462036132812,235.4990997314453
1668747600,148.76512145996094,235.0508575439453
1669006800,145.53988647460938,235.859619140625
1669093200,147.6736297607422,238.76341247558594
1669179600,148.54881286621094,241.24819946289062
1669352400,145.63819885253906,241.16050720214844
1669611600,141.8131103515625,235.5770263671875
1669698000,138.81398010253906,234.18362426757812
1669784400,145.55953979492188,248.61488342285156
1669870800,145.83489990234375,248.17640686035156
1669957200,145.3432159423828,248.49794006347656
1670216400,144.1829071044922,243.80117797851562
1670302800,140.5249786376953,238.85108947753906
1670389200,138.58787536621094,238.12030029296875
1670475600,140.2693328857422,241.0727996826172
1670562000,139.7875213623047,239.14344787597656
1670821200,142.07859802246094,246.05210876464844
1670907600,143.04225158691406,250.34934997558594
1670994000,140.81997680664062,250.64169311523438
1671080400,134.22195434570312,242.6416473388672
1671166800,132.2651824951172,238.43211364746094
1671426000,130.160888671875,234.30055236816406
1671512400,130.09205627441406,235.6160125732422
1671598800,133.18948364257812,238.1787567138672
1671685200,130.023193359375,232.0983428955078
1671771600,129.65939331054688,232.6245574951172
1672117200,127.85994720458984,230.8998260498047
1672203600,123.93653106689453,228.53196716308594
1672290000,127.44692993164062,234.84622192382812
1672376400,127.76160430908203,233.68667602539062
1672722000,122.98270416259766,233.45278930664062
1672808400,124.25119018554688,223.2408447265625
1672894800,122.93354034423828,216.6244659423828
1672981200,127.45680236816406,219.177490234375
1673240400,127.97795867919922,221.31146240234375
1673326800,128.54823303222656,222.99722290039062
1673413200,131.26219177246094,229.740234375
1673499600,131.1835479736328,232.41015625
1673586000,132.51100158691406,233.11175537109375
1673931600,133.6713104248047,234.20310974121094
1674018000,132.9534912109375,229.77920532226562
1674104400,133.0124969482422,225.99844360351562
1674190800,135.56907653808594,234.07643127441406
1674450000,138.7550506591797,236.37608337402344
1674536400,140.1513214111328,235.849853515625
1674622800,139.49252319335938,234.45643615722656
1674709200,141.5574493408203,241.65748596191406
1674795600,143.49456787109375,241.8134002685547
1675054800,140.61351013183594,236.50277709960938
1675141200,141.88192749023438,241.4723358154297
1675227600,143.00291442871094,246.28598022460938
1675314000,148.30299377441406,257.8329772949219
1675400400,151.92156982421875,251.7427520751953
1675659600,149.1977996826172,250.20315551757812
1675746000,152.06903076171875,260.7172546386719
1675832400,149.38461303710938,259.908447265625
1675918800,148.3521270751953,256.87799072265625
1676005200,148.71652221679688,256.3713073730469
1676264400,151.5133819580078,264.381103515625
1676350800,150.8732452392578,265.2093200683594
1676437200,152.970947265625,263.0895080566406
1676523600,151.3755340576172,256.0853576660156
1676610000,150.233154296875,252.0900115966797
1676955600,146.22496032714844,246.82472229003906
1677042000,146.64842224121094,245.69155883789062
1677128400,147.13095092773438,248.87611389160156
1677214800,144.48182678222656,243.45452880859375
1677474000,145.67344665527344,244.37277221679688
1677560400,145.17123413085938,243.64990234375
1677646800,143.10308837890625,240.57276916503906
1677733200,143.69400024414062,245.30078125
1677819600,148.73622131347656,249.38409423828125
1678078800,151.49371337890625,250.92755126953125
1678165200,149.29754638671875,248.27044677734375
1678251600,150.5482635498047,247.83087158203125
1678338000,148.30291748046875,246.48281860351562
1678424400,146.24464416503906,242.839111328125
1678680000,148.18472290039062,248.0458221435547
1678766400,150.27255249023438,254.75680541992188
1678852800,150.6664581298828,259.2991943359375
1678939200,153.4830322265625,269.8103942871094
1679025600,152.64593505859375,272.965576171875
1679284800,155.00946044921875,265.93218994140625
1679371200,156.86090087890625,267.4463806152344
1679457600,155.43296813964844,265.9908142089844
1679544000,156.51622009277344,271.2365417480469
1679630400,157.81617736816406,274.0793151855469
1679889600,155.87611389160156,269.9862060546875
1679976000,155.25567626953125,268.86285400390625
1680062400,158.3282928466797,274.0205993652344
1680148800,159.89418029785156,277.478759765625
1680235200,162.39556884765625,281.6304626464844
1680494400,163.6462860107422,280.585205078125
1680580800,163.11447143554688,280.5363464355469
1680667200,161.27288818359375,277.7620544433594
1680753600,162.15919494628906,284.8540954589844
1681099200,159.56915283203125,282.69525146484375
1681185600,158.35781860351562,276.28692626953125
1681272000,157.66848754882812,276.93170166015625
1681358400,163.04554748535156,283.13482666015625
1681444800,162.70086669921875,279.5203857421875
1681704000,162.72056579589844,282.118896484375
1681790400,163.94171142578125,281.69879150390625
1681876800,165.0841064453125,281.7769775390625
1681963200,164.11900329589844,279.4910888671875
1682049600,162.5137481689453,279.1492004394531
1682308800,162.81903076171875,275.2514953613281
1682395200,161.2827606201172,269.0484619140625
1682481600,161.27288818359375,288.536865234375
1682568000,165.8522491455078,297.7780456542969
1682654400,167.1029510498047,300.1518249511719
1682913600,167.0143280029297,298.4911804199219
1683000000,165.9802703857422,298.3446350097656
1683086400,164.90684509277344,297.3579406738281
1683172800,163.27203369140625,298.3446350097656
1683259200,170.93392944335938,303.4634094238281
1683518400,170.86495971679688,301.5096435546875
1683604800,169.16123962402344,299.8977966308594
1683691200,170.92408752441406,305.08502197265625
1683777600,171.1111602783203,302.93585205078125
1683864000,170.18417358398438,301.8222961425781
1684123200,169.6910858154297,302.3009033203125
1684209600,169.6910858154297,304.52813720703125
1684296000,170.302490234375,307.40643310546875
1684382400,172.6298828125,311.83148193359375
1684468800,172.73837280273438,311.6553039550781
1684728000,171.7915802001953,314.4356384277344
1684814400,169.1881103515625,308.6399841308594
1684900800,169.4642333984375,307.25958251953125
1684987200,170.59837341308594,319.0761413574219
1685073600,173.0045928955078,325.8998107910156
1685419200,174.8487548828125,324.2550354003906
1685505600,174.79946899414062,321.4942321777344
1685592000,177.60018920898438,325.5962829589844
1685678400,178.4483184814453,328.3570556640625
1685937600,177.09722900390625,328.8857116699219
1686024000,176.73236083984375,326.67315673828125
1686110400,175.36155700683594,316.5894775390625
1686196800,178.07354736328125,318.4300231933594
1686283200,178.45816040039062,319.92791748046875
1686542400,181.24900817871094,324.88153076171875
1686628800,180.77566528320312,327.2703857421875
1686715200,181.4068603515625,330.2563781738281
1686801600,183.43833923339844,340.7903747558594
1686888000,182.36341857910156,335.14154052734375
1687233600,182.4521484375,330.95135498046875
1687320000,181.4167022705078,326.5556945800781
1687406400,184.4146728515625,332.57659912109375
1687492800,184.0990753173828,327.9850158691406
1687752000,182.70860290527344,321.6998291015625
1687838400,185.45999145507812,327.54443359375
1687924800,186.63352966308594,328.7976379394531
1688011200,186.96885681152344,328.014404296875
1688097600,191.28829956054688,333.38922119140625
1688356800,189.79922485351562,330.89263916015625
1688529600,188.6847686767578,331.0493469238281
1688616000,189.1581573486328,334.1037902832031
1688702400,188.04376220703125,330.13885498046875
1688961600,186.00241088867188,324.8620300292969
1689048000,185.47970581054688,325.4886169433594
1689134400,187.14639282226562,330.11932373046875
1689220800,187.9056854248047,335.464599609375
1689307200,188.05364990234375,337.99041748046875
1689566400,191.30801391601562,338.47021484375
1689652800,191.05160522460938,351.941162109375
1689739200,192.40267944335938,347.6238098144531
1689825600,190.45989990234375,339.586181640625
1689912000,189.28636169433594,336.55133056640625
1690171200,190.08514404296875,337.8631591796875
1690257600,190.94314575195312,343.60986328125
1690344000,191.81097412109375,330.6772766113281
1690430400,190.5486602783203,323.7753601074219
1690516800,193.12257385253906,331.26470947265625
1690776000,193.7340087890625,328.8662109375
1690862400,192.90560913085938,329.2773132324219
1690948800,189.91749572753906,320.6228942871094
1691035200,188.52699279785156,319.8005676269531
1691121600,179.4739532470703,320.8970947265625
1691380800,176.3773193359375,323.1780700683594
1691467200,177.31417846679688,319.2033386230469
1691553600,175.7264404296875,315.463623046875
1691640000,175.50949096679688,316.1489562988281
1691726400,175.56875610351562,314.26922607421875
1691985600,177.2178955078125,317.23565673828125
1692072000,175.2329864501953,315.1013488769531
1692158400,174.36398315429688,314.3361511230469
1692244800,171.82611083984375,310.8827819824219
1692331200,172.30996704101562,310.4903259277344
1692590400,173.64309692382812,315.78814697265625
1692676800,175.0157470703125,316.357177734375
1692763200,178.8571319580078,320.81121826171875
1692849600,174.17636108398438,313.9142761230469
1692936000,176.37850952148438,316.8672790527344
1693195200,177.93878173828125,317.5736999511719
1693281600,181.81964111328125,322.1945495605469
1693368000,185.30555725097656,322.5674133300781
1693454400,185.5228271484375,321.556884765625
1693540800,187.0929412841797,322.43975830078125
1693886400,187.32992553710938,327.2373046875
1693972800,180.62477111816406,326.5799255371094
1694059200,175.34164428710938,323.6661682128906
1694145600,175.953857421875,327.94366455078125
1694404800,177.11912536621094,331.5442199707031
1694491200,174.09738159179688,325.4908752441406
1694577600,172.03347778320312,329.69976806640625
1694664000,173.54437255859375,332.289794921875
1694750400,172.82345581054688,323.97027587890625
1695009600,175.74649047851562,322.832275390625
1695096000,176.83274841308594,322.4300231933594
1695182400,173.2974853515625,314.6990966796875
1695268800,171.7570037841797,313.482666015625
1695355200,172.60621643066406,311.01031494140625
1695614400,173.88011169433594,311.5302734375
1695700800,169.8115997314453,306.23248291015625
1695787200,168.30068969726562,306.8702392578125
1695873600,168.5574493408203,307.7041015625
1695960000,169.0709686279297,309.774169921875
1696219200,171.57919311523438,315.7096252441406
1696305600,170.24610900878906,307.4588623046875
1696392000,171.49034118652344,312.92340087890625
1696478400,172.7247314453125,313.3158874511719
1696564800,175.27252197265625,321.0663757324219
1696824000,176.75375366210938,323.577880859375
1696910400,176.1612548828125,322.1749267578125
1696996800,177.55364990234375,326.128662109375
1697083200,178.45228576660156,324.8925476074219
1697169600,176.61550903320312,321.5274353027344
1697428800,176.48712158203125,326.3445129394531
1697515200,174.93675231933594,325.77545166015625
1697601600,173.64309692382812,323.8623352050781
1697688000,173.2678680419922,325.0495300292969
1697774400,170.7200927734375,320.4875183105469
1698033600,170.83859252929688,323.08740234375
1698120000,171.27313232421875,324.2744445800781
1698206400,168.96234130859375,334.2225036621094
1698292800,164.80494689941406,321.68438720703125
1698379200,166.1183319091797,323.56805419921875
1698638400,168.1624298095703,330.9261169433594
1698724800,168.636474609375,331.7109680175781
1698811200,171.79649353027344,339.520263671875
1698897600,175.35150146484375,341.7277526855469
1698984000,174.4429931640625,346.1229248046875
1699246800,176.99075317382812,349.7823791503906
1699333200,179.5483856201172,353.7066650390625
1699419600,180.60504150390625,356.3261413574219
1699506000,180.1310272216797,353.8636474609375
1699592400,184.31370544433594,362.67364501953125
1699851600,182.73159790039062,359.7402648925781
1699938000,185.34207153320312,363.2623291015625
1700024400,185.9056396484375,363.4097595214844
1700110800,187.58665466308594,369.79974365234375
1700197200,187.5668487548828,363.58673095703125
1700456400,189.3071746826172,371.0481872558594
1700542800,188.50621032714844,366.75225830078125
1700629200,189.16873168945312,371.4512634277344
1700802000,187.84371948242188,371.0383605957031
1701061200,187.66574096679688,372.1983337402344
1701147600,188.26889038085938,376.2191162109375
1701234000,187.2504425048828,372.4343566894531
1701320400,187.82394409179688,372.4932861328125
1701406800,189.0995330810547,368.1678161621094
1701666000,187.30975341796875,362.8887939453125
1701752400,191.255126953125,366.2115173339844
1701838800,190.1674041748047,362.5545349121094
1701925200,192.09561157226562,364.6680908203125
1702011600,193.5194854736328,367.892578125
1702270800,191.01780700683594,365.01220703125
1702357200,192.53067016601562,368.0400390625
1702443600,195.7443084716797,368.0301818847656
1702530000,195.8926239013672,359.7331237792969
1702616400,195.35867309570312,364.4518127441406
1702875600,193.69749450683594,366.3392639160156
1702962000,194.73570251464844,366.93902587890625
1703048400,192.6493377685547,364.3437194824219
1703134800,192.50099182128906,367.2142028808594
1703221200,191.43310546875,368.23663330078125
1703566800,190.88925170898438,368.3152770996094
1703653200,190.98812866210938,367.73529052734375
1703739600,191.413330078125,368.9248046875
1703826000,190.3750457763672,369.6719055175781
1704171600,183.5621795654297,364.5894775390625
1704258000,182.18775939941406,364.3240661621094
1704344400,179.8739471435547,361.7091064453125
1704430800,179.152099609375,361.52227783203125
1704690000,183.4830780029297,368.3448181152344
1704776400,183.0677947998047,369.4261779785156
1704862800,184.10601806640625,376.28790283203125
1704949200,183.5127410888672,378.1164245605469
1705035600,183.83905029296875,381.89141845703125
1705381200,181.5746612548828,383.66094970703125
1705467600,180.63531494140625,382.87445068359375
1705554000,186.5187530517578,387.1999206542969
1705640400,189.41592407226562,391.9186706542969
1705899600,191.71981811523438,389.7952880859375
1705986000,192.99539184570312,392.1447448730469
1706072400,192.32305908203125,395.7427673339844
1706158800,191.99673461914062,398.0137023925781
1706245200,190.2662811279297,397.089599609375
1706504400,189.58401489257812,402.7815856933594
1706590800,185.93531799316406,401.670654296875
1706677200,182.3360595703125,390.84710693359375
1706763600,184.76853942871094,396.942138671875
1706850000,183.76983642578125,404.25616455078125
1707109200,185.57937622070312,398.7804870605469
1707195600,187.18124389648438,398.6231384277344
1707282000,187.2899932861328,407.0381774902344
1707368400,186.21218872070312,407.0971984863281
1707454800,186.9745635986328,413.4281921386719
1707714000,185.29141235351562,408.22772216796875
1707800400,183.20236206054688,399.4391174316406
1707886800,182.3212127685547,403.29986572265625
1707973200,182.0341033935547,400.4141540527344
1708059600,180.4994659423828,397.9519348144531
1708405200,179.75694274902344,396.701171875
1708491600,180.50941467285156,396.1003723144531
1708578000,182.5389862060547,405.42718505859375
1708664400,180.70741271972656,404.1369934082031
1708923600,179.3609619140625,401.3794250488281
1709010000,180.8163299560547,401.3202819824219
1709096400,179.6183319091797,401.5566101074219
1709182800,178.95497131347656,407.3871765136719
1709269200,177.8758087158203,409.2190246582031
1709528400,173.36106872558594,408.6477966308594
1709614800,168.4305419921875,396.563232421875
1709701200,167.44046020507812,396.01171875
1709787600,167.32167053222656,402.9552001953125
1709874000,169.03448486328125,400.0792541503906
1710129600,171.03443908691406,398.40496826171875
1710216000,171.50962829589844,409.0023193359375
1710302400,169.43052673339844,408.8251037597656
1710388800,171.28195190429688,418.7921142578125
1710475200,170.9057159423828,410.1251220703125
1710734400,171.99478149414062,411.011474609375
1710820800,174.33139038085938,415.0396728515625
1710907200,176.8956298828125,418.80194091796875
1710993600,169.66812133789062,422.8793640136719
1711080000,170.569091796875,422.2589111328125
1711339200,169.1533203125,416.4677429199219
1711425600,168.02462768554688,415.2759704589844
1711512000,171.5888671875,415.0593566894531
1711598400,169.77703857421875,414.3601379394531
1711944000,168.34144592285156,418.1519470214844
1712030400,167.16323852539062,415.0692443847656
1712116800,167.96519470214844,414.0942077636719
1712203200,167.1434783935547,411.5631103515625
1712289600,167.89590454101562,419.08758544921875
1712548800,166.77713012695312,418.171630859375
1712635200,167.98500061035156,419.8360900878906
1712721600,166.11376953125,416.8616943359375
1712808000,173.3016815185547,421.4610900878906
1712894400,174.79669189453125,415.52227783203125
1713153600,170.97500610351562,407.3871765136719
1713240000,167.69790649414062,408.3128662109375
1713326400,166.3315887451172,405.6143493652344
1713412800,165.38113403320312,398.1587829589844
1713499200,163.3614044189453,393.0866394042969
1713758400,164.19305419921875,394.8988037109375
1713844800,165.24252319335938,401.4089050292969
1713931200,167.3414764404297,402.87640380859375
1714017600,168.2028350830078,393.0078430175781
1714104000,167.61866760253906,400.17779541015625
1714363200,171.7769775390625,396.1693420410156
1714449600,168.63845825195312,383.44464111328125
1714536000,167.61866760253906,388.9698486328125
1714622400,171.3116455078125,391.82598876953125
1714708800,181.55885314941406,400.5126647949219
1714968000,179.90545654296875,407.28863525390625
1715054400,180.58860778808594,403.1521301269531
1715140800,180.9252166748047,404.333984375
1715227200,182.73704528808594,406.0870666503906
1715313600,181.4779510498047,408.47052001953125
1715572800,184.68023681640625,407.4659118652344
1715659200,185.8203125,410.2630310058594
1715745600,188.0906524658203,417.43603515625
1715832000,188.20965576171875,415.3739013671875
1715918400,188.23939514160156,414.6043395996094
1716177600,189.39932250976562,419.66583251953125
1716264000,190.69808959960938,423.3165283203125
1716350400,189.2605438232422,424.7767639160156
1716436800,185.27505493164062,421.3037414550781
1716523200,188.3484344482422,424.4215393066406
1716868800,188.35833740234375,424.5794677734375
1716955200,188.65577697753906,423.44476318359375
1717041600,189.64718627929688,409.1382141113281
1717128000,190.5989532470703,409.5920715332031
1717387200,192.3636474609375,408.0035705566406
1717473600,192.68092346191406,410.51953125
1717560000,194.18783569335938,418.3536376953125
1717646400,192.80979919433594,418.8567810058594
1717732800,195.19908142089844,418.1957092285156
1717992000,191.4614715576172,422.162109375
1718078400,205.3709716796875,426.90789794921875
1718164800,211.2401580810547,435.1761779785156
1718251200,212.4001007080078,435.689208984375
1718337600,210.66514587402344,436.6660461425781
1718596800,214.8092041015625,442.3886413574219
1718683200,212.44967651367188,440.3857116699219
1718856000,207.87924194335938,439.7542419433594
1718942400,205.70806884765625,443.7798767089844
1719201600,206.35247802734375,441.697998046875
1719288000,207.27452087402344,444.9342346191406
1719374400,211.41859436035156,446.12811279296875
1719460800,212.26129150390625,446.80889892578125
1719547200,208.81118774414062,440.9875793457031
1719806400,214.8885498046875,450.6371154785156
1719892800,218.37831115722656,453.1531066894531
1719979200,219.64730834960938,454.6231994628906
1720152000,224.39614868164062,461.3226013183594
1720411200,225.86346435546875,460.020263671875
1720497600,226.71607971191406,453.4096374511719
1720584000,230.97914123535156,460.0301513671875
1720670400,225.61561584472656,448.6341857910156
1720756800,228.5601043701172,447.49951171875
1721016000,232.386962890625,447.904052734375
1721102400,232.80335998535156,443.5233154296875
1721188800,226.91436767578125,437.60333251953125
1721275200,222.2547149658203,434.495361328125
1721361600,222.38363647460938,431.27886962890625
1721620800,222.03665161132812,437.03106689453125
1721707200,223.0775909423828,438.9156188964844
1721793600,216.66317749023438,423.1783447265625
1721880000,215.62220764160156,412.8184814453125
1721966400,216.08815002441406,419.59674072265625
1722225600,216.36573791503906,421.0373229980469
1722312000,216.9209442138672,417.27813720703125
1722398400,220.17276000976562,412.7691345214844
1722484800,216.48471069335938,411.545654296875
1722571200,217.97181701660156,403.0406494140625
1722830400,207.47279357910156,389.87860107421875
1722916800,205.45028686523438,394.27911376953125
1723003200,208.01806640625,393.1148376464844
1723089600,211.47808837890625,397.31805419921875
1723176000,214.3829345703125,400.60357666015625
1723435200,215.91146850585938,401.3830871582031
1723521600,219.62362670898438,408.4870300292969
1723608000,220.07029724121094,411.2989501953125
1723694400,223.0479736328125,416.162109375
1723780800,224.36807250976562,413.6317138671875
1724040000,224.2092742919922,416.65631103515625
1724126400,224.8246307373047,419.8884582519531
1724212800,224.71546936035156,419.23614501953125
1724299200,222.859375,410.7454528808594
1724385600,225.15219116210938,411.9711608886719
1724644800,225.48965454101562,408.70928955078125
1724731200,226.33334350585938,409.0552673339844
1724817600,224.80479431152344,405.8526611328125
1724904000,228.08023071289062,408.34356689453125
1724990400,227.29611206054688,412.3171081542969
1725336000,221.11248779296875,404.70611572265625
1725422400,219.20675659179688,404.17236328125
1725508800,220.7253875732422,403.6682434082031
1725595200,219.177001953125,397.0556335449219
1725854400,219.2663116455078,401.02911376953125
1725940800,218.47225952148438,409.4111022949219
1726027200,221.00331115722656,418.14886474609375
1726113600,221.11248779296875,422.0630798339844
1726200000,220.844482421875,425.6116027832031
1726459200,214.71047973632812,426.3529052734375
1726545600,215.17697143554688,430.11883544921875
1726632000,219.04794311523438,425.8290100097656
1726718400,227.16709899902344,433.617919921875
1726804800,226.5020751953125,430.2374572753906
1727064000,224.78494262695312,428.4978332519531
1727150400,225.67825317382812,424.2080078125
1727236800,224.6856689453125,427.1139831542969
1727323200,225.8271484375,426.3232727050781
1727409600,226.09512329101562,423.0712585449219
1727668800,231.266357421875,425.3249206542969
1727755200,224.5269012451172,415.8260192871094
1727841600,225.09263610839844,412.30718994140625
1727928000,223.99087524414062,411.72406005859375
1728014400,225.1125030517578,411.2495422363281
1728273600,220.04052734375,404.80499267578125
1728360000,224.0901641845703,409.9151916503906
1728446400,227.83209228515625,412.63336181640625
1728532800,227.3358154296875,411.0321044921875
1728619200,225.85691833496094,411.506591796875
1728878400,229.5790252685547,414.2939758300781
1728964800,232.11004638671875,413.8985595703125
1729051200,230.05545043945312,411.3088684082031
1729137600,230.4226837158203,411.9019470214844
1729224000,233.25148010253906,413.3252868652344
1729483200,234.72047424316406,413.9381103515625
1729569600,234.1050567626953,422.5671691894531
1729656000,229.04302978515625,419.6908264160156
1729742400,228.85443115234375,419.8193664550781
1729828800,229.6881866455078,423.19976806640625
1730088000,231.6633758544922,421.6578369140625
1730174400,231.93138122558594,426.95587158203125
1730260800,228.387939453125,427.5291442871094
1730347200,224.22911071777344,401.6518859863281
1730433600,221.25143432617188,405.6253356933594
1730696400,220.35812377929688,403.7374267578125
1730782800,221.7874298095703,406.7027282714844
1730869200,221.06285095214844,415.32196044921875
1730955600,225.78744506835938,420.51123046875
1731042000,225.51913452148438,417.6546630859375
1731301200,222.8064727783203,413.1770324707031
1731387600,222.8064727783203,418.1390075683594
1731474000,223.69082641601562,420.283935546875
1731560400,226.77113342285156,421.9543762207031
1731646800,223.57159423828125,410.20184326171875
1731906000,226.57241821289062,410.9530334472656
1731992400,226.8307647705078,412.9595947265625
1732078800,227.5461883544922,410.6861267089844
1732165200,227.0692596435547,408.913330078125
1732251600,228.41065979003906,413.00372314453125
1732510800,231.39161682128906,414.776611328125
1732597200,233.56771850585938,423.8883972167969
1732683600,233.4385223388672,418.93634033203125
1732856400,235.82330322265625,419.4018249511719
1733115600,238.06895446777344,426.8498229980469
1733202000,241.1095428466797,427.0676574707031
1733288400,241.4672393798828,433.22802734375
1733374800,241.49705505371094,438.3782043457031
1733461200,241.29832458496094,439.3191223144531
1733720400,245.18350219726562,441.74560546875
1733806800,246.19703674316406,439.0814208984375
1733893200,244.92518615722656,444.68719482421875
1733979600,246.3858184814453,445.2516784667969
1734066000,246.5547637939453,442.983642578125
1734325200,249.4462432861328,447.2622375488281
1734411600,251.8707733154297,450.1047058105469
1734498000,246.47528076171875,433.1983337402344
1734584400,248.20419311523438,432.841796875
1734670800,252.87437438964844,432.4158935546875
1734930000,253.64939880371094,431.0788269042969
1735016400,256.5608215332031,435.11968994140625
1735189200,257.37554931640625,433.9114074707031
1735275600,253.96737670898438,426.4040832519531
1735534800,250.59889221191406,420.7586975097656
1735621200,248.83021545410156,417.4606018066406
1735794000,242.30194091796875,414.568603515625
1735880400,241.81503295898438,419.2928771972656
1736139600,243.44461059570312,423.74981689453125
1736226000,240.6723175048828,418.3222961425781
1736312400,241.1592254638672,420.4913024902344
1736485200,235.3463592529297,414.9350280761719
1736744400,232.91189575195312,413.1919250488281
1736830800,231.79904174804688,411.6865234375
1736917200,236.35987854003906,422.2245178222656
1737003600,226.81088256835938,420.5110778808594
1737090000,228.51995849609375,424.91845703125
1737435600,221.22657775878906,424.3935241699219
1737522000,222.40902709960938,441.9239196777344
1737608400,222.2401123046875,442.4289855957031
1737694800,221.3656768798828,439.8044128417969
1737954000,228.40072631835938,430.39544677734375
1738040400,236.74740600585938,442.9143371582031
1738126800,237.84042358398438,438.0909423828125
1738213200,236.0816650390625,411.01300048828125
1738299600,234.50177001953125,411.08233642578125
1738558800,226.5624542236328,406.98199462890625
1738645200,231.3220672607422,408.4180908203125
1738731600,230.99415588378906,409.3293151855469
1738818000,231.7393798828125,411.8350524902344
1738904400,226.18490600585938,405.8232116699219
1739163600,226.45346069335938,408.2695617675781
1739250000,231.3973388671875,407.49700927734375
1739336400,235.625,405.1200256347656
1739422800,240.26051330566406,406.6056823730469
1739509200,243.3143768310547,404.5158386230469
1739854800,243.18508911132812,405.71429443359375
1739941200,243.58294677734375,410.79510498046875
1740027600,244.53793334960938,412.968505859375
1740114000,244.25938415527344,405.108642578125
1740373200,245.80125427246094,400.9306335449219
1740459600,245.74156188964844,394.876953125
1740546000,239.0966796875,396.6930847167969
1740632400,236.05274963378906,389.5477600097656
1740718800,240.56887817382812,393.973876953125
1740978000,236.77891540527344,385.5384521484375
1741064400,234.68995666503906,385.6575622558594
1741150800,234.50096130371094,397.9732666015625
1741237200,234.09312438964844,393.8746643066406
1741323600,237.81346130371094,390.32183837890625
1741579200,226.28436279296875,377.2717590332031
1741665600,219.67926025390625,377.5595703125
1741752000,215.83956909179688,380.3581237792969
1741838400,208.5779266357422,375.8923034667969
1741924800,212.36790466308594,385.60797119140625
1742184000,212.87521362304688,385.7468566894531
1742270400,211.57211303710938,380.6062316894531
1742356800,214.10870361328125,384.8735656738281
1742443200,212.97470092773438,383.9010009765625
1742529600,217.12277221679688,388.2874450683594
1742788800,219.56983947753906,390.09356689453125
1742875200,222.573974609375,392.1578063964844
1742961600,220.36566162109375,387.0072326660156
1743048000,222.6734619140625,387.6125793457031
1743134400,216.75473022460938,375.92205810546875
1743393600,220.9624786376953,372.5379943847656
1743480000,222.01690673828125,379.2863464355469
1743566400,222.71324157714844,379.23675537109375
1743652800,202.1220245361328,370.2752990722656
1743739200,187.389892578125,357.1061096191406
1743998400,180.50625610351562,355.14117431640625
1744084800,171.5137481689453,351.8662414550781
1744171200,197.8048553466797,387.52325439453125
1744257600,189.4191436767578,378.4527282714844
1744344000,197.10850524902344,385.498779296875
1744603200,201.45556640625,384.8636474609375
1744689600,201.07754516601562,382.7994689941406
1744776000,193.24891662597656,368.7867126464844
1744862400,195.94467163085938,364.9858093261719
1745208000,192.144775390625,356.3916015625
1745294400,198.69017028808594,364.0331115722656
1745380800,203.52464294433594,371.54559326171875
1745467200,207.27481079101562,384.3575134277344
1745553600,208.18003845214844,388.87298583984375
1745812800,209.03550720214844,388.1882019042969
1745899200,210.09988403320312,391.04632568359375
1745985600,211.38311767578125,392.2570495605469
1746072000,212.19879150390625,422.16802978515625
1746158400,204.2706756591797,431.97296142578125
1746417600,197.8446502685547,432.8562316894531
1746504000,197.46664428710938,430.0179443359375
1746590400,195.21852111816406,430.05767822265625
1746676800,196.45199584960938,434.8410339355469
1746763200,197.4865264892578,435.3967590332031
1747022400,209.95706176757812,445.8467712402344
1747108800,212.08859252929688,445.72772216796875
1747195200,211.490966796875,449.49884033203125
1747281600,210.6144561767578,450.5129089355469
1747368000,210.42518615722656,451.6463623046875
1747627200,207.9550018310547,456.2197570800781
1747713600,206.04258728027344,455.5238342285156
1747800000,201.2914276123047,449.9561462402344
1747886400,200.56431579589844,452.2329406738281
1747972800,194.49839782714844,447.5799560546875
1748318400,199.4188690185547,458.02923583984375
1748404800,199.62803649902344,454.7184753417969
1748491200,199.15988159179688,456.0308837890625
1748577600,200.05633544921875,457.7011413574219
1748836800,200.90296936035156,459.3018798828125
1748923200,202.46676635742188,460.29608154296875
1749009600,202.01856994628906,461.19085693359375
1749096000,199.8372039794922,464.9788513183594
1749182400,203.11419677734375,467.66326904296875
1749441600,200.65394592285156,470.0196228027344
1749528000,201.869140625,468.2001953125
1749614400,197.9945068359375,469.8903503417969
1749700800,198.41285705566406,476.1042785644531
1749787200,195.67372131347656,472.2168273925781
1750046400,197.63592529296875,476.3727111816406
1750132800,194.86691284179688,475.279052734375
1750219200,195.80320739746094,477.4663391113281
1750392000,200.20574951171875,474.6427307128906
1750651200,200.70375061035156,483.1930847167969
1750737600,199.50851440429688,487.279296875
1750824000,200.7635498046875,489.4268798828125
1750910400,200.20574951171875,494.57696533203125
1750996800,200.28543090820312,493.07568359375
1751256000,204.3592529296875,494.5372009277344
1751342400,206.99879455566406,489.2081298828125
1751428800,211.60052490234375,488.2536926269531
1751515200,212.70614624023438,495.95892333984375
1751860800,209.120361328125,494.84539794921875
1751947200,209.1801300048828,493.751708984375
1752033600,210.30567932128906,500.6019592285156
1752120000,211.57064819335938,498.58367919921875
1752206400,210.32557678222656,500.4130554199219
1752465600,207.7956085205078,500.1147766113281
1752552000,208.28369140625,502.89862060546875
1752638400,209.32955932617188,502.69976806640625
1752724800,209.1901092529297,508.7446594238281
1752811200,210.3455047607422,507.10418701171875
1753070400,211.640380859375,507.1141052246094
1753156800,213.5527801513672,502.3517761230469
1753243200,213.30377197265625,502.94830322265625
1753329600,212.91531372070312,507.92938232421875
1753416000,213.0348358154297,510.7430725097656
1753675200,213.2041778564453,509.5400085449219
1753761600,210.43515014648438,509.609619140625
1753848000,208.22393798828125,510.2757263183594
1753934400,206.74978637695312,530.418701171875
1754020800,201.58030700683594,521.0829467773438
1754280000,202.5464630126953,532.5464477539062
1754366400,202.11814880371094,524.7019653320312
1754452800,212.40733337402344,521.908203125
1754539200,219.16053771972656,517.8319091796875
1754625600,228.44371032714844,519.02490234375
1754884800,226.53909301757812,518.7564697265625
1754971200,229.00213623046875,526.183349609375
1755057600,232.6717529296875,517.5734252929688
1755144000,232.12330627441406,519.46240234375
1755230400,230.93666076660156,517.1657104492188
1755489600,230.23863220214844,514.1134033203125
1755576000,229.90956115722656,506.8258056640625
1755662400,225.3723907470703,502.7992248535156
1755748800,224.26551818847656,502.15185546875
1755835200,227.11746215820312,505.1295166015625
1756094400,226.5191650390625,502.17181396484375
1756180800,228.6630859375,499.96099853515625
1756267200,229.83978271484375,504.64154052734375
1756353600,231.90391540527344,507.529541015625
1756440000,231.485107421875,504.59173583984375
1756785600,229.07192993164062,503.0282287597656
1756872000,237.79725646972656,503.2572937011719
1756958400,239.10353088378906,505.866455078125
1757044800,239.01380920410156,492.9501647949219
1757304000,237.20892333984375,496.13690185546875
1757390400,233.6888885498047,496.34600830078125
1757476800,226.1501922607422,498.29791259765625
1757563200,229.38107299804688,498.9352722167969
1757649600,233.40968322753906,507.7884521484375
1757908800,236.03224182128906,513.225830078125
1757995200,237.4781494140625,506.9320068359375
1758081600,238.3157958984375,507.9079284667969
1758168000,237.20892333984375,506.3444519042969
1758254400,244.8074188232422,515.7852172851562
1758513600,255.35755920410156,512.3196411132812
1758600000,253.7122344970703,507.1212463378906
1758686400,251.59820556640625,508.0373840332031
1758772800,256.14532470703125,504.9303283691406
1758859200,254.7393341064453,509.3419494628906
1759118400,253.7122344970703,512.4689331054688
1759204800,253.9116668701172,515.8051147460938
1759291200,254.72933959960938,517.5578002929688
1759377600,256.40460205078125,513.6041870117188
1759464000,257.2920837402344,515.20751953125
1759723200,255.9658660888672,526.3811645507812
1759809600,255.75645446777344,521.8101196289062
1759896000,257.33197021484375,522.676513671875
1759982400,253.32330322265625,520.2366943359375
1760068800,244.57806396484375,508.84405517578125
1760328000,246.96133422851562,511.9212646484375
1760414400,247.07101440429688,511.4432067871094
1760500800,248.63658142089844,511.3038330078125
1760587200,246.7519073486328,509.4913330078125
1760673600,251.5782470703125,511.4532165527344
1760932800,261.50018310546875,514.6498413085938
1761019200,262.0286865234375,515.5162963867188
1761105600,257.7209167480469,518.3843383789062
1761192000,258.8476867675781,518.404296875
1761278400,262.07855224609375,521.441650390625
1761537600,268.0516357421875,529.3189697265625
1761624000,268.2410888671875,539.8251953125
1761710400,268.93914794921875,539.3073120117188
1761796800,270.63433837890625,523.582763671875
1761883200,269.60723876953125,515.6656494140625
1762146000,268.2909851074219,514.888916015625
1762232400,269.2781982421875,512.2001342773438
1762318800,269.3778991699219,505.0597839355469
1762405200,269.0089416503906,495.04144287109375
1762491600,267.7126159667969,494.7626037597656
1762750800,268.9303283691406,503.90460205078125
1762837200,274.73956298828125,506.573486328125
1762923600,272.962890625,509.0233154296875
1763010000,272.4438171386719,501.205810546875
1763096400,271.90484619140625,508.0672912597656
1763355600,266.9639892578125,505.388427734375
1763442000,266.94403076171875,491.74517822265625
1763528400,268.0619812011719,485.102783203125
1763614800,265.7562561035156,477.3404846191406
1763701200,270.98651123046875,471.04486083984375
1763960400,275.4083557128906,472.92059326171875
1764046800,276.45635986328125,475.90374755859375
1764133200,277.0353088378906,484.3943786621094
1764306000,278.3328857421875,490.88958740234375
1764565200,282.57501220703125,485.6315612792969
1764651600,285.6592712402344,488.8841552734375
1764738000,283.623046875,476.64208984375
1764824400,280.179443359375,479.7449951171875
1764910800,278.26300048828125,482.0597229003906
1765170000,277.3746643066406,489.9018249511719
1765256400,276.6659851074219,490.8995361328125
1765342800,278.26300048828125,477.4701843261719
1765429200,277.514404296875,482.3690185546875
1765515600,277.763916015625,477.4402770996094
1765774800,273.6016540527344,473.73870849609375
1765861200,274.1007385253906,475.3051452636719
1765947600,271.33587646484375,475.0357360839844
1766034000,271.68524169921875,482.87786865234375
1766120400,273.1625061035156,484.8134460449219
1766379600,270.4674987792969,483.81573486328125
1766466000,271.85491943359375,485.7413330078125
1766552400,273.3022155761719,486.90863037109375
1766725200,272.89300537109375,486.599365234375
1766984400,273.2523498535156,485.9907531738281
1767070800,272.57354736328125,486.3699035644531
1767157200,271.3558349609375,482.5186767578125
1767330000,270.5074462890625,471.8630065917969
1767589200,266.764404296875,471.773193359375
1767675600,261.87347412109375,477.4203186035156
1767762000,259.84722900390625,482.3690185546875
1767848400,258.55963134765625,477.0212097167969
1767934800,258.8890075683594,478.1885681152344
1768194000,259.7673645019531,476.09332275390625
1768280400,260.5658874511719,469.5981750488281
1768366800,259.4779052734375,458.3338928222656
1768453200,257.7311706542969,455.6200866699219
1768539600,255.05612182617188,458.8127746582031
1768885200,246.2425079345703,453.48492431640625
1768971600,247.1907501220703,443.0986328125
1769058000,247.8894500732422,450.1126403808594
1769144400,247.58001708984375,464.888916015625
1769403600,254.93637084960938,469.20904541015625
1769490000,257.7910461425781,479.485595703125
1769576400,255.96444702148438,480.533203125
1769662800,257.801025390625,432.5128173828125
1769749200,258.99884033203125,429.31011962890625
1770008400,269.50927734375,422.4058837890625
1770094800,268.98028564453125,410.2735595703125
1770181200,275.97723388671875,413.2467956542969
1770267600,275.3983459472656,392.7735290527344
1770354000,277.6042175292969,400.22650146484375
1770613200,274.3672180175781,412.65814208984375
1770699600,273.4280700683594,412.328857421875
1770786000,275.24639892578125,403.4491271972656
1770872400,261.4891052246094,400.9248962402344
1770958800,255.5445556640625,400.4060974121094
1771304400,263.6371154785156,395.95623779296875
1771390800,264.106689453125,398.69000244140625
1771477200,260.3401184082031,398.4599914550781
1771563600,264.3364562988281,397.2300109863281
1771822800,265.9349670410156,384.4700012207031
1771909200,271.8895263671875,389.0
1771995600,273.97760009765625,400.6000061035156
1772082000,272.6987609863281,401.7200012207031
1772168400,263.93682861328125,392.739990234375
1772427600,264.476318359375,398.54998779296875
1772514000,263.5072326660156,403.92999267578125
1772600400,262.2783508300781,405.20001220703125
1772686800,260.0504150390625,410.67999267578125
1772773200,257.2229919433594,408.9599914550781
1773028800,259.6407775878906,409.4100036621094
1773115200,260.58990478515625,405.760009765625
1773201600,260.5699157714844,404.8800048828125
1773288000,255.52456665039062,401.8599853515625
1773374400,249.8897705078125,395.54998779296875
1773633600,252.58729553222656,399.95001220703125
1773720000,253.99598693847656,399.4100036621094
1773806400,249.70994567871094,391.7900085449219
1773892800,248.73085021972656,389.0199890136719
1773979200,247.76173400878906,381.8699951171875
1774238400,251.25851440429688,383.0
1774324800,251.4083709716797,372.739990234375
1774411200,252.38746643066406,371.0400085449219
1774497600,252.6572265625,365.9700012207031
1774584000,248.57098388671875,356.7699890136719
1774843200,246.40298461914062,358.9599914550781
1774929600,253.55638122558594,370.1700134277344
1775016000,255.3946990966797,369.3699951171875
1775102400,255.68443298339844,373.4599914550781
1775448000,258.6217041015625,372.8800048828125
1775534400,253.26666259765625,372.2900085449219
1775620800,258.66168212890625,374.3299865722656
1775707200,260.2502136230469,373.07000732421875
1775793600,260.240234375,370.8699951171875
1776052800,258.96142578125,384.3699951171875
1776139200,258.59173583984375,393.1099853515625
1776225600,266.18475341796875,411.2200012207031
1776312000,263.15753173828125,420.260009765625
1776398400,269.98126220703125,422.7900085449219
1776657600,272.79864501953125,418.07000732421875
1776744000,265.9250183105469,424.1600036621094
1776830400,272.9185791015625,432.9200134277344
1776916800,273.1783142089844,415.75
1777003200,270.81048583984375,424.6199951171875
1777262400,267.3636474609375,424.82000732421875
1777348800,270.4608154296875,429.25
1777435200,269.92132568359375,424.4599914550781
1777521600,271.1002502441406,407.7799987792969
1777608000,279.88214111328125,414.44000244140625
1777867200,276.5751647949219,413.6199951171875
1777953600,283.9184265136719,411.3800048828125
1778040000,287.245361328125,413.9599914550781
1778126400,287.1754150390625,420.7699890136719
1778212800,293.0500183105469,415.1199951171875
1778472000,292.67999267578125,412.6600036621094
1778558400,294.79998779296875,407.7699890136719
1778644800,298.8699951171875,405.2099914550781
1778731200,298.2099914550781,409.42999267578125
1778817600,300.2300109863281,421.9200134277344
